48
 energy: -84.816003595137 gnorm: 0.074781904983 xtb: 6.7.1 (edcfbbe)
C            5.98947816722783       -0.12246254870671       -0.02698308873151
O            4.89216777305853        0.58995339646323       -0.58650922383504
C            3.76242586488180        0.59574572861482        0.20588633213963
O            3.22378410023728       -0.70849821704593        0.23024964011801
C            2.06586804072345       -0.86234299953100        1.02345612834530
C            1.71618506168049       -2.35688584966009        1.01481737433883
O            2.46212435076820       -3.09878198872752        1.94619401517911
C            0.93255552638811        0.02906005042727        0.47647314093387
O           -0.19076166407006       -0.02273036043962        1.34951354885277
C           -1.48535037468319       -0.03741789903950        0.81047425051822
O           -1.47960180723521        0.23969764487636       -0.56759218347594
C           -2.75910347733816        0.58781001873672       -1.09039183685571
C           -2.98465319430273        2.11519098096185       -1.09817390713185
O           -4.21599729210689        2.42793063654470       -1.70340987254859
C           -3.90901681155684       -0.11459252375376       -0.34349204259772
O           -5.02209884875049       -0.30278074822838       -1.17790606094604
C           -3.42752725068434       -1.49358104334793        0.11921186545958
O           -4.44943517440942       -2.21028496406347        0.76030042152207
C           -2.24993554695764       -1.35788996893529        1.10279747612534
O           -1.39096262870311       -2.45921895891777        1.00142441164676
C            1.41243844128848        1.48129378924665        0.36029079551624
O            0.46226956705043        2.31081106700343       -0.27165158245274
C            2.75138197447224        1.57988251604348       -0.39258748895211
O            3.27160820896631        2.87735408742490       -0.28911027523088
H            5.72487088007430       -1.16870349449247        0.13948308694980
H            6.29716492914551        0.33458497004164        0.91905131016825
H            6.79037470998415       -0.04595840177873       -0.75721966429904
H            4.00385488341400        0.91754413961671        1.24354406670973
H            2.27890329138388       -0.53692265350572        2.05662505246106
H            1.97723051771605       -2.75679277031574        0.03318285683598
H            0.64373387084765       -2.46878615304318        1.18432473259148
H            2.17256372786521       -2.86772842747574        2.83824540546825
H            0.66012858379601       -0.34715937174204       -0.51680979623427
H           -2.02715884478320        0.76804007315970        1.34154181229786
H           -2.74998026517468        0.21428009051044       -2.12241209984195
H           -2.14778689291963        2.61477906461442       -1.59523706921610
H           -3.03960249091290        2.48425617212195       -0.07041325670567
H           -4.11197947127359        2.43436618291347       -2.66381183396691
H           -4.20047916808384        0.47065100522237        0.54245433118324
H           -5.35514994058465        0.57137165944239       -1.43523644656301
H           -3.07406304414017       -2.04401145126806       -0.76866118581330
H           -5.24609934407054       -2.14169908169562        0.21412195747560
H           -2.65831625597783       -1.28816423162178        2.12161989530926
H           -1.89889367668511       -3.25886970292530        1.19796266697864
H            1.56046225414625        1.88330368097653        1.37292059343841
H           -0.14781377791992        1.74550437723817       -0.77019730966914
H            2.60567555912069        1.30264152267675       -1.44849900902893
H            2.56451199540010        3.49620814920563       -0.52638226127592
48
 energy: -84.821152272563 gnorm: 0.009514845413 xtb: 6.7.1 (edcfbbe)
C            5.98755377031370       -0.12533234132251       -0.02727748992145
O            4.88908217830169        0.58525897316253       -0.58681842553301
C            3.75846170421690        0.59071103374020        0.20466251750456
O            3.21232394427461       -0.71254407171908        0.21879407075923
C            2.05254474835277       -0.87461898772850        1.00957180307527
C            1.70428088700574       -2.36685649648249        1.00466995728009
O            2.45581703662196       -3.10295214360924        1.93710698759022
C            0.94207798281855        0.06787096006563        0.50395309542283
O           -0.19920772910837        0.02971645935153        1.35353629317594
C           -1.48879261560732       -0.04189458081021        0.80857782549395
O           -1.48016013877427        0.20747501179127       -0.57538085665949
C           -2.75671078949687        0.57507842804411       -1.09470235947423
C           -2.97871558182002        2.10484140157337       -1.09954191994420
O           -4.21067749240983        2.42219726033360       -1.70182516535436
C           -3.90813354445314       -0.11952685053011       -0.34338748730851
O           -5.02279369944501       -0.30589693728653       -1.17605599702597
C           -3.42617869042132       -1.49759450435859        0.12273056756496
O           -4.44983480154185       -2.21198403781286        0.76340335147678
C           -2.24866556066199       -1.36213917305698        1.10844788404550
O           -1.38851361820074       -2.46227856888054        1.00945953689408
C            1.42326546108453        1.51007802661358        0.37039368680417
O            0.46807033966562        2.32737201390700       -0.27012318598602
C            2.75682703949640        1.58645891671502       -0.39141489465157
O            3.28407020388926        2.88108325895872       -0.29383592164742
H            5.72442730247270       -1.17179173232828        0.13972991061936
H            6.29533972923808        0.33275106473148        0.91829708439700
H            6.78823048517881       -0.04787543224751       -0.75775250146396
H            4.00099884478897        0.90780722963575        1.24360816989414
H            2.27670337420236       -0.55958119406136        2.04471591376877
H            1.96512824810173       -2.76698604846489        0.02353307295708
H            0.63319162539934       -2.47716828334038        1.17998705993052
H            2.17051741427917       -2.86835677832483        2.82978164572093
H            0.66587962262831       -0.30783350060728       -0.49061882901870
H           -2.04452954911498        0.76652039646879        1.32148520004075
H           -2.75352535678204        0.20356675067331       -2.12716196228496
H           -2.14283955176410        2.60599487426108       -1.59663409598311
H           -3.03293483158850        2.47456044279155       -0.07174660792128
H           -4.10886784906782        2.43187177462696       -2.66247836874037
H           -4.19713526638103        0.46890253570834        0.54140205213328
H           -5.35342217334371        0.56888514013764       -1.43474202601894
H           -3.07319377878097       -2.04879174181741       -0.76481437486233
H           -5.24566034597891       -2.14277986272255        0.21608616856168
H           -2.65906896205609       -1.28867890774170        2.12605183148444
H           -1.89683312908822       -3.26239294858252        1.20304673146253
H            1.57296381031076        1.91650113949741        1.37998159355057
H           -0.14221107826183        1.75232428678658       -0.75877577516647
H            2.60385192389540        1.30660010181052       -1.44582199807174
H            2.57699349386314        3.50142483545483       -0.52862409491096
48
 energy: -84.821850111841 gnorm: 0.005874033476 xtb: 6.7.1 (edcfbbe)
C            5.98464794540453       -0.13042280492726       -0.02859465895130
O            4.88623426441269        0.58007114330725       -0.58828814088729
C            3.75612754950364        0.58906271057475        0.20367645568534
O            3.19930405727452       -0.70962479476323        0.20935837272610
C            2.04438154846390       -0.86895626026912        1.00949013733819
C            1.68839658241258       -2.35926732087627        0.99025166676298
O            2.44287098860999       -3.09918505672653        1.91746433405687
C            0.93702507198589        0.08458982057177        0.50989038587962
O           -0.20695921289193        0.05336033386473        1.35741516492312
C           -1.49327266385311       -0.03883504179177        0.80674675628767
O           -1.47948043722334        0.18473464592982       -0.58305017483423
C           -2.75385570285654        0.56298411091842       -1.10030520495800
C           -2.96799228238768        2.09394366848782       -1.10262753586941
O           -4.20111646908886        2.41382087494646       -1.70125684456726
C           -3.90609284539704       -0.12621425916920       -0.34447148356575
O           -5.02269850135735       -0.31546574689140       -1.17376852630309
C           -3.42381949465295       -1.50165510115437        0.12947840446525
O           -4.44778673279908       -2.21400732884544        0.77188018851437
C           -2.24610189248201       -1.36129909050158        1.11589758587821
O           -1.38757855675748       -2.46279381069224        1.02032763716885
C            1.43093787313568        1.52240680837350        0.38368886995200
O            0.47458175235000        2.33766806341132       -0.25672268569202
C            2.76010616114103        1.59407421957213       -0.38598124170814
O            3.30108465452405        2.88395773074022       -0.29481832489356
H            5.72183723673782       -1.17677742252465        0.13950538572877
H            6.29302160060492        0.32867864086887        0.91633940711267
H            6.78500027640652       -0.05334260637621       -0.75947309297881
H            4.00097774634525        0.89595821333767        1.24500851138592
H            2.28370323014469       -0.57206854638128        2.04922605762938
H            1.94623068717646       -2.75910511747235        0.00808865774213
H            0.61837807386826       -2.47228760825155        1.16887243998403
H            2.16249550067686       -2.86781997568297        2.81259680273162
H            0.65427550265548       -0.27619753906938       -0.49062930693991
H           -2.06043418676217        0.77022235731436        1.30589028085100
H           -2.75496683858262        0.19208932231973       -2.13277620317627
H           -2.13232772506497        2.59355733081470       -1.60155009353799
H           -3.01977447431105        2.46251977398142       -0.07423482824479
H           -4.10225599144264        2.42566701853114       -2.66219978635440
H           -4.19374607111340        0.46678541337244        0.53763582972002
H           -5.35240724158856        0.55888669847135       -1.43533634280343
H           -3.06942061351022       -2.05642807750109       -0.75528391553927
H           -5.24291685085308       -2.14679589344790        0.22320565487578
H           -2.65769153048550       -1.28537333511954        2.13288523253700
H           -1.89708492863941       -3.26291133581051        1.21156657648009
H            1.58767336407540        1.93690195679108        1.38921235565475
H           -0.13542376710819        1.76139904210623       -0.74406474995344
H            2.59813780368193        1.31400220031937       -1.43905690708189
H            2.59777057578417        3.50948916708869       -0.52762942898597
48
 energy: -84.822118462302 gnorm: 0.004327597358 xtb: 6.7.1 (edcfbbe)
C            5.98153498591516       -0.13612323311425       -0.03044127959908
O            4.88459603694150        0.57669534477968       -0.58985057193314
C            3.75479360962791        0.58836783348092        0.20211691506305
O            3.18952520843097       -0.70608105113270        0.19918452802212
C            2.03934792576609       -0.86236565164553        1.00744670452435
C            1.67487144957597       -2.35075879360283        0.97646549488306
O            2.42845742501870       -3.10197957090047        1.89619788179575
C            0.93294952098337        0.09527671479467        0.51286074806636
O           -0.21072062492196        0.06431521423262        1.36214598651693
C           -1.49412379651651       -0.03609690139810        0.80461220852075
O           -1.47760797342921        0.17077067059070       -0.58819102257857
C           -2.75088182469366        0.55220677047509       -1.10467656565136
C           -2.95784774786882        2.08330682901691       -1.10744386909547
O           -4.19172873491313        2.40636733367223       -1.70272718463915
C           -3.90469114341637       -0.13329010801421       -0.34640474497489
O           -5.02136858234446       -0.32893732563630       -1.17401997186033
C           -3.42245052525852       -1.50513466336954        0.13823248003632
O           -4.44628015070446       -2.21482588311303        0.78368637189395
C           -2.24503375906072       -1.35759419192231        1.12496707784024
O           -1.38916463376145       -2.46127888832922        1.03497154618850
C            1.43448125052487        1.53304732005636        0.39497435492604
O            0.47773726846814        2.35387033209823       -0.23906969383938
C            2.76192419548220        1.60125059784013       -0.37950261061913
O            3.31490792206713        2.88630389376208       -0.28979240063026
H            5.71721748892151       -1.18218310708952        0.13770153820278
H            6.29081512002493        0.32246443273709        0.91445004885819
H            6.78181473236276       -0.06043584742154       -0.76152105042876
H            4.00139804666776        0.88463088866490        1.24600845647597
H            2.28661228016510       -0.57605693099970        2.04821710878431
H            1.92842543209626       -2.74531243457411       -0.00893947878618
H            0.60511876680490       -2.46284493451524        1.15584454863234
H            2.15256505893535       -2.87501372440498        2.79381711363571
H            0.64885147923594       -0.25347660032056       -0.49125037083928
H           -2.06915191933444        0.77352496165850        1.29170435622491
H           -2.75393436702401        0.18105709689572       -2.13689389261707
H           -2.12160968672027        2.57863859636432       -1.60954170192908
H           -3.00505710174612        2.45230220578345       -0.07905349457477
H           -4.09546597475126        2.41833225967702       -2.66389371686659
H           -4.19347911222389        0.46548240136508        0.53136042189729
H           -5.35217512894436        0.54380660523731       -1.43928984764041
H           -3.06507197842101       -2.06585764038315       -0.74169597916566
H           -5.24049976822464       -2.15203073012281        0.23313091922623
H           -2.65601535465929       -1.27667459201335        2.14194231201950
H           -1.90075294508877       -3.26052375049001        1.22479897932773
H            1.59737853123389        1.94848760374741        1.39908073792158
H           -0.13033489193048        1.78188034475804       -0.73250162406675
H            2.59236056464399        1.32420266145358       -1.43219714059476
H            2.61775846212245        3.51828483168725       -0.52354095164432
48
 energy: -84.822294381835 gnorm: 0.002773529586 xtb: 6.7.1 (edcfbbe)
C            5.97758220537939       -0.14203684691906       -0.03320300458916
O            4.88337180409482        0.57583069609545       -0.59135956699844
C            3.75390866845848        0.58848563176344        0.20060800235196
O            3.18253045026524       -0.70258261292876        0.18942728432622
C            2.03661695798424       -0.85655103951097        1.00389427916112
C            1.66281811049448       -2.34261011516934        0.96175032580177
O            2.41308567539223       -3.10868513913117        1.87285072737659
C            0.93087553516569        0.10255235586817        0.51390260298248
O           -0.21198006499873        0.07001845160393        1.36488328370346
C           -1.49348525920601       -0.03410321483468        0.80312177986811
O           -1.47565822351702        0.16260187414729       -0.59049788653361
C           -2.74826073539709        0.54192696018767       -1.10822702148476
C           -2.94987532084386        2.07278422349676       -1.11400923405680
O           -4.18430602540054        2.39954966675362       -1.70579001031413
C           -3.90395094768045       -0.14060396697603       -0.34872567657830
O           -5.01786766744188       -0.34512714024255       -1.17786490003658
C           -3.42157375617604       -1.50797697585421        0.14859726730999
O           -4.44531449314643       -2.21429919075274        0.79768457594974
C           -2.24521449313132       -1.35257613836475        1.13560487018997
O           -1.39261665561595       -2.45934534032176        1.05494113129746
C            1.43789045055112        1.54182891621743        0.40644030800075
O            0.48137934369570        2.37213135600013       -0.21743123478895
C            2.76383307522704        1.60912107251461       -0.37255825695569
O            3.32622245570203        2.88964796157339       -0.27904709253013
H            5.70964400605968       -1.18753766776846        0.13364533209151
H            6.28864449180155        0.31403181158354        0.91231047788525
H            6.77796243857898       -0.06868773006350       -0.76437575759399
H            4.00193511879300        0.87522182833794        1.24671869036205
H            2.28834863829732       -0.57640467120608        2.04384105797501
H            1.91137825078690       -2.72880164643738       -0.02836550648824
H            0.59294452543267       -2.45041376243192        1.14167332845186
H            2.14056506445783       -2.88713964903844        2.77276965121018
H            0.64728533618602       -0.23654877371689       -0.49223494980447
H           -2.07223672132757        0.77788614347753        1.27976601657626
H           -2.75104765522131        0.16867757245937       -2.13965987131559
H           -2.11301230893051        2.56249587456817       -1.62062691308730
H           -2.99079643607295        2.44439881759869       -0.08633060539710
H           -4.09042735850335        2.41022903019652       -2.66715513511500
H           -4.19665147608328        0.46484724405685        0.52316471559614
H           -5.35219273161712        0.52481269427502       -1.44719862253695
H           -3.06054567698924       -2.07589190005935       -0.72540516230698
H           -5.23823444654678       -2.15834108094577        0.24447773350214
H           -2.65496729207903       -1.26264922294893        2.15241051164211
H           -1.90743006152258       -3.25664365166677        1.24444744975470
H            1.60517658603115        1.95189418910232        1.41172049962843
H           -0.12124036384190        1.80807266265115       -0.72527813477489
H            2.58812313312744        1.33784242394255       -1.42579896235792
H            2.63675888525291        3.52866520746685       -0.51602872168686
48
 energy: -84.822442150813 gnorm: 0.003204901575 xtb: 6.7.1 (edcfbbe)
C            5.97357664545292       -0.14788028903685       -0.03735923601998
O            4.88309957238634        0.57793651872656       -0.59254543397851
C            3.75402597364004        0.58968053408510        0.19971228543449
O            3.17869515104167       -0.69902511611969        0.18099455078890
C            2.03570176072482       -0.85267300527654        0.99877458153524
C            1.65319913605887       -2.33626389167074        0.94620483551044
O            2.39908230204566       -3.11752178189690        1.84843289342950
C            0.93053595119024        0.10732900935718        0.51335252027799
O           -0.21127745283621        0.07289970818997        1.36559024127117
C           -1.49226000722246       -0.03217032733329        0.80324676975675
O           -1.47374506815454        0.15929339079002       -0.58989128828861
C           -2.74595710686723        0.53264744358233       -1.11103563116680
C           -2.94499197312242        2.06320379977519       -1.12267714373128
O           -4.18028767951506        2.39255226219610       -1.71060569937642
C           -3.90350779244577       -0.14747430006548       -0.35129711529140
O           -5.01226619613285       -0.36241347867018       -1.18485231574580
C           -3.42099206068931       -1.50986543886790        0.15955586692239
O           -4.44502563324940       -2.21227163231275        0.81230740937391
C           -2.24695455212312       -1.34608150393611        1.14740260566545
O           -1.39801758753395       -2.45668718669425        1.08058594173855
C            1.44157933581346        1.54817317732290        0.41759990355671
O            0.48559658817530        2.38978683185436       -0.19322337742966
C            2.76621437578497        1.61758649361122       -0.36470400706340
O            3.33475798033311        2.89428460835098       -0.26275785405794
H            5.69964139577841       -1.19243626193391        0.12665986787694
H            6.28753396243870        0.30353174606669        0.90943185883858
H            6.77401557008336       -0.07745741066303       -0.76871086944105
H            4.00325684466735        0.86868744889573        1.24751460719106
H            2.28970187775971       -0.57697962826521        2.03781062468641
H            1.89667171871407       -2.71297617879066       -0.04898115236361
H            0.58307297255357       -2.43808617315300        1.12716223007309
H            2.12797709818832       -2.90261158292734        2.75026360951397
H            0.64754822727092       -0.22391513535872       -0.49409702120396
H           -2.07106676267640        0.78350000623509        1.27279436269034
H           -2.74668616944897        0.15503239712866       -2.14096794200751
H           -2.10818874805853        2.54734696971193       -1.63497000322400
H           -2.97884692719871        2.43915563608988       -0.09627343700987
H           -4.08893074494753        2.40090381323666       -2.67219912357010
H           -4.20237794255035        0.46477413487037        0.51374316000416
H           -5.35233971586072        0.50376929923367       -1.45822160627250
H           -3.05638525980422       -2.08512192964132       -0.70830834158506
H           -5.23606917024066       -2.16565182002934        0.25546125696282
H           -2.65672338117827       -1.24394004047484        2.16314070748206
H           -1.91726992121655       -3.25088456655500        1.27110199179107
H            1.61194292147040        1.94763039869342        1.42622812434633
H           -0.10668251608655        1.83638620571105       -0.72441438206890
H            2.58626006396914        1.35444840128816       -1.41928687810413
H            2.65315797938623        3.53984563149220       -0.50421327123290
48
 energy: -84.822594367169 gnorm: 0.004277857163 xtb: 6.7.1 (edcfbbe)
C            5.96962923761926       -0.15444339269105       -0.04369810509493
O            4.88378425046766        0.58288312449027       -0.59312126858247
C            3.75531965241526        0.59203489773784        0.20005473190241
O            3.17732970307453       -0.69502192473107        0.17359406491688
C            2.03569749447919       -0.85084688569279        0.99193369769411
C            1.64553199897242       -2.33201475391876        0.92797102604790
O            2.38693927492194       -3.12788648746341        1.82079465391418
C            0.93116184897007        0.11102870851550        0.51195137761474
O           -0.20925553842242        0.07524520151967        1.36541284751357
C           -1.49096693099839       -0.02898708544772        0.80542102754129
O           -1.47194751528524        0.15970776393776       -0.58679024692075
C           -2.74389363555363        0.52384408611424       -1.11370647238795
C           -2.94327613048797        2.05410655131015       -1.13464245911301
O           -4.18031837779073        2.38324939264109       -1.71814265808460
C           -3.90310167635782       -0.15404679658588       -0.35428458464106
O           -5.00479653520477       -0.38122442887334       -1.19436336874889
C           -3.42009109126760       -1.51067626168606        0.17124374226406
O           -4.44484692526250       -2.20875192277299        0.82754030489949
C           -2.25029866649713       -1.33702692674026        1.16129975198332
O           -1.40520550585326       -2.45203635082745        1.11458187905949
C            1.44590261613569        1.55277403195384        0.42953903662423
O            0.49081834512484        2.40688094879236       -0.16537727400574
C            2.76944457728590        1.62722736323539       -0.35469814402039
O            3.34176781723450        2.90059846937516       -0.23966857654541
H            5.68713097404253       -1.19759769796035        0.11544600076645
H            6.28834510966429        0.28955414335229        0.90506394683298
H            6.76964767280307       -0.08719620487062       -0.77573846709514
H            4.00617116155462        0.86399278765709        1.24927763060880
H            2.29051863719487       -0.58047658134839        2.03119031086209
H            1.88399322601324       -2.69872107891154       -0.07225396583179
H            0.57516216226959       -2.42751481522163        1.11055882755830
H            2.11492843254724       -2.92206809672518        2.72437656991190
H            0.64795626403314       -0.21290341484602       -0.49684208453807
H           -2.06708689061536        0.79150769420739        1.27094649131603
H           -2.74084667269369        0.13926914255914       -2.14123879879712
H           -2.10776596845974        2.53297145465588       -1.65428839704698
H           -2.96952249512609        2.43618250164787       -0.11016250731580
H           -4.09226273735005        2.38802505137892       -2.68006417153167
H           -4.21008674938032        0.46516479874008        0.50284788270548
H           -5.35286418241899        0.48025535024802       -1.47167412720710
H           -3.05177133826312       -2.09343648892530       -0.69007992826458
H           -5.23304743361509       -2.17485804581764        0.26556273526876
H           -2.66305116587711       -1.21952050738120        2.17433008889162
H           -1.93021226397666       -3.24181747252953        1.30785068331987
H            1.61877305272589        1.93776832192867        1.44307046052644
H           -0.08444375222638        1.86766291790844       -0.73058210905588
H            2.58725102215286        1.37491276249515       -1.41150983503720
H            2.66775068285353        3.55222334024601       -0.48545254322722
48
 energy: -84.822751935360 gnorm: 0.005655507630 xtb: 6.7.1 (edcfbbe)
C            5.96617157877558       -0.16204974944088       -0.05257454566330
O            4.88520919617796        0.58982289917903       -0.59259191462045
C            3.75781884972558        0.59515604608702        0.20249999222620
O            3.17772922701171       -0.69066777054710        0.16765984307616
C            2.03568505114904       -0.85113704588888        0.98399901491684
C            1.63979745458915       -2.33027845583671        0.90642870048211
O            2.37787930197682       -3.13935226800498        1.78915848280725
C            0.93202061417757        0.11448152325669        0.51059560822867
O           -0.20658953431650        0.07875049440056        1.36564680326723
C           -1.49002608030167       -0.02335026900736        0.80979947716664
O           -1.47061220112992        0.16325575639977       -0.58167012358394
C           -2.74226186598031        0.51569238709287       -1.11651187326120
C           -2.94519177558700        2.04555443426067       -1.15032025856215
O           -4.18511766012527        2.37014080007303       -1.72935178949384
C           -3.90259595695292       -0.16022992142306       -0.35765818150054
O           -4.99636466492684       -0.40135465401222       -1.20486359084143
C           -3.41828109225324       -1.51031657753304        0.18314736813766
O           -4.44423865274885       -2.20399947967879        0.84243315092938
C           -2.25499580541897       -1.32474501004195        1.17733935784669
O           -1.41333379456821       -2.44387901805484        1.15685783570080
C            1.45069211749531        1.55609890008133        0.44222120819563
O            0.49721770127343        2.42235984967101       -0.13586950104487
C            2.77381162180615        1.63769638450473       -0.34182263847902
O            3.34807074910652        2.90830875153124       -0.20986107412760
H            5.67343607208511       -1.20347956446403        0.09940683779858
H            6.29185344699886        0.27162532951854        0.89872774778513
H            6.76468421078726       -0.09726902247236       -0.78638911853041
H            4.01113132681431        0.85995159973946        1.25303636650890
H            2.28998536596570       -0.58865939257497        2.02528942254070
H            1.87401083391805       -2.68666539695801       -0.09854451061971
H            0.56927217947168       -2.42097207302979        1.09082379541777
H            2.10259988110169       -2.94610998327169        2.69457568492838
H            0.64720105538780       -0.20221181514873       -0.49979549957077
H           -2.06152508782290        0.80279210741501        1.27370398229591
H           -2.73367768722137        0.12187025246675       -2.14074223138373
H           -2.11255706668776        2.51990192098779       -1.67884872780762
H           -2.96421423074111        2.43560912494956       -0.12858786196525
H           -4.10125224792261        2.36980267126323       -2.69169692399198
H           -4.21870320547213        0.46577885714330        0.49094815811873
H           -5.35395195454978        0.45477772116065       -1.48602573627600
H           -3.04575248502141       -2.10038048235383       -0.67126489918373
H           -5.22859864484264       -2.18479003077244        0.27426717911829
H           -2.67476397770614       -1.18984280656734        2.18556405626763
H           -1.94474226182569       -3.22814076682810        1.35534686953762
H            1.62547408042199        1.92555762804619        1.46103775865998
H           -0.05444944072096        1.90114979094209       -0.74296924365377
H            2.59187466185407        1.39848354010784       -1.40169136593353
H            2.68016583210530        3.56525996582920       -0.45738341328572
48
 energy: -84.822907179204 gnorm: 0.006116821507 xtb: 6.7.1 (edcfbbe)
C            5.96391617393237       -0.17014960478513       -0.06315999515710
O            4.88694349329334        0.59680327321663       -0.59066056706463
C            3.76121850408505        0.59804877533990        0.20740100971678
O            3.17906111543448       -0.68667641516408        0.16423583318891
C            2.03488422761581       -0.85320054245807        0.97650947029909
C            1.63603163871808       -2.33103639587884        0.88340910599798
O            2.37297174993725       -3.15099347743402        1.75584925139357
C            0.93251402872945        0.11777259325656        0.50997439308093
O           -0.20411171265672        0.08405592746307        1.36705296457483
C           -1.48977516856373       -0.01497905699087        0.81570568123542
O           -1.47012266896481        0.16927750968992       -0.57553326576920
C           -2.74133854478294        0.50908984897668       -1.11932874478105
C           -2.95077426614840        2.03823916768512       -1.16825395933760
O           -4.19437850349393        2.35351715942243       -1.74404183570063
C           -3.90192744968859       -0.16545340915815       -0.36089640436235
O           -4.98864950142693       -0.42029251221619       -1.21375718157259
C           -3.41532737841970       -1.50895067848173        0.19379717422997
O           -4.44271081746773       -2.19934746371722        0.85464869766992
C           -2.26023022155346       -1.31000787015927        1.19378559153932
O           -1.42055113629973       -2.43154272933782        1.20245294905039
C            1.45533662526287        1.55832019472745        0.45392720722304
O            0.50445892809710        2.43411985076653       -0.11043318159726
C            2.77924117390545        1.64733807825161       -0.32711892561624
O            3.35389666341863        2.91597118967082       -0.17688569195487
H            5.66154467621448       -1.20993733020052        0.08006797306606
H            6.29798895078329        0.25144691445059        0.89080808883545
H            6.75954252812660       -0.10584007848108       -0.80006950297378
H            4.01774942375949        0.85570801869526        1.25906582690684
H            2.28724386169863       -0.60106909636321        2.02136371101446
H            1.86770613803410       -2.67709244228330       -0.12576814147864
H            0.56544131407561       -2.42008230730433        1.06907832927738
H            2.09295555561293       -2.97318082588714        2.66319105762229
H            0.64469876474723       -0.19226865951454       -0.50193408017105
H           -2.05577408291149        0.81687172210547        1.27935901052689
H           -2.72593256664620        0.10511456614909       -2.13973381020009
H           -2.12227197184918        2.50946883963340       -1.70592557175302
H           -2.96470407601407        2.43760116877214       -0.15003530421112
H           -4.11487309290096        2.34648185918548       -2.70679654603728
H           -4.22636767308571        0.46631264446625        0.47987077577383
H           -5.35520595374794        0.43072059417521       -1.49854788522313
H           -3.03770397498544       -2.10512876960515       -0.65385146635569
H           -5.22274557942577       -2.19368022334087        0.28041993557829
H           -2.69047979313899       -1.15790595596722        2.19538050359372
H           -1.95716898609162       -3.21014988854987        1.40938274397832
H            1.63076751677089        1.91496379573195        1.47701892809360
H           -0.02225868441846        1.93299905288949       -0.75615197722522
H            2.60028662460970        1.42176291604745       -1.39044206459840
H            2.68897916288862        3.57695725210575       -0.42095043055821
48
 energy: -84.823062307334 gnorm: 0.004414611899 xtb: 6.7.1 (edcfbbe)
C            5.96304678814475       -0.17864128391711       -0.07480518421987
O            4.88847684285038        0.60209608989621       -0.58721918717005
C            3.76516270652014        0.59984871053810        0.21492048423988
O            3.18025051990587       -0.68348280704962        0.16363343752557
C            2.03256602562237       -0.85631488803648        0.97041009327782
C            1.63311676301022       -2.33342833462276        0.85950915254288
O            2.37125389093297       -3.16281904396274        1.72114945453337
C            0.93220867366175        0.12115484497278        0.51032799795907
O           -0.20246902082775        0.09174491339000        1.36991471494170
C           -1.49035974524048       -0.00360562618805        0.82233443695548
O           -1.47056031715903        0.17703270573506       -0.56934489996359
C           -2.74123618172342        0.50399105737196       -1.12212625805219
C           -2.95953624937974        2.03185881945895       -1.18764110557840
O           -4.20708684986630        2.33344241255929       -1.76242443835106
C           -3.90108428433702       -0.16976931310445       -0.36337323886162
O           -4.98284585859518       -0.43684913419427       -1.21898589118865
C           -3.41097067739161       -1.50693786956063        0.20302221255339
O           -4.43954353261652       -2.19638857371038        0.86338365597778
C           -2.26526133005717       -1.29315346342651        1.21003952849401
O           -1.42559988446819       -2.41425514413922        1.24792395647240
C            1.45954613090044        1.56008116116903        0.46440204895949
O            0.51222657058969        2.44252405822217       -0.09114711161562
C            2.78569677169578        1.65538744435841       -0.31084293349484
O            3.36015099631581        2.92260633938733       -0.14330676912960
H            5.65332206411350       -1.21726603416013        0.05857731916718
H            6.30622417494259        0.22993492846060        0.88163564661404
H            6.75436923429086       -0.11189240096526       -0.81612391097208
H            4.02568629955801        0.85007581740960        1.26750345752479
H            2.28172879755787       -0.61673938915786        2.01974276157840
H            1.86411793167060       -2.66845138370173       -0.15362249742494
H            0.56251891837321       -2.42435059258341        1.04552229333748
H            2.08657400865237       -3.00243363327631        2.63052073235722
H            0.64024115015032       -0.18254788160400       -0.50282672359757
H           -2.05084874578635        0.83365015489335        1.28557356123344
H           -2.71838605327345        0.08978440020933       -2.13839362753897
H           -2.13589426997379        2.50135887778226       -1.73391233083083
H           -2.97169636063056        2.44177116516910       -0.17372541141923
H           -4.13127275073475        2.31776404750034       -2.72543464002680
H           -4.23178640515612        0.46657067356752        0.47100079301560
H           -5.35619664731086        0.40980592225407       -1.50761624411490
H           -3.02653941846041       -2.10758531924831       -0.63804397299156
H           -5.21520832921759       -2.20129252211648        0.28383837019226
H           -2.70808020819752       -1.12562753888891        2.20373761853659
H           -1.96491293467965       -3.18771835291921        1.46708156084348
H            1.63379155358628        1.90781193581869        1.49054985026801
H            0.00860272636103        1.96235250847944       -0.76706391877398
H            2.61197521278134        1.44230495157712       -1.37748695522943
H            2.69451633768487        3.58659376732300       -0.37730820757439
48
 energy: -84.823194621071 gnorm: 0.004323215206 xtb: 6.7.1 (edcfbbe)
C            5.96249006712174       -0.18844825969364       -0.08734280276431
O            4.88907542274356        0.60456091621201       -0.58292748619046
C            3.76899195199079        0.59998122539018        0.22426861044050
O            3.17938039573782       -0.68088610828782        0.16382648433575
C            2.02804438947302       -0.85891761699436        0.96529830111871
C            1.62779052304160       -2.33498927512018        0.83335185200863
O            2.36829892273940       -3.17591339043683        1.68206346413982
C            0.93069328459539        0.12553342241369        0.51135707174760
O           -0.20220220205161        0.10229518407988        1.37394735515889
C           -1.49156126148133        0.01062234486338        0.82822544231862
O           -1.47142030111446        0.18466768300810       -0.56450319777410
C           -2.74163631888190        0.49843695128521       -1.12539017798115
C           -2.96969596873198        2.02421369028401       -1.20818862777807
O           -4.22073685967785        2.30993727826521       -1.78431321574278
C           -3.90006698438732       -0.17474913903462       -0.36496207350634
O           -4.97905518204918       -0.45336629497852       -1.22025539422691
C           -3.40495378953057       -1.50527557938551        0.21262080663799
O           -4.43383653650996       -2.19653184960757        0.87093619501690
C           -2.26946679457902       -1.27405727796333        1.22718275787250
O           -1.42840148676796       -2.39228854413136        1.29411263707102
C            1.46375580665849        1.56299816306170        0.47633274133987
O            0.52006303964251        2.45232784824798       -0.07198156514467
C            2.79302829157150        1.66303751168272       -0.29214716678935
O            3.36891692038700        2.92820680361189       -0.10898375825026
H            5.64791358430809       -1.22666687775009        0.03531169024276
H            6.31505100454926        0.20640713914382        0.87136707143379
H            6.74858810762379       -0.11659318785001       -0.83386199565357
H            4.03449136915145        0.84067187338579        1.27789382435223
H            2.27367258655105       -0.63375868406704        2.01890937297465
H            1.85848749765045       -2.65647179096134       -0.18452546355431
H            0.55724444475092       -2.42953636197410        1.01917739631345
H            2.08166397265110       -3.03366408939396        2.59384925797286
H            0.63411926569140       -0.17008406659278       -0.50303241250834
H           -2.04760529086393        0.85328217110650        1.28801556300057
H           -2.71154479800985        0.07427906977740       -2.13735207193816
H           -2.15077371954821        2.49241212851085       -1.76218477386151
H           -2.98297057187437        2.44580359282553       -0.19924054938443
H           -4.14726398769835        2.28358966307996       -2.74730280854847
H           -4.23491929580495        0.46617681212372        0.46405479223075
H           -5.35668468422815        0.38955536406005       -1.51412002078387
H           -3.01074404835978       -2.10965505400448       -0.62108519828951
H           -5.20537412958779       -2.20951331721163        0.28652644942024
H           -2.72497606565467       -1.09133628291191        2.21247586986513
H           -1.96785227896152       -3.16098946801614        1.52973378984128
H            1.63509007876427        1.90288550646023        1.50560770294915
H            0.04230427483186        1.99452240885953       -0.78097372151558
H            2.62453488796026        1.46194943548067       -1.36197007314464
H            2.70004750065058        3.59533550328835       -0.32632226217848
48
 energy: -84.823306064474 gnorm: 0.002829849665 xtb: 6.7.1 (edcfbbe)
C            5.96258741435399       -0.19813941723960       -0.09856295517050
O            4.88915834753519        0.60393440421840       -0.57795496299623
C            3.77260937283967        0.59812732415002        0.23442501013157
O            3.17725890662483       -0.67955528527032        0.16542363948260
C            2.02207338327766       -0.86095011873161        0.96151182814627
C            1.62071956498387       -2.33536008454894        0.80843763203504
O            2.36422935278807       -3.18846574628336        1.64315807229903
C            0.92849712336637        0.12988991749426        0.51257893137721
O           -0.20319566741824        0.11352144676528        1.37779033188706
C           -1.49320045019244        0.02570449382169        0.83254750608655
O           -1.47315504255106        0.19248683896469       -0.56126226886442
C           -2.74337870766409        0.49370933924233       -1.12802622022369
C           -2.98183856342171        2.01660794865076       -1.22711338370954
O           -4.23451012732738        2.28620128411925       -1.80861436901122
C           -3.89939285614408       -0.17969014095714       -0.36453099488323
O           -4.97836436607233       -0.46684636146452       -1.21637550370682
C           -3.39793721656720       -1.50421241058433        0.22088698065339
O           -4.42574992101186       -2.20101252893098        0.87519107726177
C           -2.27231438525878       -1.25531547885379        1.24207325317996
O           -1.42799368116626       -2.36794693464726        1.33398527103647
C            1.46817701705709        1.56596043577632        0.48673964784007
O            0.52902191588654        2.46135070169940       -0.05868221394379
C            2.80097824990700        1.66860124036001       -0.27412139008596
O            3.37881585368078        2.93149226171213       -0.07859344433765
H            5.64641359982572       -1.23701272969928        0.01294660234049
H            6.32281962117089        0.18348127995064        0.86235030530748
H            6.74372881544925       -0.11846139230168       -0.84968420714852
H            4.04291970705401        0.82916689986134        1.28880161616421
H            2.26355467853928       -0.64934106310007        2.01837340334643
H            1.85099847559572       -2.64225890196831       -0.21422512381749
H            0.55043108048071       -2.43428187016978        0.99440879901409
H            2.07963638495626       -3.06159577206272        2.55733708804765
H            0.62786538896216       -0.15791811946182       -0.50240382979083
H           -2.04572002120131        0.87307507719898        1.28705336941111
H           -2.70738499471239        0.06082603226070       -2.13597907369331
H           -2.16624530137170        2.48450853371254       -1.78551063608648
H           -3.00060073158801        2.44954358407947       -0.22331246542676
H           -4.16010984898841        2.24773173976333       -2.77109876537236
H           -4.23523060207960        0.46459383343634        0.46153919861282
H           -5.35622052455253        0.37372887137308       -1.51674725253437
H           -2.99199637122039       -2.10971811425857       -0.60620333906843
H           -5.19443694874955       -2.21685349772215        0.28769759492041
H           -2.73853783127146       -1.05957978361037        2.21948187179629
H           -1.96431242037176       -3.13268400644536        1.58969389236231
H            1.63422829217042        1.90054492644641        1.51859223970613
H            0.07411582230621        2.02442963804882       -0.79183144003666
H            2.63738942863657        1.47722638203009       -1.34650936168614
H            2.70359381764229        3.60075249475114       -0.27220227734616
48
 energy: -84.823364116069 gnorm: 0.006983943300 xtb: 6.7.1 (edcfbbe)
C            5.96145379703600       -0.20974342121865       -0.11005421615451
O            4.88917463964490        0.60293889582255       -0.57331499105372
C            3.77601856139913        0.59567622189054        0.24388431119502
O            3.17350998043165       -0.67787959594053        0.16414364998187
C            2.01525478037423       -0.86177492651422        0.95571525514166
C            1.60946716791054       -2.33306529125761        0.77976100055660
O            2.35489953266470       -3.20257298506827        1.59711169179774
C            0.92598402003505        0.13553850349143        0.51240701216806
O           -0.20420829860293        0.12549906560767        1.38039888139610
C           -1.49455465635526        0.04128896380933        0.83576908758449
O           -1.47486290923216        0.19960656870080       -0.55888602455268
C           -2.74565295912185        0.48650320469391       -1.13095765388711
C           -2.99386619041752        2.00621327402304       -1.24683242615114
O           -4.24672452652414        2.26116709195683       -1.83539447068922
C           -3.89899066874814       -0.18718463623776       -0.36356493916588
O           -4.97753061417812       -0.48494594099957       -1.21221810526779
C           -3.38983706678681       -1.50448656824758        0.23157998169967
O           -4.41557627783098       -2.20805739994195        0.88199168980902
C           -2.27514489978178       -1.23508863863286        1.25948105867032
O           -1.42773564146126       -2.34256945629911        1.38029891690166
C            1.47367163261072        1.57048180660098        0.50005875456330
O            0.53945004698210        2.47662907953637       -0.03786472337409
C            2.80957736716229        1.67612827925359       -0.25405395681172
O            3.39116040170468        2.93528632037735       -0.04374519958269
H            5.64269417878774       -1.24943755785859       -0.01129788093154
H            6.32883798820759        0.15705217414849        0.85395817060374
H            6.73864830728961       -0.12229154886731       -0.86455827002823
H            4.05117612968306        0.81476381455429        1.29944301948890
H            2.25323806351850       -0.66423429498288        2.01526788049718
H            1.83623696794710       -2.62284886332364       -0.24900518325250
H            0.53965918190632       -2.43370975661532        0.96783226456173
H            2.07549628977614       -3.09033945044161        2.51452202818279
H            0.62162377835070       -0.14184501469191       -0.50360137858217
H           -2.04363072214224        0.89432170232230        1.28288103586576
H           -2.70430925248866        0.04401939279009       -2.13466368105362
H           -2.18005502724400        2.47296159842234       -1.80844946820744
H           -3.01896872169777        2.45051629881866       -0.24820502357923
H           -4.16929930244183        2.21016002219842       -2.79706187402942
H           -4.23651871286021        0.46159221880795        0.45887680201942
H           -5.35584955392510        0.35257692009133       -1.52137540256953
H           -2.97019122912108       -2.11149610063636       -0.58778894612599
H           -5.18185190276591       -2.22698110387935        0.29117516137162
H           -2.75182001858272       -1.02270583519155        2.22879566568200
H           -1.96116293679609       -3.10221470439870        1.65769622743872
H            1.63444492658978        1.89514427679499        1.53616322197915
H            0.11638971938789        2.06459143499395       -0.81110272463246
H            2.64939090152182        1.49748672621098       -1.32969985532091
H            2.71087876203894        3.60732640394833       -0.21203668926458
48
 energy: -84.823426634509 gnorm: 0.003050618130 xtb: 6.7.1 (edcfbbe)
C            5.96192870587320       -0.21539448234063       -0.11215362507011
O            4.88997500694291        0.59919674002932       -0.57024377863413
C            3.77783603063330        0.59220012819947        0.24806815929484
O            3.17109538034541       -0.67870277190938        0.16404673052423
C            2.01101833050296       -0.86127813153552        0.95312958747247
C            1.60198708252867       -2.32998997683998        0.76844933309754
O            2.34879078570219       -3.20719254845375        1.57624783536365
C            0.92454049468302        0.13846251366571        0.51076763383036
O           -0.20520506020754        0.13124137272537        1.37969843463591
C           -1.49539131247737        0.04874760276282        0.83549250934674
O           -1.47720269715733        0.20392221424642       -0.55933549434725
C           -2.74922802443726        0.48448493292724       -1.13082541655962
C           -3.00293070437952        2.00189964233968       -1.25296588269089
O           -4.25274904688132        2.24964563949295       -1.85119533842923
C           -3.89958682525221       -0.19078875513463       -0.35994117103390
O           -4.98084877518974       -0.48956355158669       -1.20407368371891
C           -3.38472499721559       -1.50572650434556        0.23454365055517
O           -4.40735267757821       -2.21747706523744        0.88086400305597
C           -2.27481776867263       -1.22695192653584        1.26426269925251
O           -1.42376956296958       -2.32910251463241        1.39362591554156
C            1.47688956296890        1.57255817922841        0.50239067537763
O            0.54717824141211        2.48309346486888       -0.03774772839252
C            2.81488031590064        1.67708469615880       -0.24688563524248
O            3.39810176167996        2.93413559784955       -0.03131627763916
H            5.64454279612389       -1.25635837899473       -0.02044316388788
H            6.32909518212111        0.14474020973092        0.85396608411571
H            6.73909773314050       -0.12185864007272       -0.86587220680584
H            4.05405277696963        0.80622628615457        1.30395468754773
H            2.24681728028968       -0.66847544685523        2.01295674947431
H            1.82515466243694       -2.61179902113860       -0.26288062740574
H            0.53278239845263       -2.43064599759012        0.95950622740999
H            2.07726483383018       -3.09698356374994        2.49546781672525
H            0.61912164668467       -0.13502932090438       -0.50506831449070
H           -2.04339668894832        0.90336481260719        1.27896454816932
H           -2.70736819610063        0.03882964849001       -2.13294507547357
H           -2.18719528115654        2.46979104107403       -1.81052719349464
H           -3.03764034882172        2.45009126245778       -0.25658587420223
H           -4.16861336053015        2.19111791686303       -2.81176872871728
H           -4.23471511059604        0.45790117595819        0.46395723984503
H           -5.35457237114193        0.34813293325634       -1.51888609996842
H           -2.95711138532557       -2.10938481604833       -0.58298461047866
H           -5.17468522082561       -2.23097024588265        0.29117900507397
H           -2.75424651932645       -1.01004580103744        2.23039255710633
H           -1.95257222449879       -3.08693453005832        1.68308554125239
H            1.63300437255488        1.89488581418246        1.53984051324111
H            0.13155821135536        2.08014864256497       -0.81201314167512
H            2.65655785986345        1.50346406746698       -1.32384439243233
H            2.71264774041637        3.60528462333397       -0.18087499118018
48
 energy: -84.823459712760 gnorm: 0.002250779390 xtb: 6.7.1 (edcfbbe)
C            5.96143137069591       -0.22042085727073       -0.11325619413463
O            4.89167191749185        0.59879159213178       -0.56826691488219
C            3.77944179631078        0.59103828267412        0.24984417583615
O            3.16998252249024       -0.67808112804970        0.16109097327871
C            2.00898617336455       -0.86047524289180        0.94862038352072
C            1.59566003017087       -2.32698027928092        0.75783983918055
O            2.34257887179906       -3.21129467265011        1.55731558321257
C            0.92403662808691        0.14144490282138        0.50821295392972
O           -0.20466314583445        0.13464764719169        1.37823443176331
C           -1.49542149551888        0.05304208234885        0.83608810377749
O           -1.47855350527377        0.20685237619169       -0.55857418327154
C           -2.75159106284944        0.48165036038418       -1.13052227582311
C           -3.00932173218827        1.99777512503644       -1.25804391320016
O           -4.25689586916013        2.24023765535681       -1.86311772751795
C           -3.89992707654519       -0.19448728659259       -0.35758217047486
O           -4.98139994212158       -0.49520099737372       -1.20058559179434
C           -3.38121603713667       -1.50721471622803        0.23805835680952
O           -4.40181892037760       -2.22351572122219        0.88244181675198
C           -2.27546478943662       -1.22104422974035        1.26965652583966
O           -1.42337581486491       -2.32162533257791        1.40962741169814
C            1.47985159201351        1.57467068271124        0.50534455926553
O            0.55366363640875        2.49062148870948       -0.03220271949326
C            2.81904040284198        1.68015768470220       -0.24101297176466
O            3.40396290636671        2.93520905628201       -0.01829735468068
H            5.64195074067768       -1.26145446097591       -0.02762583694232
H            6.32810799362941        0.13355508479000        0.85546879799763
H            6.73990702398906       -0.12450314597194       -0.86522704790853
H            4.05587610632973        0.80068954924682        1.30648888292851
H            2.24382041640885       -0.67121111142094        2.00914050155795
H            1.81340743666732       -2.60306636109820       -0.27604660201253
H            0.52698984827704       -2.42505016798414        0.95307844584179
H            2.07667392936356       -3.10315460986335        2.47868808708884
H            0.61784099472302       -0.12844797152912       -0.50806027298403
H           -2.04185371327389        0.90943454526886        1.27830401945963
H           -2.70915199632572        0.03260591452111       -2.13129401049534
H           -2.19176742837771        2.46614180844414       -1.81285201107049
H           -3.04996546738125        2.44872310291457       -0.26308784629867
H           -4.16843769188823        2.17524276952793       -2.82304006696950
H           -4.23540653037933        0.45461181589200        0.46604475968689
H           -5.35332341028215        0.34193731222986       -1.51907395633807
H           -2.94862205262269       -2.10941877457388       -0.57785828292603
H           -5.16983650804906       -2.23516144948621        0.29325170266595
H           -2.75819339931839       -0.99817687415098        2.23298288680012
H           -1.95177530946410       -3.07704540095893        1.70438466288056
H            1.63405829110187        1.89175934612127        1.54458023340716
H            0.14848454904029        2.09700083629598       -0.81734857136106
H            2.66214700115964        1.51212268400096       -1.31919351608748
H            2.71840575286808        3.60706425304749       -0.15913837099772
48
 energy: -84.823509377339 gnorm: 0.002557044824 xtb: 6.7.1 (edcfbbe)
C            5.96082657517393       -0.22802496253645       -0.10911622024601
O            4.89700982648152        0.59871180319810       -0.56498258664156
C            3.78219054443188        0.58966233670603        0.24944614232556
O            3.16928085737168       -0.67694978754842        0.15280254030942
C            2.00758163047797       -0.85806580550743        0.93867253448737
C            1.58499971072999       -2.32071663827599        0.74388832754524
O            2.33180833300582       -3.21508503666668        1.53012727845911
C            0.92432651416941        0.14691168926232        0.50091875295633
O           -0.20195320841294        0.13769727355971        1.37304495748873
C           -1.49458122791679        0.05645801826753        0.83667477361553
O           -1.48148794198440        0.21128478669104       -0.55731562637155
C           -2.75679797917940        0.47799060544618       -1.12810705976784
C           -3.02030456186472        1.99248111246366       -1.26120196048288
O           -4.26146597069848        2.22843966071020       -1.88113186533283
C           -3.90131250764477       -0.20038138424581       -0.35222806009698
O           -4.98343521957095       -0.50263963437527       -1.19392319360581
C           -3.37631938933536       -1.51086978060234        0.24219819740876
O           -4.39272242097768       -2.23512064381243        0.88406890191511
C           -2.27565408319816       -1.21579349029063        1.27537576807501
O           -1.42390135029052       -2.31569108165457        1.42844920104297
C            1.48473731047091        1.57837135083947        0.50659483627957
O            0.56461694142292        2.50292721533649       -0.02622565525240
C            2.82576856891526        1.68475871477083       -0.23586936128874
O            3.41406322021943        2.93610829776248       -0.00190512889295
H            5.63606117944122       -1.26818317695562       -0.03294004699853
H            6.32179107301347        0.11745120570735        0.86499179710946
H            6.74535474043705       -0.13044285693393       -0.85439102738107
H            4.05643149200009        0.79340273357134        1.30790023555700
H            2.24206666880846       -0.67116146602117        1.99994929674689
H            1.78925511627521       -2.59122970796579       -0.29385751144969
H            0.51756942501403       -2.41103292125472        0.94997973961031
H            2.07869090654100       -3.10467215552443        2.45553819789684
H            0.61737743076147       -0.11838111755046       -0.51628915937282
H           -2.03852955057069        0.91421900696796        1.28078022002375
H           -2.71489808539523        0.02513799126207       -2.12747003801034
H           -2.19717872621092        2.46328419083142       -1.80658836369802
H           -3.07425773124124        2.44462920122874       -0.26733946770508
H           -4.16288100412700        2.15318527312857       -2.83951017668740
H           -4.23724599098457        0.44753187686447        0.47226309599887
H           -5.35187844215970        0.33397717064957       -1.51786967225785
H           -2.93816833113767       -2.10922379788344       -0.57340702777460
H           -5.16371210034844       -2.24165097254869        0.29797164107647
H           -2.76214697234632       -0.98631910050084        2.23519791528935
H           -1.95455157193856       -3.06744475406189        1.72502363134301
H            1.63749913311135        1.88614185532325        1.54849856026024
H            0.17317805929645        2.12241920422460       -0.82513966344019
H            2.67088932501783        1.52529461981188       -1.31551017118915
H            2.73200481841434        3.61060024453897       -0.13455781276505
48
 energy: -84.823530677638 gnorm: 0.002504111713 xtb: 6.7.1 (edcfbbe)
C            5.96094298089744       -0.23373218442341       -0.10533671595383
O            4.90129211028961        0.59841087338593       -0.56160302699768
C            3.78430011186927        0.58855861156043        0.24985544695913
O            3.16880008127352       -0.67629502172488        0.14706919266094
C            2.00641091411044       -0.85686808952432        0.93161046513652
C            1.57861707939296       -2.31750173544148        0.73343939676128
O            2.32716104882622       -3.21836974973963        1.51004907402144
C            0.92440553569249        0.15082888448806        0.49600128510579
O           -0.20015605824599        0.14063861547022        1.37013831799458
C           -1.49437632046075        0.06000852439911        0.83769214888065
O           -1.48422702494013        0.21529934195380       -0.55613821569060
C           -2.76085275033236        0.47632198843732       -1.12657249514676
C           -3.02943120821857        1.98958848136938       -1.26364891169580
O           -4.26592717561333        2.21975980624679       -1.89491740687105
C           -3.90265104724321       -0.20408421661102       -0.34902123463919
O           -4.98561652314161       -0.50867562796396       -1.18901254333905
C           -3.37278744654483       -1.51286733632440        0.24477344820735
O           -4.38629290036371       -2.24263935137882        0.88504510221130
C           -2.27567996302993       -1.21143423382676        1.27973705188675
O           -1.42451616115082       -2.31078631111109        1.44243902602230
C            1.48819093879992        1.58101390085846        0.50712213348052
O            0.57193872185142        2.51051727789862       -0.02274538054748
C            2.83104875199143        1.68773183270168       -0.23235675048842
O            3.42222860224781        2.93632420963972        0.00909120970956
H            5.63273634534739       -1.27326481440688       -0.03637339219537
H            6.31786471275677        0.10556267273253        0.87257068701126
H            6.74950905340485       -0.13433034032943       -0.84620900469692
H            4.05680244348874        0.78763463380059        1.30985446711573
H            2.24055105119203       -0.67232615034385        1.99366289219493
H            1.77362597153478       -2.58398305546639       -0.30731203712657
H            0.51230665660811       -2.40426383544108        0.94728468481022
H            2.08357359478088       -3.10751783383474        2.43831339498994
H            0.61611328848177       -0.11110185127010       -0.52175345072519
H           -2.03642701229282        0.91854710897713        1.28360679892985
H           -2.71827923419436        0.02117676182634       -2.12495387130860
H           -2.20298418834057        2.46296091354384       -1.80199264034762
H           -3.09429560602705        2.44286586207044       -0.27080180223894
H           -4.15985575305612        2.13724186431014       -2.85199535282292
H           -4.23870735954127        0.44292084726449        0.47617997801097
H           -5.35258359918737        0.32717830041807       -1.51695779990609
H           -2.93047060000260       -2.10906096979486       -0.57038291969332
H           -5.15899521086867       -2.24676891845863        0.30098730294757
H           -2.76585492420495       -0.97720103189263        2.23672164603390
H           -1.95728032931335       -3.06063390926831        1.74109994619509
H            1.63993090765275        1.88356031255822        1.55059055622130
H            0.19032557815937        2.14032204488076       -0.83182612637612
H            2.67789396911940        1.53431628174311       -1.31309665958653
H            2.74167297990731        3.61441378207937       -0.11644822874102
48
 energy: -84.823551200438 gnorm: 0.001863964246 xtb: 6.7.1 (edcfbbe)
C            5.96181066372544       -0.23889641270786       -0.09772633814731
O            4.90667269911463        0.59762770104046       -0.55691213132760
C            3.78615332313579        0.58732410355812        0.24972446756453
O            3.16855935978919       -0.67604394840807        0.14086943431541
C            2.00568520645676       -0.85580482591865        0.92442153497118
C            1.57403908487737       -2.31511821293728        0.72556839374064
O            2.32641838166059       -3.21939987780555        1.49381685703008
C            0.92462269267498        0.15429136546005        0.49055819493594
O           -0.19820984249834        0.14279391802567        1.36706134289671
C           -1.49435705022670        0.06272395081740        0.83878354168373
O           -1.48784392875062        0.21970171522884       -0.55494299589380
C           -2.76568709510078        0.47670967979489       -1.12421127470429
C           -3.03958560075482        1.98883318117623       -1.26291173909775
O           -4.27039866194351        2.21335486893098       -1.90702889262178
C           -3.90460541342544       -0.20674194009974       -0.34564377449536
O           -4.98879283869868       -0.51297523809839       -1.18363555100942
C           -3.36991290742020       -1.51454754988401        0.24588586237208
O           -4.38025437875302       -2.24985203300781        0.88490208366853
C           -2.27508496410843       -1.20910092229247        1.28218294821963
O           -1.42456142673871       -2.30765859099719        1.45059691615527
C            1.49111984242173        1.58335455126606        0.50518432195872
O            0.57811666610130        2.51610049953839       -0.02283774857737
C            2.83617539112780        1.68955788588250       -0.23137365603098
O            3.42978111478719        2.93572049476494        0.01539319000562
H            5.63064506696141       -1.27768068648794       -0.03559471950751
H            6.31281082076218        0.09543181939092        0.88401781989052
H            6.75552105837802       -0.13796903943033       -0.83300646478779
H            4.05515229737521        0.78246151046109        1.31152106160301
H            2.23974304039589       -0.67229743896003        1.98695038261198
H            1.75976003250632       -2.57970195897395       -0.31740123045810
H            0.50931188397909       -2.40007343146097        0.94798976701045
H            2.09338903499264       -3.10687247441294        2.42469188846452
H            0.61462955622320       -0.10513020143652       -0.52743240001394
H           -2.03478240525739        0.92095323741251        1.28795766743665
H           -2.72233774418877        0.02126970913815       -2.12237024758103
H           -2.20960935054451        2.46647886123814       -1.79206704425816
H           -3.11776799100569        2.44137222689916       -0.27064289318160
H           -4.15550484814889        2.12477362895621       -2.86243994866744
H           -4.24048522016565        0.43839066920344        0.48113273765513
H           -5.35474162452081        0.32214552469451       -1.51470545210510
H           -2.92474278324129       -2.10795475159133       -0.56989933193909
H           -5.15486544549084       -2.25204063703437        0.30331408096178
H           -2.76834460817933       -0.97295608233745        2.23700269440852
H           -1.95990038167149       -3.05721826505143        1.74633490097302
H            1.64220759348783        1.88279360476527        1.54955123367376
H            0.20323720025391        2.15447930986530       -0.83808868486751
H            2.68515859560123        1.54032365299455       -1.31278519331535
H            2.75165093733612        3.61706401503270       -0.10827592523212
48
 energy: -84.823574087677 gnorm: 0.002023672077 xtb: 6.7.1 (edcfbbe)
C            5.96356414956312       -0.24672844364321       -0.08449793643105
O            4.91472315596422        0.59607678251973       -0.54739693235649
C            3.78837074689001        0.58521010599372        0.25127191008278
O            3.16754991668442       -0.67582639307221        0.13261419465901
C            2.00375459386756       -0.85525567469783        0.91451221586413
C            1.56998522300719       -2.31377411030624        0.71341560385182
O            2.33202483392900       -3.22091480269051        1.46930221115721
C            0.92433254489910        0.15857347703055        0.48352011163402
O           -0.19605248888817        0.14690629182107        1.36400885938394
C           -1.49501492675760        0.06865837410590        0.84115287740861
O           -1.49368066404133        0.22751614868677       -0.55262731454764
C           -2.77295531630822        0.47926595177422       -1.12056171572301
C           -3.05636822550469        1.98951225146775       -1.26109193969688
O           -4.27920823761679        2.20392912353244       -1.92378827873173
C           -3.90778524994283       -0.20982200536070       -0.34151986896222
O           -4.99310153805187       -0.51964891429815       -1.17678385776086
C           -3.36589690583865       -1.51583898233479        0.24728569336150
O           -4.37187169235656       -2.25866487152743        0.88466072894499
C           -2.27443905513674       -1.20426258943938        1.28615744789943
O           -1.42373166630201       -2.30062062197937        1.46326801384430
C            1.49487831739102        1.58638795374276        0.50184788056991
O            0.58574952957635        2.52245466408753       -0.02429007701210
C            2.84365661279416        1.69155367815106       -0.22995830400916
O            3.44008700659668        2.93476510272679        0.02378356504152
H            5.62886281865794       -1.28470779145171       -0.03298565660518
H            6.30639163042878        0.07992124742135        0.90267294717943
H            6.76414485410924       -0.14269391238288       -0.81201261467054
H            4.05103515088767        0.77408593217802        1.31596902579344
H            2.23735214119750       -0.67448484227858        1.97785512675062
H            1.74384049970650       -2.57487228297713       -0.33274031612394
H            0.50804038581004       -2.40031711452607        0.94803031098245
H            2.11408054657309       -3.10932908150745        2.40380674290518
H            0.61056505555162       -0.09695869298405       -0.53430989476660
H           -2.03282666531896        0.92648718624426        1.29450946826809
H           -2.72724693344707        0.02448157084763       -2.11885405823460
H           -2.22279238281793        2.47482902064678       -1.77720066746563
H           -3.15487600081067        2.44094054524921       -0.27011449711871
H           -4.15159698573191        2.10670764593687       -2.87664769569984
H           -4.24410098989214        0.43261533533065        0.48731444336724
H           -5.35958674826290        0.31375547778206       -1.51155571176491
H           -2.91638959442393       -2.10554784776518       -0.56901140889041
H           -5.14775723165963       -2.26187660214809        0.30503031287138
H           -2.77321940130185       -0.96542392735603        2.23765784596451
H           -1.96221789300084       -3.05193434293914        1.75124683210868
H            1.64447692087304        1.88346561773748        1.54721897165060
H            0.22286226904426        2.17404146317857       -0.85122639846478
H            2.69671298884311        1.54713788655651       -1.31248916179245
H            2.76566993375264        3.62022217947239       -0.10296934835889
48
 energy: -84.823585685981 gnorm: 0.001313094046 xtb: 6.7.1 (edcfbbe)
C            5.96407930550415       -0.24817577882453       -0.07902484767052
O            4.91658907203023        0.59532413688239       -0.54362715768546
C            3.78828352372105        0.58454378766024        0.25222064032853
O            3.16699039216402       -0.67591929350082        0.13144987675842
C            2.00295932938028       -0.85549702832100        0.91300383021689
C            1.57083443746798       -2.31445486578110        0.71167955342483
O            2.33724521987960       -3.22014646055614        1.46531787933576
C            0.92394743416664        0.15873876567292        0.48239970469621
O           -0.19610111534262        0.14785806338572        1.36359370933894
C           -1.49542904630867        0.07043712344078        0.84145351768309
O           -1.49514291333878        0.22963785517538       -0.55230709152974
C           -2.77476338924974        0.48138306474851       -1.11931655633149
C           -3.06061975394399        1.99120852559918       -1.25855995826941
O           -4.28188343093733        2.20343958250735       -1.92443307420023
C           -3.90877124642785       -0.20983369152335       -0.34082552860514
O           -4.99364255037883       -0.52038009744313       -1.17621865044202
C           -3.36529606991092       -1.51551253771676        0.24709784787674
O           -4.37023154604949       -2.25978850761675        0.88429755877838
C           -2.27418558716618       -1.20318021362649        1.28614207521734
O           -1.42240769611584       -2.29841941019216        1.46328052053344
C            1.49510637433677        1.58662119506052        0.49974015646118
O            0.58638816100611        2.52219565960215       -0.02780684425477
C            2.84475641003892        1.69107559195649       -0.23078764788671
O            3.44112598934090        2.93428802450902        0.02307516484560
H            5.62921205713696       -1.28618919272853       -0.02961582621304
H            6.30460078631961        0.07713492152202        0.90928032560193
H            6.76639624842282       -0.14341491815014       -0.80438356763630
H            4.04821743669271        0.77259438379656        1.31759226726977
H            2.23631065116600       -0.67518521875699        1.97637203688077
H            1.74311212423051       -2.57494930663879       -0.33474277854095
H            0.50978408728989       -2.40359943436110        0.94890539176862
H            2.12230524817363       -3.10979611891091        2.40039191090090
H            0.60908759233171       -0.09650749564798       -0.53500424135000
H           -2.03273543877113        0.92803898479796        1.29535609471591
H           -2.72874542197573        0.02802740826539       -2.11828591608543
H           -2.22692682815087        2.47922124704855       -1.77175729826335
H           -3.16341070481166        2.44129285545153       -0.26774486775108
H           -4.15176923409087        2.10514746867801       -2.87669680129259
H           -4.24575242001193        0.43166566796719        0.48856950855200
H           -5.36121612325404        0.31253172040026       -1.51087703834519
H           -2.91524518465874       -2.10414179054277       -0.56956842835155
H           -5.14552727328863       -2.26563591238678        0.30389426696579
H           -2.77350871696673       -0.96494425463522        2.23755310303408
H           -1.96063803358040       -3.05195647339041        1.74582918730595
H            1.64392859862088        1.88498300977279        1.54492613718621
H            0.22541493760290        2.17475165194144       -0.85486119107873
H            2.69904317444040        1.54577523242471       -1.31336128781235
H            2.76822616644506        3.61970923989676       -0.11013597987046
48
 energy: -84.823600742334 gnorm: 0.001922106090 xtb: 6.7.1 (edcfbbe)
C            5.96485554012562       -0.25369967646288       -0.06349276717999
O            4.92166962259931        0.59339844654303       -0.53074704225697
C            3.78812167500723        0.58243643321628        0.25738539546862
O            3.16478682242640       -0.67573638153475        0.12904889878170
C            1.99928380180628       -0.85679785633982        0.90844518589780
C            1.57217647905044       -2.31663276872449        0.70217650486656
O            2.35253097034618       -3.22051119441732        1.44575992266934
C            0.92218056729090        0.15926966268911        0.47954143229459
O           -0.19659393389807        0.15257506584448        1.36288925058124
C           -1.49665982128088        0.07853764193492        0.84260281037106
O           -1.49910230596159        0.23691149234552       -0.55111476323252
C           -2.77995988971907        0.48703637093060       -1.11575555431049
C           -3.07426491578901        1.99533228916783       -1.25271481016607
O           -4.29213955611560        2.19963293729472       -1.92662639819201
C           -3.91149460068756       -0.21079477442270       -0.33890040396983
O           -4.99365489196119       -0.52551467703332       -1.17561021982948
C           -3.36230563221482       -1.51405206234361        0.24860688102801
O           -4.36388691749051       -2.26371157097846        0.88455115796069
C           -2.27414621972347       -1.19582627572542        1.28859503102818
O           -1.41803702469524       -2.28668672646093        1.46949144351196
C            1.49588748374898        1.58734894133913        0.49516357577278
O            0.58890694208255        2.52236536613240       -0.03702352219803
C            2.84839129875633        1.69028025768894       -0.23020075312446
O            3.44446127365552        2.93351171730240        0.02525564381249
H            5.62890062243267       -1.29197684521366       -0.02183114351512
H            6.29954169780770        0.06542777634739        0.92865451875443
H            6.77178114466498       -0.14577517704257       -0.78295359602420
H            4.04031106812924        0.76706330459014        1.32483547095033
H            2.23097626762216       -0.68024171940861        1.97237533183760
H            1.73939470311837       -2.57168477232124       -0.34625991545399
H            0.51374638472991       -2.41414984497624        0.94753126291685
H            2.14655092586599       -3.11722357469503        2.38309054369381
H            0.60370854042930       -0.09426839087341       -0.53666946552804
H           -2.03193294677529        0.93667874297051        1.29636561681580
H           -2.73279992680347        0.03687734907630       -2.11635780076174
H           -2.24094932796652        2.49044127112073       -1.75946020167648
H           -3.18793463680347        2.44316424741428       -0.26271279816189
H           -4.15596949387516        2.09598712402291       -2.87749312274388
H           -4.25198379861530        0.42844248904362        0.49103079251286
H           -5.36547013385460        0.30545077679064       -1.51021301970486
H           -2.90833963556961       -2.09954724551541       -0.56786231435432
H           -5.13572268179324       -2.28058468347093        0.29975861803199
H           -2.77572560939587       -0.95736323443360        2.23889352503562
H           -1.95428661170871       -3.04674570923582        1.73838538993827
H            1.64049338929755        1.88850495763256        1.54034790854978
H            0.24202200411330        2.18065340572333       -0.87342565058700
H            2.70697939154839        1.54315505413857       -1.31330827691959
H            2.77569692915701        3.61903920790207       -0.12656888726507
48
 energy: -84.823612103725 gnorm: 0.000515214679 xtb: 6.7.1 (edcfbbe)
C            5.96441975081698       -0.25358691185316       -0.06216881034226
O            4.92186229367530        0.59389819394283       -0.53008945585262
C            3.78835341060054        0.58296491001606        0.25805944817565
O            3.16568602050804       -0.67563049076485        0.13049082531685
C            1.99961296970707       -0.85654428375428        0.90902809846522
C            1.57115397197420       -2.31562160279857        0.70215095160202
O            2.34938359949867       -3.22181921596133        1.44357822307507
C            0.92236516794189        0.15930236381137        0.47901797900320
O           -0.19644301789278        0.15265585274083        1.36182035320331
C           -1.49640713689070        0.07811430189599        0.84180918840727
O           -1.49896507108639        0.23589591334269       -0.55188143008941
C           -2.78006188518449        0.48642568810028       -1.11591201011717
C           -3.07320720478584        1.99522165579733       -1.25132157587400
O           -4.29252722647518        2.20191463594113       -1.92262113002554
C           -3.91155316986034       -0.21137953136875       -0.33904412338790
O           -4.99321763993513       -0.52646098893086       -1.17638939084367
C           -3.36164379932396       -1.51430610903783        0.24867213473607
O           -4.36268662171741       -2.26475131482345        0.88457061391400
C           -2.27393585167530       -1.19570614578226        1.28844410381640
O           -1.41779272735094       -2.28714346480943        1.46898342532565
C            1.49541300928124        1.58734349120530        0.49395752601545
O            0.58894386997083        2.52160820287059       -0.04107721125885
C            2.84817837008369        1.69011524928200       -0.23045025596348
O            3.44386264435646        2.93374507047661        0.02406918612385
H            5.62775998524078       -1.29157524845130       -0.02020830859939
H            6.29849470101700        0.06577796682948        0.93024577990371
H            6.77202184782805       -0.14649866073036       -0.78119822921460
H            4.04070348442861        0.76891844836606        1.32549784608956
H            2.23064030657555       -0.67962803008653        1.97322013651010
H            1.73666122959127       -2.56926378781072       -0.34676783130325
H            0.51273975873864       -2.41144721299216        0.94808529548168
H            2.14379221067877       -3.11792664172915        2.38132324238731
H            0.60478241337472       -0.09580948890160       -0.53742462524105
H           -2.03171545379030        0.93662682333743        1.29559452482595
H           -2.73387228795802        0.03654691065979       -2.11666513179900
H           -2.23976861614604        2.48964464970436       -1.75899609921012
H           -3.18389323131926        2.44221736165707       -0.26001128691415
H           -4.15838574267605        2.09916487155680       -2.87403149643107
H           -4.25271790059151        0.42765343555343        0.49056719995366
H           -5.36531477560527        0.30473412485610       -1.51030278413219
H           -2.90723599695523       -2.09951085907802       -0.56784016649152
H           -5.13385140316429       -2.28284418653098        0.29929830583831
H           -2.77488353853381       -0.95685676968640        2.23907165780106
H           -1.95406895582292       -3.04604719684535        1.74033026920666
H            1.63838119520965        1.88889776956641        1.53900721033396
H            0.24646681291965        2.17925473277489       -0.87808936633959
H            2.70713952775400        1.54221143837999       -1.31349285195706
H            2.77532573608691        3.61950124755499       -0.12743026829629
48
 energy: -84.823622793922 gnorm: 0.000958177367 xtb: 6.7.1 (edcfbbe)
C            5.96406040424578       -0.25370348443217       -0.05873343120904
O            4.92271727639470        0.59449730548095       -0.52800432859566
C            3.78878013770404        0.58407735105647        0.25951502360906
O            3.16727550527336       -0.67521016180603        0.13366010474184
C            1.99978496418951       -0.85576568042875        0.91004792488904
C            1.56892422060824       -2.31374605427922        0.70132815979663
O            2.34465891547941       -3.22350093580355        1.43969810830991
C            0.92250530314154        0.15956195701749        0.47785956074215
O           -0.19614352698191        0.15312195480360        1.36023221499916
C           -1.49591511312354        0.07732465900293        0.84040044807719
O           -1.49868676550725        0.23355866628457       -0.55328268486928
C           -2.78005673042222        0.48555969213785       -1.11607283250204
C           -3.07082168801795        1.99512675446929       -1.24795168983424
O           -4.29283706679146        2.20611043525249       -1.91321445421276
C           -3.91151918949622       -0.21276424101318       -0.33951425723411
O           -4.99233356560279       -0.52869520155898       -1.17789297073153
C           -3.36077169926536       -1.51523069824439        0.24867536733391
O           -4.36107058147765       -2.26699066846069        0.88433199129839
C           -2.27358161031270       -1.19573257973506        1.28814368080245
O           -1.41781886042333       -2.28793784739689        1.46952057620755
C            1.49457323668438        1.58774015770153        0.49057268043193
O            0.58860225158451        2.52023708735128       -0.04936894685862
C            2.84831349775607        1.68989889257044       -0.23146859912495
O            3.44316271960186        2.93416024630620        0.02165659796242
H            5.62618276200070       -1.29123948982079       -0.01647171945380
H            6.29733357533696        0.06604555064458        0.93389213525325
H            6.77264511644393       -0.14798401483310       -0.77687288386001
H            4.04064904677908        0.77219058436928        1.32684371247510
H            2.22900809171907       -0.67863619800795        1.97469849305729
H            1.73182678759914       -2.56488864132113       -0.34867999355686
H            0.51027443264179       -2.40671003223176        0.94783892783674
H            2.14016072137558       -3.11954320135006        2.37785525025268
H            0.60596489077141       -0.09807312278899       -0.53849027751813
H           -2.03154047967520        0.93643142444419        1.29330193517081
H           -2.73521839328961        0.03707274764098       -2.11745882557613
H           -2.23843583464084        2.48881895789311       -1.75808126726643
H           -3.17572336881945        2.44038145812269       -0.25499665402347
H           -4.16276656229922        2.10640131480010       -2.86560454673814
H           -4.25399137114660        0.42598839489683        0.48958562534741
H           -5.36572037099427        0.30262429196737       -1.51003854465104
H           -2.90533934704365       -2.09989129682441       -0.56770176119167
H           -5.13096040197760       -2.28814704910635        0.29769077008684
H           -2.77396306747444       -0.95637258092286        2.23883124594442
H           -1.95439705387937       -3.04489780687050        1.74531518796284
H            1.63443606999410        1.89145296990307        1.53524246331569
H            0.25452936087263        2.17722466505527       -0.88911826587994
H            2.70864592152419        1.54017216228819       -1.31448541665788
H            2.77459247206599        3.61987847310142       -0.12975414875709
48
 energy: -84.823631662256 gnorm: 0.001234416076 xtb: 6.7.1 (edcfbbe)
C            5.96408243878310       -0.25404707514057       -0.05378183718748
O            4.92396467124031        0.59480027833344       -0.52462815386998
C            3.78902967193624        0.58518942842510        0.26153659878944
O            3.16873351017780       -0.67478038765037        0.13706025992833
C            1.99939266277893       -0.85479205891800        0.91061836807662
C            1.56685295415081       -2.31196641937926        0.69972682435169
O            2.34112974119846       -3.22479314177239        1.43533226954770
C            0.92235700342130        0.15986320845247        0.47609088944276
O           -0.19591619323780        0.15396185116906        1.35867515623186
C           -1.49556475771092        0.07647887098045        0.83896322845983
O           -1.49847745416698        0.23031987740082       -0.55488100424858
C           -2.77990494927161        0.48497115950743       -1.11626868669587
C           -3.06868177249553        1.99528552539265       -1.24321344922947
O           -4.29377399563434        2.21066329770252       -1.90143267670299
C           -3.91140017153830       -0.21435907533056       -0.34042405478473
O           -4.99121918712667       -0.53153022443421       -1.17983144681412
C           -3.35952301511702       -1.51622811185206        0.24827765718120
O           -4.35924008145723       -2.26897582398571        0.88364464120926
C           -2.27342464306352       -1.19572223055331        1.28851979089846
O           -1.41820295628391       -2.28832910443042        1.47192435546740
C            1.49356311302680        1.58840413521256        0.48581183197571
O            0.58828501267876        2.51864891215369       -0.05967714597333
C            2.84884441135956        1.68961110004338       -0.23316553188495
O            3.44266516882953        2.93455163489143        0.01874207333860
H            5.62509474035684       -1.29119284983325       -0.01128316185892
H            6.29652702033819        0.06597707545445        0.93903557220130
H            6.77356038712406       -0.14956346338562       -0.77109805824573
H            4.03949488918289        0.77565128247093        1.32882021629667
H            2.22598923908645       -0.67806132096990        1.97586650479374
H            1.72796011342516       -2.56091584747437       -0.35112406514173
H            0.50812959518974       -2.40329617930535        0.94677720155867
H            2.13767423315883       -3.12189879202580        2.37382626404251
H            0.60605402093556       -0.10005596576698       -0.53976272550359
H           -2.03172435394872        0.93605678209392        1.29042135115214
H           -2.73617282625936        0.03880080500661       -2.11869632460712
H           -2.23778639063834        2.48821882738040       -1.75644602056503
H           -3.16688419165651        2.43820427022994       -0.24847079186831
H           -4.16826965756814        2.11566581388345       -2.85492462245522
H           -4.25537561313978        0.42407365848722        0.48822214666913
H           -5.36724600927434        0.29952441207000       -1.50944195419681
H           -2.90302253735080       -2.10055332834513       -0.56775901635418
H           -5.12756912178719       -2.29426819179981        0.29512196047299
H           -2.77416163114716       -0.95511123652770        2.23862736425737
H           -1.95510365800237       -3.04366927927627        1.75143266952657
H            1.63003667100051        1.89564560762080        1.52987946780787
H            0.26383093351048        2.17601788334780       -0.90347114384171
H            2.71160739942167        1.53771075321324       -1.31627843094929
H            2.77378059869846        3.61981082435333       -0.13341467539651
48
 energy: -84.823642381138 gnorm: 0.001013770717 xtb: 6.7.1 (edcfbbe)
C            5.96465772481587       -0.25479874435119       -0.04558279101345
O            4.92625162373623        0.59479441315774       -0.51890220756172
C            3.78928342324441        0.58635468330395        0.26452227676704
O            3.17039567158501       -0.67434458173838        0.14127579329214
C            1.99833992738535       -0.85368932551735        0.91065520784928
C            1.56475562979325       -2.31023975920328        0.69680771307519
O            2.33881137166886       -3.22564502916685        1.42954981432240
C            0.92198272800293        0.16007493032627        0.47297035698904
O           -0.19560651375687        0.15564871823013        1.35650965503927
C           -1.49531994283337        0.07598576395964        0.83721840800341
O           -1.49880972812879        0.22598731029401       -0.55693899450666
C           -2.78011774293237        0.48490322006957       -1.11628104368608
C           -3.06626878386439        1.99627687550966       -1.23587518955901
O           -4.29564408352430        2.21684183105677       -1.88414777869230
C           -3.91138376802211       -0.21701811762202       -0.34198407243371
O           -4.98951721625217       -0.53644945923624       -1.18280694346466
C           -3.35807628411820       -1.51791843646496        0.24780827606560
O           -4.35717632348142       -2.27210857863846        0.88243477756897
C           -2.27345494299684       -1.19529501495328        1.28916133629043
O           -1.41899556442750       -2.28773702351444        1.47687251362485
C            1.49208407509910        1.58930953720881        0.47803479257364
O            0.58805133365574        2.51633102204938       -0.07499838539701
C            2.85003690088525        1.68895418259760       -0.23598085489648
O            3.44225910153656        2.93490234473789        0.01461428487693
H            5.62445095236238       -1.29154338095927       -0.00295442999847
H            6.29585239183389        0.06558342147665        0.94749603136922
H            6.77531461219387       -0.15167872334470       -0.76172263559887
H            4.03676015341915        0.77971927484684        1.33191851377976
H            2.22090052347668       -0.67761429043130        1.97678718551235
H            1.72471138381275       -2.55684744779492       -0.35479607319587
H            0.50613306145334       -2.40113921243097        0.94459053485450
H            2.13634751175603       -3.12510942033022        2.36842233170995
H            0.60498971947692       -0.10253379428048       -0.54184581321095
H           -2.03201922237578        0.93630034774708        1.28635495429019
H           -2.73737678209549        0.04292871879833       -2.12053709919371
H           -2.23798843606690        2.48925462640467       -1.75317616186128
H           -3.15576511814147        2.43544634511653       -0.23875137330342
H           -4.17627952251166        2.12989047971414       -2.83917499038928
H           -4.25772902282389        0.42080598286308        0.48606826801914
H           -5.37058480557143        0.29378603520602       -1.50833278348826
H           -2.89952397464178       -2.10161021543991       -0.56744109685617
H           -5.12313716907545       -2.30346395555794        0.29101893367288
H           -2.77590258929578       -0.95239443013673        2.23766905887002
H           -1.95630433783450       -3.04157022382346        1.75972155146624
H            1.62385249619117        1.90183429448625        1.52116086527324
H            0.27699050540164        2.17563427812402       -0.92495727947781
H            2.71694825214759        1.53402541937423       -1.31926042023701
H            2.77281583298284        3.61917227510083       -0.13971533229987
48
 energy: -84.823650898750 gnorm: 0.000549924567 xtb: 6.7.1 (edcfbbe)
C            5.96575646835720       -0.25559078971197       -0.03683427023144
O            4.92886763763790        0.59428397060298       -0.51299796602056
C            3.78943271198726        0.58674848602467        0.26700854269838
O            3.17141523590241       -0.67429444877489        0.14374811776021
C            1.99697441167223       -0.85314239276725        0.90947092486028
C            1.56411578245886       -2.30978533972521        0.69387967333461
O            2.33965690409963       -3.22552731952449        1.42527251379203
C            0.92136645015549        0.15991541178010        0.46925536550301
O           -0.19549744255758        0.15735515419328        1.35416120123535
C           -1.49542270842549        0.07619395801135        0.83563388914148
O           -1.49968646527119        0.22280212570581       -0.55886641835229
C           -2.78088653220935        0.48547531524925       -1.11625519896622
C           -3.06624664786546        1.99753550569451       -1.22841165169155
O           -4.29880288974920        2.22199660622978       -1.86895665873633
C           -3.91188945373778       -0.21915412508541       -0.34360249229000
O           -4.98822414398135       -0.54139143343603       -1.18564904129614
C           -3.35633240499394       -1.51894601963294        0.24692666940904
O           -4.35478029755031       -2.27447156733353        0.88082963634381
C           -2.27379208825910       -1.19418037540878        1.29020993515389
O           -1.41951716871124       -2.28561229466211        1.48247648373641
C            1.49107056198426        1.58968123061646        0.47038482418712
O            0.58852205341213        2.51399061433516       -0.08890824985808
C            2.85159343482991        1.68796657467456       -0.23901556983745
O            3.44237234271923        2.93477336891354        0.01099883845079
H            5.62489277440430       -1.29212626731654        0.00580137326907
H            6.29532185740754        0.06524484866001        0.95658331576348
H            6.77772347543753       -0.15338168970625       -0.75158125476774
H            4.03331019319672        0.78201740304438        1.33477875561736
H            2.21602082030659       -0.67752920418087        1.97633044729134
H            1.72420992570173       -2.55523396118000       -0.35795817861486
H            0.50572229163801       -2.40198980645348        0.94216841824562
H            2.13757733112901       -3.12725277336642        2.36433900663674
H            0.60295069270908       -0.10471815698367       -0.54442233631449
H           -2.03211594623053        0.93714965572293        1.28304303769482
H           -2.73872563415530        0.04792074698427       -2.12242670230687
H           -2.24028579349900        2.49127502234073       -1.74843736747915
H           -3.14924146668572        2.43311734623162       -0.22933237492954
H           -4.18383236655973        2.14324603315575       -2.82514356364049
H           -4.26065421726273        0.41786877523811        0.48410265267395
H           -5.37491776329216        0.28752448133590       -1.50747873276631
H           -2.89585851318596       -2.10213191426664       -0.56755538159971
H           -5.11883110928497       -2.31067250620125        0.28714975089243
H           -2.77855284152249       -0.94884884037173        2.23693757194276
H           -1.95702146502137       -3.03916068619746        1.76586433118869
H            1.61879541691788        1.90665030802025        1.51272181232802
H            0.28818767177785        2.17576187205616       -0.94392004435130
H            2.72268489541919        1.53060050846927       -1.32248714709608
H            2.77256905189966        3.61804375557297       -0.14635680363289
48
 energy: -84.823657722041 gnorm: 0.000465415136 xtb: 6.7.1 (edcfbbe)
C            5.96717717636199       -0.25631461484513       -0.02885276725687
O            4.93151787818963        0.59327309232079       -0.50817891980737
C            3.78964589502888        0.58621569077726        0.26832664179453
O            3.17185496634489       -0.67478392597143        0.14396539992242
C            1.99591538810164       -0.85335652289543        0.90742699322004
C            1.56465555567806       -2.31052650975126        0.69161098289898
O            2.34241525106767       -3.22478783175269        1.42308265739695
C            0.92104597513446        0.15952288444452        0.46564129466041
O           -0.19523866509352        0.15898491513873        1.35173215003054
C           -1.49563976632287        0.07756387522667        0.83442852997814
O           -1.50133366949593        0.22200413615437       -0.56028738206466
C           -2.78263108675254        0.48707301541798       -1.11585973541331
C           -3.06815113545753        1.99950776835604       -1.22245529830601
O           -4.30257854268649        2.22547112327013       -1.85848839803825
C           -3.91272806296104       -0.22111459592536       -0.34482854315876
O           -4.98746194132105       -0.54604223687980       -1.18776946612145
C           -3.35510793432073       -1.51980325801673        0.24637601237330
O           -4.35274836576114       -2.27715172477535        0.87942307675246
C           -2.27400014643351       -1.19245373704187        1.29054268544281
O           -1.41940421183758       -2.28251266585488        1.48677756627963
C            1.49072562506579        1.58957387337112        0.46410941642253
O            0.58954821939597        2.51227478141021       -0.09927446098395
C            2.85327257453244        1.68673856411281       -0.24166753480869
O            3.44305551574698        2.93409232192556        0.00834741811934
H            5.62619811910601       -1.29282210972371        0.01376455707106
H            6.29458249565179        0.06522030190584        0.96503048087083
H            6.78068737366163       -0.15463024498586       -0.74191433870344
H            4.03002253645294        0.78221079804228        1.33667805395095
H            2.21279121037987       -0.67759486381897        1.97467819147775
H            1.72542219870255       -2.55616644582625       -0.36005390782730
H            0.50654905468896       -2.40474037174774        0.94034092088936
H            2.14046964348930       -3.12747103152338        2.36220052924842
H            0.60113511461337       -0.10630886921875       -0.54712916886203
H           -2.03178015145161        0.93909195275504        1.28106680124470
H           -2.74073788893940        0.05330299002431       -2.12361024366614
H           -2.24383785539541        2.49524209656773       -1.74311943560372
H           -3.14830863233248        2.43157351412779       -0.22178369310096
H           -4.18978904747123        2.15343298864606       -2.81532491022231
H           -4.26367682156441        0.41492143981691        0.48268125149109
H           -5.37903675546074        0.28147080668470       -1.50693158207087
H           -2.89272728102264       -2.10201058993286       -0.56762962641265
H           -5.11582603642865       -2.31567192476976        0.28466197673574
H           -2.78093564085770       -0.94525808706988        2.23566967258156
H           -1.95702149511796       -3.03669657694047        1.76847252671385
H            1.61574935493485        1.90912288792912        1.50598292700797
H            0.29538399931970        2.17570906432110       -0.95700597235964
H            2.72757066330345        1.52791215987257       -1.32526711877544
H            2.77330438268207        3.61670886308232       -0.15210652702581
48
 energy: -84.823664920039 gnorm: 0.000742227670 xtb: 6.7.1 (edcfbbe)
C            5.96889805849548       -0.25708677330846       -0.02026509495204
O            4.93454810722381        0.59171287103133       -0.50378879709643
C            3.79000171595440        0.58498492626064        0.26873196660174
O            3.17196980929854       -0.67569042840939        0.14246014966439
C            1.99505470092587       -0.85397505334673        0.90454599604235
C            1.56558591929681       -2.31184069039313        0.68975500478716
O            2.34576300360918       -3.22375190675922        1.42198863390750
C            0.92079015862721        0.15899969200282        0.46162921525847
O           -0.19491127517425        0.16052114505539        1.34878651031226
C           -1.49584524853712        0.07952034178908        0.83302344862458
O           -1.50325888079239        0.22258926413716       -0.56186555470590
C           -2.78503683880269        0.48902579367782       -1.11544020729283
C           -3.07249245844887        2.00157935263356       -1.21608409262821
O           -4.30772636053712        2.22838247136795       -1.85004451605126
C           -3.91406554487377       -0.22272101127799       -0.34583694059932
O           -4.98703107559308       -0.55099337832415       -1.18968117232760
C           -3.35323320879660       -1.52010345946800        0.24537709392115
O           -4.34958341947743       -2.27986434885111        0.87755818295860
C           -2.27408247486008       -1.19011810625159        1.29074403975523
O           -1.41864780341259       -2.27857474325823        1.49060826367036
C            1.49106781336201        1.58899021338636        0.45816778594042
O            0.59123251506842        2.51065235007670       -0.10846228575045
C            2.85529577819956        1.68524851992045       -0.24461074600003
O            3.44451103713890        2.93287825883375        0.00574282141770
H            5.62815430510073       -1.29368089755487        0.02238057392142
H            6.29317190052760        0.06560233945166        0.97427796881850
H            6.78458110193901       -0.15588178170637       -0.73090785127562
H            4.02665403108523        0.78091989705381        1.33789871161586
H            2.21071435018518       -0.67754141735746        1.97196146776397
H            1.72685545242374       -2.55846954753301       -0.36159239623749
H            0.50778347564554       -2.40796234230131        0.93908614711368
H            2.14436296165992       -3.12596398448961        2.36115718810295
H            0.59947923524205       -0.10781016264002       -0.55042164244541
H           -2.03091607898106        0.94160551371192        1.27969022637813
H           -2.74339001778449        0.05906542821527       -2.12481285268794
H           -2.24924266795933        2.50011589795039       -1.73562279659130
H           -3.15212326920584        2.43009822402585       -0.21387488699588
H           -4.19533876276453        2.16285095638778       -2.80730086283659
H           -4.26756419892402        0.41194004009434        0.48169908186854
H           -5.38337175332814        0.27480138393354       -1.50703767810291
H           -2.88886165441680       -2.10113082838533       -0.56832933003846
H           -5.11248720681571       -2.31897637248691        0.28265262311544
H           -2.78304587634962       -0.94140153651543        2.23450524235907
H           -1.95640996106590       -3.03398122242823        1.76894052429087
H            1.61393729940350        1.91017681589922        1.49979336420224
H            0.30070051829011        2.17460256883109       -0.96751929536980
H            2.73229101766455        1.52542857227651       -1.32833320349823
H            2.77525680367764        3.61522432139851       -0.15785034532990
48
 energy: -84.823673379148 gnorm: 0.000769701568 xtb: 6.7.1 (edcfbbe)
C            5.97127803125569       -0.25816805969937       -0.00827771557425
O            4.93883285382920        0.58915737229669       -0.49845523017218
C            3.79064426555302        0.58299197943769        0.26852470472472
O            3.17213638306224       -0.67720230149387        0.13961092459179
C            1.99425649860481       -0.85482204461388        0.90043790707217
C            1.56618397216561       -2.31330916305420        0.68763097920798
O            2.34859548473793       -3.22284389145878        1.42052770636193
C            0.92077588552416        0.15856970868604        0.45616549989291
O           -0.19411932719068        0.16259555550987        1.34444910791598
C           -1.49589905747854        0.08243458767071        0.83103841268013
O           -1.50612890309545        0.22420894374684       -0.56400571958629
C           -2.78889488295924        0.49213500806740       -1.11448877462183
C           -3.07885716261413        2.00485201738695       -1.20716581897724
O           -4.31466867864002        2.23264584183430       -1.83964090588461
C           -3.91593325815084       -0.22555967483676       -0.34715022264351
O           -4.98642780582342       -0.55875048135412       -1.19226601135783
C           -3.35045035735224       -1.52087649532809        0.24416354835210
O           -4.34458771174767       -2.28477942495834        0.87497825151991
C           -2.27386664625945       -1.18679584607535        1.29062198761772
O           -1.41731777612457       -2.27344976114165        1.49510343631705
C            1.49191450478190        1.58830024314627        0.45021486680300
O            0.59373253778688        2.50886201317501       -0.12068375410110
C            2.85814717903275        1.68310282306207       -0.24897653527367
O            3.44698182438107        2.93089262187543        0.00165187975992
H            5.63094653785930       -1.29489140989871        0.03460320258965
H            6.29037737989213        0.06655536221118        0.98732251594743
H            6.79050810417199       -0.15780662404944       -0.71498790094820
H            4.02234391653618        0.77878877707631        1.33884002290567
H            2.20893236631419       -0.67714045752115        1.96791752461377
H            1.72707764191048       -2.56140293821563       -0.36341700432205
H            0.50877406652018       -2.41067601962298        0.93818471718827
H            2.14899356272448       -3.12296765937102        2.35991088722405
H            0.59807009408389       -0.10971353507705       -0.55510531346303
H           -2.02945002353699        0.94522882501706        1.27813303375375
H           -2.74772867779049        0.06742844141023       -2.12604659809669
H           -2.25647456463228        2.50789750487282       -1.72377099612131
H           -3.15940127428753        2.42769445940961       -0.20252062086828
H           -4.20163075235642        2.17639059556462       -2.79743113338225
H           -4.27320380746307        0.40698077727942        0.48034755410315
H           -5.38891570206296        0.26459490209652       -1.50792578190219
H           -2.88311534558539       -2.09973646775167       -0.56938195035239
H           -5.10774473548576       -2.32366527858275        0.28037960177268
H           -2.78508375413545       -0.93628562463919        2.23278953431463
H           -1.95548111224393       -3.03020540731488        1.76917551655465
H            1.61221167476777        1.91149373916323        1.49152690459020
H            0.30667898457361        2.17194424314514       -0.98051317723986
H            2.73824520775637        1.52202071839981       -1.33283237442395
H            2.77873739232646        3.61327867079858       -0.16572700599574
48
 energy: -84.823678448206 gnorm: 0.000538869551 xtb: 6.7.1 (edcfbbe)
C            5.97283780497235       -0.25892353344026       -0.00008328254190
O            4.94181172894441        0.58707920140751       -0.49554747754805
C            3.79124674756742        0.58151880245646        0.26770744901351
O            3.17227987081566       -0.67831645995276        0.13720382617543
C            1.99405237659018       -0.85519643123962        0.89766470729080
C            1.56548399439663       -2.31362501481589        0.68618786231207
O            2.34816535168044       -3.22263932694177        1.41916675829000
C            0.92103182468566        0.15865982104054        0.45270074635801
O           -0.19325394213886        0.16381040977970        1.34155428472318
C           -1.49561644789142        0.08425662687890        0.82974772411155
O           -1.50775599277336        0.22576452880675       -0.56532782174979
C           -2.79143624093544        0.49415970788104       -1.11359723123295
C           -3.08393726160191        2.00670861664445       -1.20106441372226
O           -4.31952741037888        2.23417357448660       -1.83425337158657
C           -3.91693384366624       -0.22724379334527       -0.34741301863642
O           -4.98586928307168       -0.56274706346865       -1.19357014726420
C           -3.34818851615674       -1.52140869270233        0.24314909909216
O           -4.34051879537099       -2.28860110053803        0.87289335481518
C           -2.27327769221707       -1.18487750763401        1.29021312395684
O           -1.41616341656662       -2.27077599047374        1.49728686044549
C            1.49298833463313        1.58799017990536        0.44525048995029
O            0.59575142032274        2.50816216990566       -0.12807571225260
C            2.86021107360675        1.68172944213671       -0.25220131513039
O            3.44930551710179        2.92937486961917       -0.00164066463086
H            5.63292612584140       -1.29577916634815        0.04305410864589
H            6.28769998762683        0.06753466061344        0.99632615594979
H            6.79495591004628       -0.15921346321719       -0.70352538813227
H            4.01981476497254        0.77723211846917        1.33874403646089
H            2.20863518401907       -0.67662267208710        1.96507639957950
H            1.72534060102536       -2.56264533694164       -0.36480295569813
H            0.50824556816706       -2.41042925186666        0.93775703909193
H            2.15064863536250       -3.12033218804228        2.35879101989273
H            0.59783616263882       -0.11045339948403       -0.55827994055835
H           -2.02823425708936        0.94734835363461        1.27745634409382
H           -2.75071983894466        0.07283002843417       -2.12655642613990
H           -2.26169602790653        2.51303259445777       -1.71465410130284
H           -3.16668057162872        2.42594045604073       -0.19501201394413
H           -4.20521844262666        2.18253553378881       -2.79208321068242
H           -4.27672133613837        0.40355448435403        0.48030306405307
H           -5.39083215874772        0.25953852570693       -1.50855007195751
H           -2.87877338611217       -2.09849641958413       -0.57048186719921
H           -5.10423338514759       -2.32658413820224        0.27894219125019
H           -2.78560854606532       -0.93362288491047        2.23157057970682
H           -1.95474902986956       -3.02800177233705        1.76917456832609
H            1.61214340319800        1.91243284311602        1.48628389415569
H            0.30879132102898        2.16915267565562       -0.98701941730742
H            2.74175076282678        1.51985474793307       -1.33608083288729
H            2.78198638410203        3.61215780070341       -0.17090532291017
48
 energy: -84.823683182526 gnorm: 0.000333075276 xtb: 6.7.1 (edcfbbe)
C            5.97427375180560       -0.25970936619651        0.00790826936808
O            4.94473509246689        0.58478206032822       -0.49322355549197
C            3.79196531643924        0.58009613188018        0.26650662620159
O            3.17254063201426       -0.67942315697046        0.13476804620446
C            1.99407023057875       -0.85528249225306        0.89497984721042
C            1.56372386392609       -2.31317284924423        0.68445211544281
O            2.34526295703070       -3.22317873938066        1.41701933575191
C            0.92158652446080        0.15931829620446        0.44972173875596
O           -0.19197430728089        0.16478219016422        1.33913667838403
C           -1.49492291714836        0.08577907339270        0.82887096067383
O           -1.50878395187216        0.22783672638127       -0.56613535491951
C           -2.79353114678197        0.49626565533365       -1.11209814659062
C           -3.08912499314490        2.00838449866795       -1.19559665976769
O           -4.32412113486301        2.23429975143520       -1.83077964336524
C           -3.91745471240369       -0.22885126960841       -0.34716548299363
O           -4.98559649637075       -0.56521182886010       -1.19404594028070
C           -3.34563995500675       -1.52210921890907        0.24197199414029
O           -4.33599967729111       -2.29292811164636        0.87043441959021
C           -2.27239633474159       -1.18340304407544        1.28980341307174
O           -1.41498282878874       -2.26896951429027        1.49891724056657
C            1.49439621650642        1.58815690636015        0.44098528693135
O            0.59794076416488        2.50812660358391       -0.13447997106729
C            2.86224697672486        1.68044019442770       -0.25559877979342
O            3.45203019778667        2.92777803226524       -0.00552984216623
H            5.63485038139610       -1.29672094878116        0.05128391730250
H            6.28441348936840        0.06860769245821        1.00521285934919
H            6.79953859111841       -0.16065006564342       -0.69192187382253
H            4.01770605111419        0.77593596114099        1.33817040656293
H            2.20877217985194       -0.67617593180423        1.96232226368530
H            1.72202112804185       -2.56267233383514       -0.36665766834631
H            0.50651243811077       -2.40804950078256        0.93694058747034
H            2.15030331010761       -3.11805313506358        2.35692950586693
H            0.59816071291206       -0.11046664056054       -0.56111742632310
H           -2.02682126384948        0.94883627710163        1.27754286100683
H           -2.75336149837413        0.07775049115666       -2.12618133883228
H           -2.26698094757003        2.51849868548224       -1.70563145848384
H           -3.17557828533297        2.42441660213533       -0.18846657195714
H           -4.20815190281722        2.18452745680483       -2.78846222963347
H           -4.27888783631447        0.39992450053323        0.48132026483762
H           -5.39093467147389        0.25701658989916       -1.50869567105693
H           -2.87424397512607       -2.09702160089953       -0.57208385999560
H           -5.10032263236189       -2.33002688429028        0.27719287436391
H           -2.78558058292544       -0.93176508241935        2.23057758706355
H           -1.95404676319789       -3.02620706053152        1.76968327671954
H            1.61300666546978        1.91382312054352        1.48169717081518
H            0.30902483445236        2.16576670363587       -0.99146047976891
H            2.74461839507146        1.51769697803349       -1.33944251944575
H            2.78573314722988        3.61119876302968       -0.17609539081701
