48
 energy: -84.825432945955 xtb: 6.7.1 (edcfbbe)
C            5.12174900000000        1.32755100000000        1.17158300000000
O            4.40723400000000        0.09709600000000        1.20337400000000
C            3.50820400000000       -0.06730500000000        0.17196200000000
O            2.43085500000000        0.82798500000000        0.37163200000000
C            1.39356200000000        0.73962000000000       -0.58627900000000
C            0.52712700000000        1.98492100000000       -0.34608400000000
O           -0.31668700000000        2.31652900000000       -1.40786300000000
C            0.73102300000000       -0.64823100000000       -0.45345400000000
O           -0.32025700000000       -0.90014200000000       -1.36883600000000
C           -1.64159400000000       -1.21023700000000       -0.93228800000000
O           -1.78349200000000       -1.44376000000000        0.42904400000000
C           -2.11416900000000       -0.35690900000000        1.29133100000000
C           -2.41994500000000       -1.00057100000000        2.65728700000000
O           -2.64585600000000       -0.04319100000000        3.66020700000000
C           -3.30968500000000        0.45826800000000        0.78036700000000
O           -3.53643300000000        1.59289700000000        1.57695800000000
C           -3.02519600000000        0.93743100000000       -0.64637300000000
O           -4.15427900000000        1.57028300000000       -1.20885300000000
C           -2.71769000000000       -0.27308600000000       -1.52722600000000
O           -2.33423900000000        0.08985000000000       -2.82123400000000
C            1.82260500000000       -1.70155300000000       -0.74182300000000
O            1.35161700000000       -3.01060900000000       -0.54488200000000
C            3.03696700000000       -1.52587100000000        0.17687400000000
O            4.10704200000000       -2.31967000000000       -0.25643300000000
H            4.43783400000000        2.17348300000000        1.26552900000000
H            5.69171000000000        1.41405500000000        0.24127200000000
H            5.79752900000000        1.29338200000000        2.02174800000000
H            3.98051800000000        0.14512500000000       -0.81207100000000
H            1.81940700000000        0.80378700000000       -1.60359000000000
H            1.22455400000000        2.80432800000000       -0.12258300000000
H           -0.10921800000000        1.84275500000000        0.52960400000000
H            0.20133400000000        2.45428200000000       -2.21117100000000
H            0.39502400000000       -0.79292000000000        0.57845000000000
H           -1.83127800000000       -2.19967100000000       -1.38849800000000
H           -1.26511400000000        0.33651900000000        1.39612000000000
H           -1.60095000000000       -1.67983300000000        2.91347200000000
H           -3.33720900000000       -1.58786900000000        2.57212600000000
H           -1.80508100000000        0.32826100000000        3.95782000000000
H           -4.20469500000000       -0.18668000000000        0.75948300000000
H           -3.59808300000000        1.30824200000000        2.50509800000000
H           -2.17542900000000        1.62823300000000       -0.64606600000000
H           -4.42335700000000        2.27853600000000       -0.60885600000000
H           -3.64876900000000       -0.86966500000000       -1.56646600000000
H           -2.93243900000000        0.79556000000000       -3.10735100000000
H            2.14971100000000       -1.57266000000000       -1.78701800000000
H            0.56083800000000       -3.13389300000000       -1.08576800000000
H            2.74795200000000       -1.78472700000000        1.20607800000000
H            3.80674300000000       -3.23992900000000       -0.27287300000000
48
 energy: -84.823242373004 xtb: 6.7.1 (edcfbbe)
C            5.07491428317538        1.31574932585188        1.23666388149782
O            4.40234491768258        0.06212549261871        1.19731335812609
C            3.50555736927258       -0.07047179684629        0.15950057486705
O            2.39292692753142        0.76387605765221        0.42083150380065
C            1.35613194643571        0.69507343874534       -0.54122794146414
C            0.47964005808376        1.92587207908317       -0.27174830831226
O           -0.31663690206810        2.31155840495233       -1.35229319676936
C            0.75455073948756       -0.72871866367001       -0.47092722546140
O           -0.32996592377703       -1.01787785910414       -1.33260754431529
C           -1.65221155989695       -1.25747165094496       -0.85406871856412
O           -1.77514603560497       -1.40338971353530        0.52119562720823
C           -2.12259339613651       -0.28877476773029        1.33577511847351
C           -2.45788321983669       -0.88481940181711        2.71716957668161
O           -2.71519121738673        0.10763617567657        3.67758525476983
C           -3.31055081692378        0.50520421939584        0.77659864812269
O           -3.54113032152052        1.67553457078550        1.51872036261508
C           -3.01966510432629        0.91733598158145       -0.66908091092685
O           -4.14828810206882        1.52410201659913       -1.26233964222808
C           -2.71050195852214       -0.33014097019488       -1.49693985427149
O           -2.30476400795675       -0.01889089339948       -2.79803125422458
C            1.88175335067331       -1.70758522188026       -0.85539592751903
O            1.46799913241312       -3.04561239125961       -0.75484257530447
C            3.09804464304519       -1.54526913468384        0.06315562965379
O            4.19679200358151       -2.25814509101775       -0.43391990074549
H            4.36321079877283        2.13136060682648        1.37992439059241
H            5.63908483408149        1.47487912495295        0.31243962096157
H            5.75391147531266        1.25562633979831        2.08277757752258
H            3.96409566529362        0.22816934273969       -0.80861703402189
H            1.78852453583204        0.81132806907419       -1.55275728634748
H            1.17114573300379        2.72978025001333        0.01673964256055
H           -0.19271379234635        1.75156830919736        0.56875648909202
H            0.23695356200525        2.50149191870363       -2.12066505991974
H            0.46929542716525       -0.93471659243526        0.56972787563840
H           -1.87234550992166       -2.26907113286097       -1.24317469333298
H           -1.27167375003433        0.40164488528704        1.43701345600205
H           -1.64110323655196       -1.54754998626271        3.01904350929267
H           -3.36882511039831       -1.48179334776214        2.63125304657106
H           -1.88410742145503        0.49430992976292        3.98308901498664
H           -4.20674765475421       -0.13865852698029        0.77980521748512
H           -3.62173993055046        1.43010572068429        2.45657512699727
H           -2.17210778083027        1.60915539530369       -0.69767248625489
H           -4.41928974772257        2.25708161033901       -0.69362301482074
H           -3.64792612294239       -0.91672204907468       -1.52797169785051
H           -2.89881670434503        0.67305458917720       -3.12385633689024
H            2.18769233281272       -1.48749386027198       -1.89175538510332
H            0.65588762760097       -3.14642907977228       -1.26918157603875
H            2.83113742146640       -1.88984918350762        1.07317625960923
H            3.93032554150357       -3.18417552152886       -0.52865320387709
48
 energy: -84.819523386319 xtb: 6.7.1 (edcfbbe)
C            5.05059823411059        1.28610962984457        1.29504996698334
O            4.42729843524802        0.01392242045899        1.16063846931756
C            3.52800515696881       -0.07362151741653        0.11985639849749
O            2.39093235855192        0.70335786653143        0.44488359031623
C            1.34446509076981        0.65318387372861       -0.50930522794947
C            0.46063240194221        1.86877564715715       -0.20478381895746
O           -0.31742101535021        2.29451579366573       -1.28400488325178
C            0.79563943151901       -0.79610779277701       -0.48407782222849
O           -0.33001091214286       -1.12903317703737       -1.27133464668545
C           -1.64574010038600       -1.29112098732229       -0.74598582560240
O           -1.73437014843689       -1.32736686375004        0.64012889947601
C           -2.15792725531546       -0.20160080551342        1.39693711858264
C           -2.52554917630914       -0.75979473005779        2.78660135986544
O           -2.83229878416701        0.26084640892126        3.70207196787915
C           -3.35037414639586        0.53109823486120        0.77010177162213
O           -3.63463392607450        1.72511784687665        1.45357754892650
C           -3.02897809746256        0.88708517307082       -0.68332129713131
O           -4.15004137464665        1.45536725134776       -1.32723356843065
C           -2.68895973514634       -0.39020191278598       -1.45219842814033
O           -2.24405200815240       -0.12390396650861       -2.75082435511392
C            1.93833336532047       -1.70512317189334       -0.97175101213540
O            1.57547682785622       -3.06046648219545       -0.94629618873240
C            3.17713761500353       -1.55318172868541       -0.08115789419377
O            4.28990566778150       -2.17455310655465       -0.66299001583082
H            4.30865051224843        2.05949187524274        1.50388511571271
H            5.60223775477910        1.53869152025911        0.38423795688977
H            5.73675094392108        1.18712422324124        2.13171203604553
H            3.96981044985204        0.30958911971042       -0.82614222944621
H            1.77132901415269        0.81414414541925       -1.51830113745194
H            1.14754903551135        2.66119335654467        0.12380117329790
H           -0.22485618328099        1.66550343442856        0.61639901461934
H            0.24926981934559        2.52399470313076       -2.03194889119886
H            0.58238620319919       -1.04613250653505        0.56754558175716
H           -1.89448147590548       -2.32550726198531       -1.04980696208589
H           -1.33605281972752        0.52042777353283        1.51209083832747
H           -1.70478298020511       -1.39333222915427        3.13638024958499
H           -3.42137609543927       -1.37850144432711        2.69548703059003
H           -2.01853849490702        0.67839166778190        4.01372659589821
H           -4.22884588077000       -0.13690456258476        0.77700870242933
H           -3.73592159004385        1.51826071615833        2.39857835997329
H           -2.18886469439227        1.58766487346217       -0.72029552658348
H           -4.44745327936567        2.20212120402966       -0.79044846719283
H           -3.62470681649738       -0.97849854447860       -1.49212025400160
H           -2.83708351795514        0.54467660040761       -3.12381711756622
H            2.19990729349313       -1.40845097977495       -2.00127048892974
H            0.73295946889398       -3.14728699044473       -1.41327173034714
H            2.95820920608584       -1.98517785537064        0.90650419172222
H            4.06583121606507       -3.10478968881054       -0.81103617469683
48
 energy: -84.823986256869 xtb: 6.7.1 (edcfbbe)
C            5.72389057945053        1.26390016153116       -0.32347811715326
O            5.10971127513507        0.07907444228895        0.16925965506864
C            3.85669311954368       -0.17042111713582       -0.34914235907259
O            2.96030292092597        0.78469554234474        0.17644796780187
C            1.61277798935775        0.71794174861768       -0.25617612878944
C            0.97391526331843        1.87694714359548        0.52949533224163
O           -0.28159060251711        2.31106017794960        0.09592837716296
C            1.00329298350471       -0.67506240572621        0.01868839159007
O           -0.13746802579907       -1.00439190233617       -0.77342605395717
C           -1.43938809295107       -0.69160066798937       -0.36331910284402
O           -1.44177092439541       -0.23176430172172        0.95236372307394
C           -2.72189860064897       -0.00971729311963        1.52569522631270
C           -3.15982701784680       -1.21052282815260        2.38995821377828
O           -4.34711075906797       -0.92243839447768        3.08713671167080
C           -3.80105690623814        0.32815044872094        0.48246412858610
O           -4.83691829669278        1.09057936811621        1.04478838991529
C           -3.15448422535822        1.14775094142097       -0.63983322592094
O           -4.10294664849302        1.59323853313138       -1.57668414199841
C           -2.14491449980851        0.25890588359369       -1.37864774500148
O           -1.19937661848590        1.01113758544551       -2.09925131636973
C            1.98279392217783       -1.79045469642537       -0.40700172926802
O            1.56441306768554       -3.03999679064612        0.08122314021125
C            3.41961208043350       -1.57518197629322        0.06801901419913
O            4.27700163305552       -2.51136911913632       -0.52322782937407
H            5.13566199666993        2.14434699471535       -0.05587401590236
H            5.83586660610913        1.21185466820088       -1.41120178532445
H            6.70032757058427        1.30415410219939        0.15135447254146
H            3.86275165426940       -0.10740348959839       -1.45951450897305
H            1.54809342380565        0.90609404934319       -1.34179228449051
H            1.69010569525080        2.71064895905328        0.47225833531338
H            0.88410710438538        1.58090921433991        1.58005269245029
H           -0.42911799988805        1.99169394721504       -0.81334459023046
H            0.77370810032008       -0.77416835203352        1.08464828955442
H           -1.99790685912790       -1.65191042892040       -0.40718973104761
H           -2.59252776650222        0.87203780034472        2.16744542175777
H           -2.34369702403125       -1.48470919098863        3.06596713498796
H           -3.38070102424219       -2.06755469441590        1.74812249069253
H           -4.14374207979434       -0.36773692840167        3.85135526245499
H           -4.21276865825856       -0.59781907750036        0.04811820789991
H           -5.24295708928674        0.56857585777402        1.75464744961108
H           -2.62850419720056        2.00104832029147       -0.18619207098454
H           -4.84085107276485        1.98002725555654       -1.08413571234187
H           -2.70789883041911       -0.37159173981186       -2.08185714303528
H           -1.68354268952327        1.54744875047825       -2.74394090337076
H            1.99242850414959       -1.80155654081918       -1.50971842601428
H            0.66308393731641       -3.19646243958003       -0.23000529231925
H            3.46468382161208       -1.63458239887662        1.16499579219681
H            3.93773828840427       -3.39380809845500       -0.31199952703460
48
 energy: -84.827163195013 xtb: 6.7.1 (edcfbbe)
C            5.65586604832732        1.31859041004282       -0.02150466936236
O            5.04099389562499        0.08816996948289        0.34054110037810
C            3.83493914689423       -0.14901481876422       -0.28681994991274
O            2.87178312619744        0.73298392106480        0.24662536279760
C            1.57030132177686        0.63912531696052       -0.30598311818637
C            0.78897490340773        1.81374268141388        0.31918722413256
O            0.24140918181342        2.68681392557479       -0.62991665695917
C            1.00970769883138       -0.77564879270694       -0.03025225619091
O           -0.18811789639690       -1.13748791278264       -0.71250135132683
C           -1.45746039116820       -0.74085558221381       -0.28034276573260
O           -1.41113197301886       -0.16110326237098        0.99052621388960
C           -2.67925120735853        0.05181918542064        1.59643096906915
C           -3.11200193733098       -1.14784768953077        2.46381884432880
O           -4.28999568260254       -0.84802753235188        3.17120860682487
C           -3.77180920676855        0.40721223198926        0.56984688187263
O           -4.74545762636924        1.25120195815984        1.12598319059112
C           -3.11744699470141        1.13877820913912       -0.60880242722529
O           -4.06824645104493        1.57840859493861       -1.54276856202309
C           -2.16351262579218        0.17339100333496       -1.32869647593135
O           -1.21759844737213        0.86075072841422       -2.10774471630914
C            2.00694150066764       -1.82807025652408       -0.54941779689104
O            1.62864921614814       -3.12624091161289       -0.16808099651464
C            3.42932576048842       -1.60282254148566       -0.03046845427911
O            4.33448729802347       -2.44074136904827       -0.69384369471290
H            5.01418050545039        2.16307003907717        0.23804858682764
H            5.87017875305197        1.33605697865014       -1.09483716205887
H            6.58189853971567        1.36004380979709        0.54541848391389
H            3.91729048608106        0.01019823911409       -1.38478101256168
H            1.61822345161740        0.78054394165035       -1.39926367043612
H            1.50166587292426        2.39940097385014        0.90527270470259
H            0.01577019781586        1.42790457705082        0.99040014524375
H           -0.31197699947890        2.15162500507263       -1.23117419441829
H            0.87847145461969       -0.89510484638494        1.05303519136065
H           -2.05354829541089       -1.67367547150965       -0.22661455670079
H           -2.53118837224930        0.92656120405170        2.24343202707173
H           -2.29031792594614       -1.42678688483049        3.13094397604158
H           -3.34676955856038       -2.00404908737930        1.82570336589945
H           -4.07431418789361       -0.30923060879097        3.94352826756798
H           -4.24565319021189       -0.51060045842441        0.18698933581860
H           -5.19797262745643        0.76762490820602        1.83350554837440
H           -2.54307962999507        1.99337074458279       -0.21656597695169
H           -4.77285095548262        2.03067781855017       -1.05713149109272
H           -2.76850768941147       -0.47267660134442       -1.97993286944942
H           -1.69420869864543        1.31420820993661       -2.81815993279711
H            2.02511056299451       -1.74880059580825       -1.64897743264942
H            0.72322015315426       -3.27452841421287       -0.47219086221955
H            3.45490733711361       -1.77502307578840        1.05531067686002
H            4.03811717994114       -3.35394090656384       -0.56550361051245
48
 energy: -84.825617424155 xtb: 6.7.1 (edcfbbe)
C            5.62909460771491        1.32896319899223        0.02730294098990
O            5.06216379850480        0.04672256041882        0.26846612168461
C            3.83272330048888       -0.14960718199948       -0.32591328572916
O            2.88149084974696        0.65623434382484        0.33458516968321
C            1.56056077584687        0.60706051676450       -0.17888389407749
C            0.81815310984411        1.72843308420155        0.57212601294878
O            0.05937921958534        2.55988754918671       -0.26336320944241
C            1.02894520273881       -0.83631541946334       -0.00528241794630
O           -0.19563381173029       -1.19827488233081       -0.63955068195190
C           -1.45777130164428       -0.74854722184055       -0.24201327682641
O           -1.41646546400401       -0.08874138488335        0.98693649197011
C           -2.68994518915831        0.16805011913542        1.56517611194045
C           -3.09418885889379       -0.93519256452094        2.56457517888610
O           -4.27804392101811       -0.58671246385504        3.23965848163055
C           -3.78951872057964        0.37302243932919        0.50669968843170
O           -4.81914657865609        1.19578442256741        0.98861813554573
C           -3.16791358232551        1.05322709229900       -0.71945961998600
O           -4.13206221786934        1.34901294737237       -1.69601315319350
C           -2.12427278956610        0.11742425590052       -1.35193649032133
O           -1.14083217868059        0.83390815409469       -2.05596122370879
C            2.01264260757549       -1.82417436387102       -0.66163739510942
O            1.66642791411820       -3.15502663466102       -0.37516961730376
C            3.45915490649415       -1.62823956008698       -0.19980842656045
O            4.33560196077915       -2.37760181278049       -0.99485160719442
H            4.98704743800181        2.11645861293224        0.42693505994773
H            5.77709375877988        1.48462120848357       -1.04595309814684
H            6.58668982322854        1.32609307547661        0.54070969716997
H            3.86190570599129        0.12071175621062       -1.40480139933897
H            1.57268050039289        0.84363976193539       -1.25705151603523
H            1.58083357844233        2.36323801967378        1.03239833358117
H            0.19854128704218        1.29813282525133        1.36537201753474
H           -0.41383869719388        1.99271820822686       -0.90224755561788
H            0.96362675942852       -1.04353318181258        1.07286155006945
H           -2.07301061743724       -1.66521322102900       -0.14220299508070
H           -2.56550163788080        1.11575263283408        2.10605883654705
H           -2.26508150725096       -1.11820317149189        3.25551847062816
H           -3.30872055373617       -1.86301672376950        2.02728726828882
H           -4.07533571848630        0.04643463528909        3.94085628338607
H           -4.20316087290908       -0.59931683586719        0.19452769497752
H           -5.22589347161639        0.75415966337817        1.75069481235090
H           -2.66874657411586        1.97656874858877       -0.38292333284341
H           -4.87790314505132        1.77934851150474       -1.25383965075934
H           -2.64731821655465       -0.56101165694966       -2.03953695838424
H           -1.56896510622263        1.29050587435981       -2.79435792454266
H            1.97273520425533       -1.65075393989317       -1.75002038653629
H            0.74004508479066       -3.27954416706510       -0.62196330523120
H            3.54656369263301       -1.91122042437297        0.85906006666935
H            4.06516466592250       -3.30587041342763       -0.93820195225410
48
 energy: -84.823601417332 xtb: 6.7.1 (edcfbbe)
C            5.61321007719851        1.33463235604673        0.03757919221705
O            5.07223544931055        0.02808724333985        0.19321307101565
C            3.82067613229447       -0.13737476373799       -0.36282612176100
O            2.88781937588239        0.58555534009208        0.41107194396333
C            1.54413940626469        0.56026979279220       -0.04354955943803
C            0.83524752422813        1.60509165714694        0.83469361463940
O           -0.06398837905605        2.41931874493524        0.13066348221217
C            1.04665390789400       -0.90466008006748        0.02463096077446
O           -0.20242822959563       -1.26326064088552       -0.56409548757199
C           -1.45787860826527       -0.76826294441942       -0.20259955837045
O           -1.42093899167655       -0.03756507125737        0.98299469689948
C           -2.69756593037090        0.27852166631204        1.52509791350803
C           -3.08497956999834       -0.70762685193020        2.64644799521670
O           -4.27861384148557       -0.31075202098065        3.27698991694908
C           -3.80098486630806        0.33908870914905        0.45355600283745
O           -4.87015788296211        1.15020167599935        0.86428680775326
C           -3.21476145606903        0.94623832908051       -0.82701242755880
O           -4.18497549012277        1.06620467772823       -1.83503778762578
C           -2.07238968950163        0.06454158079153       -1.36362036388290
O           -1.05664762262215        0.83761642255840       -1.95492957166477
C            2.01249777892279       -1.80799169089855       -0.76641624609698
O            1.70040401169349       -3.16561721665052       -0.59049791022434
C            3.47684563694447       -1.62819131957412       -0.35799895771467
O            4.32356828255077       -2.28264212088756       -1.26152447099629
H            4.97737222867282        2.07662814795797        0.52493608284953
H            5.71805469461679        1.57988048034502       -1.02411156198784
H            6.58990004997020        1.30443463271405        0.51279295989846
H            3.79661081709612        0.23132558515933       -1.41222932385281
H            1.50337634412210        0.89130640318988       -1.09607685355813
H            1.61273769548595        2.26640743247921        1.22986468213856
H            0.34005236951326        1.11123400073948        1.67757393642397
H           -0.49058137569450        1.87489363562348       -0.55485517638069
H            1.04904872165816       -1.20292771670408        1.08487872578028
H           -2.09319578145654       -1.66646698508115       -0.07104527081054
H           -2.58437713163704        1.28546551920580        1.94905441921636
H           -2.25481702487008       -0.79140052951276        3.35475783163942
H           -3.27602140565132       -1.69591431857964        2.21918803860419
H           -4.09195193156551        0.40269736868827        3.90106736852806
H           -4.16841526128900       -0.67473404097511        0.22730976354395
H           -5.23489922640847        0.77550032367534        1.68233541619449
H           -2.80789781888718        1.93805953118405       -0.56843818365306
H           -4.96923579490197        1.47663766888598       -1.44317402564602
H           -2.49058182340216       -0.63351316118966       -2.10075356763650
H           -1.42154726566183        1.28809882853686       -2.72958171872810
H            1.91722904056987       -1.53460490878400       -1.83077626934283
H            0.76031504855607       -3.28031191198699       -0.78512668209146
H            3.62154381663851       -2.00676454164543        0.66386901514386
H            4.07028900811895       -3.21735789911793       -1.27909667429250
48
 energy: -84.820911765126 xtb: 6.7.1 (edcfbbe)
C            5.59898815860892        1.33223803834463        0.06810708936814
O            5.08709511084279        0.00561107138613        0.11089123995598
C            3.81039489868552       -0.12550006560488       -0.39459684693343
O            2.90770235184692        0.49491060610567        0.49501689495820
C            1.54581913435234        0.49888296485066        0.09579104102663
C            0.86834024867927        1.46697934557285        1.08065211094984
O           -0.02190962733357        2.35564400930260        0.46091610184788
C            1.07013055060254       -0.97399346033191        0.05083639671974
O           -0.20607942691478       -1.32325703839019       -0.48714506987468
C           -1.45667552162342       -0.79527016419589       -0.15975861552276
O           -1.43185717690044       -0.00246822689251        0.98386517854016
C           -2.71213355608563        0.38071613514858        1.47419634763264
C           -3.08965585414287       -0.45585513893570        2.71449879903910
O           -4.26835875056860        0.02420404819030        3.31414987631731
C           -3.81778643592027        0.29112464328599        0.40813123500932
O           -4.92038702987653        1.09097431123178        0.74929292921504
C           -3.27601170821788        0.79770237923645       -0.93455500481227
O           -4.23508293064878        0.67475415339190       -1.95271325620885
C           -2.01751274188399        0.01542862027917       -1.35991330170107
O           -0.99987397919626        0.88043998936024       -1.80249503506632
C            2.00434204560620       -1.77965768933842       -0.87299588246146
O            1.72041691034971       -3.15357739588191       -0.81372969384573
C            3.48680824052714       -1.61480589656615       -0.52762790475381
O            4.29019789293865       -2.15717100538301       -1.53869604986392
H            4.98705279542843        2.00224732129835        0.67563967606748
H            5.62953325671048        1.69620230306617       -0.96386751045359
H            6.60554395560137        1.26982976212425        0.47257506068462
H            3.72635155983932        0.34933905786421       -1.39730141845290
H            1.46231479593183        0.91990052069397       -0.92138120022542
H            1.66193261448214        2.07992857024620        1.51788114844705
H            0.37771798920953        0.90828557248819        1.88463308539571
H           -0.52421446994152        1.85780726422637       -0.20507798999912
H            1.14349404077334       -1.36666150027669        1.07825933280480
H           -2.10719028854918       -1.67756725777738       -0.00734409128516
H           -2.60711973854948        1.43503800724862        1.76594395160485
H           -2.24678289315278       -0.45934708644289        3.41278095259132
H           -3.29457254760767       -1.48745169896797        2.41515039855016
H           -4.06860977637778        0.81678035651930        3.82953257500867
H           -4.14188143697615       -0.75478231517875        0.28493046904188
H           -5.24351303023796        0.80127309599726        1.61852337860127
H           -3.00142207024657        1.85693077045642       -0.79566733083253
H           -5.06450271593309        1.05262289060515       -1.62692206194663
H           -2.29658620209889       -0.68971354121337       -2.15302664337491
H           -1.28819861321065        1.31618187584059       -2.61602354414862
H            1.84783221291111       -1.40749636588119       -1.89955277387940
H            0.76914881287890       -3.26452836576809       -0.94633500929464
H            3.69226701743653       -2.09464658102029        0.44008378633479
H            4.04448894615240       -3.08822983826510       -1.64207272758302
48
 energy: -84.817625477455 xtb: 6.7.1 (edcfbbe)
C            5.60962550828511        1.31758563289800        0.07239531017767
O            5.10252713102969       -0.01093283658048        0.03301883956687
C            3.80534131231166       -0.10948139514909       -0.42622236295614
O            2.94034466933121        0.43133114640448        0.54856874403709
C            1.56147994880402        0.45463280570439        0.21206676292604
C            0.92335435695808        1.35562603806876        1.28441912100619
O            0.08449826621241        2.33529065317856        0.73615265336702
C            1.09593200449933       -1.01480665444072        0.08425278198929
O           -0.20856846364019       -1.36161162315472       -0.38832976293297
C           -1.45260265942287       -0.79883073380128       -0.10120297938391
O           -1.44339438072197        0.08325035299779        0.97611407323952
C           -2.73624567078615        0.47172512223201        1.43047994586460
C           -3.09798982360047       -0.28039845394800        2.72855417809855
O           -4.30100415840542        0.19887048317178        3.27858964310642
C           -3.83597178605011        0.27213623210503        0.37196990676482
O           -4.95429418663604        1.07698488299144        0.64534914843470
C           -3.31114987057559        0.66960583706532       -1.01474905668471
O           -4.24208381121714        0.35621576019528       -2.01813529588785
C           -1.98238805720566       -0.04137786276040       -1.34797618010410
O           -0.98425338091364        0.87991615351880       -1.71529625459457
C            1.98508634599211       -1.73767928775976       -0.94648008972845
O            1.71285344251343       -3.11507425272617       -0.97781220634939
C            3.48240088357623       -1.58586923673600       -0.66372556393307
O            4.23767961975172       -2.03819927433239       -1.75324894178384
H            5.01933250962082        1.93668650708591        0.75113737249834
H            5.60111410484651        1.75885513931743       -0.92936903373543
H            6.63061867845201        1.22948301689567        0.43359862522467
H            3.67617912458011        0.44343655556343       -1.38293636317074
H            1.43167754205180        0.94444057250973       -0.76880004604563
H            1.73966605191963        1.89228954562938        1.77477672654650
H            0.40033747643954        0.75188573865829        2.03295733968054
H           -0.52626625744758        1.88877580591139        0.13019888413698
H            1.23884345898061       -1.47903793429038        1.07472084511211
H           -2.11222917706709       -1.66247942919992        0.09909737349068
H           -2.65953955560489        1.54655949987041        1.64531777911588
H           -2.26421330072420       -0.19733540631734        3.43259404711546
H           -3.25925543017571       -1.33919242264430        2.50730565034802
H           -4.13346869836634        1.02560937772596        3.74957169260795
H           -4.14075760957588       -0.78616185048836        0.33987332857707
H           -5.27632659655038        0.85040008049867        1.53356316092582
H           -3.12788580649797        1.75678147828706       -0.99075511924400
H           -5.09947922526382        0.72080066877086       -1.75590302860428
H           -2.16569013276683       -0.76563726702410       -2.15149910068762
H           -1.22736181272741        1.29218718500402       -2.55491290887325
H            1.77402257242213       -1.29057962171151       -1.93277288463800
H            0.75422763445384       -3.22470985907199       -1.03929407307848
H            3.73816741043981       -2.13968474297446        0.25106066262002
H            3.99710481733388       -2.96228502486662       -1.91480319894438
48
 energy: -84.815927609403 xtb: 6.7.1 (edcfbbe)
C            5.28265412607927        1.67384587731977       -0.41577962010785
O            4.96555234758947        0.28723325730720       -0.40204617192013
C            3.62920333679900        0.00917170830068       -0.61008583159082
O            2.90801914178043        0.43716880846660        0.52217634357391
C            1.49835016115156        0.28488762408180        0.50326716543164
C            1.06979268935720        0.84711585821370        1.87961978142415
O            0.45206678067156        2.09944656296809        1.79538915843851
C            1.11364529089159       -1.18807846264008        0.26741611441583
O           -0.20137710114784       -1.49695320163404       -0.20733409441037
C           -1.41071178779810       -0.83279582551402       -0.00892553792855
O           -1.39435193705391        0.17477950398329        0.95796360724303
C           -2.69932741656499        0.58188817232441        1.36243884214986
C           -3.15050024806413       -0.16453597083695        2.63519168461804
O           -4.37459642383727        0.34393218553807        3.10511540810261
C           -3.74380281403577        0.42843799013722        0.23994308817686
O           -4.80109692649409        1.33832631179983        0.40281423448087
C           -3.08167777154999        0.71790804194272       -1.11423023872496
O           -3.99357776927802        0.56192244864809       -2.16991510152676
C           -1.89029027516528       -0.22957537286388       -1.35954069822136
O           -0.80223781222976        0.44299926990628       -1.94101629723954
C            1.96315744068327       -1.80583646501946       -0.86659979010859
O            1.82336794494247       -3.20377513644974       -0.89077386600554
C            3.45893252737099       -1.50087738651938       -0.77934792138013
O            4.10953769276424       -1.90808168315245       -1.95101892245747
H            4.73576002327171        2.20303859687973        0.36738212362784
H            5.04360601997806        2.11042626199510       -1.39080560323297
H            6.35227143671462        1.72986829283601       -0.23282197985881
H            3.24875381904790        0.52415413328940       -1.51927832304473
H            1.06448302681072        0.88659105225125       -0.31171100565585
H            1.98175701795717        0.99579440169585        2.46195707664133
H            0.42704295372736        0.12820409004913        2.39851137568864
H           -0.35037002154000        1.98407709346775        1.27011048600498
H            1.28883459021905       -1.75072376754400        1.19728411606260
H           -2.12197510969068       -1.62618054996948        0.28664181249271
H           -2.61414565011712        1.65189538551803        1.59302366480542
H           -2.36048693283450       -0.09591344131055        3.38955806682213
H           -3.32070284248612       -1.22011515410595        2.40641157411446
H           -4.21666621023194        1.15697023631646        3.60262115637619
H           -4.13770577995253       -0.59951492279411        0.22205992149473
H           -5.23934270982621        1.14277319867367        1.24619277901202
H           -2.70476523363164        1.75367205648691       -1.08664705571736
H           -4.79834277676429        1.04955249306629       -1.94198237954679
H           -2.22845635894652       -1.05085089092195       -2.00608287956329
H           -1.06345168509617        0.75095341895820       -2.81915113050355
H            1.59067378629889       -1.37225065941696       -1.80984874471474
H            0.87934407549713       -3.40839765436859       -0.92109106205311
H            3.89130135910959       -1.99258752546533        0.10406014824726
H            3.92184703294420       -2.84999310276668       -2.07763523889487
48
 energy: -84.816112952524 xtb: 6.7.1 (edcfbbe)
C            5.08594624001758        1.83082026587984       -0.43593901885984
O            4.85223978345455        0.42924470213133       -0.50321329992242
C            3.52167957133923        0.08500709704315       -0.63024371723794
O            2.86847322882464        0.38158708623608        0.58283371182396
C            1.47048271597720        0.16319341710978        0.63360439399473
C            1.09809798735048        0.55483598105993        2.08264158354477
O            0.60396150704496        1.85856036440940        2.19491606971414
C            1.12460394216773       -1.29778434455079        0.30096294214549
O           -0.20962400270105       -1.61081629768439       -0.11594573302945
C           -1.39483223759005       -0.89583053531797        0.05152522072455
O           -1.33484040935405        0.19644856058648        0.92256371942890
C           -2.62249214950366        0.67783006440910        1.30143078223052
C           -3.09083201478500        0.05410166441492        2.63288105773822
O           -4.28951471438127        0.64799420561057        3.06630830832952
C           -3.68021543623665        0.47466977419557        0.19960394827677
O           -4.70149471244059        1.43372890498891        0.29183818171798
C           -3.00808429431152        0.63276310418308       -1.17041714929188
O           -3.92888946745572        0.46462773424091       -2.21609398251350
C           -1.88116392973268       -0.40313386764840       -1.34353049846491
O           -0.77475203058096        0.14127413704606       -2.01702578250570
C            1.93488535145356       -1.79462950783234       -0.91958516815240
O            1.86263686918524       -3.19442593181920       -1.02869691707033
C            3.41680161569804       -1.41591570878956       -0.90349787405503
O            4.00572551772435       -1.69991824341419       -2.14229309910482
H            4.57412306976554        2.26666690224697        0.42469914714865
H            4.74334565277005        2.31894968710615       -1.35416667650474
H            6.16176778148688        1.94273833312957       -0.33177408377367
H            3.04098556715936        0.64147272414710       -1.46457552296925
H            0.96248426304254        0.81318434577391       -0.09608012811154
H            2.01846433220503        0.52612710241290        2.67025271209410
H            0.38521833067275       -0.16864774048817        2.49362917015302
H           -0.19759854449009        1.90843884647713        1.65864514120523
H            1.36251014357383       -1.92773857210843        1.17086011585775
H           -2.12116175922053       -1.63831154081472        0.43051582110478
H           -2.50045269594874        1.75995491779091        1.44115926817503
H           -2.29273693559536        0.15037170172242        3.37560859188158
H           -3.30552852262492       -1.00839416598302        2.48997362283246
H           -4.09509676767280        1.48821476186161        3.50166176491075
H           -4.11112883327352       -0.53642568448084        0.26264005729296
H           -5.14562373336942        1.32146248805242        1.14721309165953
H           -2.56485057131164        1.64159333677786       -1.21178630953180
H           -4.70623022713823        1.00640915496073       -2.01646902057469
H           -2.28406974827123       -1.26408299137293       -1.89488602732126
H           -1.05290756392843        0.39702707223599       -2.90691999734621
H            1.48290010017663       -1.32167114848081       -1.80746310318351
H            0.92974262303746       -3.44632026752466       -1.01452420903518
H            3.93224517990453       -1.94708039417120       -0.09041634683235
H            3.85479495736747       -2.63817435414974       -2.32894452906389
48
 energy: -84.816907112359 xtb: 6.7.1 (edcfbbe)
C            5.03353173820937        1.88112335788904       -0.33880672611301
O            4.80798130666309        0.48492829743571       -0.49231864455303
C            3.47731726017732        0.13809563836336       -0.60440749501437
O            2.85696269105232        0.33439351184364        0.64691374117049
C            1.46309189858640        0.10010002244357        0.70395199144605
C            1.09228130414581        0.39426889274500        2.17440702918492
O            0.65242657781485        1.70485956610680        2.38606813779301
C            1.13437678738495       -1.34421766016285        0.29778806473696
O           -0.21694381630895       -1.67855772133880       -0.04097502314543
C           -1.38702350883799       -0.93170514367177        0.09582192029256
O           -1.28795941320551        0.24178513497123        0.85240217553341
C           -2.55890782820049        0.75859257492796        1.23911249010910
C           -2.99336869914471        0.23048183007334        2.62261931580840
O           -4.17823347905513        0.85977556481473        3.04430883534169
C           -3.64934284409380        0.49340729499867        0.18263506061785
O           -4.64508129590725        1.48263992329514        0.21835609156566
C           -3.00320139902247        0.52260221451444       -1.20825655657303
O           -3.95099096156668        0.31412646844218       -2.22176938637335
C           -1.92224371119867       -0.56842340768973       -1.32194567807341
O           -0.83493626197684       -0.13650690091590       -2.09960562592171
C            1.89726252704952       -1.73523341572083       -0.98923558162365
O            1.83978839776696       -3.12504297304862       -1.19855204270549
C            3.37475396892358       -1.33774529452777       -0.99264971842740
O            3.92688175586835       -1.51560784602822       -2.26779283527707
H            4.55162414126385        2.25286224224454        0.56805128231492
H            4.65238809671361        2.42642809156588       -1.20840442344658
H            6.11160866080442        1.99683618314058       -0.26817265983752
H            2.96646139945245        0.75283725277455       -1.37794772755428
H            0.94213239874200        0.78464947214170        0.01710673518070
H            2.00184420233066        0.27761758735882        2.76761912028787
H            0.34257028095710       -0.32840691483207        2.51745967444977
H           -0.12042070391827        1.84487728551621        1.82408586499834
H            1.43729435216447       -2.01911475764352        1.11134214970058
H           -2.10730960746110       -1.62231734103865        0.57120751867436
H           -2.42248903763406        1.84618645793984        1.29957024433029
H           -2.17625055863962        0.37228766987680        3.33689279413253
H           -3.21645344401513       -0.83809765591081        2.55838792661192
H           -3.96806517364418        1.72286803769687        3.42415739827207
H           -4.10207255591363       -0.49794292767933        0.33727085970741
H           -5.08135405813497        1.44126390624854        1.08361387593066
H           -2.52016358249630        1.50598260166140       -1.33414290448713
H           -4.70483670489236        0.89616853311227       -2.04689095066176
H           -2.38000376820449       -1.46498971992622       -1.76299901290068
H           -1.15443882770474        0.04733545543636       -2.99321891834037
H            1.40441560502806       -1.20646397722476       -1.82182176604402
H            0.91354869077038       -3.39545146585046       -1.14422184367494
H            3.92160868671096       -1.92520280262956       -0.24065796139760
H            3.77993354011440       -2.43835601559446       -2.52287659238161
48
 energy: -84.818162778614 xtb: 6.7.1 (edcfbbe)
C            5.08925608732718        1.84171032653382       -0.12264044431681
O            4.81853579654432        0.47583330007090       -0.41452988003648
C            3.47743568939198        0.18355023048481       -0.55250189092418
O            2.86576165228663        0.27823388197803        0.71565222068760
C            1.46858004502535        0.06247739862464        0.74766588001560
C            1.07055722291190        0.28013851432936        2.22244764315075
O            0.65175318844935        1.58594541495393        2.49970244023590
C            1.14428451767462       -1.35694384274521        0.26327911225284
O           -0.21733492379715       -1.72150208984843        0.01051861240895
C           -1.38197144755116       -0.95993337096525        0.12170395183412
O           -1.25199944401855        0.28215354604153        0.75547603175035
C           -2.50551251278737        0.83440255205762        1.15117527028943
C           -2.87338757386908        0.44551244265578        2.59915428045574
O           -4.03877897247823        1.11758134856390        3.01023594056145
C           -3.64510716369126        0.46701566042022        0.18061455623313
O           -4.64268101545834        1.45481888357616        0.16960406184290
C           -3.06630145705526        0.36070951475818       -1.23555865512393
O           -4.05979901443788        0.05946926989154       -2.17949250587683
C           -1.99092993170701       -0.74016163400769       -1.29576404800163
O           -0.95181542105314       -0.39322419345655       -2.17398586690144
C            1.85088539224804       -1.62521515192108       -1.08464881372774
O            1.77473737434714       -2.98881498646632       -1.42408303011492
C            3.33249414707795       -1.24131821169830       -1.09093408705368
O            3.84690512121324       -1.28709654194750       -2.39351054131538
H            4.61945930700869        2.13589003217470        0.81834084684053
H            4.72643704857369        2.48346394680942       -0.93212357749175
H            6.17049208502350        1.91470443348698       -0.04397547702713
H            2.98433443563429        0.88757271241239       -1.25886301785166
H            0.96643871085436        0.78786197372509        0.08995377748715
H            1.96072334988469        0.10812240157703        2.83115676547722
H            0.29671691590455       -0.44499867676161        2.50281897074140
H           -0.07903770779280        1.79020206595936        1.90191891589416
H            1.51517695078452       -2.07532743181985        1.00780185225849
H           -2.07764228138078       -1.59819418711102        0.69711865236946
H           -2.36988138200226        1.92237425921834        1.09528064928935
H           -2.02574799986999        0.65262750530852        3.25972276660510
H           -3.09892428456424       -0.62342095154173        2.64903184326533
H           -3.81136980074961        2.00917923455878        3.30467335727770
H           -4.08515905642764       -0.50453372032247        0.45304570570430
H           -5.03008575343504        1.50186238001520        1.05770640378369
H           -2.59042794583037        1.32571005444315       -1.47724239236028
H           -4.80480850486751        0.65873261049872       -2.02689161497796
H           -2.47145902444680       -1.67530357376383       -1.61629603106227
H           -1.32102034611018       -0.30076661100590       -3.06271502460730
H            1.33490942460586       -1.01868746122116       -1.84678382249330
H            0.85186099113720       -3.26251453191124       -1.33595525698724
H            3.89118832053356       -1.91372832287234       -0.42338867998768
H            3.68225421242098       -2.17617327345457       -2.74043561537656
48
 energy: -84.819602409757 xtb: 6.7.1 (edcfbbe)
C            5.15068949251474        1.78394791462111        0.06560036837877
O            4.82773749115618        0.46278080562297       -0.35255673905017
C            3.47594030661429        0.23276770169156       -0.50215798293542
O            2.87811165870606        0.22746454396079        0.77671272788303
C            1.47806048864711        0.03057179304128        0.79241565636428
C            1.05629576230243        0.18160732444835        2.26645818679207
O            0.65123050021233        1.48052395390236        2.59665673023593
C            1.15590049358224       -1.36015071237347        0.23135652265113
O           -0.20651533934375       -1.76518193128366        0.07348716380044
C           -1.37271891265397       -1.00150421024294        0.16608259842531
O           -1.21760083536561        0.29598066602561        0.67179762695775
C           -2.45175964207566        0.88868454684469        1.07001610899458
C           -2.78045356003455        0.61659339628180        2.55440421746312
O           -3.93088257740516        1.33023490794057        2.93909649426962
C           -3.62771272451695        0.45993215350205        0.17033375844373
O           -4.60666291210273        1.46342096017756        0.09639597673028
C           -3.09455969768190        0.20981962770936       -1.24465194891772
O           -4.12460368648242       -0.13625384810463       -2.13256858574484
C           -2.06470468238481       -0.93358497450068       -1.22983405195956
O           -1.08167246797242       -0.74791091089123       -2.21282261227451
C            1.79346624060661       -1.49157104417190       -1.16953983782354
O            1.68746909261790       -2.81071921469083       -1.64626693915511
C            3.27973943448867       -1.12309306781474       -1.18577792180600
O            3.75103519912657       -1.02911264830935       -2.50222635475087
H            4.70071505843446        2.00249397652860        1.03637537148219
H            4.80383972232086        2.51290225104398       -0.67403822148742
H            6.23456177957410        1.81087212677988        0.13699674567000
H            3.00306297672766        1.02063638288858       -1.12977728470778
H            0.99299828574223        0.79350736346711        0.16542932154245
H            1.92831777775200       -0.03579739255923        2.88650213911858
H            0.26371054678780       -0.54254938859985        2.49359063479600
H           -0.02968630824110        1.74366964636967        1.96369541318944
H            1.59899036168906       -2.11592952035698        0.89365147889522
H           -2.03179952730322       -1.58063931268369        0.83954427593054
H           -2.30647140472069        1.96708672915052        0.92486778172381
H           -1.91682628172674        0.86587797337405        3.17823187929006
H           -3.01365518699106       -0.44290227148113        2.69294480631280
H           -3.68782122180663        2.23668545081405        3.16795086580988
H           -4.07647216903136       -0.47338167740410        0.54389899578105
H           -4.96927514335415        1.59526604502559        0.98641706110131
H           -2.59041458628268        1.12952958270719       -1.58516595856088
H           -4.84864588275588        0.49345333471188       -2.00384579608069
H           -2.59902344904644       -1.88011319783739       -1.39572319818785
H           -1.51437350938131       -0.73305516611958       -3.07746545348274
H            1.25631555641934       -0.80687480826564       -1.84542071971564
H            0.76392595312935       -3.08028767979530       -1.54994178232976
H            3.84856768342459       -1.87350280595992       -0.61732260170140
H            3.56362486763365       -1.87219825021361       -2.94032668148119
48
 energy: -84.821541871314 xtb: 6.7.1 (edcfbbe)
C            5.22747308413793        1.69953008726478        0.20285765862705
O            4.82893138307248        0.44422117959096       -0.33614504369326
C            3.46426117223575        0.29326844361223       -0.46827056098971
O            2.89798588859009        0.19374829065394        0.82197143846439
C            1.49593437331501        0.01016183097696        0.85211578897164
C            1.08155509660114        0.09157079829690        2.33102963791238
O            0.72218287033774        1.38553077524174        2.73155974536946
C            1.16937180547918       -1.34760304577507        0.21517296568025
O           -0.17623636071690       -1.81538338378929        0.17257715270735
C           -1.35530856205196       -1.07333876622754        0.26421712174781
O           -1.18882015029634        0.26784813999230        0.63598440253846
C           -2.40799403617414        0.90974236486773        1.00024484447825
C           -2.75063402492798        0.73950110324980        2.49672193962062
O           -3.87483471489944        1.51925066483803        2.82698603233502
C           -3.59245456898322        0.45541469371483        0.12390087783319
O           -4.52702074849698        1.48690197530108       -0.05483692397574
C           -3.04749244560559        0.05275169372102       -1.25038703317989
O           -4.07486280099811       -0.28178204349662       -2.14520424482856
C           -2.13292314669876       -1.17034137636538       -1.08878826942991
O           -1.21423156642036       -1.27181990224007       -2.14305143449120
C            1.69426567492413       -1.30217186930652       -1.23862866140909
O            1.50715562301971       -2.52855119665215       -1.89383441855184
C            3.18920291984789       -0.97291652807644       -1.28699528036322
O            3.60239871456031       -0.74149904117258       -2.60630349235063
H            4.80673153916054        1.84249892775170        1.20043441927266
H            4.90622873428211        2.51483800916949       -0.45359088894505
H            6.31238054172317        1.66474840313439        0.25198268404244
H            3.01628094446122        1.16176637817765       -1.00142495810571
H            1.01103148526523        0.80921892867066        0.27196634362700
H            1.94153009405788       -0.19239466238696        2.94049514173267
H            0.26115009355040       -0.61326643475654        2.51561616971179
H            0.07776831350954        1.72412577176589        2.09619467046318
H            1.70430117822944       -2.13325675358869        0.76228408358468
H           -1.95887838415756       -1.59117570873197        1.03344595166529
H           -2.23322018098559        1.97270709523593        0.78964666731613
H           -1.88254356383952        0.99144423700062        3.11316782902539
H           -3.02754192408835       -0.29916813538674        2.69812828417514
H           -3.59977236183898        2.42992616488189        2.99544277537101
H           -4.08308591887685       -0.42279715809619        0.57155647071659
H           -4.91363506925846        1.69741297982457        0.80894672945103
H           -2.45329494616514        0.89172758758164       -1.64883623692675
H           -4.75758630068218        0.40170349208575       -2.07986440308246
H           -2.76757944374900       -2.06888427463658       -1.05718202264362
H           -1.71125269789302       -1.28497105071441       -2.97291270484303
H            1.14548127920115       -0.50996746411607       -1.77408481997770
H            0.55600297987333       -2.71264815228811       -1.87566776299643
H            3.75896701288820       -1.79917818980846       -0.83692541475030
H            3.35262613095146       -1.51844775061288       -3.12823302125368
48
 energy: -84.823392986867 xtb: 6.7.1 (edcfbbe)
C            5.22520794250340        1.67818175550203        0.26930491343632
O            4.78807860175123        0.47966474698286       -0.36088821823177
C            3.41724996374456        0.35066813880407       -0.44138203687139
O            2.90764685522307        0.14591045817936        0.85997701730373
C            1.50688232522451       -0.03798641146518        0.91772919776866
C            1.11281324414670       -0.03601649256315        2.40074204332638
O            0.89362896009765        1.25230681641242        2.90990620981694
C            1.16700459045287       -1.35688034806778        0.20690850878218
O           -0.16409198394255       -1.85735704226943        0.24561907403291
C           -1.34403785492280       -1.11230281823006        0.31041652869156
O           -1.15710451530645        0.25307019884243        0.56562890021088
C           -2.35728850773091        0.93602957328023        0.91427708998217
C           -2.68379417765299        0.85213463440140        2.42143682737096
O           -3.78578074237279        1.67325020590221        2.72303155728601
C           -3.56268111647496        0.45793493881704        0.07888039622255
O           -4.46136326135445        1.50423182196150       -0.18024626303569
C           -3.03813158280536       -0.07182247296791       -1.25937649346860
O           -4.07859996037938       -0.43773310169702       -2.12620961775297
C           -2.17182158753051       -1.31273889114890       -1.00156663511103
O           -1.30515982641220       -1.56088324642284       -2.07537790118131
C            1.61211813918512       -1.20390698709759       -1.26438573990325
O            1.43041761385925       -2.39106649681435       -1.98916940971515
C            3.09741144556190       -0.83544865754597       -1.35885437650031
O            3.43207134769164       -0.46991450081208       -2.67032994988888
H            4.85108961032079        1.73400405842296        1.29366436765929
H            4.88493358340650        2.55159371592540       -0.29632922753027
H            6.31070682227302        1.63044654018499        0.26569751764524
H            2.95523924841782        1.26541625785788       -0.87644526825859
H            1.01337167739597        0.79354462827741        0.39260243252492
H            1.93730126507364       -0.45891733766390        2.97773982441996
H            0.22131832606598       -0.66163078680034        2.53442095412045
H            0.32696371528497        1.73230854644436        2.29156783428715
H            1.74956970284476       -2.16339917527634        0.66772187949710
H           -1.92291154052383       -1.56272835728021        1.13850697311308
H           -2.16220756597455        1.98179853532051        0.64501218461285
H           -1.80296715120362        1.11357021779260        3.01543538294267
H           -2.98194496834867       -0.16770627537814        2.68026427257750
H           -3.48924197498955        2.58492688721975        2.84142055048509
H           -4.08133708276237       -0.36432633422075        0.59564802351899
H           -4.84913873121393        1.78706840280840        0.66151232442343
H           -2.41293869931660        0.70930707175528       -1.72243501066284
H           -4.73560746044302        0.27326446748988       -2.11593803031849
H           -2.84181490194763       -2.17352737668848       -0.85734766266773
H           -1.84039542985313       -1.62453405951132       -2.87915655528224
H            1.01998687213004       -0.39309282263784       -1.72044139865874
H            0.47964807347365       -2.58655007193636       -1.97239515289148
H            3.70044436467390       -1.69223532132180       -1.02463812931987
H            3.18925134387067       -1.20793010442366       -3.24867950604804
48
 energy: -84.825336765730 xtb: 6.7.1 (edcfbbe)
C            5.17918868763912        1.70095152904125        0.35063026147523
O            4.72351023850904        0.56865725961522       -0.38143753526243
C            3.35176672711214        0.42543578566653       -0.40334422621022
O            2.91113845348718        0.09728138360751        0.89727355124854
C            1.51549456662044       -0.10476428922346        0.99441473183051
C            1.17444824734443       -0.23752671637930        2.48189856398579
O            1.32150462118148        0.96174072747450        3.19383761581108
C            1.15598714132446       -1.36829523390048        0.19322092708741
O           -0.16179648087781       -1.89131073626426        0.29078183192147
C           -1.34095478773093       -1.13979285907424        0.31173715744609
O           -1.13181934226844        0.23814100778357        0.44835443395134
C           -2.31024794186987        0.96976493744347        0.76759393893193
C           -2.56552053791412        1.05498590685562        2.28743602015765
O           -3.65144027438651        1.90866179099743        2.55199585815052
C           -3.55527826939894        0.41501876008680        0.04714860916902
O           -4.47364501961715        1.43222823743546       -0.25587896176788
C           -3.10269526658059       -0.23396568971512       -1.26451694317415
O           -4.18787745685531       -0.68231266309305       -2.03187657862281
C           -2.20751083984637       -1.44273505344452       -0.95233478115211
O           -1.38026108416191       -1.75104169061058       -2.04187803062840
C            1.53125406200646       -1.10164250461731       -1.27952516445617
O            1.37129957151475       -2.24649756812622       -2.07483646070968
C            3.00109920412735       -0.67846082957243       -1.40744343281953
O            3.26020681965981       -0.18805180544203       -2.69556979009505
H            4.87372765554459        1.63156757236122        1.39649055922510
H            4.78506914981712        2.62225269438595       -0.08993445729179
H            6.26260479282844        1.68247624175641        0.27171473385409
H            2.85776162983530        1.36851734148900       -0.73068611014377
H            0.99712831442925        0.76438585556273        0.56313698879111
H            1.86377799582715       -0.94888536937095        2.93988581794491
H            0.14934362209064       -0.61876345880954        2.57154641266494
H            0.92857188584452        1.68386332682333        2.68628799251880
H            1.76993975115807       -2.19817732234941        0.56201788468610
H           -1.90433666019074       -1.51269597955728        1.18854668326735
H           -2.11872026727914        1.97740435906044        0.37717840777950
H           -1.65569592582640        1.37696198836474        2.80284716144456
H           -2.84781742866137        0.07135617407546        2.67274361913005
H           -3.35520625568868        2.82781697001543        2.52729001718197
H           -4.03946083770456       -0.35691107027525        0.66530366652004
H           -4.80742852148392        1.79611549505646        0.57805488809081
H           -2.51353570610836        0.50506303073043       -1.83237681878819
H           -4.84925741405855        0.02442222447851       -2.05079581919962
H           -2.85628784174807       -2.30092813077736       -0.72312102024084
H           -1.94694758061515       -1.90115720308427       -2.81169096377625
H            0.89354538712578       -0.28529737102179       -1.65746655324715
H            0.42986023036082       -2.48515647069248       -2.04267841504196
H            3.63756841922991       -1.54722942718615       -1.18387897401526
H            3.01793957364061       -0.88347402787785       -3.32461712652561
48
 energy: -84.826953948731 xtb: 6.7.1 (edcfbbe)
C            5.14232711384068        1.73458806684976        0.39396658307372
O            4.65650392993173        0.66584183494404       -0.41015060116338
C            3.28792624253275        0.49898169978772       -0.36360681310369
O            2.92934304749915        0.04883407673837        0.92496343502803
C            1.54353761274873       -0.18214851217839        1.07479948664060
C            1.27440437543515       -0.45909473995483        2.55799548320781
O            1.60614933785043        0.61511987046661        3.39500773246771
C            1.15148992151568       -1.37795338711112        0.18548755961283
O           -0.15327924536986       -1.91370564022363        0.34939128405728
C           -1.33013141139026       -1.15683214809103        0.33205638764500
O           -1.09918756725853        0.22469738031806        0.34996353497916
C           -2.25815926738805        1.00499706728569        0.62304608671853
C           -2.45826924158513        1.24873975276423        2.13347947487370
O           -3.53891708020573        2.12045129874393        2.35314796017435
C           -3.53254826260772        0.39913861025408        0.00355760743474
O           -4.45449990513730        1.39315628523760       -0.35907056725749
C           -3.13379378929127       -0.37091123921921       -1.25913196017195
O           -4.25045514911336       -0.87217606879107       -1.94420281877372
C           -2.24067317869416       -1.55926664723260       -0.87085357324352
O           -1.46344455326810       -1.97920701128416       -1.95931644840472
C            1.44573575770529       -0.99567267342607       -1.27778288382970
O            1.29224364576356       -2.08560754581649       -2.14808100716964
C            2.89687232157200       -0.51831757605919       -1.44153747250050
O            3.07055380167844        0.09256542844803       -2.69196123636261
H            4.90006127486800        1.56684151907828        1.44547946075730
H            4.71432915175312        2.68608807844639        0.06181425265306
H            6.21957790259800        1.73971789912052        0.25150429466586
H            2.76163417871123        1.45733326068572       -0.57663443902603
H            0.99504683499865        0.71545553743638        0.75254010429111
H            1.89608418567092       -1.29511414527989        2.88339500110326
H            0.21612879166851       -0.73076159382809        2.67001486999489
H            1.23244741195784        1.43127621732479        3.03908639566509
H            1.78860915943524       -2.22861524271524        0.45387727854086
H           -1.87314326286610       -1.44606517706071        1.25303650320217
H           -2.06599050582965        1.96380321663833        0.12450269393754
H           -1.53014626421754        1.62781371038711        2.57157719255015
H           -2.71442492920835        0.30904175981716        2.63047726144313
H           -3.25457257444260        3.03331012435838        2.21259244749220
H           -3.99835253756540       -0.30725419377315        0.70806778118679
H           -4.76284835779852        1.83000112884802        0.44938627824150
H           -2.55843016982655        0.30643214648739       -1.91175765705801
H           -4.90679786686865       -0.16258544159725       -1.99986196528465
H           -2.89097197629955       -2.38254513663077       -0.54069208173562
H           -2.06423573783506       -2.20491635331544       -2.68367975551786
H            0.76841224535588       -0.17474946474896       -1.56653021991218
H            0.36311644339604       -2.37013801737501       -2.09394577982460
H            3.56301169388933       -1.38697586515839       -1.33448987152732
H            2.81772145590620       -0.55361502157214       -3.36744714930876
48
 energy: -84.828501497239 xtb: 6.7.1 (edcfbbe)
C            5.07640817200501        1.79927038716702        0.42014606989750
O            4.57162948759700        0.79190845327413       -0.44891375072553
C            3.21400461212269        0.57265249698309       -0.33199784797457
O            2.95527441380072        0.00734689225893        0.93430194023532
C            1.59209204203389       -0.28458013767777        1.15622728192983
C            1.44567623306252       -0.73663145420689        2.61499899384518
O            1.77470319524637        0.25681960334150        3.54676543904600
C            1.14966558692749       -1.39382878497934        0.17925329408178
O           -0.14443501985989       -1.92638297604477        0.41700478827826
C           -1.31577909791662       -1.16018117198800        0.37079600265988
O           -1.06143957528668        0.21465815961008        0.27412299566359
C           -2.20026437059194        1.04406063776701        0.47933470742461
C           -2.35814543064784        1.45494215246362        1.95774434466439
O           -3.42925431775786        2.35168526089045        2.11242470186740
C           -3.49873890237909        0.40243833192565       -0.04529930611892
O           -4.41862722400554        1.37197541682965       -0.47263842367559
C           -3.14402935492097       -0.48517807067025       -1.24243382167028
O           -4.28523783942136       -1.02172840538052       -1.85629644058012
C           -2.26840710256579       -1.65254147364780       -0.76346487254594
O           -1.53630181882701       -2.20393414327644       -1.82421096388740
C            1.35522580300144       -0.89311552296812       -1.26115520246423
O            1.18025228783875       -1.91521056947400       -2.20707654077931
C            2.78713144877711       -0.37066501559570       -1.46192826158175
O            2.88221282953414        0.33511364648292       -2.67031388863734
H            4.90613490616297        1.52791541930907        1.46416469115952
H            4.60058136682104        2.76163959624178        0.20499874387191
H            6.14180516441941        1.85474676976232        0.21370300610248
H            2.64574317079327        1.52554580789017       -0.43255008372946
H            0.99449137222983        0.62235241249468        0.97762250183883
H            2.13994695482753       -1.55821202534539        2.79973803134342
H            0.41769906921342       -1.09335364667805        2.76299447878917
H            1.25883355644736        1.05383502291010        3.36853471808736
H            1.79471356545218       -2.26624798866901        0.33468102628055
H           -1.83435801191202       -1.36309667386200        1.32889593509166
H           -2.00137209576058        1.93905886377633       -0.12480073988569
H           -1.41621531145366        1.87796026663827        2.32007615217959
H           -2.60003389831169        0.57716145573853        2.56301650171344
H           -3.14930832990960        3.23969871757628        1.85401982137640
H           -3.95205234310826       -0.22970218944285        0.73402270831960
H           -4.70036544796006        1.88457077614063        0.30049065176348
H           -2.56982277066286        0.11766153293082       -1.96539797758009
H           -4.92908056724701       -0.30609905292722       -1.96047698834561
H           -2.92925818018360       -2.42027753396491       -0.33486883499941
H           -2.16389802629845       -2.48824331106363       -2.50419938851757
H            0.65169659588603       -0.06613869664837       -1.45034175218127
H            0.27129836614860       -2.25266390867869       -2.11187578134405
H            3.47538687196644       -1.22853649553290       -1.45431068237609
H            2.62381296760671       -0.26847170677485       -3.38204788669523
48
 energy: -84.829287161834 xtb: 6.7.1 (edcfbbe)
C            5.01445888800607        1.87304013765406        0.42837771146983
O            4.50402827109014        0.89413855665318       -0.46936453148566
C            3.16234533114836        0.61769711991669       -0.30069594064117
O            2.98937053420769       -0.03161863980816        0.93955856258704
C            1.65264551504893       -0.38076840946656        1.22417286829168
C            1.62554633608829       -0.98501415147408        2.63521438941150
O            1.89894946753408       -0.05937585063346        3.65112065700665
C            1.14142079590600       -1.39642847695651        0.17996597293809
O           -0.14559239680693       -1.90977727409513        0.48891294050277
C           -1.31229568980291       -1.13788256748892        0.41426554455736
O           -1.04420415374281        0.22494414670285        0.22004189726280
C           -2.17091054304658        1.08294802892766        0.36688914185052
C           -2.30864250021067        1.61521182560822        1.80791679826769
O           -3.36794795989252        2.53463139202500        1.90006492149955
C           -3.48159065947225        0.41816914322304       -0.09371611086590
O           -4.39781193846453        1.36294855840811       -0.57966260326348
C           -3.14952833223644       -0.55793209831168       -1.22704388088879
O           -4.30290157448206       -1.12221534296643       -1.79109396508538
C           -2.28578593271198       -1.69854085829327       -0.66922771132299
O           -1.57180275075838       -2.34262118604991       -1.68993930767988
C            1.28716291882060       -0.81368526046266       -1.23461023344326
O            1.07593080775784       -1.78091153192312       -2.23059704683030
C            2.71026515354942       -0.27725922761854       -1.45920365730318
O            2.75982494669792        0.48018564374084       -2.63840612407770
H            4.89711069495120        1.54511093181599        1.46338399217369
H            4.50043295983113        2.82866899122920        0.28214462641998
H            6.06784132278562        1.97365070621670        0.18150090373607
H            2.55688844026729        1.55239035425834       -0.31557604241028
H            1.02124583041071        0.52218005366565        1.18341797455277
H            2.41190355754069       -1.73903247622170        2.70220536586526
H            0.65043346675626       -1.46637631143929        2.78537704227125
H            1.25183422397164        0.65753496996863        3.62242546573497
H            1.77179761322289       -2.29225806407978        0.23994549471745
H           -1.81438528485429       -1.26951156582159        1.39301773816142
H           -1.96653750373391        1.92366003784450       -0.30920667587874
H           -1.35775733514084        2.05551429164560        2.12417974922027
H           -2.55526078182583        0.79264778353504        2.48452486391447
H           -3.08331671939860        3.39368948650990        1.56160994347231
H           -3.93053694601113       -0.15094662559370        0.73515111446859
H           -4.66468978975455        1.93420669614856        0.15678985638469
H           -2.57437095992590       -0.01657397173113       -1.99635908265023
H           -4.93839258207535       -0.40735828230525       -1.94175083502562
H           -2.95346585169506       -2.42091810473118       -0.17748972512803
H           -2.21033285955305       -2.67622177275328       -2.33635874295157
H            0.58331340147371        0.02399677277474       -1.35403720960257
H            0.18442160122258       -2.15452784910224       -2.10051745736557
H            3.40471437705977       -1.12864894760834       -1.51108193737449
H            2.46416959425776       -0.09076365871835       -3.36275664830393
48
 energy: -84.828583340904 xtb: 6.7.1 (edcfbbe)
C            4.99993558297097        1.90211300166064        0.45436105755858
O            4.48335222109562        0.94902446254818       -0.46728112378990
C            3.15494476634631        0.63469379408652       -0.26772408309827
O            3.03755306923694       -0.07852831831308        0.94406431923662
C            1.71674565719151       -0.44813196958232        1.26941651493461
C            1.75837090924587       -1.16243681972586        2.62782135794235
O            2.04060683457686       -0.31189590464784        3.70499515041630
C            1.12899445732625       -1.37144413632917        0.18030769366401
O           -0.15445420786158       -1.85582566538697        0.54942944950684
C           -1.32272245260354       -1.09201133103896        0.43544749336605
O           -1.05968969622126        0.25523269213276        0.14692813952132
C           -2.18512853938116        1.11817265241676        0.27012579067059
C           -2.29443406237553        1.72769545169489        1.68264267108476
O           -3.35682798805529        2.64597021013072        1.74859708442466
C           -3.50146381563503        0.42370905267185       -0.12690971662924
O           -4.43016711120781        1.33571204140548       -0.65094191862379
C           -3.18640567181823       -0.61663947513945       -1.20744271684442
O           -4.34813536915599       -1.21841115859238       -1.71278784513451
C           -2.30236937888858       -1.71884787586180       -0.60453857271625
O           -1.58828196733464       -2.40211900018802       -1.59994003022619
C            1.24959314732890       -0.73760009778585       -1.21256659232440
O            0.99963203118166       -1.66594881243121       -2.23741857596823
C            2.67746373113700       -0.21778183830689       -1.44770217507024
O            2.71532371056682        0.57321185266560       -2.60474680992837
H            4.92409813511550        1.52888881713258        1.47785476519827
H            4.45892952744967        2.84988923560246        0.36502331614703
H            6.04196443625956        2.03920561635235        0.17879219259978
H            2.52997920374002        1.55502049072843       -0.21611716905069
H            1.08714637144633        0.45751012697693        1.33440926103736
H            2.56986908114708       -1.89192368198375        2.60548738793401
H            0.80458439196801       -1.68627150651871        2.76996424136496
H            1.35704593752278        0.36700045266734        3.77286230495681
H            1.72958654845847       -2.29141320780962        0.16834398971451
H           -1.81627289289500       -1.16088092266397        1.42438871709495
H           -1.99743560104222        1.92084548801015       -0.45513422382838
H           -1.33893666517693        2.18814338361898        1.95285596857447
H           -2.52114165892086        0.94149804892040        2.40793310830337
H           -3.07850372946434        3.49247883594861        1.37538071384276
H           -3.93384709670701       -0.09683908818357        0.74182920440221
H           -4.68048512044896        1.95247934336286        0.05373621830231
H           -2.63137447156670       -0.11762786647665       -2.01898681469368
H           -4.98937292860185       -0.51622577971286       -1.89525711681867
H           -2.95424532738306       -2.42465454213787       -0.07012098967428
H           -2.22696936571422       -2.78864541795881       -2.21573422379747
H            0.56407104352408        0.11781099091802       -1.29230089661702
H            0.12015844282172       -2.05929502149648       -2.08212503346801
H            3.36073497880030       -1.07526058649562       -1.53669210400286
H            2.38797590772570        0.03035110688537       -3.33704933525389
48
 energy: -84.826624629459 xtb: 6.7.1 (edcfbbe)
C            5.17362421069368        1.75795583603041        0.52193154957354
O            4.57747510091767        0.89799237883424       -0.44221791092658
C            3.24112680622673        0.63939746520534       -0.21655658322528
O            3.12540314288607       -0.15012316751619        0.94707025392533
C            1.80001620784321       -0.48223008738043        1.29059028518945
C            1.85022149878885       -1.29376486505199        2.59378674458160
O            2.08940194672309       -0.51448716384864        3.73398466790075
C            1.12829799100414       -1.29015523543557        0.15804586242051
O           -0.15173575944092       -1.75009233376107        0.57545046381531
C           -1.34070073646221       -1.02534358268227        0.43308858603743
O           -1.12921148104842        0.30705499635441        0.05369660332749
C           -2.27936222344468        1.13870388709300        0.15896597484508
C           -2.34856103732869        1.85667830782764        1.52219173533859
O           -3.41967979883963        2.76693339100392        1.55208454395806
C           -3.58594183945463        0.37260694791448       -0.12084964604758
O           -4.57408402959143        1.21621050706924       -0.65149586707474
C           -3.29333637164183       -0.72583816916713       -1.14940147426072
O           -4.45735517575536       -1.41196195730789       -1.52637566779892
C           -2.31149127875357       -1.74586182124856       -0.55080377822852
O           -1.57884568780422       -2.39954364987073       -1.55332390737569
C            1.23251411658800       -0.56073349732769       -1.18649798126343
O            0.89853328249826       -1.39161543458398       -2.27017027263954
C            2.68003193592773       -0.10121203521395       -1.43473335198151
O            2.72199251099843        0.76950100537893       -2.53273730063518
H            5.11692930669619        1.31697273440722        1.51938371140387
H            4.67661667860106        2.73355216128196        0.52067579508234
H            6.21024510203186        1.86620301642742        0.21506588096835
H            2.66955140052529        1.58528073509073       -0.07911263162322
H            1.21666116261307        0.44474291171407        1.44336180694717
H            2.68857243173544       -1.98927462730035        2.52606517757173
H            0.91489979039100       -1.85941739303009        2.68400819446247
H            1.35625856165469        0.10017979042637        3.86738776691829
H            1.69145109751670       -2.22909026813260        0.05302377986823
H           -1.81761420526107       -1.04775080545906        1.43242242675751
H           -2.15296751875585        1.88725366362615       -0.63442087149416
H           -1.38985567674480        2.34604942827185        1.72224389419650
H           -2.54128956053829        1.12947380604658        2.31558808082577
H           -3.17112259999616        3.57560620571922        1.08543358377318
H           -3.95357783612284       -0.10277858803399        0.80194985657642
H           -4.79584988138659        1.88170240753703        0.01787748579975
H           -2.82517387619054       -0.25643711564915       -2.03027880777226
H           -5.14216787816995       -0.75337376187447       -1.71253404537668
H           -2.88972378699536       -2.48219097488560        0.02468242107996
H           -2.20004503922711       -2.86523153196269       -2.13060161243549
H            0.59827819808712        0.33593726435246       -1.18116936015900
H            0.03819804575234       -1.81403069865748       -2.08457131789367
H            3.31316004792104       -0.98348040773401       -1.60976261355283
H            2.34022771125213        0.30002745772628       -3.28896214788460
48
 energy: -84.824000699705 xtb: 6.7.1 (edcfbbe)
C            5.39027504690119        1.53859435130438        0.57141341193493
O            4.69432140360815        0.79705518864368       -0.42374192063466
C            3.35094602295918        0.62582460957721       -0.16085273250659
O            3.21594336356407       -0.23982932796805        0.94555077032432
C            1.88306758604776       -0.51013815225957        1.31200160583972
C            1.92034010350950       -1.41318204916094        2.55412099302217
O            2.22061139711391       -0.72555232787553        3.73835289007575
C            1.12353221612408       -1.18623774804812        0.14739728661733
O           -0.15548247175131       -1.61842744317737        0.60190486431277
C           -1.36810281255030       -0.94297942223681        0.42795698276825
O           -1.22214568090532        0.36617630154902       -0.04600717781576
C           -2.40556536977177        1.15199894513249        0.04093643834283
C           -2.45292571481798        1.96856579269997        1.34835883174247
O           -3.55557604813281        2.84097165024322        1.35372807459448
C           -3.68456495681419        0.31008631928628       -0.12506255775404
O           -4.73557812850687        1.07089179048428       -0.66015620534603
C           -3.38802552403147       -0.83936471278115       -1.09591475997695
O           -4.53125196394391       -1.61034809561385       -1.35435347237485
C           -2.31043915457162       -1.76288922764096       -0.50289010156540
O           -1.54576708635097       -2.37224990741801       -1.51019016980051
C            1.21595337963543       -0.33525990645379       -1.12176664537102
O            0.75409356026874       -1.01032639203067       -2.26494277177634
C            2.68547038176602        0.02778516150784       -1.40458597142095
O            2.75157709501112        0.97586287138618       -2.43454011972437
H            5.32819066073050        1.03738813245108        1.53967959464920
H            4.97657011289281        2.54922395109638        0.65161309881401
H            6.42221499799220        1.58278931735492        0.23435821851801
H            2.86332733873980        1.59984808865122        0.07102474213551
H            1.36820513509710        0.43892555014458        1.55247927530798
H            2.72206015555924       -2.14103499077703        2.41855667742094
H            0.96040228005466       -1.93770387485952        2.62797893175793
H            1.51880164590737       -0.08986393158212        3.93007131355832
H            1.63961440154359       -2.13439767665951       -0.06654387512733
H           -1.83398924105120       -0.92110075747511        1.43217809794353
H           -2.34438385590921        1.84129828011481       -0.81144999200838
H           -1.50598490550445        2.50365666075703        1.47401476138013
H           -2.58809174318704        1.29726215273414        2.20069827520957
H           -3.35581017026520        3.61840486440429        0.81604298614402
H           -3.98715787643993       -0.11894578581220        0.84288247986270
H           -4.95232473427621        1.77490927270386       -0.02941810093728
H           -3.00244687973989       -0.40245196632458       -2.03194741254523
H           -5.26028671765823       -1.00316901335503       -1.54707030464288
H           -2.80784808286020       -2.53048329621977        0.10543346437319
H           -2.13042368216360       -2.91181872703414       -2.06034264521897
H            0.66735932310387        0.60738145393209       -0.98866885446285
H           -0.06562991292964       -1.49214075280073       -2.04430079663107
H            3.23895079695824       -0.88351077352532       -1.67517592014849
H            2.27796931748825        0.60850270380344       -3.19533166252322
48
 energy: -84.821792640551 xtb: 6.7.1 (edcfbbe)
C            5.58822567030478        1.28955470368371        0.58065890867394
O            4.78028679813857        0.69725386417957       -0.42976777371654
C            3.44252809235020        0.61174736519329       -0.10354726883591
O            3.29235122299864       -0.33593521973606        0.93169793849296
C            1.96107009080777       -0.55093809845330        1.33859365624524
C            1.99260755433265       -1.55301346005054        2.50296140304333
O            2.37221758886996       -0.97940127062149        3.72465628084157
C            1.11386186261750       -1.08080033173175        0.15824661736234
O           -0.16177458087400       -1.48623347167428        0.64871870709424
C           -1.39390113987742       -0.85615624698309        0.44418548447633
O           -1.30299845844119        0.41974184983262       -0.12155616762660
C           -2.51855532746000        1.15877953827931       -0.08609024817953
C           -2.57722267107245        2.09452440509876        1.13882025373701
O           -3.71756141300021        2.91642240242396        1.08792001202917
C           -3.76451366430094        0.25534220250572       -0.13720016647523
O           -4.86480774672707        0.93118068634825       -0.68760044393848
C           -3.45970338541019       -0.95490734880185       -1.02773656243006
O           -4.57176763932375       -1.80237038018988       -1.14741739363090
C           -2.29237942417320       -1.76877174395131       -0.44232270622517
O           -1.48843040689066       -2.31597935096382       -1.45624284376159
C            1.19090484328534       -0.10284095206927       -1.01400498590711
O            0.60485605766664       -0.60034039722388       -2.19114636642124
C            2.66600038944538        0.18475146892264       -1.35359756930147
O            2.74439160530499        1.22243880458996       -2.29197536452573
H            5.53538142787797        0.71087697453769        1.50526680305007
H            5.26638293197230        2.31871883941202        0.77037659129545
H            6.60083818844812        1.28114571612000        0.18683972712830
H            3.05233900543876        1.59707237374841        0.23845311485470
H            1.52062862786657        0.40468655247902        1.67844952176364
H            2.74798715922414       -2.30779270112015        2.27826135924176
H            1.00851113268986       -2.03042001833692        2.57301183376364
H            1.70933972807499       -0.33127282004936        3.99670091382190
H            1.57627878103633       -2.02235710385873       -0.17660670020104
H           -1.85632781733960       -0.79128227660624        1.44728201968882
H           -2.50386480224067        1.76460243980773       -1.00168156568833
H           -1.65299298361295        2.67901559980355        1.19168314350766
H           -2.66575027487657        1.50216389534201        2.05359987355278
H           -3.56320089385502        3.64568806162414        0.47320465372099
H           -4.01504319508194       -0.10662193164411        0.87231904526291
H           -5.06959347554676        1.68792799267434       -0.11598897995029
H           -3.16061568777932       -0.57488296812620       -2.01866163061703
H           -5.34161079487612       -1.25252605471773       -1.35304720981370
H           -2.70369660324821       -2.56735110567003        0.18895898706405
H           -2.01721322419729       -2.93348325260221       -1.97980610024425
H            0.72830771495180        0.85619378685962       -0.73826394733043
H           -0.15776558840558       -1.16320813277680       -1.96366007887516
H            3.13489692335472       -0.73094224209685       -1.74345333447224
H            2.19109281197603        0.96999653239792       -3.04601164005136
48
 energy: -84.820145714365 xtb: 6.7.1 (edcfbbe)
C            5.67926314011435        1.15322126570470        0.63281238374090
O            4.81203783713714        0.70283719020419       -0.40162050755039
C            3.48524204319358        0.62497992589078       -0.03150478826216
O            3.34014262347014       -0.41751260480836        0.90849194845073
C            2.01826647200862       -0.62358950926564        1.34733403529461
C            2.05498510396580       -1.73096445210608        2.41157133009510
O            2.55923264687896       -1.30108600995049        3.64699725652434
C            1.10442843351960       -1.01078806098527        0.16190427212510
O           -0.16837722069319       -1.37862815695312        0.69285805449081
C           -1.41263083855934       -0.78534429551376        0.45188783579374
O           -1.35917383445578        0.44283673777644       -0.21377599812834
C           -2.59439336459307        1.14858957548992       -0.23086757009740
C           -2.63112738010560        2.22886229652628        0.87048490479993
O           -3.77751705451573        3.03448109766723        0.75042651134580
C           -3.81843227102710        0.22163620740569       -0.11753792306281
O           -4.96411304239079        0.82211892296743       -0.66450815502080
C           -3.55032048528357       -1.07123867526280       -0.89789757376827
O           -4.62512880567863       -1.96771481057640       -0.78745602026637
C           -2.27860207563857       -1.77247005818321       -0.38209672315875
O           -1.47315065276564       -2.22301387660279       -1.44271934893339
C            1.18053950136912        0.05742874646973       -0.92762823824392
O            0.56203821873025       -0.33848799440291       -2.12758747555993
C            2.65115599214140        0.34645237822072       -1.28594556038058
O            2.72324224195289        1.47190988929529       -2.11782864710495
H            5.64201906805763        0.47646520166720        1.48896539504670
H            5.40197813105493        2.16408942410202        0.94894886953932
H            6.67472800073641        1.15750660893743        0.19740485291078
H            3.14122695761094        1.58206454603921        0.42222765207907
H            1.62758969445484        0.31010896714236        1.79249910934699
H            2.73504483502620       -2.51105424229149        2.06565325497377
H            1.04472544058353       -2.14352404613108        2.51188436111750
H            1.97546600697367       -0.62551518746847        4.01600352006775
H            1.50683025474071       -1.93967588599739       -0.27344966638472
H           -1.87241288884549       -0.66459385261055        1.44968750653382
H           -2.62913857487876        1.63632051429846       -1.21429628899981
H           -1.70961573867210        2.81848947317016        0.82639014029960
H           -2.69080302035500        1.75290032771912        1.85317903787485
H           -3.64602301301642        3.68002890401094        0.04367674540666
H           -4.00197693970922       -0.03860611429396        0.93695784923416
H           -5.13461800470774        1.64388086284088       -0.17664842927876
H           -3.39184717288147       -0.79306517323990       -1.95314113157155
H           -5.43910143617600       -1.48154186047850       -0.98290554302005
H           -2.57495611139437       -2.60923260297003        0.26294789273705
H           -1.93752084306342       -2.91987913274089       -1.92537188087807
H            0.74144188848400        0.99924418675969       -0.56561599065966
H           -0.20781873165638       -0.89883618486248       -1.92720089410026
H            3.08170891534969       -0.53560420462070       -1.78286600098120
H            2.14546106706242        1.30551093938853       -2.87724462678477
48
 energy: -84.818646831162 xtb: 6.7.1 (edcfbbe)
C            5.73117751532809        1.07157940163982        0.69289482213301
O            4.83093592001634        0.74260075308450       -0.35890651136675
C            3.51376725923699        0.63911667346642        0.03797197593287
O            3.37797900958386       -0.49353014032409        0.86791103466611
C            2.06779990563122       -0.70677552741082        1.33469769916284
C            2.10743644284874       -1.91080146950784        2.28762646839133
O            2.71838484445187       -1.62822707499328        3.51715249727603
C            1.09444117996770       -0.95353720779869        0.16022431090110
O           -0.17046424120083       -1.27046266240583        0.74381166363865
C           -1.42444474113982       -0.71027517920652        0.47318988787936
O           -1.40313801742964        0.45538581393183       -0.29899702884140
C           -2.65288998559421        1.13201280949965       -0.36450542139315
C           -2.67494995097901        2.33346195507219        0.60413301660218
O           -3.83220727188454        3.11214762107228        0.42303662561130
C           -3.85767234672373        0.21017148022468       -0.10290179135558
O           -5.03221747568428        0.74142647572975       -0.66109816541782
C           -3.61478046427050       -1.16057641388140       -0.74784058201467
O           -4.64176465203892       -2.06229662847482       -0.42612568119863
C           -2.27311774982811       -1.76668064577571       -0.28794085774125
O           -1.48880743854451       -2.17110935745902       -1.38312623213893
C            1.17866276037821        0.18061635166327       -0.86035014081518
O            0.56459946436939       -0.15445081693271       -2.08173961661067
C            2.64488557060165        0.49638478935788       -1.21503382308069
O            2.70902571613062        1.70026733867027       -1.92998929714359
H            5.71540230830520        0.30283789964241        1.46830672278596
H            5.46944657166119        2.04115106839676        1.12886548657986
H            6.71319599483275        1.12237329847444        0.23073737300413
H            3.19351148193552        1.54742310016382        0.59722221740890
H            1.72095111791195        0.18995899120013        1.88051153269887
H            2.71375393493757       -2.69123503539483        1.82506756462565
H            1.08192810265663       -2.27285519193867        2.42237594012627
H            2.20713708241116       -0.95462065336493        3.98433863352454
H            1.42435171604070       -1.86831409448509       -0.36003397080423
H           -1.87341594597094       -0.51958898702240        1.46349521306286
H           -2.72600035752661        1.50104662132350       -1.39629653701390
H           -1.76088613342061        2.92021133781482        0.46710639654740
H           -2.70358811851265        1.97383148480636        1.63653412051038
H           -3.72448867992274        3.67407496014158       -0.35559607381968
H           -3.99418418978966        0.06472122692979        0.98052104190453
H           -5.18227935403761        1.61687335049574       -0.26812358742244
H           -3.57042998280642       -1.00583846854521       -1.83857791039619
H           -5.48760537566256       -1.63344396030512       -0.61996059313984
H           -2.47827409910090       -2.60827938565393        0.38469572366327
H           -1.89614354894539       -2.93724047530089       -1.80756722135392
H            0.73584197128244        1.09756171836834       -0.44266558023276
H           -0.24622881041611       -0.65876835448137       -1.90534319780548
H            3.05485243147860       -0.33439056890806       -1.80789597587256
H            2.14050564641075        1.60605899608399       -2.70833247736491
48
 energy: -84.817451460776 xtb: 6.7.1 (edcfbbe)
C            5.79501178403363        0.99557961809124        0.76836811262161
O            4.87747940972199        0.79753275897847       -0.30124884208002
C            3.56430654564103        0.66665664983692        0.10042612641615
O            3.41779185635549       -0.55121673047821        0.79534183905876
C            2.11130493521895       -0.78201257027008        1.25922418022884
C            2.14189784500695       -2.07549986180364        2.08935418855435
O            2.74885771869638       -1.91754732523177        3.34313843038673
C            1.09351170131608       -0.89032115431059        0.09894305330884
O           -0.15061798381349       -1.13785013346080        0.75895956656891
C           -1.42147771843780       -0.63224456909445        0.47305090186885
O           -1.45785707726443        0.41957192280412       -0.45079854982453
C           -2.71060579930668        1.09453709032310       -0.50470510720167
C           -2.68710873805666        2.37265078770994        0.35935098510196
O           -3.86866093277700        3.11645023296325        0.19217328654229
C           -3.89404666323565        0.19305266408750       -0.10713910449092
O           -5.09152274747472        0.64511672484379       -0.68514827978963
C           -3.64141391730267       -1.23433192047907       -0.61059423198616
O           -4.67630029579775       -2.10024841021549       -0.22368034334085
C           -2.31122285941016       -1.79063249029302       -0.06118055849941
O           -1.57431003450643       -2.44476744749644       -1.06070967517191
C            1.21049545079117        0.33301995229700       -0.82002600241481
O            0.62026002718129        0.11839040968689       -2.07800084041524
C            2.67819119694504        0.67066060882864       -1.14638408930999
O            2.74769032637590        1.94320938259092       -1.72985832688037
H            5.76744664987807        0.15178813826950        1.46094978544823
H            5.56098636985303        1.92115723528520        1.30437296807121
H            6.77372857527528        1.07048409579033        0.30253965393660
H            3.26406406878040        1.50981167194803        0.76317892586301
H            1.79293788084478        0.06180603376777        1.89766789323690
H            2.74770625459155       -2.80792335006866        1.55317420263110
H            1.11509467779857       -2.44461136231454        2.18497281944049
H            2.22481823169596       -1.30761208599697        3.87863359769085
H            1.32925272890033       -1.77634524841754       -0.51056832538957
H           -1.82008585654124       -0.29621169120071        1.44677082273059
H           -2.84024464395726        1.37511179972236       -1.55801371974836
H           -1.79543859082998        2.95734734575616        0.11125685789866
H           -2.63970138643726        2.10147082013975        1.41774489120014
H           -3.81783310985065        3.62464119151248       -0.62806550181716
H           -3.99763775403507        0.16236793446522        0.98873091783126
H           -5.26473660095513        1.54201084610280       -0.35700335918002
H           -3.57112301971650       -1.19125027033433       -1.71014542968984
H           -5.51713392985403       -1.68622038464861       -0.46643874134311
H           -2.53497341190728       -2.46858428758304        0.77275261597014
H           -2.02513576613576       -3.26345506294415       -1.30299573227703
H            0.76720740961740        1.20960000090167       -0.32251279913545
H           -0.31706339255270       -0.08435447153803       -1.94120004203847
H            3.06989116232395       -0.09752591954095       -1.82840564009243
H            2.20631444390232        1.92673807997510       -2.53277372028143
48
 energy: -84.817875601643 xtb: 6.7.1 (edcfbbe)
C            5.83936821758724        0.91340653571306        0.81179088650027
O            4.90110326827385        0.84963718973090       -0.25626669508744
C            3.59358586316397        0.68810538980218        0.15298376408609
O            3.44127409253581       -0.59748584762871        0.71016494434007
C            2.14445519389344       -0.84604538637681        1.18845710663581
C            2.16858821304110       -2.21588476335815        1.88652291616160
O            2.79319330813355       -2.18851567614906        3.14128063816474
C            1.07838428553242       -0.81714526927419        0.06666444896139
O           -0.13489160688276       -1.00701254006560        0.79959501004849
C           -1.42061004656568       -0.54854231075522        0.50556619883557
O           -1.49985532549948        0.39203576496269       -0.52919736190398
C           -2.75596635168709        1.05801123598760       -0.60359306247025
C           -2.72807500495463        2.39648964401894        0.16336162162962
O           -3.91801311538257        3.11634143302988       -0.04374170454209
C           -3.92303604005692        0.17684981027295       -0.12027309693952
O           -5.12944442170019        0.55187397558918       -0.73354033436606
C           -3.63787046093820       -1.28366861381404       -0.49368946797537
O           -4.67398217186153       -2.13095419739685       -0.07078262805390
C           -2.32320189059356       -1.76667295541929        0.15089578671691
O           -1.59498219589469       -2.59279608912376       -0.71776848484307
C            1.21999089115803        0.46374770928189       -0.77348721923335
O            0.65116983412168        0.33389641195623       -2.05346478774259
C            2.68797822826516        0.83236924957081       -1.06956397407809
O            2.75515412043466        2.16049971138518       -1.51323868033813
H            5.81974867868247       -0.00798020229603        1.39744750431282
H            5.62022940760831        1.76764196683975        1.46053676500591
H            6.80972447178231        1.04119378571198        0.34011465745368
H            3.31482875449911        1.45598686769087        0.90980901125079
H            1.86535660817159       -0.06404018928118        1.91692658265821
H            2.75869585939655       -2.89786763493932        1.27214317076102
H            1.13875775810340       -2.58102419043473        1.96029024744128
H            2.27923941179453       -1.63322603503630        3.74201144675467
H            1.22104599544068       -1.67384670922371       -0.60895862087727
H           -1.78801280918738       -0.10199850024085        1.44691094103099
H           -2.90880765165691        1.25987017794542       -1.67156502572396
H           -1.84436366609500        2.96735416494855       -0.13948343020241
H           -2.66527897044341        2.20607340345568        1.23842951824362
H           -3.87826406254167        3.56855227086848       -0.89668890525808
H           -4.02431060847571        0.24293587509665        0.97424838092992
H           -5.32405401681007        1.46808286329912       -0.48038369543909
H           -3.52727065424683       -1.33453792706432       -1.58948690960315
H           -5.51170792369964       -1.74491390535786       -0.36533137216087
H           -2.56756367517494       -2.29723224433163        1.08140438905943
H           -2.09525001302252       -3.40517089880188       -0.87044854751427
H            0.76627311213860        1.30418124586139       -0.22472232987371
H           -0.29537028929467        0.15501229918399       -1.94582015311389
H            3.06725349985892        0.14092795476344       -1.83550015017080
H            2.23477892301575        2.22548243146268       -2.32707966212463
48
 energy: -84.819031871289 xtb: 6.7.1 (edcfbbe)
C            5.88768661321556        0.79905314069185        0.84961973282669
O            4.93252670242082        0.87551128218812       -0.20246483746587
C            3.62804552648837        0.69561508878274        0.20930697570662
O            3.45362156299325       -0.64137929602134        0.61917139935290
C            2.16477991231583       -0.90054189697472        1.10929323271069
C            2.16032145334538       -2.33587554868299        1.66198221039877
O            2.80488172749035       -2.45602766593582        2.90104597057302
C            1.05947131936622       -0.72475685826908        0.03973195829177
O           -0.11671921531839       -0.86593002376057        0.83849856273676
C           -1.41729692860903       -0.45589376990696        0.53851577042033
O           -1.53366667427489        0.37182304856120       -0.58488769944643
C           -2.80307442643610        1.00659123041716       -0.70119871591153
C           -2.79162518600582        2.41223380403967       -0.06526844712841
O           -4.00262558778026        3.08217216403811       -0.31457545082230
C           -3.94451250947853        0.15305487692771       -0.11819388425117
O           -5.16731446770650        0.44369621521223       -0.74458930427789
C           -3.62957152633381       -1.32946590101305       -0.35462637894486
O           -4.64912634289095       -2.15571649957955        0.14224717280666
C           -2.31018936990795       -1.71694054563085        0.34118725711101
O           -1.57839918474315       -2.64310651259072       -0.41638566551350
C            1.23560535326059        0.61082344270751       -0.71058300444111
O            0.67829381588128        0.58423034785639       -2.00192644670876
C            2.70809517946123        0.99145680977912       -0.97384540837455
O            2.79172672513361        2.36004217715234       -1.26710869493577
H            5.85094501439931       -0.17946128233841        1.33316244710808
H            5.70188256093647        1.58367644879005        1.59040281632425
H            6.85434434336879        0.95154859921624        0.37755173284297
H            3.37795445646395        1.37799131457116        1.05268202221196
H            1.93125618182081       -0.19077264273130        1.92243177277280
H            2.71976387279268       -2.96716405718260        0.96951609408467
H            1.12131941024885       -2.67771747852799        1.71760411618673
H            2.31377544945111       -1.95589470328857        3.56594369589076
H            1.10674873590079       -1.53859996776315       -0.69823267199648
H           -1.76558632185636        0.08276014891075        1.43811760383769
H           -2.97585099877425        1.10239522904247       -1.78080804841387
H           -1.92804723403669        2.97196778998220       -0.43870839769240
H           -2.70474349259903        2.32632622882122        1.02140676474233
H           -3.99404420189346        3.44259611638980       -1.21115373636737
H           -4.03172078668935        0.32077503435791        0.96659350730282
H           -5.37902741070747        1.37483201835246       -0.57240903596549
H           -3.50914351733184       -1.48170005836020       -1.43988081956796
H           -5.49434586576800       -1.80743639748857       -0.17668091692766
H           -2.54979020862837       -2.12740767618722        1.33199907387992
H           -2.07802673121807       -3.46875667186762       -0.46403981013782
H            0.78431506054427        1.41318280071182       -0.10411656339870
H           -0.26618677722557        0.38137002589224       -1.92012559273603
H            3.06861862496309        0.38478755057499       -1.81678556465305
H            2.28465039088336        2.52002982763032       -2.07593716596294
48
 energy: -84.820607989882 xtb: 6.7.1 (edcfbbe)
C            5.93209459964752        0.66867050705106        0.85332418236556
O            4.96176089929912        0.87317375078638       -0.16728627290647
C            3.65979536942119        0.69052360289901        0.25134774943006
O            3.45101760356058       -0.67440275338306        0.53329383402612
C            2.16978548687578       -0.93428805064966        1.04058440083122
C            2.12117461718624       -2.41505643571477        1.45305276531118
O            2.80448380923426       -2.68338535109618        2.64707134255486
C            1.03332941502226       -0.61888170221071        0.03833458029014
O           -0.10269557179860       -0.71477756278303        0.89715031391808
C           -1.41687736075477       -0.35961437892781        0.58731511035236
O           -1.55857625379466        0.34894635106789       -0.61211659372320
C           -2.83913673023613        0.94898526036367       -0.77937889940278
C           -2.85906035377250        2.40193753191155       -0.26100835109490
O           -4.08199304004911        3.02282174081467       -0.57025211012414
C           -3.96291872951193        0.12038497780071       -0.12928778790308
O           -5.18632762742852        0.31414588141281       -0.78983248873978
C           -3.59887813084080       -1.36623510741234       -0.22959444702575
O           -4.60728100274327       -2.18082815533067        0.30762211381724
C           -2.29090825903973       -1.64856339843216        0.53236569162757
O           -1.53721557154127       -2.65484565352096       -0.08907570506497
C            1.25048830617662        0.75551777473883       -0.63349541663848
O            0.68755527809781        0.82600483134172       -1.92114248366248
C            2.72955433217028        1.12474550604152       -0.87973392865545
O            2.84777058907952        2.51319831836451       -1.03833507768194
H            5.87949599964841       -0.35280127176078        1.23586512052752
H            5.77770452598543        1.37788591306389        1.67299147410466
H            6.89424699624785        0.84665166090909        0.38102242718609
H            3.44452070658797        1.29465801244690        1.16130193999392
H            1.98885570363407       -0.29845477498105        1.92503134083690
H            2.62458009085262       -2.99934729282323        0.68079707522069
H            1.06984144471788       -2.71638287219053        1.51743954568933
H            2.36674550846819       -2.22230414677873        3.37438786029464
H            0.98644466559567       -1.38648997321804       -0.74649507621950
H           -1.76130555348862        0.26151549098771        1.43371080224000
H           -3.01136759768134        0.95115309727273       -1.86330065456171
H           -2.00475116466692        2.94714396051435       -0.67508563604150
H           -2.77762644137922        2.40791838811945        0.82943415198432
H           -4.07437360393761        3.31088262369923       -1.49249260287631
H           -4.06588695917887        0.38315476412224        0.93503412243358
H           -5.43529722967015        1.24691704351289       -0.69781293284327
H           -3.44121356182082       -1.60573651162094       -1.29429033463682
H           -5.45373431505420       -1.87951830354392       -0.05326068177539
H           -2.54588008596216       -1.93730211070803        1.56229769328083
H           -2.05793489870925       -3.46910455237358       -0.09619146905641
H            0.81829639578972        1.52765946160197        0.02517101974173
H           -0.25165946826015        0.59379275896398       -1.85366716935537
H            3.06199532053595        0.59459244422847       -1.78338617652882
H            2.36135687627845        2.76533601305536       -1.83594472590788
48
 energy: -84.822666585637 xtb: 6.7.1 (edcfbbe)
C            6.01450579860333        0.44866598323651        0.77597267916975
O            5.02388243112151        0.79995115268669       -0.18348418153385
C            3.72896169196511        0.66662000758949        0.27360424162032
O            3.44002067329103       -0.70141673525059        0.45163764025693
C            2.16121490845707       -0.92456433774704        0.98179694345386
C            2.03334697595246       -2.43008574864223        1.27503145913312
O            2.65906183156008       -2.82052173512336        2.46754524389782
C            1.01508319509564       -0.46152046956872        0.05055716814604
O           -0.09230427065000       -0.54474659685942        0.94546927572261
C           -1.42097082070685       -0.26292583598805        0.62192808567392
O           -1.58530112980540        0.34136126304399       -0.63097746478478
C           -2.88854761247317        0.87114385230003       -0.85563516043881
C           -2.97342145996034        2.36160508303686       -0.46576552062930
O           -4.21394954979103        2.90312833000976       -0.84633323636933
C           -3.98098538957052        0.05435396236787       -0.14111055333415
O           -5.20855238396874        0.14224441275424       -0.81570166868261
C           -3.55496054781031       -1.41876212305635       -0.11839513952161
O           -4.53613271708809       -2.23113989045182        0.46975911262317
C           -2.25014830301251       -1.58081073085799        0.68186302321815
O           -1.45697865944347       -2.62050598561853        0.17487404574112
C            1.29780275302440        0.96360565194782       -0.48054749251222
O            0.66788261612721        1.24265183545481       -1.70760778800344
C            2.78550439814180        1.25091424557179       -0.77594525484118
O            2.99397433001758        2.63624834863432       -0.83573232074562
H            5.90449066126996       -0.59472609305770        1.07881085219681
H            5.94025490085722        1.09707300176623        1.65500420085318
H            6.96880286754641        0.59982912249553        0.27906422216538
H            3.58859569926002        1.20415728983852        1.23821048375320
H            2.04563111170846       -0.35389819854596        1.91936866467054
H            2.54158128605190       -2.97303646075736        0.47607260691667
H            0.96945759013511       -2.69014132449823        1.27828064928161
H            2.19412038894901       -2.42171855580879        3.21448613169423
H            0.89281236590640       -1.14926387622224       -0.79534569785174
H           -1.78421011418196        0.41471006929250        1.41577728934239
H           -3.05061416056816        0.77086684453937       -1.93661514723084
H           -2.13358935555519        2.90350538214544       -0.91254937269648
H           -2.91301569130036        2.46503489307626        0.62116840115538
H           -4.19993028264566        3.11378283912344       -1.78921361036980
H           -4.09840896826475        0.39928449964541        0.89809146124772
H           -5.49290971927077        1.06949083157989       -0.80828926658637
H           -3.37001211500230       -1.73504440044655       -1.15832465131348
H           -5.39054352635006       -1.98749909364258        0.08494113894263
H           -2.51213683534684       -1.77472758456996        1.73230810076038
H           -1.96394883935508       -3.44238648084163        0.22248211036746
H            0.96594457551846        1.67704739277872        0.29426461338543
H           -0.26000260402693        0.96429548208499       -1.64056149858564
H            3.03941594451398        0.77349619633836       -1.73336263347419
H            2.45922109095989        2.98437158851607       -1.56339254599835
48
 energy: -84.825121114162 xtb: 6.7.1 (edcfbbe)
C            6.07598528470599        0.22720285155492        0.57959426978520
O            5.04654589486081        0.70247713374744       -0.28039228660178
C            3.78254877872023        0.63369494689353        0.26805313354844
O            3.40395133081649       -0.71959461753824        0.38285817395560
C            2.14154643860481       -0.89578573355819        0.97058877737325
C            1.93696502437820       -2.40726027938295        1.17997301641378
O            2.54087266734984       -2.89281377705465        2.34953696494395
C            0.99048977609994       -0.30167653998972        0.12519143551243
O           -0.10638835393697       -0.39149025369996        1.03142189775460
C           -1.43922718478651       -0.19189592588947        0.66202053908792
O           -1.58457055662655        0.32127273078610       -0.63437481416510
C           -2.89744142578105        0.78684130705208       -0.93542827011718
C           -3.04246829861148        2.30008725724770       -0.66949560097884
O           -4.28832237154283        2.76444325612822       -1.12734089625333
C           -3.98343358981845       -0.00506391632133       -0.18408908101228
O           -5.19636395999275       -0.00326756859675       -0.89003924057303
C           -3.52055850471629       -1.46003837766492       -0.03837064703524
O           -4.49043826845911       -2.24838339076219        0.59913358468446
C           -2.22405153273559       -1.52963413380800        0.78970720492962
O           -1.39342102899303       -2.57453659133776        0.35945495446399
C            1.33896588828629        1.15867126113614       -0.24515004218302
O            0.60520290876747        1.67540187165972       -1.33017924207536
C            2.81032184325308        1.36005201386827       -0.66037570149681
O            3.12159877058810        2.72697316776615       -0.64389833767124
H            5.91054513446541       -0.82141597152757        0.83558354722620
H            6.11527574388582        0.82764081064908        1.49424322326469
H            6.99989537200103        0.33882139921930        0.01890920944467
H            3.75649303535842        1.11250308071285        1.27259227820004
H            2.10963400158518       -0.37867596973731        1.94470998450927
H            2.42083890036068       -2.92830874677915        0.35176078164550
H            0.86266411665335       -2.61701400756548        1.16868007757094
H            2.08150952461887       -2.52828616775741        3.11705376517291
H            0.81483128740511       -0.89504190655283       -0.77869692901841
H           -1.85106567903412        0.52326209458363        1.39719202914711
H           -3.02386348839505        0.59431361206717       -2.00865349332232
H           -2.20824460168503        2.83542972312499       -1.13478963689653
H           -3.01930179709019        2.49202978618182        0.40682083498451
H           -4.25317097190728        2.89482301204370       -2.08413034912386
H           -4.13505858102331        0.41507825849348        0.82255295385646
H           -5.50149130511654        0.91457624314755       -0.96538963503714
H           -3.31223473004747       -1.85188141537634       -1.04769611396646
H           -5.34326744391909       -2.06555008702155        0.17883681804773
H           -2.49745884762786       -1.66706836942458        1.84607500142734
H           -1.87999011197936       -3.40558276159625        0.44668658113009
H            1.15684479519186        1.77220382632504        0.65581771339546
H           -0.28708039659479        1.28911708082654       -1.30078802053554
H            2.94716541275210        0.93901374846778       -1.66743307877521
H            2.50821613661586        3.17433331839207       -1.24485768981137
48
 energy: -84.827000202800 xtb: 6.7.1 (edcfbbe)
C            6.07943521849228        0.06466682816948        0.31856012185163
O            5.00217127186693        0.62031069550554       -0.42696471083283
C            3.79340141447729        0.60507161408610        0.23756193070413
O            3.34414773816124       -0.72856569993593        0.33663011286152
C            2.11713059661000       -0.87058385602837        1.00902649462627
C            1.85283446994036       -2.37868320030547        1.16087960498528
O            2.49874825411337       -2.94406988488569        2.27155314988957
C            0.96183259847108       -0.16582506236847        0.26268985721490
O           -0.14086447090640       -0.26178103498525        1.15935597955160
C           -1.46304796432761       -0.13900874062302        0.71744961299575
O           -1.55069799109700        0.30241181015285       -0.61229482631952
C           -2.85773857053012        0.71742127888975       -1.00332883154097
C           -3.04973142731112        2.24080304259332       -0.84275245977694
O           -4.28891412888748        2.63913113709095       -1.37644997244774
C           -3.96359637299032       -0.04545622260860       -0.25032729944343
O           -5.14461638045073       -0.10667807891508       -1.00598014855996
C           -3.49135067064512       -1.48145829466762        0.00682098357282
O           -4.47295666381745       -2.23555065424011        0.66740316735443
C           -2.21694773816568       -1.48917461200156        0.87283748087305
O           -1.35605145848598       -2.53206511591939        0.50208489503697
C            1.36524371270387        1.30279153056466        0.01998399388182
O            0.52233103706001        2.00300241372106       -0.86713092166768
C            2.78633659215488        1.43548727829642       -0.55957367619946
O            3.19130038440679        2.77696776597492       -0.52497113689789
H            5.87835131398320       -0.97962068849388        0.56659464861366
H            6.24079249929392        0.63709734025583        1.23772611306984
H            6.95054416010981        0.13971277909137       -0.32643773369507
H            3.89297445684469        1.03945887284873        1.25746172692031
H            2.18233424427951       -0.40336729046075        2.00641105702285
H            2.26601140420674       -2.88045690664913        0.28394156516458
H            0.77212473134358       -2.54180578816504        1.20111945204073
H            2.09330803705519       -2.60441478951254        3.07967584973796
H            0.74980285357034       -0.67240206503301       -0.68470537333193
H           -1.93705017629339        0.59835918963029        1.39018514254877
H           -2.92901506801824        0.45264646580913       -2.06607266898478
H           -2.21286797170281        2.77044763695554       -1.30901937345469
H           -3.07337154111483        2.50135055375275        0.21906515560471
H           -4.21615343584767        2.72351659545228       -2.33619808093521
H           -4.16470277556691        0.43489633298929        0.72005585063904
H           -5.45527964652253        0.80086704963008       -1.15364600559295
H           -3.25189984677112       -1.93622895726864       -0.96868920145944
H           -5.31329861735598       -2.09644726829964        0.20713825988677
H           -2.51609717944606       -1.59390531356071        1.92585758371604
H           -1.82897753990985       -3.36930172075168        0.60498236181711
H            1.35048806154117        1.81173764867146        0.99987946885146
H           -0.29684792665188        1.48791929712027       -0.97174937553515
H            2.78711733095514        1.05368694941343       -1.59188115355987
H            2.51330821850063        3.29708639247011       -0.98127901880190
48
 energy: -84.827458097188 xtb: 6.7.1 (edcfbbe)
C            6.03440116133700       -0.04191217475665        0.10738362480024
O            4.93179365213376        0.58311027539376       -0.53977315576535
C            3.77258824691645        0.59140952407407        0.20811390730634
O            3.27614597490211       -0.72727232346528        0.28861846838376
C            2.09099079398113       -0.86254177739148        1.03917545299870
C            1.78252833221103       -2.36497785238863        1.12873362149009
O            2.51933030672895       -3.01850213895409        2.13003855691679
C            0.93861323807868       -0.06344180901471        0.39448249582139
O           -0.17423665269849       -0.14007355079083        1.27879093781094
C           -1.47998577431117       -0.08579797735501        0.77278550937248
O           -1.50849861640570        0.27577123311002       -0.58528202252840
C           -2.79967150367559        0.65978731776886       -1.05309403567496
C           -3.01600853546066        2.18641549474929       -0.97134402874697
O           -4.24514151028990        2.53900323010981       -1.55869471322460
C           -3.93345915264412       -0.07760217739597       -0.31544885230335
O           -5.07269804117385       -0.20133283184581       -1.12575834920782
C           -3.45650718786773       -1.48815005897736        0.04765011454977
O           -4.46304575558618       -2.22211419403206        0.69341362295716
C           -2.23304697490831       -1.42818868059712        0.98234218134603
O           -1.36185770852634       -2.49805863238964        0.73770105274074
C            1.38317476758017        1.39799994890708        0.22050622388071
O            0.46605866800334        2.18486925385866       -0.50718871525148
C            2.75013887888400        1.49918987377313       -0.48102419292657
O            3.21886843081698        2.81929857842212       -0.43266013668383
H            5.80842966494753       -1.08656052862218        0.33140179847122
H            6.28227324405611        0.48804319701936        1.03286723758374
H            6.86121468516884        0.02458079570314       -0.59447042243573
H            3.96223773613196        0.97936720494461        1.23389460558284
H            2.24451482761112       -0.45468809940428        2.05307221540896
H            2.08142691010549       -2.82632992854687        0.18569862852361
H            0.70719979801549       -2.49339753889492        1.27493821121700
H            2.20951599732069       -2.72212184006283        2.99544817737547
H            0.69410776252591       -0.50480016982783       -0.57805171025249
H           -1.99774241608542        0.68445609058596        1.37283719072036
H           -2.82065555874051        0.34487594473633       -2.10428488088947
H           -2.17498198229224        2.70883513386336       -1.43724302563301
H           -3.07290549029958        2.49584682676750        0.07589338425069
H           -4.14188034103452        2.59441129399199       -2.51767770593390
H           -4.19144491262237        0.45400564061940        0.61373572496090
H           -5.39261324616775        0.69154935974585       -1.33126552756423
H           -3.15462531725695       -1.99214153581283       -0.88550325602713
H           -5.27868714878413       -2.12041849549118        0.18173146626661
H           -2.59131492520236       -1.45641667603072        2.02180628920914
H           -1.84778893430155       -3.32374997955771        0.87174423636892
H            1.48321419509181        1.84366125881353        1.22319358677699
H           -0.25100556682955        1.60388955883583       -0.81275681957198
H            2.65294906820365        1.15840455685093       -1.52350863049024
H            2.50808194959648        3.39180659918915       -0.75948867899520
48
 energy: -84.826136107927 xtb: 6.7.1 (edcfbbe)
C            5.98947816722783       -0.12246254870671       -0.02698308873151
O            4.89216777305853        0.58995339646323       -0.58650922383504
C            3.76242586488180        0.59574572861482        0.20588633213963
O            3.22378410023728       -0.70849821704593        0.23024964011801
C            2.06586804072345       -0.86234299953100        1.02345612834530
C            1.71618506168049       -2.35688584966009        1.01481737433883
O            2.46212435076820       -3.09878198872752        1.94619401517911
C            0.93255552638811        0.02906005042727        0.47647314093387
O           -0.19076166407006       -0.02273036043962        1.34951354885277
C           -1.48535037468319       -0.03741789903950        0.81047425051822
O           -1.47960180723521        0.23969764487636       -0.56759218347594
C           -2.75910347733816        0.58781001873672       -1.09039183685571
C           -2.98465319430273        2.11519098096185       -1.09817390713185
O           -4.21599729210689        2.42793063654470       -1.70340987254859
C           -3.90901681155684       -0.11459252375376       -0.34349204259772
O           -5.02209884875049       -0.30278074822838       -1.17790606094604
C           -3.42752725068434       -1.49358104334793        0.11921186545958
O           -4.44943517440942       -2.21028496406347        0.76030042152207
C           -2.24993554695764       -1.35788996893529        1.10279747612534
O           -1.39096262870311       -2.45921895891777        1.00142441164676
C            1.41243844128848        1.48129378924665        0.36029079551624
O            0.46226956705043        2.31081106700343       -0.27165158245274
C            2.75138197447224        1.57988251604348       -0.39258748895211
O            3.27160820896631        2.87735408742490       -0.28911027523088
H            5.72487088007430       -1.16870349449247        0.13948308694980
H            6.29716492914551        0.33458497004164        0.91905131016825
H            6.79037470998415       -0.04595840177873       -0.75721966429904
H            4.00385488341400        0.91754413961671        1.24354406670973
H            2.27890329138388       -0.53692265350572        2.05662505246106
H            1.97723051771605       -2.75679277031574        0.03318285683598
H            0.64373387084765       -2.46878615304318        1.18432473259148
H            2.17256372786521       -2.86772842747574        2.83824540546825
H            0.66012858379601       -0.34715937174204       -0.51680979623427
H           -2.02715884478320        0.76804007315970        1.34154181229786
H           -2.74998026517468        0.21428009051044       -2.12241209984195
H           -2.14778689291963        2.61477906461442       -1.59523706921610
H           -3.03960249091290        2.48425617212195       -0.07041325670567
H           -4.11197947127359        2.43436618291347       -2.66381183396691
H           -4.20047916808384        0.47065100522237        0.54245433118324
H           -5.35514994058465        0.57137165944239       -1.43523644656301
H           -3.07406304414017       -2.04401145126806       -0.76866118581330
H           -5.24609934407054       -2.14169908169562        0.21412195747560
H           -2.65831625597783       -1.28816423162178        2.12161989530926
H           -1.89889367668511       -3.25886970292530        1.19796266697864
H            1.56046225414625        1.88330368097653        1.37292059343841
H           -0.14781377791992        1.74550437723817       -0.77019730966914
H            2.60567555912069        1.30264152267675       -1.44849900902893
H            2.56451199540010        3.49620814920563       -0.52638226127592
48
 energy: -84.823816723699 xtb: 6.7.1 (edcfbbe)
C            5.97427375180560       -0.25970936619651        0.00790826936808
O            4.94473509246689        0.58478206032822       -0.49322355549197
C            3.79196531643924        0.58009613188018        0.26650662620159
O            3.17254063201426       -0.67942315697046        0.13476804620446
C            1.99407023057875       -0.85528249225306        0.89497984721042
C            1.56372386392609       -2.31317284924423        0.68445211544281
O            2.34526295703070       -3.22317873938066        1.41701933575191
C            0.92158652446080        0.15931829620446        0.44972173875596
O           -0.19197430728089        0.16478219016422        1.33913667838403
C           -1.49492291714836        0.08577907339270        0.82887096067383
O           -1.50878395187216        0.22783672638127       -0.56613535491951
C           -2.79353114678197        0.49626565533365       -1.11209814659062
C           -3.08912499314490        2.00838449866795       -1.19559665976769
O           -4.32412113486301        2.23429975143520       -1.83077964336524
C           -3.91745471240369       -0.22885126960841       -0.34716548299363
O           -4.98559649637075       -0.56521182886010       -1.19404594028070
C           -3.34563995500675       -1.52210921890907        0.24197199414029
O           -4.33599967729111       -2.29292811164636        0.87043441959021
C           -2.27239633474159       -1.18340304407544        1.28980341307174
O           -1.41498282878874       -2.26896951429027        1.49891724056657
C            1.49439621650642        1.58815690636015        0.44098528693135
O            0.59794076416488        2.50812660358391       -0.13447997106729
C            2.86224697672486        1.68044019442770       -0.25559877979342
O            3.45203019778667        2.92777803226524       -0.00552984216623
H            5.63485038139610       -1.29672094878116        0.05128391730250
H            6.28441348936840        0.06860769245821        1.00521285934919
H            6.79953859111841       -0.16065006564342       -0.69192187382253
H            4.01770605111419        0.77593596114099        1.33817040656293
H            2.20877217985194       -0.67617593180423        1.96232226368530
H            1.72202112804185       -2.56267233383514       -0.36665766834631
H            0.50651243811077       -2.40804950078256        0.93694058747034
H            2.15030331010761       -3.11805313506358        2.35692950586693
H            0.59816071291206       -0.11046664056054       -0.56111742632310
H           -2.02682126384948        0.94883627710163        1.27754286100683
H           -2.75336149837413        0.07775049115666       -2.12618133883228
H           -2.26698094757003        2.51849868548224       -1.70563145848384
H           -3.17557828533297        2.42441660213533       -0.18846657195714
H           -4.20815190281722        2.18452745680483       -2.78846222963347
H           -4.27888783631447        0.39992450053323        0.48132026483762
H           -5.39093467147389        0.25701658989916       -1.50869567105693
H           -2.87424397512607       -2.09702160089953       -0.57208385999560
H           -5.10032263236189       -2.33002688429028        0.27719287436391
H           -2.78558058292544       -0.93176508241935        2.23057758706355
H           -1.95404676319789       -3.02620706053152        1.76968327671954
H            1.61300666546978        1.91382312054352        1.48169717081518
H            0.30902483445236        2.16576670363587       -0.99146047976891
H            2.74461839507146        1.51769697803349       -1.33944251944575
H            2.78573314722988        3.61119876302968       -0.17609539081701
