48
 energy: -84.800340753676 xtb: 6.7.1 (edcfbbe)
C            5.69039600000000        0.04949700000000       -0.59165100000000
O            4.47139800000000        0.09564300000000       -1.30948900000000
C            3.38016800000000        0.44238200000000       -0.54392800000000
O            3.08991400000000       -0.61716400000000        0.34352100000000
C            1.97470700000000       -0.37015400000000        1.16027700000000
C            1.91176500000000       -1.50924900000000        2.19196200000000
O            1.08585700000000       -1.23337100000000        3.28713400000000
C            0.66771300000000       -0.25958900000000        0.34235300000000
O           -0.32453600000000        0.18512300000000        1.25072200000000
C           -1.49447000000000       -0.52475400000000        1.58081200000000
O           -2.53094800000000        0.40951600000000        1.67933900000000
C           -2.87410500000000        1.02173400000000        0.44039900000000
C           -3.87096500000000        2.13580400000000        0.77066800000000
O           -3.26722500000000        3.15530900000000        1.51493200000000
C           -3.45765400000000       -0.01636400000000       -0.52469400000000
O           -3.75422700000000        0.53171300000000       -1.78590000000000
C           -2.47146800000000       -1.18324700000000       -0.67743800000000
O           -3.06797600000000       -2.27667700000000       -1.34467000000000
C           -1.98315400000000       -1.68272100000000        0.68674900000000
O           -1.01206700000000       -2.68638700000000        0.54371600000000
C            0.86179900000000        0.81486900000000       -0.75021500000000
O           -0.17588200000000        0.83471000000000       -1.71442600000000
C            2.20193300000000        0.68945000000000       -1.49200000000000
O            2.46133500000000        1.86284900000000       -2.21347200000000
H            5.65010700000000       -0.70530000000000        0.19730100000000
H            5.91683100000000        1.02697900000000       -0.15153900000000
H            6.45394100000000       -0.21276600000000       -1.31962900000000
H            3.57276300000000        1.36885700000000        0.03875600000000
H            2.10436000000000        0.59146800000000        1.69068400000000
H            2.94326900000000       -1.71323800000000        2.51334900000000
H            1.50324200000000       -2.40737500000000        1.72571000000000
H            1.33454100000000       -0.38259800000000        3.66692700000000
H            0.43015500000000       -1.23088100000000       -0.09456800000000
H           -1.35945100000000       -0.92057800000000        2.59891300000000
H           -1.97189100000000        1.46339300000000       -0.00879600000000
H           -4.71372000000000        1.69430500000000        1.32073300000000
H           -4.24115800000000        2.58848400000000       -0.15125300000000
H           -2.81466900000000        2.73436700000000        2.25662900000000
H           -4.40669000000000       -0.39749600000000       -0.13012000000000
H           -2.97843500000000        1.01924900000000       -2.09373300000000
H           -1.61376600000000       -0.82912200000000       -1.26507700000000
H           -3.64787400000000       -1.91788000000000       -2.02809000000000
H           -2.86265300000000       -2.08799300000000        1.21466000000000
H           -1.40582100000000       -3.37863900000000       -0.00385000000000
H            0.81205000000000        1.79402900000000       -0.25929700000000
H           -0.03110500000000        0.10084500000000       -2.32788800000000
H            2.15976900000000       -0.18239100000000       -2.16935300000000
H            1.65389000000000        2.11535600000000       -2.68168600000000
48
 energy: -84.801016549494 xtb: 6.7.1 (edcfbbe)
C            5.67400297464550       -0.12510486935150       -0.62304010043773
O            4.45814631808693        0.01765310224497       -1.33316290578388
C            3.39134239180311        0.40430596715730       -0.55212813264212
O            3.04086761487581       -0.66481984392683        0.30216192720847
C            1.94623148218999       -0.37615097424530        1.13543719005883
C            1.80771916252456       -1.53692987133896        2.13532581124180
O            1.10944240977371       -1.18920017029614        3.29853990773211
C            0.65645872760356       -0.15321454180917        0.31458407598865
O           -0.33866538795908        0.30945383407031        1.20837159868226
C           -1.46213459883526       -0.43733004727631        1.60659252585779
O           -2.54304275273410        0.45122511186988        1.67532969937576
C           -2.91827253898865        1.01515920545644        0.42364742437677
C           -3.96807410862264        2.08640072387291        0.73233001107519
O           -3.41312705747901        3.15508973158513        1.44429042927879
C           -3.45527375123451       -0.07503202548001       -0.50958445452538
O           -3.78404362704296        0.41956868029457       -1.78489004593186
C           -2.41162030791070       -1.19407145416423       -0.62999899694489
O           -2.94442778409332       -2.32792114099338       -1.28177116640837
C           -1.91796255794514       -1.64090673792243        0.75244222936572
O           -0.92776670405539       -2.62970502172795        0.64203009442448
C            0.90111265809790        0.93945859560867       -0.74273946430392
O           -0.14555753786925        1.02732249016073       -1.69262359140168
C            2.23118857244600        0.75920125552257       -1.49046391532730
O            2.56612623065554        1.93904753764808       -2.16911753364101
H            5.59208042633264       -0.90463632902339        0.13819028036213
H            5.95779233212923        0.82092959855552       -0.14865440479014
H            6.41947967109579       -0.40426883221424       -1.36341035092566
H            3.64136580783972        1.29739682249849        0.06032587186376
H            2.14123855573082        0.55816162128894        1.69467990883925
H            2.82251020344957       -1.88673917377982        2.36933206360454
H            1.24475127392441       -2.35416930122815        1.68273175501293
H            1.54293956544749       -0.43721143282264        3.71731694336815
H            0.38608785351625       -1.09696037725018       -0.16370199418316
H           -1.29443643756700       -0.78466454889595        2.63588774634007
H           -2.04011029343708        1.48892114366202       -0.04076208004767
H           -4.78356686450850        1.61721905296751        1.30038449451782
H           -4.36719578711311        2.49496372111574       -0.19813876497681
H           -2.93441298926653        2.77855386425889        2.19340429683776
H           -4.38221463457240       -0.49239957761429       -0.09929970291647
H           -3.04880340604217        0.96189145326999       -2.10002740564139
H           -1.56627636134641       -0.80763407306150       -1.21769874676517
H           -3.54802813806551       -2.01275992832030       -1.96622506200422
H           -2.79041248338530       -2.04840987793058        1.29014820553306
H           -1.30079854770472       -3.33652526959202        0.09807441143420
H            0.90003862904624        1.90746114040256       -0.22876241678391
H           -0.05661269651174        0.28818409245225       -2.31013535753548
H            2.13643670397314       -0.08277046086804       -2.19955748746711
H            1.77547079345442        2.26196414314551       -2.62218080804263
48
 energy: -84.800370746653 xtb: 6.7.1 (edcfbbe)
C            5.64960333771150       -0.29544845949326       -0.65653600581106
O            4.44312356842572       -0.05211834948917       -1.35508447206837
C            3.40471340837496        0.37398510727395       -0.55610659511909
O            2.99465363267779       -0.69863879828122        0.26674851384309
C            1.92164059946558       -0.37214202145245        1.11638126907329
C            1.74186026777979       -1.53427899098838        2.10575246204193
O            1.10655673825533       -1.15408038065241        3.29578818921436
C            0.65364266218570       -0.05666331870236        0.29016808095816
O           -0.35819297775555        0.40876061630893        1.16090156668118
C           -1.43261199783325       -0.37214931466609        1.62103936483681
O           -2.55557376973042        0.46948346317937        1.66389242639870
C           -2.95843241782548        0.99532838197849        0.40556914017943
C           -4.03919067634721        2.03860300423342        0.70392820423996
O           -3.51006683365794        3.14328021338606        1.37911706987206
C           -3.46840521199360       -0.13515867001421       -0.49253233536845
O           -3.83661159004292        0.30853634849865       -1.77581669357243
C           -2.37875014802545       -1.21022044224243       -0.59335002598463
O           -2.86264261674944       -2.37873816399296       -1.22043295789165
C           -1.86331689314833       -1.61144330109709        0.79781426882153
O           -0.85984254930288       -2.58609620778958        0.69266717383881
C            0.94794581650047        1.05751086496465       -0.72513026540923
O           -0.10013224490483        1.21605266343989       -1.66226960803896
C            2.26813575299159        0.83340001701288       -1.47938128083718
O            2.67363253803818        2.01911551750413       -2.10721734000115
H            5.52096901490372       -1.09403520069089        0.07800518938782
H            5.99400980226919        0.61388147227218       -0.15158645349550
H            6.37371085858720       -0.59539810872495       -1.40988506987576
H            3.71153091933320        1.23000740078059        0.08300964561739
H            2.17171703972212        0.54253681837762        1.68835147945176
H            2.74125731768099       -1.94569150176512        2.30245108582287
H            1.11633038081204       -2.31130552604165        1.66689994506257
H            1.61022459947457       -0.44560400210638        3.71359828166504
H            0.36611176608616       -0.97359238052113       -0.23195658778604
H           -1.23735234261715       -0.67759537576673        2.65671802726113
H           -2.10063488692360        1.48752883612873       -0.07785084238286
H           -4.82948492146706        1.55709739778361        1.29682121836745
H           -4.46652988920511        2.40958269446090       -0.22984381739029
H           -3.00229838377679        2.80279240211227        2.12632381722293
H           -4.37049936957621       -0.57948299924331       -0.05609547330425
H           -3.14663312958510        0.89801556034711       -2.10711615241944
H           -1.55218227723006       -0.79907886659277       -1.19357919104390
H           -3.48736006716734       -2.10453162459865       -1.90368816134968
H           -2.72274115671336       -2.02426353872179        1.35240654074984
H           -1.22266384540445       -3.29854607063023        0.14848601781522
H            0.99057083931515        2.00881859038166       -0.18357509495545
H           -0.07618070873509        0.46737036697189       -2.27384857100998
H            2.12750898298528        0.02897008988577       -2.22327688563437
H            1.90887407167784        2.39564079875579       -2.56319507904121
48
 energy: -84.798168957214 xtb: 6.7.1 (edcfbbe)
C            5.61876407724264       -0.45402479349509       -0.69391340920199
O            4.42715481983451       -0.11541644611874       -1.37815901049584
C            3.41829542803320        0.34436677757264       -0.56006096296595
O            2.94875876068786       -0.72935072031510        0.22914665496972
C            1.89853684679386       -0.36895072066762        1.09530563811467
C            1.69555463211046       -1.52342000459521        2.08622616403325
O            1.09360583027224       -1.11904771565911        3.28664741138344
C            0.65480374142871        0.03076482891475        0.26471773445556
O           -0.38008572392559        0.49033372118843        1.10842607386293
C           -1.40678805148745       -0.31478128220975        1.62916201747065
O           -2.56698628183851        0.48164083112582        1.64724955406599
C           -2.99507362431420        0.97287692673120        0.38494874886729
C           -4.09956984277499        1.99315520687978        0.67708067609530
O           -3.59127373445509        3.12683903227081        1.31894706735459
C           -3.48499297348499       -0.19259478053924       -0.47704819126067
O           -3.88718918412521        0.20118972957535       -1.76646895948754
C           -2.36040289834619       -1.23110362294418       -0.55931565936967
O           -2.80694273157890       -2.43061118360722       -1.15427722629665
C           -1.82022825071733       -1.58666456449713        0.83745316959575
O           -0.81038247368179       -2.55268683438900        0.72852768296384
C            1.00123172491677        1.16888985442513       -0.70095463892501
O           -0.03965240506825        1.40680206879463       -1.62675135510893
C            2.31080985153057        0.90608557302109       -1.46287250971254
O            2.78399358425786        2.09404776735889       -2.03645965203371
H            5.44441453907314       -1.26800716944386        0.01377539553907
H            6.01817890253131        0.41544885710258       -0.16010118683867
H            6.32176422705453       -0.77084329224911       -1.46023185216304
H            3.77811108519995        1.15816853986155        0.10620745109153
H            2.19914914720202        0.52879740815775        1.67290571047602
H            2.68651315616671       -1.96123882597239        2.26765475910979
H            1.04277305064589       -2.28371188183894        1.66151206412448
H            1.63405811036656       -0.43499584822401        3.69968743101515
H            0.35832139324136       -0.85765325510504       -0.30467568310584
H           -1.18774487580467       -0.57859578456694        2.66945069804040
H           -2.15640769721034        1.47851904373856       -0.11799883209145
H           -4.86704237652714        1.50347353116080        1.29282335090298
H           -4.55139941433265        2.33124473294764       -0.25771574585672
H           -3.06018466622783        2.81757536560455        2.06351682260829
H           -4.36493251716441       -0.65395406817954       -0.01397852098151
H           -3.23729875160187        0.82309921687928       -2.11795371996264
H           -1.55186837304435       -0.80688831597406       -1.17695096381677
H           -3.44877283257095       -2.19602009794174       -1.83635648880389
H           -2.66554698493221       -2.00061127961199        1.41294002318336
H           -1.16959141532224       -3.26433769768497        0.18013939387083
H            1.08701054074188        2.09710793531887       -0.12631083209334
H           -0.08546663319179        0.65503242161339       -2.23278550561128
H            2.12841802082768        0.14503742999754       -2.24212518594444
H            2.04559625722786        2.52501039764736       -2.48750158002839
48
 energy: -84.794283095935 xtb: 6.7.1 (edcfbbe)
C            5.56667155356498       -0.63331455744948       -0.76306297536531
O            4.39384331157632       -0.18407125923071       -1.41544657806939
C            3.42968243627032        0.31091394989893       -0.56456089787781
O            2.89572857107733       -0.75887314851515        0.18846442397447
C            1.87611725122969       -0.36099754964023        1.07588070001635
C            1.66217560259828       -1.49735324581893        2.08271610469587
O            1.08213817738519       -1.06314291929831        3.28424374548987
C            0.65754491255514        0.12045012846471        0.24638758501515
O           -0.40704713864575        0.56242540640793        1.05912760049387
C           -1.38840724928591       -0.26054970924220        1.63400551639958
O           -2.58389280720878        0.48834473205422        1.62421177608530
C           -3.03259025558034        0.94291055346554        0.35709346994341
C           -4.16054084702684        1.94072246438128        0.63843192413153
O           -3.67528131334345        3.10432322752477        1.24302038612543
C           -3.49974237567506       -0.25719794152269       -0.46744933553552
O           -3.92941578274163        0.08273136278374       -1.76343022183037
C           -2.34366915978125       -1.26057820524320       -0.52612845480825
O           -2.75523542638572       -2.48981630144187       -1.08458724430782
C           -1.78190470866818       -1.56618376072601        0.87615223126437
O           -0.76637666077776       -2.52438233478750        0.76591416738720
C            1.06246240017879        1.28929184748679       -0.65352245348081
O            0.03817365585689        1.62774759858826       -1.56361735042982
C            2.35771392701325        0.99083040691263       -1.42917358741014
O            2.90439502967288        2.17866592464433       -1.93342548291681
H            5.34365897387126       -1.46175433162534       -0.08653647645324
H            6.03247033549976        0.18328219011098       -0.20035632405085
H            6.23660437412739       -0.96633255823563       -1.55181038440578
H            3.85459259661742        1.06870855548400        0.12904220105239
H            2.23120050127114        0.52150897135841        1.64971447572952
H            2.65046009192228       -1.94307563595569        2.25971166089798
H            0.99756571425534       -2.25690390723566        1.67972370002438
H            1.64280503699324       -0.38682861504593        3.68324726895800
H            0.36126523421053       -0.73271179481410       -0.37967651862597
H           -1.15223676993319       -0.48073634452637        2.67881901513988
H           -2.21208281562112        1.46023783752866       -0.16356902507707
H           -4.90578687927856        1.44649689447860        1.27735456342630
H           -4.63421879960670        2.24172427833636       -0.29830220130199
H           -3.12411153963757        2.82999108998869        1.98666911315742
H           -4.35936138562697       -0.73076567518111        0.02071197580681
H           -3.31518781736296        0.72631211421184       -2.13824714627832
H           -1.55080222170170       -0.83025276838890       -1.16104775183343
H           -3.40978883649186       -2.29519008026350       -1.76710271341934
H           -2.61337919032913       -1.97917062467389        1.47255749903326
H           -1.12089041147705       -3.23455563887789        0.21181938931832
H            1.19655046596820        2.18161229714986       -0.03361153372672
H           -0.07860730787097        0.89183458476447       -2.17896281485678
H            2.13036413041864        0.28961076714006       -2.25131556673160
H            2.19636643437621        2.67405873245400       -2.36659344366188
48
 energy: -84.788636507695 xtb: 6.7.1 (edcfbbe)
C            5.47094582876005       -0.84495580570638       -0.89398666884300
O            4.32068348377995       -0.26676014813250       -1.48218943208177
C            3.43033921525695        0.26596908811084       -0.57531146086707
O            2.82896290576389       -0.78998118427669        0.14649867100234
C            1.85661027498051       -0.34587172814762        1.06476502592910
C            1.63948227469429       -1.45085813435042        2.10344287972030
O            1.07979446557466       -0.97236068967028        3.29823751112058
C            0.66188352971296        0.21927411040204        0.24821841310264
O           -0.43953342016739        0.63026205411660        1.02429745077772
C           -1.38156413440327       -0.20568517689528        1.64254040678685
O           -2.60982429146708        0.49291929706944        1.59555070944012
C           -3.06706953255712        0.90670109720626        0.31931370618017
C           -4.22555458908836        1.87620474176295        0.57612839666112
O           -3.77667964498919        3.07577184263673        1.13631118087490
C           -3.49742311182843       -0.32741814608092       -0.47309587729000
O           -3.93123378922306       -0.04131446439169       -1.78090926273417
C           -2.31384994054023       -1.29855083234068       -0.49107564310746
O           -2.69069239169556       -2.55676204267156       -1.00861977646895
C           -1.74769831590205       -1.54725290673420        0.92238194538196
O           -0.72697924409218       -2.49992430130853        0.82919049516680
C            1.13194336668202        1.42260716152575       -0.56778018415870
O            0.13330706258483        1.88870290019517       -1.44623580954659
C            2.40242052948952        1.08504660202517       -1.37185278714903
O            3.03500011810976        2.26248789502258       -1.79340841202739
H            5.19904239265975       -1.68255446289232       -0.24731381599892
H            6.02390042134206       -0.09848323738462       -0.31309533161644
H            6.08320874447778       -1.19580297959457       -1.72097035204848
H            3.94193215351096        0.94800796189918        0.13817428064131
H            2.27815057107624        0.52025027299246        1.62243738853050
H            2.62790041076416       -1.89620613737919        2.28187182043852
H            0.96739866855562       -2.21908032835424        1.73512753397693
H            1.65194556024778       -0.28900238566526        3.66827645925568
H            0.37576195041732       -0.58868050044280       -0.44458803411260
H           -1.13922898252631       -0.37910847501172        2.69322946627785
H           -2.26209743897908        1.43825082135116       -0.21085122774473
H           -4.94910615143714        1.37883349857952        1.23709055528299
H           -4.71550454150896        2.12854602140104       -0.36671767765663
H           -3.21204398788509        2.84765643764317        1.88536378884133
H           -4.34569890659053       -0.80964131858678        0.02631550847021
H           -3.34147978597287        0.61445892480594       -2.17269314438896
H           -1.52770235530346       -0.87153069147115       -1.13710099740460
H           -3.34141270854681       -2.40238574816930       -1.70492458693896
H           -2.57274891026487       -1.95328996851223        1.53274552054884
H           -1.07270871906810       -3.21484654950116        0.27507288257902
H            1.32771592449427        2.26123223778436        0.10779161423434
H           -0.06734296686902        1.18885320393456       -2.08103880978406
H            2.11887510325882        0.46602743558868       -2.24101726802730
H            2.36796592861726        2.83024173880273       -2.20211306046553
48
 energy: -84.780866024519 xtb: 6.7.1 (edcfbbe)
C            5.31022040531014       -1.06634845374970       -1.11504847156441
O            4.19642138578271       -0.33564566055207       -1.59403532164451
C            3.41737548662740        0.22021939259863       -0.60230122945388
O            2.75331195125824       -0.81810643747647        0.09154402555032
C            1.84867854468246       -0.33374487438221        1.05625108779102
C            1.63564457116873       -1.41131637490343        2.12270223085332
O            1.08783062947360       -0.89435988293417        3.30698639960059
C            0.67395820135225        0.32459582897503        0.27633813889428
O           -0.46895639955511        0.69331267833151        1.00991176225296
C           -1.39070708374381       -0.13826269588240        1.66289435363850
O           -2.63818475366298        0.52476089019519        1.55403620129949
C           -3.08506420066551        0.86792259061824        0.25486789947409
C           -4.26844929204404        1.82219053684684        0.44900034361369
O           -3.85370396853293        3.06317142452551        0.94029252623051
C           -3.47753309621251       -0.41226417547192       -0.48216098424730
O           -3.89954921731359       -0.20537378719744       -1.80846222425787
C           -2.27526272070255       -1.35749946613422       -0.42718006982879
O           -2.61989104329094       -2.64753166888857       -0.88608691432165
C           -1.73778650430646       -1.52376266423778        1.00998857570603
O           -0.73058253689308       -2.49219546650232        0.98639394601398
C            1.21662472260378        1.56751870306459       -0.42674540420250
O            0.25701258974562        2.19904470310984       -1.23785168094891
C            2.44493269987765        1.19733068478935       -1.28515112071277
O            3.17192392899113        2.35084886271888       -1.60935070429972
H            4.98738353116794       -1.91350913092633       -0.50552335514557
H            5.96971831881419       -0.42079800484064       -0.52469790062483
H            5.83548499223103       -1.42061007211330       -1.99855750448365
H            4.03594173452242        0.79736580308036        0.11881555794444
H            2.34763577338560        0.50454311166065        1.59596781922556
H            2.62677655513086       -1.84987618441884        2.30498277032979
H            0.96211401972295       -2.19090500469156        1.78646083728299
H            1.66464210287544       -0.20117287890896        3.65106457207843
H            0.40397965682675       -0.41839752371195       -0.49690545709201
H           -1.16044931849869       -0.24980436592748        2.72375841764482
H           -2.28572501566773        1.39409134322421       -0.28849967829351
H           -4.98405601225088        1.34545966735077        1.13325900782717
H           -4.75754709350336        2.00657588423424       -0.50998496054040
H           -3.28837764740257        2.89481392422382        1.70445351417135
H           -4.32373675247936       -0.88530797258552        0.02928571991876
H           -3.30634345546820        0.42348165093552       -2.23683714492271
H           -1.47984246017223       -0.95265546141334       -1.07627212432842
H           -3.25808696458580       -2.54151181719399       -1.60271703546484
H           -2.57735279552166       -1.88865432346941        1.62753609609790
H           -1.06626048659518       -3.21771835836259        0.43929492485915
H            1.49242465393083        2.31972141248408        0.31880001217958
H           -0.05041752357407        1.56969796937419       -1.90191313247945
H            2.09310026761820        0.69349405689537       -2.20221751168655
H            2.55072264661152        3.00716857738319       -1.95290284812199
48
 energy: -84.801112923686 xtb: 6.7.1 (edcfbbe)
C            5.27998126011993        0.23990828351016        0.83045903276259
O            4.46213008161653        0.84962196097098       -0.15019119074464
C            3.10911729897338        0.63833784016299        0.01724448199132
O            2.82248744129574       -0.71899832426157       -0.28139144399267
C            1.47573319536726       -1.07522070446586        0.01221468082524
C            1.31245042186236       -2.51351514314883       -0.49861577538064
O            2.25480291224449       -3.37440813658624        0.07072389212499
C            0.49075111164301       -0.10878033550577       -0.67608420425694
O           -0.19011496783253        0.80850043575641        0.16733509092950
C           -0.92937129340646        0.56630544170433        1.34714006019638
O           -2.02839452340840        1.43653455013988        1.28282566092091
C           -2.94721996117528        1.14996691744364        0.23314631000989
C           -3.98920766008240        2.27468424210897        0.24535418682844
O           -3.45593911615381        3.48293329269333       -0.20959110629481
C           -3.58941551432699       -0.22972915760710        0.43417140087271
O           -4.47639927434969       -0.57824588663854       -0.59728305954245
C           -2.48392077774888       -1.28584926234377        0.58640059432748
O           -3.00907859004862       -2.52950268184661        0.98592078960515
C           -1.49964566437116       -0.82933701472388        1.67004763422183
O           -0.50772160370963       -1.77664239609401        1.92659564651351
C            1.26152406087979        0.77838346791127       -1.68762154102881
O            1.78728757734887        0.00664006674505       -2.72528037552177
C            2.34173661418242        1.58552155555959       -0.94101738818009
O            1.80979542441895        2.69166513143326       -0.27541826425261
H            5.18051048147939       -0.84861218579680        0.80934741888526
H            5.02424667507880        0.60684763539413        1.83041872362779
H            6.30069286673357        0.52155107778278        0.58442856507743
H            2.79570942784597        0.84194903135416        1.06327380497951
H            1.33582828472413       -1.04736462723652        1.09968134879520
H            1.40120373077013       -2.50844389356988       -1.59583881476502
H            0.33140632988649       -2.89623004762385       -0.21544751603699
H            3.11980694171156       -2.95620474731359       -0.02065642062415
H           -0.23503425732807       -0.70641901854036       -1.24906079763239
H           -0.33746401404159        0.90838986777534        2.20789283408209
H           -2.41300880587545        1.16804836965979       -0.73006057322585
H           -4.37817622105912        2.36982911904981        1.26800825557219
H           -4.80957352572445        2.01870015589558       -0.42850180672145
H           -2.68410638118068        3.68985186331293        0.33119687993216
H           -4.19330004359797       -0.22155002504820        1.34920817890558
H           -4.04783532474332       -0.44015881568253       -1.45145116023755
H           -1.96169202300364       -1.40523492973976       -0.37748954591153
H           -3.84785853888218       -2.65900584027725        0.52481164303804
H           -2.09412582005251       -0.66526935295082        2.58741087168266
H           -0.94854346204401       -2.63081942797954        2.03558636883097
H            0.55695653402842        1.48154075937536       -2.14408364739890
H            2.53776571788821       -0.49246445700994       -2.36970535017563
H            3.06613638999717        1.97346767283017       -1.66549677916667
H            0.99907954677886        2.40882467285061        0.17292667317815
48
 energy: -84.798568208089 xtb: 6.7.1 (edcfbbe)
C            5.24082485429758        0.08355020826279        0.90487081401461
O            4.47697805272285        0.73957439079524       -0.08949591896904
C            3.11248159232204        0.58256786657831        0.03611503667429
O            2.77246691073498       -0.74750014741057       -0.32516335129791
C            1.40273689187211       -1.04618353267329       -0.06825707943304
C            1.18579611998123       -2.47074481154646       -0.59576702096895
O            2.06520554721129       -3.37913462485727       -0.00038038037961
C            0.48505732754511       -0.02138498124240       -0.76213172151300
O           -0.22527155965793        0.88464882798577        0.07366810558743
C           -0.90459970840264        0.67840870773845        1.29589447848088
O           -2.04830574449542        1.49149418047683        1.21828896222107
C           -2.97597009186925        1.11724424905734        0.20529490116508
C           -4.07612555715978        2.18537322230291        0.21408175294288
O           -3.60294131815733        3.42003449287898       -0.23617515126107
C           -3.53811739446488       -0.28727749203831        0.46602093769604
O           -4.40569456725024       -0.72691480899994       -0.54691252391278
C           -2.37476789389114       -1.27274959285661        0.65816041315619
O           -2.82869179895862       -2.52783446289848        1.10548832423791
C           -1.42156747988307       -0.71294940788711        1.72038225687095
O           -0.40940755524728       -1.60915484172391        2.06645984443260
C            1.32477828507559        0.87152699426831       -1.71131643982619
O            1.85044403725283        0.11729786945471       -2.76193306927816
C            2.41122352113205        1.60116857276623       -0.89996095303542
O            1.89865481457162        2.69568134356566       -0.19888096729006
H            5.08964485934066       -0.99871083996125        0.87289860387221
H            4.97939300075196        0.45581070508557        1.90149092982577
H            6.27948580167643        0.31737232396776        0.68502910455101
H            2.78091003147234        0.75796848928571        1.08157794914054
H            1.24663816065443       -1.02403997464280        1.01618061545573
H            1.31081937750763       -2.46448202487172       -1.68943120221498
H            0.17900024027012       -2.81065480884723       -0.34871505972121
H            2.95324600433336       -3.00713237705686       -0.06708496855446
H           -0.23203527764624       -0.57321967169213       -1.39261170441766
H           -0.30149167232104        1.09652248661031        2.11349892670882
H           -2.46847792644733        1.13270718764621       -0.77214761141857
H           -4.47335108109989        2.25991817084692        1.23556172668493
H           -4.87986125725708        1.88838971649862       -0.46277334984055
H           -2.83627970957338        3.65541223846353        0.30067645859684
H           -4.14039220121498       -0.27654339495251        1.38214533703446
H           -3.98958193763813       -0.59481972511334       -1.40808718757315
H           -1.84462629728055       -1.39819490566193       -0.30048487323204
H           -3.66100549631221       -2.71994066581840        0.65467334635048
H           -2.03233023561460       -0.49922007842624        2.61673189618084
H           -0.81885268571043       -2.48016184762921        2.16561285418140
H            0.66337696539780        1.61937066788710       -2.16101842741604
H            2.56352737649260       -0.43128026571688       -2.40232637770016
H            3.17234505556167        1.99209983769384       -1.58417189588682
H            1.04470457635416        2.43608353454001        0.17790792754491
48
 energy: -84.795421365730 xtb: 6.7.1 (edcfbbe)
C            5.18062613365309       -0.14215313109150        0.96133707784622
O            4.47552865425797        0.62000664783579       -0.00006743549755
C            3.10231807760208        0.51888122878697        0.08143939561955
O            2.71582775704743       -0.77358619773533       -0.36101308486249
C            1.32534543040858       -1.02161030527462       -0.16429716333158
C            1.07491856198277       -2.41525028182785       -0.75663390904121
O            1.89914186574111       -3.37614628549732       -0.16405850014366
C            0.48061555205254        0.07206764743267       -0.84301114117535
O           -0.25983250266435        0.96567292057061       -0.01432798803953
C           -0.89023273196628        0.81483723285484        1.24244701235700
O           -2.07524643851938        1.56529522030732        1.13811545534208
C           -3.00639281246037        1.07739311687823        0.17843746888678
C           -4.16596900384200        2.08061169399444        0.15600521420553
O           -3.78007952480091        3.30604619901405       -0.39263259042756
C           -3.48143659817908       -0.33873620139781        0.53437895727951
O           -4.33366846256499       -0.88902349030673       -0.43660344017541
C           -2.25851026793029       -1.24023051245642        0.76671736352886
O           -2.62818431215008       -2.49573309193326        1.28255365580081
C           -1.33902833024146       -0.55922287414569        1.78546469033083
O           -0.29178492075513       -1.37675811873345        2.21540525224910
C            1.39629152626161        0.97514870844062       -1.70989184734714
O            1.93586558076033        0.25324080359475       -2.77588020532896
C            2.47423542739634        1.61618336753218       -0.81770444762646
O            1.97090290838654        2.68595155044806       -0.07195393240522
H            4.98522030046169       -1.21098701102796        0.84155066356266
H            4.90434033136263        0.16399324750153        1.97616348108577
H            6.23442089362541        0.06136557792906        0.78831479670235
H            2.74851398592699        0.65282290946569        1.12570359402363
H            1.13647265747298       -1.03723682416980        0.91456016022572
H            1.24000893842122       -2.37369543131031       -1.84416399174210
H            0.04909453058248       -2.73173423834007       -0.56058016930412
H            2.80023783956358       -3.03068848076490       -0.17818450675943
H           -0.22471463798199       -0.42113302691536       -1.53475930681735
H           -0.28644789837197        1.31925349847978        2.00937250080078
H           -2.52700188763814        1.06199851837778       -0.81319146844652
H           -4.53313261001070        2.20316305447795        1.18406912293070
H           -4.97259956705659        1.69338901806498       -0.46991141823046
H           -3.01213217030858        3.62028309598432        0.10018700302134
H           -4.07246694482561       -0.30795126307986        1.45734847697668
H           -3.93971086207716       -0.78043300841170       -1.31139461360358
H           -1.72737760053879       -1.37887913412941       -0.18957064970363
H           -3.45608138458079       -2.75887110760162        0.86048945723942
H           -1.96260112616614       -0.29926703697566        2.66015420133849
H           -0.65222118082842       -2.26801386762291        2.32769945864400
H            0.78354499920790        1.77030307696512       -2.14725771628157
H            2.61102216634977       -0.34209042760908       -2.41713618817535
H            3.27613747630890        2.01706167470454       -1.44759355027928
H            1.07621513143816        2.45445832910075        0.21738908795196
48
 energy: -84.792200464564 xtb: 6.7.1 (edcfbbe)
C            5.05399297666541       -0.34546470792773        1.09387970762428
O            4.43098485799271        0.49965467553521        0.14526049143151
C            3.05256781997738        0.44606120408791        0.14117299311086
O            2.64983965194275       -0.80618192070099       -0.39339599006094
C            1.24083468831199       -1.01689573350874       -0.29780493834141
C            0.99040337595605       -2.34914500057204       -1.01883604529595
O            1.72051951102544       -3.38675969910915       -0.43204741897817
C            0.47559051756509        0.15454608032236       -0.93582514675168
O           -0.28391145585147        1.03816573457131       -0.10782808737162
C           -0.86529551886199        0.94845560217750        1.17789498895778
O           -2.08757735357258        1.63457312025613        1.05670712136320
C           -3.01714180192886        1.03140406894396        0.16323211699468
C           -4.22327481116671        1.97520364716399        0.08998363130633
O           -3.91192473125722        3.16238481776706       -0.57729726151403
C           -3.41453851488204       -0.37317536935060        0.63979698295307
O           -4.25978567780761       -1.03672579020157       -0.26435036895244
C           -2.14410133141222       -1.19648191573242        0.90889376903374
O           -2.44094829087381       -2.42048156239304        1.53467927407072
C           -1.23398972545966       -0.39424639752280        1.84338533500664
O           -0.13804825621863       -1.12642240541186        2.30918921317878
C            1.46861155926488        1.05910159671578       -1.71267514296233
O            2.03380260377388        0.36822097944435       -2.78621394680698
C            2.52381163363995        1.61000122356877       -0.73807777596972
O            2.02925689935221        2.67023226783287        0.02824521334385
H            4.85353794684010       -1.39854586703070        0.87923543964608
H            4.70955037816963       -0.11133344147521        2.10680713530647
H            6.12024353731999       -0.14941725074458        1.01152302134155
H            2.64004612057794        0.53963296539965        1.16762643966024
H            0.99094403439607       -1.11344585944762        0.76357730238934
H            1.25332354571344       -2.23399932107575       -2.08101969135723
H           -0.06013717800255       -2.63607733796072       -0.94205261456400
H            2.63467718973736       -3.08732872671813       -0.35370063509437
H           -0.22179358902227       -0.26547311675159       -1.68201543653988
H           -0.26400621559364        1.53654960019299        1.88542960475358
H           -2.55988290979175        0.95963144043016       -0.83639760184545
H           -4.56776629171380        2.17281707877572        1.11412245712803
H           -5.02717062894625        1.49702225791922       -0.47364796237240
H           -3.14541362569231        3.55345913690730       -0.14050072605006
H           -3.98583631935613       -0.29858233382009        1.57256382948753
H           -3.89489154166246       -0.97068410233376       -1.15577642055907
H           -1.62844526527011       -1.38494174433679       -0.04746420850466
H           -3.25000423860884       -2.76891490207037        1.13890444322270
H           -1.84515215565569       -0.09153482784146        2.71228674521877
H           -0.46193743353517       -2.01487264903770        2.51808643743910
H            0.90913517013322        1.89809212052573       -2.13937498724977
H            2.67376827266468       -0.26360957157770       -2.42552263087177
H            3.37668006163675        1.99847089783556       -1.30609647334454
H            1.10084545518569        2.48705801078424        0.22892211708482
48
 energy: -84.789533042295 xtb: 6.7.1 (edcfbbe)
C            4.83383585114323       -0.55668669806984        1.30875446422830
O            4.34696441540623        0.35697368199311        0.34430351645550
C            2.97507769749502        0.36784108316484        0.20237659402833
O            2.57489387529949       -0.83762220676823       -0.43588092456022
C            1.15662780852685       -0.99508918788621       -0.45969889980309
C            0.90420586915383       -2.25136896907733       -1.30574122801426
O            1.51431425098877       -3.37387084404332       -0.73794472369364
C            0.48299116949479        0.25222757259395       -1.05340342298047
O           -0.29662422200445        1.12473459457328       -0.22875889027821
C           -0.83380679724370        1.08250256249896        1.07765135783734
O           -2.09573243149826        1.69116687844519        0.95578289255337
C           -3.02184762715885        0.96589126391644        0.15399235726028
C           -4.27774204850458        1.83805349477858        0.04248266188027
O           -4.05212918328290        2.97169723583928       -0.74226343868598
C           -3.32776068618640       -0.40820141157420        0.76767443016191
O           -4.17808305152062       -1.18646917276982       -0.03447861195959
C           -2.00708567755571       -1.14622294720541        1.04455613567746
O           -2.21335632958770       -2.31598115297197        1.79781770426833
C           -1.09379553593373       -0.22260266924531        1.85622332088915
O            0.06992284060189       -0.85447964670085        2.30875474772407
C            1.56376356476523        1.14150008379902       -1.72658778971604
O            2.15945426394916        0.47399485138722       -2.79910113033195
C            2.58514909648099        1.59121613398010       -0.66791357277326
O            2.11054308707032        2.66056589512424        0.09937541822346
H            4.61686276760351       -1.58904993821874        1.02145323406347
H            4.39285495803414       -0.35500811275479        2.29071183042705
H            5.90958293734599       -0.40352364905274        1.34731127101666
H            2.46581265156273        0.43050092611558        1.18587815011207
H            0.83101124907550       -1.16941733576084        0.56924044512191
H            1.27248585074766       -2.07496732775074       -2.32678530206917
H           -0.16431681223731       -2.47424070614581       -1.35114846656932
H            2.43613451318063       -3.14536212334537       -0.56633492563735
H           -0.19541814999213       -0.08396671227266       -1.85610091766419
H           -0.24825176231049        1.75228659802851        1.72479740819254
H           -2.59411795909560        0.82718319995670       -0.85173679862764
H           -4.59621455710107        2.11327323816064        1.05703476521455
H           -5.07476600126766        1.27077340710561       -0.44284555230941
H           -3.29003109677251        3.43640102556545       -0.37545224896113
H           -3.86044188453987       -0.27762840598586        1.71689136545790
H           -3.85452281670279       -1.18534250390378       -0.94406326124477
H           -1.53062206602967       -1.40148490196897        0.08344911200763
H           -3.00508899423601       -2.75305321425852        1.45948888667403
H           -1.67256653406052        0.11420971381384        2.73420880325568
H           -0.20064536950823       -1.71398144448651        2.66379109516736
H            1.07147034099993        2.02615407572790       -2.14386257931072
H            2.75430224123225       -0.19761648203357       -2.43325107002427
H            3.49805704957599        1.93819290723057       -1.16527234145672
H            1.15864218131479        2.54589430221512        0.21810843813130
48
 energy: -84.787481548371 xtb: 6.7.1 (edcfbbe)
C            4.58196588720704       -0.71603881224741        1.53069973525347
O            4.24626966119562        0.22161787299154        0.52603254402926
C            2.89796894890887        0.30257298024099        0.24813728457702
O            2.50995415780518       -0.86171486098603       -0.47530956879508
C            1.09361015189809       -0.96505444959596       -0.60467860509487
C            0.84524846324515       -2.15554334549899       -1.54160163884290
O            1.35561543862859       -3.33949594107690       -0.99971519242701
C            0.50427132368699        0.34103796121898       -1.16074042994570
O           -0.30801199494847        1.19633891961416       -0.34847545132300
C           -0.81125034545842        1.18815993269839        0.97072101535337
O           -2.10950439074965        1.71538126037043        0.85800333781160
C           -3.02734397908798        0.89096930962855        0.14935028752209
C           -4.32145903536369        1.70178597218782        0.01568323444657
O           -4.16381092649724        2.78515758537464       -0.85228553011737
C           -3.24980935949704       -0.43659957680287        0.88737496825736
O           -4.10906196899219       -1.30916791787926        0.20027729702325
C           -1.88599744113831       -1.09868625236212        1.14264586114588
O           -1.99733121181888       -2.21233609502164        1.99519794391651
C           -0.96521302045570       -0.08327186474524        1.83021383187211
O            0.25613567257188       -0.63449925593003        2.23653850064889
C            1.65858036459300        1.20799799062473       -1.73631515058184
O            2.27926987137441        0.55617014309795       -2.80535931751226
C            2.64614906945468        1.56642042583467       -0.61302784394691
O            2.20353059406713        2.65315890228291        0.14966858188575
H            4.33747853890485       -1.73518220714369        1.21880923950778
H            4.05464636591641       -0.48822887837103        2.46319035470258
H            5.65503490388356       -0.62345307750172        1.67926165085749
H            2.29695846999215        0.35529479037916        1.17686404272482
H            0.69735656555912       -1.19484298251929        0.38613676390498
H            1.29396306030015       -1.94259674619266       -2.52201974326213
H           -0.22759490039562       -2.31529716701596       -1.67435775794801
H            2.27605487468553       -3.17464318271511       -0.76131222580062
H           -0.14161076662477        0.07811425424564       -2.01469003496981
H           -0.25421301660672        1.92591469188756        1.56831521067471
H           -2.62640886252759        0.68721776530914       -0.85641449267291
H           -4.62203362438217        2.03572541608036        1.01803526029691
H           -5.10811864647449        1.07112799527666       -0.40357805125249
H           -3.40554290326887        3.29771800759773       -0.54599189759444
H           -3.73608217084949       -0.24593343168809        1.85101957079619
H           -3.82842475978251       -1.38004752833179       -0.72076716479472
H           -1.46173395475286       -1.41266471608643        0.17447747914629
H           -2.78296147628347       -2.70967058562704        1.73486597781951
H           -1.50270652708912        0.27791632844663        2.72452776649604
H            0.04882999326456       -1.46212443458697        2.69473671115196
H            1.22847898111453        2.12996559617887       -2.14158746582028
H            2.82927874058652       -0.15152278466573       -2.43754895488990
H            3.60725851319527        1.85959383835323       -1.05050278257072
H            1.24230958293847        2.60325513518686        0.21897915648825
48
 energy: -84.789445718878 xtb: 6.7.1 (edcfbbe)
C            5.16488491056849       -1.25401161731601        0.17694947495429
O            4.53750546110183       -0.02267254336741       -0.12700703462562
C            3.21338588921097        0.05986067028417        0.26241532895441
O            2.46049763100157       -0.83751310190216       -0.54087776824454
C            1.05824393796106       -0.66888683984697       -0.41277605431987
C            0.43153627671049       -1.87102423758335       -1.14311118434342
O            0.31114623633452       -3.00348304378365       -0.32471920753214
C            0.60176651329737        0.65887043326674       -1.04354427879833
O           -0.43017702106296        1.44183679037831       -0.45312144153685
C           -1.13669650187824        1.48087847942863        0.76147630579813
O           -2.47030925145139        1.74461799374089        0.42170533366233
C           -3.14532993200416        0.62901522706243       -0.15179690042932
C           -4.50738149114855        1.14332025496281       -0.62952695228970
O           -4.37461743564781        2.01908611020509       -1.71025374243728
C           -3.28394741546635       -0.50205344608803        0.88033701361066
O           -3.94975552095147       -1.63042799503015        0.37543922694811
C           -1.89236922538254       -0.88289860102483        1.41253601575154
O           -1.98111146511871       -1.70590962624993        2.55596963747230
C           -1.14956374219339        0.38427282834856        1.84254434434817
O            0.14016916262115        0.11349797549646        2.33643153884861
C            1.84583988208481        1.59369513532633       -1.17748299212045
O            2.57921862662173        1.30613518996091       -2.33243978001582
C            2.73754812186820        1.52022799315926        0.07999209226074
O            2.13976297690940        2.04230199070934        1.22954137144353
H            4.69818833093928       -2.07956675585414       -0.36639738947380
H            5.11908982414790       -1.45500681113509        1.25297383062564
H            6.20096664441072       -1.14588785583278       -0.13414834457196
H            3.09056122293958       -0.23325986210534        1.32768127627406
H            0.80624612860143       -0.70460444535111        0.65107411142963
H            1.04495301842218       -2.08138908421777       -2.02836256174368
H           -0.58025311140744       -1.62669460324563       -1.47491412119298
H            1.19416170601998       -3.27887529571182       -0.05450617216230
H            0.25249126392249        0.47252404359665       -2.06861930802557
H           -0.80551513614018        2.40533915425223        1.26859604041658
H           -2.57183371643453        0.26874666335521       -1.02104757217809
H           -5.00493650378995        1.63242225459928        0.21911465919807
H           -5.11958113103902        0.30582734134581       -0.97018176846185
H           -3.73776287080248        2.69905142750490       -1.45656963199489
H           -3.89915986833741       -0.15139190111698        1.71695933702876
H           -3.49244089659276       -1.94767371626256       -0.41360337230424
H           -1.34188857767094       -1.41650974943965        0.62679027453292
H           -2.63746193992520       -2.39030228486894        2.37638353925478
H           -1.75031519310372        0.83022071330320        2.65274240602326
H            0.03608544270575       -0.55485464319489        3.02799848064119
H            1.46964120510567        2.61480706061541       -1.29105941419842
H            3.07002889677316        0.48546560191480       -2.18598211740129
H            3.62864484551153        2.13123226614920       -0.10043929503849
H            1.42983658740053        1.46164101885909        1.54032137964474
48
 energy: -84.791544184965 xtb: 6.7.1 (edcfbbe)
C            5.09800526405869       -1.37423233323788        0.13908728323012
O            4.51749890790098       -0.10667888569092       -0.10187283445123
C            3.19301059592035        0.00491496458700        0.27921036149938
O            2.41749161036140       -0.82462109387059       -0.57579884014959
C            1.02106481127486       -0.61397686632603       -0.44477818334275
C            0.34213496285351       -1.76429897724362       -1.20701337905049
O            0.18325434575536       -2.91803383128977       -0.42349474678628
C            0.62813296931680        0.74927617947747       -1.03629946145216
O           -0.45690563561017        1.49023347532834       -0.49451488990086
C           -1.16481073657167        1.53634573477664        0.71974322270374
O           -2.51037900745393        1.71071758330981        0.36600125010880
C           -3.12782654905207        0.54816609454820       -0.17489888678009
C           -4.49394544273418        0.99145373610871       -0.70844008141575
O           -4.36240749375214        1.82120017787386       -1.82525319146841
C           -3.24766038157691       -0.53375185187427        0.90934340663720
O           -3.86889244730633       -1.70887709391166        0.45835300245393
C           -1.84910142162425       -0.83716957872836        1.46777247500846
O           -1.91745626461777       -1.59881087889981        2.65596183727386
C           -1.13544182081020        0.46857472809438        1.83453679969227
O            0.16414256718995        0.23395898779586        2.32227699895451
C            1.88851394570360        1.66912241226658       -1.07574382835103
O            2.62548119827232        1.44832097534111       -2.24540233577329
C            2.78121969126590        1.49334862809927        0.16872885881777
O            2.22341352844608        1.99977212733913        1.34332360013722
H            4.60886061580144       -2.15165106583375       -0.45323477104005
H            5.03449953536433       -1.63233118759967        1.20184547709275
H            6.14034250338477       -1.28540408947795       -0.15688689740382
H            3.04702427559316       -0.33673100675359        1.32687049085899
H            0.76974097464947       -0.66632669232685        0.61863107626906
H            0.93690472897285       -1.97107923764242       -2.10525668609480
H           -0.66214832462148       -1.46603603683211       -1.51706346762099
H            1.05747916917552       -3.23948404088450       -0.17599077032356
H            0.34129715716930        0.61082306536081       -2.08856118406275
H           -0.88446179638335        2.49015604218332        1.19975843342879
H           -2.52034129139082        0.17111215640898       -1.01296994170509
H           -5.02941547344634        1.50127517851772        0.10408530070101
H           -5.06815577428789        0.11823021575591       -1.02445644830520
H           -3.75479597036888        2.53314201227550       -1.58789335841018
H           -3.88372029684295       -0.15942026365322        1.71963875621603
H           -3.37635938786205       -2.06560633365718       -0.29208429678244
H           -1.28374188884957       -1.40156889371611        0.71487365123871
H           -2.56431329249418       -2.30155656155500        2.51715777644177
H           -1.73680345882315        0.92603440983211        2.63766058858492
H            0.07690759317536       -0.39847635040483        3.04904166955367
H            1.53432311889607        2.70353342441148       -1.12068103434077
H            3.09798001903448        0.60942121405774       -2.15325743110926
H            3.70029326554850        2.06682658420297        0.00317363596196
H            1.47005957137968        1.46015960784340        1.62825564423689
48
 energy: -84.792804661419 xtb: 6.7.1 (edcfbbe)
C            5.02645466684231       -1.50161218590157        0.09562853893735
O            4.50317164833380       -0.19933964783535       -0.08272444740295
C            3.17935515203513       -0.05155407196290        0.28763251483729
O            2.38290864457194       -0.80728246585625       -0.61605639785633
C            0.99387559711080       -0.56309288891785       -0.46956711254889
C            0.26612656945061       -1.66043545468554       -1.26168239537525
O            0.04718688064497       -2.82508123061349       -0.50722280673295
C            0.65578894187135        0.83281905997742       -1.01279692749954
O           -0.48237880372023        1.53140915158100       -0.53268302238282
C           -1.20216727594257        1.59224028745817        0.67508768842245
O           -2.55247183079200        1.67630189891231        0.30411860852900
C           -3.11186399754987        0.47042951087447       -0.20053658731673
C           -4.48230934809671        0.83728081416917       -0.77878657459447
O           -4.35917646234799        1.62176167137448       -1.92891991894191
C           -3.21117285321761       -0.56474248290540        0.92926679960104
O           -3.77463938177784       -1.78474839602850        0.52487111620339
C           -1.81011623595963       -0.78317762223371        1.51534678822497
O           -1.86131498307263       -1.48702451153742        2.74072617338679
C           -1.13393824470976        0.55894709842860        1.82450216180845
O            0.17384171596711        0.36485162393961        2.30791730328021
C            1.92431582255990        1.74017896958203       -0.95940588077514
O            2.65500398093822        1.60743825076337       -2.14896511091054
C            2.83575886476114        1.45944114662995        0.25070246655244
O            2.34432035387369        1.94748001950324        1.46045771743480
H            4.51146487448377       -2.22453715433092       -0.54199222102449
H            4.94003832486609       -1.81272435674993        1.14247220043435
H            6.07495020563215       -1.44225740652953       -0.18564132144107
H            3.00478860812211       -0.43799202863483        1.31532061607396
H            0.74966919973586       -0.63669346525812        0.59493273192341
H            0.85356408924453       -1.87389781906671       -2.16267392951713
H           -0.72117938488887       -1.30526962872159       -1.56579634336541
H            0.90304816720294       -3.20344035420121       -0.27636556567672
H            0.43552022873956        0.73972306807474       -2.08679389754611
H           -0.97714484678587        2.57419279654852        1.12371035577580
H           -2.47428695522890        0.08260669334974       -1.01016568659507
H           -5.05354699099315        1.36107415735166       -0.00028163800743
H           -5.01562084975694       -0.07101093575734       -1.06621185899165
H           -3.78461246466300        2.36686216273243       -1.71187317829919
H           -3.87568609703573       -0.17844420786547        1.71051682377652
H           -3.23551158991374       -2.16941321164796       -0.17883471066282
H           -1.22271882642014       -1.36814813650769        0.79556389113923
H           -2.49627531453728       -2.20667704619646        2.63829297625288
H           -1.74058114479543        1.02561085023176        2.61816283574117
H            0.10414013060970       -0.23497602901792        3.06362175246516
H            1.58451712920232        2.77979166662880       -0.91900613857743
H            3.11316505925789        0.75610402767512       -2.12914622900085
H            3.77891299852465        1.99150703932473        0.07931169344096
H            1.53681877867240        1.47551733472921        1.71945083469596
48
 energy: -84.793054380820 xtb: 6.7.1 (edcfbbe)
C            4.96545443609463       -1.62222980733450        0.03369191794116
O            4.49534982097270       -0.29256057400994       -0.07803416479941
C            3.17494352011812       -0.11352541319982        0.29014526023371
O            2.35946848207193       -0.79393402335057       -0.65502800081928
C            0.97806110137291       -0.52594904090143       -0.48679504004599
C            0.21113948734803       -1.57237133127371       -1.30900052752159
O           -0.08535022083508       -2.73559940775385       -0.57707715703524
C            0.68538751625493        0.89870060745733       -0.97601867589186
O           -0.50303706643770        1.55848299565071       -0.57313489166019
C           -1.24609698900742        1.64731641397447        0.61989464244035
O           -2.59406700815122        1.64428014227236        0.22964948775207
C           -3.10301631767206        0.39912699608355       -0.22753531125176
C           -4.47820410012622        0.69097017099607       -0.83650174952385
O           -4.36907859108125        1.42492197530774       -2.02107216484782
C           -3.18003295836950       -0.58595510981807        0.94667473078185
O           -3.68209576880665       -1.84702827203426        0.59096678948321
C           -1.77921723889039       -0.71718000601885        1.55430313122936
O           -1.81177430665787       -1.36869650550202        2.80961395049505
C           -1.14600422319156        0.65838492483460        1.80804680274574
O            0.16744929201930        0.50985531621747        2.29088984915477
C            1.95205915318958        1.79862773053087       -0.82453976968181
O            2.67296482851959        1.78580769795638       -2.03022576710320
C            2.89218394517457        1.41130465536232        0.33332524220321
O            2.47915281543328        1.86302527615191        1.58449094249494
H            4.42572751977809       -2.28928705770939       -0.64313320446532
H            4.86044515051830       -1.98410501879603        1.06244119494191
H            6.01713704121995       -1.59050799267341       -0.23994831714782
H            2.97761450993785       -0.54449418612962        1.29610057915497
H            0.74261394070248       -0.62660948710869        0.57858596958064
H            0.80498786715590       -1.80350040710135       -2.20092848178648
H           -0.74940178045526       -1.16135489850852       -1.62690277225787
H            0.74320143011368       -3.17219454270586       -0.34889818566409
H            0.53794140503917        0.84704087289210       -2.06616753177225
H           -1.07628478286687        2.65625499020959        1.02836542049376
H           -2.44409291098324       -0.00191645277482       -1.01220478461892
H           -5.07683276711249        1.22974983243978       -0.08950533433351
H           -4.97519148123849       -0.24845874952068       -1.08641432530573
H           -3.82757518320503        2.20170868103518       -1.83240164818669
H           -3.87242893456512       -0.19277241302836        1.69968591849193
H           -3.10461343755790       -2.24400098026511       -0.07521021339365
H           -1.16821330021884       -1.31287400934071        0.86335167312577
H           -2.43556467178222       -2.10209355185144        2.74126960114712
H           -1.76247324073336        1.13512915365576        2.58795183131851
H            0.11453670463694       -0.06562707204750        3.06672678073671
H            1.61479628231379        2.82996606327364       -0.68046718169319
H            3.12805483832896        0.93577830128260       -2.10000233236269
H            3.85157317196654        1.90890430297639        0.14625183050612
H            1.61839575877930        1.47948575287683        1.81820870850807
48
 energy: -84.792314001353 xtb: 6.7.1 (edcfbbe)
C            4.92841130848121       -1.73452646360849       -0.06778577993283
O            4.49613430556463       -0.38798928634977       -0.10513909644574
C            3.18296163998806       -0.19328240590794        0.28005021049709
O            2.34414387162468       -0.79426255571735       -0.69597251096625
C            0.97250450643554       -0.50697400420727       -0.49432069146779
C            0.16598537279334       -1.49988984069550       -1.34562341045310
O           -0.25187993737544       -2.63481161694269       -0.62605444382248
C            0.72061989004771        0.94327404428603       -0.92630206738559
O           -0.51357417937422        1.56916347463533       -0.62239067160767
C           -1.29456785615524        1.70069775012182        0.54341866097416
O           -2.63254536980487        1.61274811500330        0.12958329436459
C           -3.09708987796714        0.32900335803957       -0.26017460659299
C           -4.47554344307684        0.54400848572774       -0.89339586531962
O           -4.37954665920662        1.21791357655359       -2.11446993781116
C           -3.15378384520563       -0.59359548042543        0.96355121497825
O           -3.58844606713436       -1.89377997896593        0.66423379735293
C           -1.75809640058208       -0.63084961911500        1.59235587158464
O           -1.77582470809598       -1.22202788822899        2.87780120441992
C           -1.17301170321816        0.77632346818230        1.78120547110931
O            0.14258814336563        0.68386396120212        2.27106936429284
C            1.96737930833876        1.84422495493411       -0.65074235036790
O            2.66838069436731        2.02855657289527       -1.85626626955591
C            2.94884797433619        1.33431746523271        0.42436998495465
O            2.62301039008540        1.71262800953456        1.72490793411681
H            4.36579562925151       -2.34857391681878       -0.77543402235076
H            4.81835536847217       -2.14765550173825        0.94103909796734
H            5.97921574348957       -1.71850956440905       -0.34615139754892
H            2.97905659270125       -0.67701702366775        1.26090939412264
H            0.75028035941229       -0.64017745402992        0.57176164191081
H            0.78043154268950       -1.77958303197012       -2.20868072799173
H           -0.74484513331991       -1.01992407209943       -1.70860295434745
H            0.52642708287519       -3.15102680218817       -0.38736905586563
H            0.66235621835833        0.93046712681543       -2.02687837196050
H           -1.17965663239588        2.73686922188579        0.89681288942133
H           -2.42208254136620       -0.09571126476865       -1.01688868770141
H           -5.09825395545059        1.10163583861290       -0.18068263746905
H           -4.93897780564832       -0.42335541969411       -1.09682412752064
H           -3.86558737145449        2.02103406255120       -1.96253602302051
H           -3.87610573480307       -0.19473038001279        1.68470127537513
H           -2.97847557575330       -2.29199342788780        0.02732231012021
H           -1.12011848687802       -1.23555321934054        0.93462618617225
H           -2.38434780095709       -1.97055334667288        2.84520904833886
H           -1.80553974095738        1.26999443603156        2.53742694081174
H            0.10313855639266        0.12831100185256        3.06247040639258
H            1.61066534262866        2.83650733213854       -0.35658328801028
H            3.14148968949202        1.21078037656807       -2.05843544211532
H            3.91587005886653        1.81055565442271        0.21925203592934
H            1.71384397039019        1.44347178012786        1.93311095806611
48
 energy: -84.801031749072 xtb: 6.7.1 (edcfbbe)
C            4.53947521407829       -1.01715244196939       -1.82161732622781
O            3.95760331787010       -0.01592184374544       -1.00973400583250
C            3.42560711030833       -0.50103802149612        0.19745881585931
O            2.33461489080483       -1.34804880179075       -0.01975857006302
C            1.02660591179227       -0.77734342438218        0.02060837394184
C            0.15273276113196       -1.71201717260603       -0.83997528108594
O           -0.67313305050880       -2.56994351898933       -0.08689247194904
C            1.03470462039424        0.65333353677617       -0.53930409929095
O           -0.19580783873094        1.32952319508064       -0.72054551123843
C           -1.20360747150684        1.70511654195402        0.19738440606020
O           -2.44302102651904        1.51197000560226       -0.42363561000370
C           -2.95233516857308        0.18712990594894       -0.49163275368072
C           -4.24465203904118        0.27734927294175       -1.31122900288299
O           -3.98462475826458        0.63423152006100       -2.63830961615267
C           -3.19991627713043       -0.38515555309012        0.90894286500356
O           -3.59802054987881       -1.73060369371039        0.87285622129539
C           -1.92199229071530       -0.24099295244374        1.74263211141634
O           -2.16977376051197       -0.46849137788362        3.11781249658274
C           -1.32517699695028        1.16601178562625        1.64218857722275
O           -0.12298856014157        1.24094490355412        2.37338243884715
C            2.02873698051340        1.55538656300538        0.25056437083679
O            2.68161510232015        2.45859833378797       -0.59474897044845
C            3.04592511242087        0.71767476096840        1.04648935087647
O            2.57735473307302        0.26758783135661        2.28974215420868
H            3.80457489184992       -1.78202031838757       -2.08488092910042
H            5.38044447625851       -1.48947039183516       -1.30471614055295
H            4.89129423934152       -0.51389323059888       -2.71877691444543
H            4.17384895126233       -1.12019092298004        0.71799490142339
H            0.69283324984246       -0.77572517861008        1.06384017187427
H            0.82068319851731       -2.29041193768957       -1.48801705090680
H           -0.50962872192764       -1.11882351699734       -1.47249234148314
H           -0.10768459825519       -3.18471756918006        0.39568067541108
H            1.40200764364579        0.59064949870140       -1.57273450845616
H           -1.12708868511987        2.80266315442113        0.27989985253759
H           -2.24740530549359       -0.46185271064903       -1.02535424160804
H           -4.91011383427795        1.00736106479507       -0.83010328375233
H           -4.73322273822974       -0.69867043934135       -1.33079929855411
H           -3.44118095230298        1.43218169471395       -2.61909516027580
H           -4.01757193502298        0.16208289070997        1.39228951662939
H           -2.90937029890429       -2.23898872697780        0.41753268803096
H           -1.20967316259743       -0.99206888982226        1.38239255481883
H           -2.78505090433331       -1.20916105914786        3.18190944869740
H           -2.06493916441344        1.84111923297888        2.10631344924578
H           -0.33010538571227        0.86721239685266        3.24300084287505
H            1.45283910356075        2.17437448239550        0.94653511941932
H            3.27115074557915        1.95267626354647       -1.17134102708166
H            3.94731662352194        1.33330221723905        1.19039133945361
H            1.78610933159442        0.77421898417745        2.52133620403513
48
 energy: -84.802096605970 xtb: 6.7.1 (edcfbbe)
C            4.59422182647346       -0.93903846257566       -1.80382735108550
O            3.99127181280947        0.01711707570148       -0.95336581757745
C            3.40008878540382       -0.53641572343749        0.19543980944699
O            2.32493659509236       -1.37081647426265       -0.13201239287197
C            1.01143565012724       -0.81971348655017       -0.05770282360192
C            0.13429969504105       -1.72504276313201       -0.94353507898219
O           -0.77098347793018       -2.51791908732959       -0.20831446999218
C            1.01788136984843        0.64113335353686       -0.53896681703768
O           -0.21764871046873        1.29506024512565       -0.75433865530922
C           -1.20519527342983        1.73634635185262        0.15636579887109
O           -2.45473352146383        1.50428066566131       -0.43353488914012
C           -2.92436701930152        0.16437097916367       -0.47364919915725
C           -4.21444059171271        0.19699309386636       -1.30035325653832
O           -3.95843749001025        0.53599844769571       -2.63319352556985
C           -3.15805478113997       -0.38007244171374        0.93901170965884
O           -3.50565773523047       -1.73958600732266        0.93441796771295
C           -1.88830759848114       -0.16587328203999        1.77133157304533
O           -2.13593881618137       -0.35129818743534        3.15237894099814
C           -1.32716978138024        1.25269182450614        1.62359694426144
O           -0.14410396755850        1.38043531095650        2.37945744337376
C            1.98957149914641        1.51332130517921        0.30317699385023
O            2.67142293771947        2.43902418046421       -0.49432494623373
C            2.97715627290030        0.63376548900634        1.09190700214004
O            2.45110305144501        0.11437975441346        2.28393586014592
H            3.86314995123675       -1.68052080033039       -2.13530803172344
H            5.41547507530150       -1.44735861261456       -1.28843545999973
H            4.97798864451631       -0.38565749869556       -2.65785306760662
H            4.12481922783616       -1.18268692353607        0.71771009132858
H            0.68623460948663       -0.87483265524236        0.98800401289378
H            0.80129700374546       -2.35537608763364       -1.54160549335629
H           -0.46397214283459       -1.11491630605995       -1.62238996698395
H           -0.26323295689016       -3.16205144154704        0.29917302461211
H            1.42088290916735        0.61854889725304       -1.56286297812279
H           -1.12366999058331        2.83460093661603        0.18587952576582
H           -2.19644442774732       -0.47371202901245       -0.98689949671873
H           -4.90551402338064        0.91514277781653       -0.83758918846635
H           -4.67180417104564       -0.79414030240286       -1.30305518036657
H           -3.43492694971121        1.34736395164076       -2.62578321253179
H           -3.99524815339190        0.14992358211033        1.40825341689543
H           -2.82039091490220       -2.22251167405713        0.44569795184653
H           -1.14967001888052       -0.90619948511830        1.44132270922750
H           -2.72824553187907       -1.10813728868408        3.24033403346334
H           -2.09087516755438        1.92760355808870        2.04689750271657
H           -0.37303038157059        1.05252694921893        3.26211380130965
H            1.40503289557058        2.11599586326823        1.00476376022194
H            3.28339627286713        1.94994765910417       -1.06262637944339
H            3.86998571905090        1.24170582710974        1.30684987211489
H            1.71040452588333        0.67559528188840        2.55699275037361
48
 energy: -84.801786501279 xtb: 6.7.1 (edcfbbe)
C            4.71266343512728       -0.89639448567616       -1.69695398315527
O            4.05756659310184        0.02756478975518       -0.84894006018512
C            3.35825435173687       -0.57251618407894        0.21115738302358
O            2.30910433091668       -1.37147214125694       -0.26493919488055
C            0.98935681873694       -0.84564514069958       -0.17132588676364
C            0.11863089312495       -1.71129826747131       -1.09842353338520
O           -0.81285818351335       -2.50048690283143       -0.39011027441047
C            0.98706849859030        0.64377694673540       -0.56125481529009
O           -0.25973343536978        1.27097829316122       -0.79259363273385
C           -1.22344834982764        1.77119273725056        0.11253766251393
O           -2.48517176153200        1.49646905509259       -0.43701936827765
C           -2.90961417401696        0.14162720235453       -0.44363542345530
C           -4.20716814015341        0.11033030117442       -1.25789620576456
O           -3.97272554424226        0.41702867916736       -2.60265057267892
C           -3.10682969868815       -0.38067843550354        0.98203719532775
O           -3.39542166743371       -1.75366237092949        1.00786093331449
C           -1.83909724587110       -0.09150230622069        1.79600020408817
O           -2.06850496181468       -0.24569754075878        3.18349598742506
C           -1.33715384213707        1.34424157608234        1.60092265441203
O           -0.17779716770850        1.54908290249254        2.37649700409254
C            1.94273200510919        1.48180105672245        0.32600316275195
O            2.67312206267630        2.40522465356583       -0.43057476399330
C            2.87935804469108        0.56018695416649        1.12885590373110
O            2.27421823960841       -0.00387448293496        2.26181141712199
H            3.99550405343612       -1.58622058949544       -2.14804409560663
H            5.45952190425712       -1.46771887954894       -1.13673252452253
H            5.19966894998966       -0.30550032101544       -2.46901801528397
H            4.02756584591576       -1.25432620965805        0.76314477468394
H            0.65858315001524       -0.96908777880419        0.86773087699274
H            0.78556248918154       -2.34130871329770       -1.69640392806493
H           -0.45698146039541       -1.07615780584784       -1.77411113531299
H           -0.32592475057188       -3.17373185730457        0.09976901147358
H            1.41457233679378        0.67011925997690       -1.57727947834493
H           -1.14307905152266        2.86821657228968        0.08918770443996
H           -2.16435887334188       -0.48058030914997       -0.94972684333961
H           -4.91628386919599        0.82058001831068       -0.81051444357068
H           -4.63339381811098       -0.89409182366496       -1.22742974808290
H           -3.47162037847606        1.24208779053391       -2.62388946046077
H           -3.95985323220979        0.12371097001071        1.45139659390180
H           -2.72644710237758       -2.20971692672304        0.47212519716233
H           -1.07015675604227       -0.80865437415750        1.48204276344639
H           -2.62338739762507       -1.02672123492152        3.29940332296790
H           -2.13549179355623        2.00369543347661        1.98229654252196
H           -0.42089293606677        1.26486482252821        3.27077856682560
H            1.35302455372221        2.08794685792220        1.01878212650981
H            3.31042392776467        1.91563428116443       -0.97053048421299
H            3.76175352813200        1.15099590410895        1.42213473113798
H            1.57513231092678        0.59968437904648        2.55751093721930
48
 energy: -84.800068511347 xtb: 6.7.1 (edcfbbe)
C            4.87049327133695       -0.92751862180424       -1.46144582568261
O            4.14454627254162       -0.01564062718170       -0.65908166606171
C            3.26974512896814       -0.62865959380505        0.25111183143431
O            2.27213565641527       -1.34400266892613       -0.43300347937341
C            0.94386889372810       -0.84576913597012       -0.35407918329684
C            0.10916975495046       -1.65035419669371       -1.36306705663966
O           -0.80977562337957       -2.51051204072232       -0.72247023587334
C            0.93422469499377        0.67105567325089       -0.62779669180835
O           -0.33255806809687        1.26785411976198       -0.84044153994356
C           -1.26333297619260        1.81836385719994        0.06771345675322
O           -2.54009206824229        1.48916036509814       -0.41861041092766
C           -2.88836180921260        0.11302280577698       -0.39091642246520
C           -4.21469721337960       -0.00291774296911       -1.14939257174520
O           -4.05614880176082        0.30614913033941       -2.50456048187917
C           -2.99730347830496       -0.40904321848909        1.04413273177755
O           -3.15572767915902       -1.80334821772597        1.07954698241566
C           -1.75240973295184        0.00745220430983        1.84396248965507
O           -1.98318904638487       -0.08517771693826        3.23648169687882
C           -1.34292315356261        1.46117712690046        1.57802086895502
O           -0.20133745182663        1.77665400625332        2.34435302715425
C            1.88594671570098        1.45749762352583        0.30545305365296
O            2.70947258186476        2.33184282084456       -0.41430585601138
C            2.71977487969218        0.48315951244817        1.15624634993390
O            1.98885847658277       -0.09797307283611        2.20284692087014
H            4.19435103748123       -1.54589342276988       -2.05619768668083
H            5.49621772868213       -1.57303288764463       -0.83704702595903
H            5.49603922480532       -0.32252965749602       -2.11363819738736
H            3.82148357806101       -1.36794609983682        0.85872290437806
H            0.57050667273162       -1.05727219993840        0.65633264945415
H            0.79571512529632       -2.21669735301995       -2.00059610673836
H           -0.47627337631173       -0.97702181683242       -1.99144947523729
H           -0.31343117963162       -3.21967123263430       -0.29714946879576
H            1.36975384257408        0.76694980800456       -1.63781024596535
H           -1.19730886832358        2.91253818034121       -0.01538177569494
H           -2.12903635948602       -0.46939307797821       -0.92218311286818
H           -4.94608541541715        0.66767810073691       -0.67685872495806
H           -4.57802666634814       -1.03077780452775       -1.09547742863660
H           -3.60112814995944        1.15641986848312       -2.55176644381775
H           -3.88327839142819        0.01688700130400        1.53118758285561
H           -2.51561828718596       -2.19717310253487        0.46407764879037
H           -0.92879260115497       -0.66785568709396        1.57739272302755
H           -2.44191104387962       -0.91783866278302        3.40049881196599
H           -2.18061710541415        2.08853421378372        1.92521462916619
H           -0.45013793190289        1.59590922727238        3.26298525810709
H            1.30078269385027        2.10323088524229        0.96419323359153
H            3.38069551862512        1.80648101257199       -0.87482914508161
H            3.58460313798872        1.03752241856095        1.55459612937178
H            1.32111032314511        0.54847625539168        2.48797003708550
48
 energy: -84.797466397116 xtb: 6.7.1 (edcfbbe)
C            5.00124246952885       -1.02119374477725       -1.18139870595797
O            4.22119841965172       -0.09604861187736       -0.44687571956646
C            3.17313378765837       -0.67972481105044        0.27506979282978
O            2.25450970027880       -1.26895465839619       -0.61754750337090
C            0.91068668467529       -0.82429143448358       -0.53081577441696
C            0.10558008423127       -1.56730702939551       -1.60649639488983
O           -0.78791145145030       -2.49979649767456       -1.03460783957024
C            0.87336340751802        0.70983141880559       -0.69024894038481
O           -0.41555597795074        1.26900637643954       -0.88210533773092
C           -1.31773882291995        1.86620330927874        0.02079259853806
O           -2.60616566519371        1.48079424015914       -0.39746153945448
C           -2.88541672129902        0.08995342647590       -0.34451345472075
C           -4.25378476551738       -0.08961413119231       -1.01112117135164
O           -4.21019680999307        0.24989106509643       -2.36732003246315
C           -2.87435875054041       -0.43929263660593        1.09224325997300
O           -2.90176430679129       -1.84348165448100        1.12200237377904
C           -1.64357083270257        0.08993718998639        1.84988107223635
O           -1.83343007334016        0.00996055364388        3.24980114920257
C           -1.35060406237579        1.56411418348074        1.54480247921954
O           -0.22646789293268        1.98459676609682        2.28609279985117
C            1.83088287338325        1.44399420783645        0.27489759029663
O            2.73550417082946        2.25767171406479       -0.42087951448453
C            2.57745508935344        0.42861325223200        1.15699170817259
O            1.75879680188441       -0.14970206679595        2.13771372128531
H            4.38909730086538       -1.54919388246153       -1.91563918463955
H            5.46775225388788       -1.74732000972653       -0.50813252438055
H            5.76730131289773       -0.43489295829338       -1.68346774950426
H            3.56534118242615       -1.48721668008360        0.92166385853197
H            0.52010954230192       -1.12546332385200        0.45067352284653
H            0.80741733349930       -2.05891438943717       -2.28743609933231
H           -0.50213508566061       -0.86187204764319       -2.17552295026501
H           -0.27549248721450       -3.23723255580264       -0.68310300551489
H            1.30984599077634        0.87439349952626       -1.69284976809219
H           -1.27492506653909        2.95484009603660       -0.11803942642533
H           -2.13587432209019       -0.45511673463128       -0.92817864260312
H           -4.98615784424734        0.53106536001613       -0.47541088379861
H           -4.55497810782138       -1.13711541656554       -0.95238692336714
H           -3.79909099310054        1.12133670810569       -2.42924865289696
H           -3.77317293686215       -0.09976416397349        1.62276864928145
H           -2.30625087148275       -2.17867657913521        0.43155875331007
H           -0.77395249063801       -0.52090803852790        1.57733596623738
H           -2.18551118720035       -0.86616730930709        3.44623914415805
H           -2.22692790142902        2.14089176347766        1.88243268015620
H           -0.46210433548888        1.84867229947434        3.21525370753221
H            1.26302202577024        2.12974960100308        0.90693049125832
H            3.42183615312573        1.69257657557122       -0.80697026935295
H            3.42841986620443        0.94952546601022        1.62473130288743
H            1.18103604238899        0.55163864214274        2.48138613205521
48
 energy: -84.793299166068 xtb: 6.7.1 (edcfbbe)
C            4.82363366791395       -0.79627390892636       -1.43019020457280
O            4.05258993864976       -0.03978262990644       -0.51593275679480
C            3.18976449597276       -0.81690403216642        0.27484730406947
O            2.23118377797349       -1.46364324275779       -0.51490789132803
C            0.91161796918362       -0.93939485833826       -0.47814078115093
C            0.13187162649211       -1.58527628916991       -1.63318440261913
O           -0.81532116973322       -2.51616339430164       -1.15417835522962
C            0.94540484013145        0.60521904406486       -0.54281961788098
O           -0.31502354427223        1.17111599582502       -0.87987405581582
C           -1.27996055777140        1.88846359439530       -0.14265021487874
O           -2.53233917236149        1.45202507864546       -0.61921406706501
C           -2.82769889976595        0.07856966919593       -0.40133872151000
C           -4.22060875358343       -0.14744627737339       -1.00211612310009
O           -4.22599477576256        0.07217348669809       -2.38308151245661
C           -2.78334383360328       -0.32858715868053        1.07743848800188
O           -2.74649023239808       -1.72773723599648        1.21204436424777
C           -1.58819062897657        0.31577397642802        1.80484875981190
O           -1.76644494992595        0.28033203625887        3.20784625490900
C           -1.44238460618172        1.78266747669962        1.39372333480685
O           -0.46263331988476        2.44155360729280        2.15050003505219
C            1.75969182688539        1.22347773318806        0.60947550407264
O            2.59610755768311        2.25175682088857        0.15297002362090
C            2.59171715113716        0.13266869593214        1.31999605756513
O            1.84776804663860       -0.62523908444735        2.24120900556857
H            4.17900424488978       -1.35526505270709       -2.11224950033442
H            5.47549487792491       -1.49435955709412       -0.89517724931973
H            5.42356190771746       -0.07876732847040       -1.98479976700636
H            3.76271070887666       -1.61765872949469        0.77539123438234
H            0.44812336327867       -1.27303183304886        0.46207524740744
H            0.84598334575750       -2.06204413547419       -2.31176204914207
H           -0.42417960192672       -0.82374968388833       -2.18200701842019
H           -0.34321723993200       -3.29342705953106       -0.83364683001493
H            1.52820830799674        0.81945985725018       -1.45790945035470
H           -1.20783256544363        2.94863596712762       -0.41869663703593
H           -2.10746853748984       -0.53633112758498       -0.95182819020945
H           -4.93129012113759        0.52301106680858       -0.49731154569511
H           -4.52428494610206       -1.18368784394455       -0.84179462479796
H           -3.80745385020399        0.92864616809127       -2.53563721123481
H           -3.69800075604086        0.00624152090995        1.58513829830299
H           -2.18872719632990       -2.09376146513849        0.50691332907600
H           -0.67104440050537       -0.23069758781732        1.55329473259584
H           -2.09622640318482       -0.59778789113274        3.43342391460409
H           -2.41250186940982        2.27577907318291        1.57669472000074
H           -0.67382231766632        2.26628069487774        3.07802388511073
H            1.10007455499669        1.70556603047240        1.33306364736764
H            3.28959481110595        1.85859408348475       -0.39670956209955
H            3.43439788245083        0.63426163620951        1.81873664693867
H            1.52397208530829       -0.03525954852444        2.93298827651355
48
 energy: -84.790522526774 xtb: 6.7.1 (edcfbbe)
C            4.86732348694733       -0.94154406763695       -1.11997209590226
O            4.03300926390138       -0.19881724490985       -0.25118792656181
C            3.02649988475489       -0.96511612263051        0.36273786027173
O            2.14952239957252       -1.49359171250457       -0.58599366828196
C            0.87548656019300       -0.87809721963474       -0.72773593903183
C            0.35883294363230       -1.31546584182353       -2.10409238179097
O            0.04997590951155       -2.68227088387633       -2.11695854513801
C            0.93021303975190        0.65658791707651       -0.59475727903048
O           -0.36288559888877        1.16767993034441       -0.91612928652052
C           -1.34673083782667        1.89646168506342       -0.22604937870733
O           -2.57804135256021        1.35701855192193       -0.65566966649563
C           -2.83357278006238        0.01269139181377       -0.26621914057330
C           -4.17514045727677       -0.35922934012096       -0.90935996743075
O           -4.09462360913895       -0.34749349972251       -2.30401302486859
C           -2.86526101148413       -0.13534872516114        1.26122899086631
O           -2.99813167558249       -1.47018719728862        1.67824835215720
C           -1.59528759667420        0.49772429092569        1.84760273348286
O           -1.63895378356799        0.54188291294095        3.25929809377464
C           -1.47642695474985        1.93064317248967        1.31517771996259
O           -0.49179035945008        2.67653871784943        1.97258482621791
C            1.67738934982827        1.13553657155174        0.66617747797562
O            2.63475229233481        2.11025154994365        0.34942718253417
C            2.35149926937742       -0.05066904579764        1.39099972307250
O            1.45795392301375       -0.82272765465362        2.15445329497788
H            4.28540544491487       -1.39555191517665       -1.92532787207978
H            5.39326496888945       -1.72660268078849       -0.56733031417418
H            5.58293870398948       -0.23239609967733       -1.52914439642694
H            3.48089748068413       -1.83369865353530        0.87248926879476
H            0.21058261346882       -1.29558537902289        0.04456434474320
H            1.12473712707960       -1.07558503631048       -2.85399499632994
H           -0.55673562028633       -0.77768372040166       -2.35124785865268
H            0.83962784612964       -3.16219376370373       -1.83948163455442
H            1.54383343261781        1.00674261324208       -1.44400180982365
H           -1.33513304341344        2.93017248904767       -0.59815267338831
H           -2.04827651238302       -0.64152329154238       -0.67325620908405
H           -4.93671102459722        0.34935244101513       -0.55341587984098
H           -4.45915087230103       -1.37104698568575       -0.61355541861079
H           -3.70320759800505        0.49663304743331       -2.56166057986701
H           -3.74016394671312        0.38612222394571        1.66839630181312
H           -2.36790208041176       -2.02126400906527        1.19647320657984
H           -0.72517254612208       -0.09663129304987        1.53370936165495
H           -2.09963181994693       -0.25349367314079        3.55614791051761
H           -2.45152561314208        2.42360215812496        1.47572956197521
H           -0.65207463134323        2.57529555791547        2.92123663975933
H            0.99548289920412        1.64099395803714        1.35050746878928
H            3.35917245083593        1.68252423116926       -0.13091764107249
H            3.15028976768857        0.36363771927205        2.02302744748495
H            1.15383301697732       -0.29428176789533        2.90289232026040
48
 energy: -84.787871763657 xtb: 6.7.1 (edcfbbe)
C            4.90794362246468       -0.88271388208373       -1.06265437236116
O            4.03781486590820       -0.22136387144331       -0.16317711327535
C            3.00650510820243       -1.03796725621639        0.33346623777345
O            2.18321854365745       -1.48618785856060       -0.70054974056148
C            0.90129219152856       -0.88605877698615       -0.83212688271412
C            0.43577601424262       -1.22667554063432       -2.25267769386587
O            0.27465707812384       -2.60833180134973       -2.41315427496038
C            0.92005595543029        0.63355883251388       -0.57770374620649
O           -0.38303023275322        1.10789574386131       -0.92039794988085
C           -1.37008676658509        1.88157882989459       -0.29290515402282
O           -2.59923224751746        1.30145582295132       -0.67679585929437
C           -2.84504095018105       -0.01478644931537       -0.20010189043284
C           -4.17845259398341       -0.44349758097935       -0.82416339493008
O           -4.08437814895611       -0.54979035313934       -2.21368972763401
C           -2.88784775608921       -0.04494866684887        1.33340434072599
O           -3.03447750054637       -1.33948489838221        1.85884765820680
C           -1.60966579520847        0.61671084448848        1.86425937447822
O           -1.63082587999364        0.73919703194415        3.27131211999277
C           -1.48694211668741        2.01635363764177        1.24377432307975
O           -0.48579557190236        2.79517824584876        1.83089069236094
C            1.61911766868771        1.02217021491127        0.74174577388654
O            2.58178846479964        2.01902119385279        0.52941249910717
C            2.27679673426942       -0.21219886638079        1.39937175610962
O            1.35813047944685       -1.04402717471217        2.06654993704810
H            4.36082342202872       -1.25281873520273       -1.93266693183299
H            5.40699721890340       -1.72085776748569       -0.56606787366948
H            5.64239630636705       -0.14196558969845       -1.36962006507697
H            3.44129156804532       -1.94427204662873        0.79315601698192
H            0.22295473270430       -1.37044241376198       -0.11181947169297
H            1.17423762813674       -0.83046039284320       -2.96381947964981
H           -0.53121156475210       -0.76459498121013       -2.45128191795609
H            1.09446438098456       -3.03077270291827       -2.12902614915098
H            1.56114870665310        1.06305630838498       -1.37005145178704
H           -1.36852053755574        2.88602434603785       -0.73726184316695
H           -2.04890013447371       -0.68731548740911       -0.55462096293318
H           -4.94430832315117        0.29060936966158       -0.53634382504874
H           -4.46376187523229       -1.42733032228201       -0.44656102911744
H           -3.70011973086280        0.27356279868319       -2.53985763344986
H           -3.75935221282275        0.51566304025496        1.69217649288582
H           -2.38421056714062       -1.92588831182663        1.45124572690947
H           -0.75343121837015       -0.00788263446310        1.56856150995295
H           -2.14419980942700       -0.00302857777173        3.61600606867369
H           -2.45768301777317        2.52402438992004        1.38553836005898
H           -0.62247096273280        2.75947514036692        2.78782164003998
H            0.91825164189379        1.47662984610037        1.44044473387193
H            3.32413444624170        1.63002867205599        0.04330187633876
H            3.04540227794743        0.15825067842318        2.09221953027772
H            1.07873920462687       -0.60478573042086        2.87907425561678
48
 energy: -84.784985294716 xtb: 6.7.1 (edcfbbe)
C            5.07504375186441       -1.13915656679961       -0.64671404906609
O            4.13388945373628       -0.45095865935822        0.15693663263116
C            2.89481100811193       -1.09352087542362        0.26087465922225
O            2.30409432363312       -1.17033713381725       -1.00962077293747
C            0.96267622536899       -0.72166382707027       -1.10843160741785
C            0.55481408811168       -0.94035953770256       -2.56818544647734
O            0.59724618321955       -2.29729443431947       -2.91097691189933
C            0.84489283845358        0.75400937953371       -0.68326103238218
O           -0.50420025057481        1.12297199256455       -0.97188087000957
C           -1.51653786987789        1.86537949131614       -0.34930027553621
O           -2.71915182864197        1.18460882064615       -0.63258280686187
C           -2.86019839175833       -0.10410555476032       -0.05356411015773
C           -4.17045101271716       -0.67566604207445       -0.60705600957132
O           -4.09484359386418       -0.89721456994157       -1.98409699618309
C           -2.87013617227231       -0.00275090987654        1.47643130385901
O           -2.92905838802135       -1.25170501080747        2.11821198002665
C           -1.61177486199272        0.75961083629108        1.90484237049420
O           -1.58798815837256        0.98726397952521        3.29980526945302
C           -1.55427333006609        2.10958107335793        1.17603733801698
O           -0.52178834004749        2.93417490516437        1.63137213025326
C            1.55522579981703        1.01035768850399        0.66779682137625
O            2.63369906889879        1.89182146532225        0.49417943632032
C            2.08013464150962       -0.30043610005294        1.29627566654720
O            1.06570058034682       -1.12849252653877        1.82221691811253
H            4.71077229501067       -1.24362911804347       -1.67062962753595
H            5.28037302586854       -2.13069940668156       -0.23121677723826
H            5.97889021615345       -0.53517896437711       -0.63021546148151
H            3.03780401723037       -2.12730265975573        0.63428148068021
H            0.32740683398837       -1.34601576413875       -0.46240370770744
H            1.22585811663739       -0.35185252459871       -3.20883991022071
H           -0.47045165954277       -0.60186822165451       -2.71525792692341
H            1.46959745960301       -2.62896896820038       -2.66572129460889
H            1.44132798598790        1.33564597068547       -1.41068035393540
H           -1.60610256050190        2.83351984179725       -0.86195729411028
H           -2.02187389200927       -0.74251274694578       -0.37372993180832
H           -4.98031407319829        0.02699582800259       -0.36454359789517
H           -4.37962621046017       -1.63960553896938       -0.13882824143828
H           -3.77443320866927       -0.08206978974396       -2.39008771864289
H           -3.76255765839250        0.54086586286997        1.80762460648550
H           -2.23875729120214       -1.82378323805871        1.75823495511269
H           -0.74600707235157        0.14648328926217        1.61970369716808
H           -2.08746879174972        0.27179939287471        3.71463987107495
H           -2.52131524472030        2.61684232071324        1.34212654331376
H           -0.59046251840101        2.97261790260536        2.59530692041462
H            0.89611009417931        1.52856944827965        1.36330480596301
H            3.36848284368861        1.41179120999645        0.08246460071630
H            2.79482804066477       -0.01752212852286        2.07975683725240
H            0.88608621080890       -0.86024350555349        2.73084237312541
48
 energy: -84.787899545221 xtb: 6.7.1 (edcfbbe)
C            4.83409220473442       -1.73805825544980       -0.15187692810763
O            3.85646419255150       -1.01709817807504        0.57728204487440
C            2.55395671593577       -1.20723001025824        0.13571871441314
O            2.44283045559338       -0.74198239503614       -1.18746745389198
C            1.12925844610351       -0.32869578119809       -1.53261751559121
C            1.09470000163572       -0.19984598361066       -3.05771698079326
O            1.34221744747342       -1.42557266483401       -3.68940960086393
C            0.77479753761098        1.00077312785491       -0.83443972407595
O           -0.61581839601088        1.14182231323410       -1.06744904643381
C           -1.69610161671585        1.75021258696969       -0.39841764204227
O           -2.77758730671110        0.87226757035203       -0.53812848300536
C           -2.68661035581509       -0.28989321237390        0.27798791025864
C           -3.79998028494741       -1.23505830638911       -0.18077731727445
O           -3.54130546776991       -1.74990090093949       -1.45576979451583
C           -2.81561909103352        0.09753241855266        1.75620935179184
O           -2.72276659208250       -1.01311308629235        2.61411445579271
C           -1.71865484871391        1.11559012676961        2.09604438783594
O           -1.94145018572088        1.71798194423602        3.35531020810065
C           -1.67575842329695        2.24737178059384        1.06198544867722
O           -0.61451416507941        3.13267376651707        1.28608928896036
C            1.39849554491172        0.97911277133188        0.58388002605890
O            2.63046092501209        1.64691674067527        0.57015893290293
C            1.62113986607499       -0.45377280524337        1.10969158921762
O            0.39636950082208       -1.12743523744205        1.29503511013842
H            4.85894837376498       -1.41943173666738       -1.19587848670099
H            4.63374005500998       -2.81364742427241       -0.10468117614578
H            5.78353628670345       -1.51595479677536        0.32854458048088
H            2.29829960509739       -2.29343000256569        0.14885472215964
H            0.40467603758191       -1.09444477880065       -1.22534437371665
H            1.83476277434164        0.55305132873583       -3.36290599814854
H            0.09956125719383        0.12504105244245       -3.36087056384882
H            2.17542394339177       -1.76712524491330       -3.34274099621086
H            1.28009952055890        1.83444004744856       -1.34925284143950
H           -1.97324477979783        2.62315129557913       -1.01412478403531
H           -1.71030999725708       -0.77129071021400        0.11865324976814
H           -4.74996667649797       -0.68313773936516       -0.16284223613237
H           -3.86653941865366       -2.08623220952353        0.49990941546171
H           -3.34714243439005       -1.00102723523747       -2.03344239266141
H           -3.80135528656801        0.53912912445210        1.93942649994893
H           -1.88837908107285       -1.46088610649314        2.42294371998576
H           -0.76267052475108        0.57652126563506        2.11545458003660
H           -2.25363971057079        1.03035026135104        3.95629786583167
H           -2.63399991188947        2.78735961165911        1.16585034841700
H           -0.66263880733596        3.40825915123777        2.21119159307327
H            0.78328617285325        1.55811079659596        1.27015988213012
H            3.28267819852690        1.10698809218830        0.10206389750037
H            2.16323074240825       -0.37511761259766        2.06413247871318
H            0.58302022785388       -2.03527820769914        1.56664848803985
48
 energy: -84.789806289484 xtb: 6.7.1 (edcfbbe)
C            4.71391885693493       -1.97632761595346       -0.14257052509536
O            3.76035321366180       -1.25920528376906        0.62080650279929
C            2.48556857255217       -1.23957346163992        0.07943054331850
O            2.52213614534997       -0.60010732030750       -1.17578105408089
C            1.23476994052489       -0.19051760409907       -1.61059374958517
C            1.33847486402293        0.10058598358981       -3.10994344247669
O            1.70423349391602       -1.03900043412990       -3.83798414775793
C            0.74616222482043        1.03816392141134       -0.81348635183235
O           -0.64462067123272        1.05367737995612       -1.07955541533301
C           -1.75853271662517        1.65118965062446       -0.45489879753358
O           -2.79985008230475        0.72053111236900       -0.52021758062849
C           -2.68075565930563       -0.37107038798783        0.38330273100035
C           -3.76537640707628       -1.37932184732758       -0.00460686977233
O           -3.47444067778841       -2.00007634259271       -1.22491133592962
C           -2.83213107053355        0.13259784392258        1.82334848531672
O           -2.72824415237839       -0.89975453223371        2.77244634147399
C           -1.75060550700811        1.18982385498073        2.08028791356639
O           -1.97147910693041        1.87674056171809        3.29539566226759
C           -1.72776029720065        2.24792448451965        0.96805804150098
O           -0.66451094911836        3.14731757697592        1.10964008287630
C            1.35718622715982        0.94732500298099        0.60720881090749
O            2.59707501205929        1.60146158506347        0.61504945306020
C            1.56559082334492       -0.50473468656742        1.08273300711365
O            0.33060567742691       -1.16002456952731        1.25754228267650
H            4.86959894407218       -1.50911058295745       -1.11727525163247
H            4.39373077426189       -3.01425749884466       -0.28408580576490
H            5.63504594264499       -1.94757208324762        0.43408890300907
H            2.10866698394638       -2.27923145195041       -0.07204584510322
H            0.51690926676298       -1.00796994376878       -1.45514281136078
H            2.06557066018955        0.91063179031071       -3.26170403187151
H            0.36101911636745        0.41620756019114       -3.47474943731660
H            2.51699556877694       -1.38373289706113       -3.44857033268819
H            1.18080456918200        1.95917313410118       -1.23674528279476
H           -2.07908655550650        2.46491264624733       -1.12728042465642
H           -1.69161415038563       -0.83628307906841        0.26707637163518
H           -4.72776282520732       -0.85154953062208       -0.04976670016512
H           -3.82333701681544       -2.16778683387739        0.74842695178988
H           -3.30140356432578       -1.30077448568943       -1.86760724957103
H           -3.82575809085171        0.57247085893647        1.96188900235477
H           -1.88978109813962       -1.35488177837388        2.61979964685520
H           -0.78958745294765        0.66083867541378        2.13198654367244
H           -2.27506471499321        1.22923651107162        3.94387552263001
H           -2.68646747895687        2.79045239059664        1.05181637032543
H           -0.69546201894587        3.48864605778886        2.01323206586427
H            0.75169097532533        1.50761731683619        1.31583763271601
H            3.21331823040430        1.11226528321900        0.05199658638245
H            2.11513437211662       -0.46319433992303        2.03548628603516
H            0.49906446789492       -2.08373600851323        1.48224511926201
48
 energy: -84.793505805603 xtb: 6.7.1 (edcfbbe)
C            3.11461918835814       -3.12743108877737       -0.46151043496613
O            2.81964579940515       -2.07822878041746        0.44439364433364
C            1.93726016393120       -1.13025875275467       -0.04476560906534
O            2.51708530741722       -0.40099834209542       -1.10197664128416
C            1.53111051562283        0.33071258881550       -1.80857024661671
C            2.26918356878513        1.08413777616978       -2.92396495591277
O            2.96924978667248        0.20987513557536       -3.76372771518779
C            0.69835474021366        1.28366363450202       -0.90466649412959
O           -0.63405863315200        0.88635018166798       -1.17195097796647
C           -1.86624770708593        1.25573105409223       -0.58229232098640
O           -2.64349058554447        0.10408989126897       -0.48352703555423
C           -2.30418550512195       -0.74356010753729        0.60842982313017
C           -3.08127043886713       -2.04617730969447        0.40668937199496
O           -2.61648683237567       -2.73957509243291       -0.71869967667368
C           -2.64425637782037       -0.04359311788733        1.93003655096739
O           -2.35475719410503       -0.83792263809841        3.05215307716986
C           -1.85720280763705        1.27214506429289        2.00618590759158
O           -2.33271252987505        2.10095033458177        3.04824402555315
C           -1.97562680392481        2.08736099336324        0.71196622742395
O           -1.07040290427576        3.15669807155589        0.67735137378044
C            1.30487145857414        1.24256708119136        0.52438776211456
O            2.51102602462948        1.96535472990796        0.46988916520402
C            1.61171145861338       -0.15958788915763        1.09862659801601
O            0.58591812044834       -0.67314264878896        1.91981340342946
H            3.62941914592053       -2.74771098601513       -1.34649032667903
H            2.19806708667000       -3.64260930562693       -0.76765264701128
H            3.76378344164939       -3.81231061976523        0.07811989688289
H            1.00565167980927       -1.60962858820168       -0.41442152187002
H            0.82166888936516       -0.37695895909950       -2.26444278537524
H            2.95057602251714        1.81952061701136       -2.47139227376023
H            1.54325080246272        1.60624849430164       -3.54850294899939
H            3.52342739313996       -0.34952775654143       -3.20601817283710
H            0.82607187577583        2.32887527518260       -1.22250404745488
H           -2.37740567874594        1.84788623654818       -1.36265362302521
H           -1.22743255324853       -0.95854804895430        0.58373358112394
H           -4.14813048311779       -1.80570089066742        0.30816569274893
H           -2.93791498849624       -2.70011087855995        1.26864469680066
H           -2.64819902810642       -2.12339407328485       -1.46159131963796
H           -3.71972650502676        0.16160650396969        1.97072145197872
H           -1.40743086807000       -1.02979435581429        3.03380217966341
H           -0.80877868735165        1.01368432052880        2.20222759514769
H           -2.50287534197400        1.53746197583127        3.81329366878578
H           -3.00998675246741        2.47409011277709        0.70213877696063
H           -1.19192388809594        3.66045651776735        1.49271930963926
H            0.67515278949359        1.80351332801679        1.21302767139248
H            3.12825893308171        1.47744695169243       -0.09338352608315
H            2.52902576908963       -0.04596707901695        1.69710548429980
H            0.89610578920621       -1.52769280518629        2.24632288406569
48
 energy: -84.796901278152 xtb: 6.7.1 (edcfbbe)
C            2.91101419099678       -3.18042487920340       -0.63569888068006
O            2.70215587023194       -2.15455994014956        0.31965849694398
C            1.89024913073998       -1.12317545324618       -0.11944349002399
O            2.53504361506165       -0.36917555029761       -1.12425679256667
C            1.60582069254723        0.44098846666773       -1.82755069873628
C            2.42409146203439        1.32172523021848       -2.78170548622256
O            3.22759245919907        0.55081631618398       -3.63077890901349
C            0.68524870004988        1.26352282651291       -0.88371266300392
O           -0.59903823955770        0.73205763505536       -1.16133312486738
C           -1.86688180593363        1.09083977552221       -0.64397070104921
O           -2.59920614452944       -0.07871997213626       -0.45150000472266
C           -2.26767705630131       -0.82492757865415        0.71269009408983
C           -3.01991869143686       -2.15341918009170        0.60409689911952
O           -2.52240650152486       -2.92947008579565       -0.45122615221754
C           -2.64719367826722       -0.02712441730550        1.96497554467285
O           -2.35251240826622       -0.71577410322539        3.15368559252284
C           -1.89090380832085        1.30731118334187        1.93584273574392
O           -2.38308235453429        2.20596102010840        2.90906413976295
C           -2.02082131500899        2.01784463025208        0.58073634496519
O           -1.14577974468374        3.10742623033372        0.47593238480137
C            1.29865409225617        1.21959046084474        0.54071598660864
O            2.48584045645778        1.97166092998390        0.50246234100361
C            1.62239786076975       -0.19320364718632        1.07139850558435
O            0.62072854090951       -0.70673732607046        1.91968955418703
H            3.42559578790498       -2.79446953798975       -1.51831752374856
H            1.95726646157763       -3.62673387484617       -0.93679492595953
H            3.53083859337967       -3.92496666874998       -0.14234909812815
H            0.93444666892485       -1.51350937745291       -0.52495089805340
H            0.94864702798304       -0.21306027826363       -2.42124293016051
H            3.03597790914059        2.02514026377144       -2.19846532345350
H            1.74556879758746        1.88857920155466       -3.42099561726064
H            3.72816901832858       -0.06362597525425       -3.08020825264135
H            0.70256774209461        2.32601071674779       -1.16462294203335
H           -2.38470212506957        1.59154327037708       -1.48009494010797
H           -1.18820948014577       -1.02227331132887        0.72776782657305
H           -4.08844561645359       -1.94085651670593        0.46663670389429
H           -2.88287109366491       -2.73128982848272        1.51976240926406
H           -2.55480831383837       -2.37928101790816       -1.24405555414394
H           -3.72763388928801        0.15380169773466        1.97645857724079
H           -1.40424008099083       -0.90559056036395        3.15367464831505
H           -0.83867520057749        1.08113937742522        2.15392994484227
H           -2.54931764974124        1.69996744252296        3.71428253311317
H           -3.06589126551394        2.37155184159686        0.53297249809636
H           -1.28121211373169        3.65764300472734        1.25849880320532
H            0.65841255296273        1.75107807013083        1.24215944137016
H            3.12833103599223        1.49180083507673       -0.03866176880202
H            2.56487214822054       -0.10934043319754        1.63500974121665
H            0.91189042290565       -1.58629423302475        2.19331942260029
48
 energy: -84.798867348868 xtb: 6.7.1 (edcfbbe)
C            2.83032044990550       -3.24265359585714       -0.81292340299990
O            2.65436135326602       -2.27163348788854        0.20412132421490
C            1.87861428137430       -1.18936426463615       -0.17270137244714
O            2.55942134223480       -0.39456473344664       -1.12461704408103
C            1.66485761637776        0.48482517876304       -1.79360218966669
C            2.52207674151826        1.43644384998244       -2.63762001798433
O            3.34917287832404        0.72989638113201       -3.52038385102650
C            0.71414460830031        1.21531108893828       -0.80680564983067
O           -0.54652154431604        0.63980260580233       -1.11018762286362
C           -1.83473688240793        1.04381488851704       -0.68631518133337
O           -2.58982188584596       -0.10214464315707       -0.44308899915470
C           -2.28809526394447       -0.80044214002685        0.75731675115248
C           -3.05205290536743       -2.12494010044221        0.68733589718369
O           -2.54542818758786       -2.94367200848322       -0.33109008366490
C           -2.68176648059152        0.05338501166496        1.96581117038190
O           -2.39405676170032       -0.57915963770412        3.18717979034754
C           -1.92625641385778        1.38613056484314        1.87965085695276
O           -2.43678164485619        2.33463231904747        2.79332306746516
C           -2.01718809399858        2.03211312037244        0.48774288862311
O           -1.13078412850516        3.11033637151298        0.36228687586152
C            1.32500968721031        1.11469680616482        0.61361970516534
O            2.51219354029109        1.86536833112952        0.61882502967244
C            1.63046267063783       -0.32511449045656        1.07157127315782
O            0.61346339903371       -0.84866612892514        1.89321805657260
H            3.33951665179247       -2.81386227054778       -1.67872918660738
H            1.86386926242081       -3.65270891968585       -1.12528270791707
H            3.44277240301659       -4.02656339545183       -0.37449007996376
H            0.91447076983570       -1.52003548530948       -0.60806946741833
H            1.02872451001460       -0.11115250721726       -2.46623654581815
H            3.11849046892665        2.08386293513373       -1.97900536287623
H            1.87052364841788        2.06140724452629       -3.25053577180102
H            3.81587234494166        0.05858192284108       -3.00781486961959
H            0.68755409306350        2.28893356264241       -1.03693283868236
H           -2.31074000644839        1.50066689682123       -1.56909134525671
H           -1.21166362470994       -1.00738564008611        0.80096838737845
H           -4.11625704870208       -1.90849446876045        0.52447692894767
H           -2.93469487440849       -2.67004015783825        1.62545664762618
H           -2.55661338243356       -2.42017416176983       -1.14241065887591
H           -3.76238102017787        0.23360282373720        1.96152747594318
H           -1.45255870779364       -0.80157399988939        3.18914819448366
H           -0.87921362041904        1.16977558425901        2.13410435183420
H           -2.62009117884033        1.87309439487534        3.62118517527115
H           -3.05800502877130        2.38922289768984        0.39472398590880
H           -1.27427565047935        3.68635741051297        1.12467299453521
H            0.68251675796783        1.61093327215455        1.33840915273608
H            3.16476408494186        1.39928944254875        0.07793043284716
H            2.57456817372178       -0.29140093544866        1.63783271149855
H            0.86223526052590       -1.75674091891696        2.10897983004450
48
 energy: -84.799817452856 xtb: 6.7.1 (edcfbbe)
C            2.96108122595607       -3.22814060933386       -1.06883787196573
O            2.76609885359081       -2.33872404637457        0.01674705612603
C            1.95774006055113       -1.25465175976775       -0.27586419652901
O            2.61627336234427       -0.36595680712601       -1.15958185612226
C            1.69524463082577        0.53315752526977       -1.76321300888444
C            2.52230294883344        1.58842437773962       -2.50882562393682
O            3.40019097807591        0.99362516449959       -3.42410856952439
C            0.70470299541469        1.13445285275647       -0.72964880429725
O           -0.51665980130955        0.48167843148662       -1.03902460045900
C           -1.83067520313095        0.89827234088860       -0.71686251162848
O           -2.57572105743547       -0.23102558455364       -0.38309160534577
C           -2.29754757044288       -0.79285371101362        0.89344928909784
C           -3.03561307418687       -2.13318156413791        0.94228851412137
O           -2.48861536102640       -3.04180323747906        0.02645076038204
C           -2.74288120601208        0.17037792711893        1.99626464683332
O           -2.47153659224225       -0.32826687460493        3.28268340769723
C           -2.03005919100312        1.51505716802642        1.79149342304201
O           -2.61089381330859        2.53417372881820        2.57721175745247
C           -2.09117824965596        2.00112290833787        0.33503980691045
O           -1.24640434002446        3.09950472972568        0.12626242395421
C            1.32172446429626        0.96151222008051        0.68180722291818
O            2.46546396157318        1.77045610386625        0.76155562655148
C            1.68258669156449       -0.49576753026750        1.02881794669439
O            0.67439741066310       -1.09408437013717        1.80522319688413
H            3.46045561920504       -2.72681248746856       -1.90099310275449
H            2.00295085744049       -3.63390133307374       -1.41112259945658
H            3.58947228157212       -4.02984093907286       -0.68901779360286
H            1.00385230836195       -1.57722567864972       -0.73764567512399
H            1.09214261133783       -0.02750004683710       -2.49430132122826
H            3.07303538604717        2.20913665276071       -1.78778338603887
H            1.85405435407252        2.22956274557233       -3.08645270480526
H            3.88382119025207        0.30148052577933       -2.95662461154626
H            0.60282456011386        2.21343338487901       -0.89266324749365
H           -2.27371804184248        1.24787782776379       -1.66340063661600
H           -1.21916128073645       -0.97243597518733        0.98803652548637
H           -4.09934923172245       -1.95721903242758        0.73246756376417
H           -2.93264901974336       -2.57685840567388        1.93400425429247
H           -2.47348965540981       -2.59854903319257       -0.83121188476513
H           -3.82756105596414        0.32018847012679        1.95038425950546
H           -1.54529164076734       -0.60511546092751        3.30938849223817
H           -0.98355267493938        1.38023760412238        2.10187449709590
H           -2.79876794973705        2.16093871516896        3.44753486637628
H           -3.14140113398634        2.29959912111655        0.16782167584232
H           -1.43165941862613        3.73699940397316        0.82848016635660
H            0.64806385549024        1.34886977444513        1.44464417285134
H            3.14936024326390        1.37779122534678        0.20183108532408
H            2.62460009188136       -0.47652888590563        1.59976245544873
H            0.91193828411798       -2.02149087734540        1.93223511256503
48
 energy: -84.801558505094 xtb: 6.7.1 (edcfbbe)
C            3.23888196409274       -3.14459079088132       -1.37228657424112
O            2.94692231410943       -2.40012793834922       -0.20326330050819
C            2.07142291471139       -1.34761002677162       -0.40452672348214
O            2.68720095681476       -0.32957990401398       -1.17132466129351
C            1.71942957541924        0.56740666341971       -1.69511298672539
C            2.48858559348119        1.74137395058947       -2.31558393156562
O            3.41049935053576        1.29889448395176       -3.27283024818572
C            0.68703970114359        1.01061891474698       -0.62472282798304
O           -0.48951349118218        0.28411145179457       -0.94228161701063
C           -1.82058548540067        0.71635723353483       -0.73433261036388
O           -2.57339869926743       -0.37121720224774       -0.29687693933339
C           -2.34168635197276       -0.75566189630799        1.05666158464592
C           -3.11576622043457       -2.06093057641454        1.26424664522708
O           -2.57832245260572       -3.09472535823343        0.48732733000477
C           -2.79683445226015        0.35299168274725        2.01049678887470
O           -2.56604933310065        0.02758243778513        3.35912079962166
C           -2.08375784606012        1.66582559531672        1.64808882626081
O           -2.68391182635602        2.76957350450330        2.29174522710477
C           -2.15304579836780        1.94338296985434        0.14169648173206
O           -1.37625392660108        3.05393396472392       -0.21688851904869
C            1.30079752449411        0.72228416516335        0.77234115271620
O            2.39749973814771        1.57087865787925        0.97517468058799
C            1.71084334834054       -0.75210574663360        0.96180540555668
O            0.68532573180601       -1.45497309225347        1.61300376074670
H            3.72891502325352       -2.52015969259248       -2.12277029906142
H            2.32350733953551       -3.57079180685601       -1.79718678566847
H            3.90889339092325       -3.94162544361463       -1.05966312047059
H            1.15255872363845       -1.68083290978722       -0.92615120705945
H            1.15828742330268        0.04861767607680       -2.48830047047971
H            2.99334420039092        2.31345227675086       -1.52396045156637
H            1.78876113011186        2.39945820133411       -2.83352209687016
H            3.93170174747724        0.59340461860742       -2.87014382268580
H            0.50856687765999        2.08663077121166       -0.69647980367106
H           -2.22100781336023        0.93312997868454       -1.73940285849983
H           -1.27051744068109       -0.94868247332410        1.20259133212393
H           -4.17062220229361       -1.88761867826214        1.00980249321214
H           -3.04390065950806       -2.37410771368862        2.30725717079870
H           -2.51138574044314       -2.75905889702048       -0.41538544748711
H           -3.87927501946988        0.50273046827359        1.91892646885818
H           -1.66465801987067       -0.30931103213350        3.44590012707503
H           -1.03419493090281        1.59713704641557        1.96998305845071
H           -2.87903295784229        2.50750044958303        3.20023948935198
H           -3.21661742591314        2.15024756373144       -0.07449324304954
H           -1.60380477020126        3.76496074172468        0.39708810030484
H            0.59053350845371        0.96664849467920        1.56315598240002
H            3.11278065627140        1.27668525693318        0.39476327095757
H            2.62505604963968       -0.76796511867699        1.57729870708015
H            0.90678074437413       -2.39414633318520        1.61226017126783
48
 energy: -84.803483945937 xtb: 6.7.1 (edcfbbe)
C            3.31976043653066       -3.08195324521339       -1.54310136036162
O            3.01333074709492       -2.42008767292191       -0.32926818410184
C            2.11288087906713       -1.37822414320609       -0.46389106924106
O            2.70786493051296       -0.29794457019563       -1.16102572628344
C            1.72117490626184        0.61369327116779       -1.62429195040750
C            2.46170380458095        1.85251661378960       -2.14424157285319
O            3.40168208314368        1.50967262897619       -3.12502900370407
C            0.67491369685408        0.93840720060666       -0.52706312426089
O           -0.46316197977045        0.15161112932864       -0.84355149875521
C           -1.80402311064140        0.58650277534118       -0.75922718582605
O           -2.57184545554034       -0.46289445135426       -0.25572155025820
C           -2.35801259031727       -0.74348558717611        1.12693914785821
C           -3.16550313370210       -2.00975307941633        1.42944660498251
O           -2.64580362986734       -3.11612069817287        0.74703078792542
C           -2.79461805568293        0.44590760394080        1.98902513647920
O           -2.56332250097011        0.22912931034941        3.35924673193292
C           -2.07805654021454        1.72344644829838        1.51903923017870
O           -2.66312761904145        2.87454122622987        2.08910276390777
C           -2.17996991413251        1.87628406145191       -0.00203033320507
O           -1.45083466576520        2.98139946831658       -0.46499788893881
C            1.30694740777429        0.59329303396117        0.84855955249250
O            2.39189976854445        1.44252897196197        1.09798124621832
C            1.72758757835269       -0.88681682253529        0.93805955353034
O            0.68901856584920       -1.63111299985829        1.51593866008320
H            3.79435707585139       -2.40047313203614       -2.25270231613370
H            2.41313415432580       -3.50022053470680       -1.99408450008749
H            4.00755970804715       -3.88244288592467       -1.28237613149327
H            1.20463160065047       -1.69749350808018       -1.01145850408849
H            1.18037922905857        0.14354441084925       -2.46087666070319
H            2.94568302903056        2.37516309548681       -1.30706047675388
H            1.74703056045488        2.52954959413325       -2.61578084281752
H            3.93525298168596        0.78538229471113       -2.77540150183293
H            0.43521695182707        2.00344608657931       -0.54680975792325
H           -2.15641698755160        0.70963233916204       -1.79702226682608
H           -1.29222537900746       -0.95299405560670        1.29327565661128
H           -4.21269052860662       -1.83240335071733        1.14701943276333
H           -3.11392475726226       -2.23860314323947        2.49531433445706
H           -2.55112743682975       -2.85492918387355       -0.17740325440551
H           -3.87638681362083        0.59812226078210        1.88990151378592
H           -1.67230129036391       -0.12589513163988        3.47327167087886
H           -1.02087733122626        1.67645280784298        1.81896290230425
H           -2.85001492124563        2.67877774791521        3.01589092730082
H           -3.25178442442898        2.02208562269841       -0.22526114286945
H           -1.69848473179887        3.73130403344990        0.09292498672257
H            0.59539980296678        0.77376803661144        1.65710777081827
H            3.11383813957575        1.18182650327321        0.50953441991191
H            2.63089453679803       -0.94449321531689        1.56722565789953
H            0.90236388635069       -2.56965060194944        1.45236362269534
48
 energy: -84.804759373640 xtb: 6.7.1 (edcfbbe)
C            3.50114995822474       -2.98708212905948       -1.61651137400573
O            3.14704894639845       -2.38292499299378       -0.38576491818278
C            2.18095566737704       -1.39811803365657       -0.49463196958919
O            2.70664611076088       -0.27139528034659       -1.17507278915806
C            1.66644469458004        0.60075907482109       -1.59978350829308
C            2.33190503234207        1.88800785508261       -2.10142056045323
O            3.26624025223189        1.61998481637696       -3.11057860549899
C            0.63712378905461        0.84422410122775       -0.46832057825644
O           -0.46670519909990       -0.00712777158691       -0.73231116175604
C           -1.81041042117424        0.41655501028137       -0.76339030312503
O           -2.58867679628870       -0.57490716157205       -0.16318243521056
C           -2.37322622831669       -0.72101646457975        1.24005450577609
C           -3.21014536830510       -1.92999127295879        1.67078747443647
O           -2.72843268434264       -3.11236240339014        1.09813445221673
C           -2.78038664035875        0.55705542767265        1.98310177195087
O           -2.52870054359021        0.47924292382733        3.36467955359489
C           -2.06644988039733        1.77648194264183        1.37385388673666
O           -2.63074095637047        2.98194899200592        1.84317255016989
C           -2.21107941129969        1.77327331827287       -0.15146247206464
O           -1.52151142025660        2.84025318937972       -0.74676087056189
C            1.31693104063705        0.50396756240793        0.88340936680217
O            2.38657776811895        1.37306187171185        1.12383038869913
C            1.76639294443059       -0.96884985696365        0.92217330775233
O            0.72719233068147       -1.74553379767711        1.45207372641886
H            3.93022372512517       -2.25479487400942       -2.30406670432902
H            2.62664845329869       -3.45294434537260       -2.08397788271038
H            4.24129945712137       -3.74597973441902       -1.37546900810778
H            1.29234968402337       -1.76193530425481       -1.04699430909846
H            1.13237711422274        0.12259116054405       -2.43593277475525
H            2.80705843581042        2.41154894596694       -1.25980410497791
H            1.57274516985418        2.53911601984216       -2.53872769091184
H            3.84473759576448        0.91650653722563       -2.79093507237036
H            0.34138940596984        1.89445704434227       -0.47016685098456
H           -2.12880744679046        0.42128565746311       -1.81843266980041
H           -1.31078577776438       -0.94054029374473        1.41919130036199
H           -4.25491839973488       -1.75163809768698        1.37924310465519
H           -3.15536572472632       -2.05355488181145        2.75390300878760
H           -2.62030178669224       -2.94248312052933        0.15418251944561
H           -3.86265173568900        0.70919888918280        1.88782349547463
H           -1.63982099642952        0.12815602054299        3.50319753105992
H           -1.00141893995239        1.74955381358847        1.64792473715875
H           -2.79646437643512        2.87842823428876        2.78870500036075
H           -3.29010517788260        1.86689443408685       -0.36543606945190
H           -1.78266614592816        3.63986406415955       -0.26968818137527
H            0.61794479291276        0.64825725185139        1.71146177782876
H            3.10060698594750        1.13745151354533        0.51494740663611
H            2.66093323423437       -1.03624422293104        1.56277538208007
H            0.95684213484055       -2.67870502386278        1.37368105457181
