48
 energy: -84.802932589804 xtb: 6.7.1 (edcfbbe)
C            5.05216100000000        1.79817300000000        0.75432100000000
O            4.03531900000000        0.97664300000000        1.29727700000000
C            3.32627600000000        0.26070100000000        0.35749600000000
O            2.53324700000000        1.16570700000000       -0.38677700000000
C            1.68208400000000        0.58028700000000       -1.34989200000000
C            1.17056200000000        1.74289600000000       -2.21664300000000
O            0.62833300000000        1.32153400000000       -3.43062100000000
C            0.63868300000000       -0.25700600000000       -0.57887600000000
O           -0.32553000000000       -0.93067900000000       -1.38355400000000
C           -1.71156400000000       -0.75933500000000       -1.31444300000000
O           -2.29021000000000       -1.64327700000000       -0.37291500000000
C           -2.31271000000000       -1.20321400000000        0.98055200000000
C           -2.96659400000000       -2.32795200000000        1.79846100000000
O           -2.85981600000000       -2.09378300000000        3.18232300000000
C           -3.08311200000000        0.11582900000000        1.13731600000000
O           -3.04325900000000        0.59924400000000        2.45529100000000
C           -2.44772300000000        1.17518400000000        0.23245300000000
O           -3.22614300000000        2.34688700000000        0.17294000000000
C           -2.37696500000000        0.62589000000000       -1.19582100000000
O           -1.78342400000000        1.53139500000000       -2.07921500000000
C            1.43471500000000       -1.36608800000000        0.13886200000000
O            0.59780100000000       -2.23374100000000        0.87026100000000
C            2.46757000000000       -0.77360200000000        1.09924900000000
O            3.31754000000000       -1.77446000000000        1.58573700000000
H            4.62940800000000        2.55396400000000        0.08816200000000
H            5.78317600000000        1.19529600000000        0.20439300000000
H            5.53285200000000        2.27639400000000        1.60427900000000
H            4.00559800000000       -0.28315100000000       -0.33304200000000
H            2.25073900000000       -0.09830100000000       -2.00644500000000
H            2.04355700000000        2.35765100000000       -2.45371400000000
H            0.46588600000000        2.34920300000000       -1.63901800000000
H           -0.27498800000000        1.02129700000000       -3.26321000000000
H            0.16700400000000        0.39533500000000        0.16083400000000
H           -2.02781700000000       -1.18371000000000       -2.27918600000000
H           -1.29212300000000       -1.04800000000000        1.36266600000000
H           -2.50923700000000       -3.28132600000000        1.51363700000000
H           -4.03440100000000       -2.37612700000000        1.57492500000000
H           -1.93560000000000       -2.18505000000000        3.44453300000000
H           -4.12650700000000       -0.03786100000000        0.81165300000000
H           -3.23714200000000       -0.14044100000000        3.05376600000000
H           -1.44972000000000        1.42560600000000        0.62230900000000
H           -3.45199600000000        2.58791100000000        1.07956200000000
H           -3.42629700000000        0.45334500000000       -1.49678900000000
H           -2.19474200000000        2.39227500000000       -1.92241600000000
H            1.96763800000000       -1.94511500000000       -0.63237700000000
H           -0.05596500000000       -2.57895300000000        0.24501000000000
H            1.95300400000000       -0.26097400000000        1.92575000000000
H            2.76043200000000       -2.46650200000000        1.96442400000000
48
 energy: -84.801045700091 xtb: 6.7.1 (edcfbbe)
C            4.98769020982609        1.84309053131133        0.80686636641503
O            4.03075591727947        0.93929996694137        1.32723753219813
C            3.32183378917216        0.25230724194611        0.36559849796764
O            2.46165842806008        1.16480246676476       -0.28835658595800
C            1.61594764116130        0.60598361776428       -1.27321196643716
C            1.04236815361886        1.79977541310315       -2.05447213087505
O            0.62691725647138        1.45742804956918       -3.34114957475077
C            0.64217989613739       -0.33442618991976       -0.53209084593725
O           -0.32426218175781       -1.02260713998072       -1.32338921070730
C           -1.70815354082539       -0.82785875427990       -1.32889129646624
O           -2.32714558837298       -1.66226788564206       -0.36309868129290
C           -2.30622553095997       -1.18388655744664        0.97510057852858
C           -3.01229590593682       -2.24534171003538        1.83390423612845
O           -2.88893241756670       -1.96876219073462        3.20845438965831
C           -3.00274097023533        0.18066256735414        1.11132961128166
O           -2.86223084223631        0.71287075366781        2.40342647668610
C           -2.39271092209603        1.18151830503225        0.12402224152064
O           -3.16444420611992        2.35662889168513        0.03341587508121
C           -2.39173558900910        0.54998449329285       -1.27103397768343
O           -1.88536904043304        1.40923377512463       -2.24919646303902
C            1.49218210794778       -1.44649447775567        0.11100855383555
O            0.68988179025941       -2.35047599296698        0.83750920424610
C            2.53817357491604       -0.86652381189777        1.06591046173646
O            3.44910562705664       -1.85512912244203        1.45692405348440
H            4.50751311866220        2.61307268249905        0.19834044108486
H            5.73168343440443        1.31250079983754        0.20268025094064
H            5.46850929522689        2.29621548437918        1.67037631105022
H            3.99961414107929       -0.21158266116657       -0.38206159645119
H            2.20438825271312        0.00283046178505       -1.98477223644685
H            1.86559490237863        2.51133538401632       -2.16425069340257
H            0.24679417210518        2.27980960504010       -1.47716908042700
H           -0.27000711930641        1.10093107929348       -3.28120060412198
H            0.17116774379054        0.25061469695088        0.26420662183985
H           -1.99482763682342       -1.28973295756712       -2.28459793338788
H           -1.27270385256642       -1.08126938668677        1.34000935452625
H           -2.60512317181267       -3.22975390185444        1.58065889143396
H           -4.08183169637602       -2.24664195946204        1.61346537965126
H           -1.97290237113942       -2.11211609661421        3.47596837569637
H           -4.06988087853728        0.06038192344463        0.85590265006057
H           -3.09626100632696        0.01794427081077        3.03988501265375
H           -1.37721361893673        1.44376307475380        0.45391581671302
H           -3.33145332835948        2.66210346635479        0.93316341102306
H           -3.45074554470245        0.32797179985195       -1.49793663692406
H           -2.29924892025948        2.27233700872512       -2.11037831387047
H            2.01213967903882       -1.98570017584860       -0.69657282942584
H            0.00964200861558       -2.66855940686459        0.22670367682558
H            2.03295768098515       -0.43065863944131        1.94076496672033
H            2.93974705996479       -2.58560981488461        1.83056940280385
48
 energy: -84.798036756936 xtb: 6.7.1 (edcfbbe)
C            4.94426676920198        1.87306320032905        0.84611665240997
O            4.04155025987601        0.90191985729874        1.34153988555592
C            3.32243048104677        0.24865029208811        0.36433934261971
O            2.39597867080219        1.16164270266856       -0.19133521984268
C            1.54987774483996        0.63450426373362       -1.19512513182705
C            0.92715450328858        1.85447184693184       -1.89482937503058
O            0.62179568550079        1.60976158420898       -3.23396809018133
C            0.64861890770980       -0.40059529917587       -0.48719572091195
O           -0.32764007201896       -1.10332611024608       -1.25515930311254
C           -1.70754307682551       -0.89639834918542       -1.32868224720934
O           -2.36159101162476       -1.68075186873382       -0.33962121018960
C           -2.31982867015918       -1.16291412225228        0.98078142748153
C           -3.06254652408529       -2.16703637005682        1.87694395093705
O           -2.92517565014881       -1.84545679513502        3.24054363163264
C           -2.96580889174516        0.23085679811720        1.07576780120327
O           -2.77400576804350        0.80925044531209        2.34125721905652
C           -2.35560541403853        1.17367346722564        0.03176124168159
O           -3.10429951444667        2.36042178981576       -0.09490021333763
C           -2.39687340020046        0.47793236225089       -1.33184760525638
O           -1.93542853920121        1.28644090954431       -2.37345623422089
C            1.55453825071008       -1.51213678653889        0.07072842639407
O            0.79680438167646       -2.46092272692334        0.78697502312565
C            2.61618221577761       -0.94680005789665        1.01770164799994
O            3.58209965295801       -1.91734178575052        1.30933640751453
H            4.41383306243957        2.65960453587932        0.30405282693178
H            5.68482723457701        1.41022757780960        0.18460428208550
H            5.43934522155160        2.29096702443148        1.71927306550352
H            3.98642325931564       -0.13314524594682       -0.43992141611633
H            2.15146342074688        0.10599051890550       -1.95470688705352
H            1.69969609257706        2.62882280305372       -1.88216325276021
H            0.06391598916201        2.22367332555953       -1.33464952136888
H           -0.25110040182882        1.19318465665583       -3.27241807751257
H            0.19081829923348        0.11901707660885        0.36362386243289
H           -1.96772767976116       -1.39699383405775       -2.27106413837328
H           -1.28165745021460       -1.09190829572403        1.34032405018178
H           -2.69293009946683       -3.17408930585211        1.65800386123862
H           -4.13192769001911       -2.13604692406081        1.65836762637299
H           -2.01693708289559       -2.02129229578479        3.51508445498452
H           -4.04283918449996        0.13488552984787        0.85350771671047
H           -3.02928680649780        0.15320691095474        3.00987312448607
H           -1.32821083716306        1.42567707746235        0.32977049997481
H           -3.23896913836188        2.71300334781595        0.79287890601450
H           -3.45972038946329        0.23338804743195       -1.51349418665781
H           -2.34271276512091        2.15658613227929       -2.25902194231182
H            2.05851590671278       -2.00334092532510       -0.77662907212849
H            0.08228511550468       -2.74377924218434        0.19830803284169
H            2.12873442129181       -0.58987070600242        1.93723264716103
H            3.11921051048802       -2.68667806398138        1.66497921010083
48
 energy: -84.793866181056 xtb: 6.7.1 (edcfbbe)
C            4.91582832840385        1.90613858672896        0.87625595418979
O            4.08951747517688        0.85075348218353        1.33105177108271
C            3.35336376752604        0.24225456006793        0.33761968224360
O            2.35706869771951        1.14685244405613       -0.09723924904992
C            1.49940350776390        0.65843194568248       -1.11215040665413
C            0.84515521458890        1.90244412026370       -1.73842643741963
O            0.62956771438733        1.75824999682707       -3.10954128567313
C            0.67150825625034       -0.46062385728899       -0.43783431788307
O           -0.33000564005441       -1.17001737378207       -1.16817933727295
C           -1.70504340475637       -0.95972868922193       -1.29616473127676
O           -2.38797360254323       -1.69241246927554       -0.28429707697191
C           -2.36612415967248       -1.12770712196764        1.01472405894518
C           -3.13149348643121       -2.09484344784848        1.93256290122614
O           -3.04922753924163       -1.70600061142162        3.28309952312332
C           -3.00799740456027        0.27054730332361        1.03792695765088
O           -2.84817825129519        0.90402921353251        2.28100205150412
C           -2.35386374578749        1.15713067864365       -0.02755438801182
O           -3.05844129529119        2.36303473180410       -0.20771739989817
C           -2.39160344235825        0.41343764634213       -1.36660680721399
O           -1.92562082269005        1.17797281505704       -2.43897366779946
C            1.63985812987242       -1.57242377419012       -0.00049962024006
O            0.95046808653023       -2.58100779076311        0.69972010935508
C            2.73918437692119       -1.03634846295436        0.92185089791851
O            3.76087163345007       -1.98205450734727        1.06771077156083
H            4.31887427716572        2.70693473224910        0.43337018375469
H            5.63889436750745        1.54042911030138        0.13901756056016
H            5.43900604907278        2.27398996074045        1.75553320334621
H            3.99302738937957       -0.03821873721728       -0.52581316609733
H            2.10336071065197        0.19665373219418       -1.91395015701351
H            1.57619198194502        2.70730191800791       -1.61886665751332
H           -0.06438269041525        2.18853288035731       -1.20631490004376
H           -0.20185493241634        1.27779551217921       -3.23525644521957
H            0.24881125225528       -0.01025642378693        0.47234719134022
H           -1.94349645231090       -1.50207394106325       -2.22003067059113
H           -1.33366867397409       -1.04673434937409        1.38888516392218
H           -2.74530127709262       -3.10733169198111        1.77668273267330
H           -4.19179666406320       -2.08532887840777        1.67199345961297
H           -2.15481447181513       -1.86999378529953        3.60558916291116
H           -4.07867245533598        0.16992671009872        0.78945977471230
H           -3.13488551917704        0.28282562911838        2.96967212197697
H           -1.32385881649399        1.37874375650028        0.28590873680530
H           -3.21000918553680        2.74197928405172        0.66648323881360
H           -3.45335333913956        0.16204934004444       -1.54531750275507
H           -2.32307859672183        2.05641585062478       -2.35314480084223
H            2.10657749506325       -1.99667652393630       -0.90373651836207
H            0.18392963948871       -2.81766091839112        0.15828764906823
H            2.29744870471074       -0.78268565843351        1.89682574269973
H            3.35682880918915       -2.79472793659759        1.39752293515762
48
 energy: -84.788576045524 xtb: 6.7.1 (edcfbbe)
C            4.87385433439883        1.93726335159453        0.94436360670456
O            4.12077006804255        0.80194785908777        1.32820617871919
C            3.38339291137632        0.24195660121853        0.30738941674940
O            2.32270906016820        1.12143243127427       -0.01222215597623
C            1.45594783340150        0.66888846697656       -1.03716550475692
C            0.77992603005985        1.93231945883809       -1.60078394483295
O            0.63138798155875        1.87590872645622       -2.98785943137026
C            0.70196345763597       -0.52894392226382       -0.40355737031672
O           -0.33468292076945       -1.24196330375166       -1.08079984554513
C           -1.70627109057532       -1.03133209289371       -1.24003275797802
O           -2.40846294322836       -1.70301675890927       -0.19809659391225
C           -2.42200640068171       -1.07801057153749        1.07079100079738
C           -3.20786168510560       -2.00608702478213        2.01147934251376
O           -3.18511281832464       -1.54404425101161        3.34120085626510
C           -3.07174581798469        0.31379926337798        1.00325168813373
O           -2.96627447509615        1.01191044601634        2.21689003210347
C           -2.35898684495097        1.13574863278637       -0.07406886628074
O           -3.00661010424218        2.36082602878274       -0.32001114778041
C           -2.38101368494805        0.34147785020616       -1.38551893328938
O           -1.88971432079979        1.05748697858446       -2.47977976846445
C            1.73818572727438       -1.62803140378311       -0.11416676803445
O            1.13968585070293       -2.72130403026141        0.53804918861659
C            2.86404991309469       -1.11724160090989        0.79245588575707
O            3.93666696305661       -2.01681924517256        0.79408999625974
H            4.22064433364277        2.73870545538198        0.59099642068974
H            5.59017341027254        1.67766713749166        0.15729789942946
H            5.40596410011264        2.25671428127203        1.83708772284657
H            4.00515944037355        0.07819730083721       -0.59801074679035
H            2.06226279826620        0.27173012485789       -1.87260740869326
H            1.47952235803830        2.74802187994177       -1.39684219726760
H           -0.16025409372333        2.16148526809007       -1.09888169502634
H           -0.15194591803080        1.34075327943506       -3.18459825408530
H            0.33431158481856       -0.15650696586836        0.56713142496222
H           -1.93680034953433       -1.62138079110972       -2.13562245839705
H           -1.39942851471371       -0.96832980994580        1.46539354576129
H           -2.80346210113636       -3.01976837099639        1.92539718517841
H           -4.25686775404419       -2.02592200879594        1.70920424143798
H           -2.30380935226035       -1.67952587249724        3.70942388237003
H           -4.13011640120798        0.19718560524223        0.71407147008067
H           -3.27878057226406        0.42535612906362        2.92432894473317
H           -1.33163319775437        1.32123986130415        0.27100110441617
H           -3.18565842326363        2.76828511865587        0.53606628207905
H           -3.44122655507160        0.09097911302788       -1.57409821205924
H           -2.27949534200454        1.94282591801298       -2.43289680121787
H            2.17013263288383       -1.95574208940016       -1.07366142620188
H            0.32535688111290       -2.91911699617249        0.05445555324002
H            2.46607515591276       -0.98080281566057        1.80899943281220
H            3.59007884612650       -2.87622363879964        1.06574799014285
48
 energy: -84.782450211382 xtb: 6.7.1 (edcfbbe)
C            4.80676571923264        1.95664561491136        1.05283929442980
O            4.13139857216000        0.74621314594407        1.33944864544925
C            3.40131291813369        0.24392280599124        0.28377910643715
O            2.28693433180454        1.08833065552584        0.06761718399417
C            1.42064809138844        0.66836471213153       -0.97180676728514
C            0.73088102123120        1.94299802716739       -1.49443969360578
O            0.62988002419230        1.94341526381857       -2.88804217048242
C            0.73334440019689       -0.59826233862293       -0.38790030195066
O           -0.34241955744806       -1.31311320781475       -1.00040434214759
C           -1.71189241389299       -1.10467932155609       -1.17477311391257
O           -2.42256614876630       -1.70911216740217       -0.09757948312874
C           -2.46551640120247       -1.01958000923827        1.13485183513125
C           -3.26194141753702       -1.90723336820074        2.10527826297122
O           -3.29306451035655       -1.36742956975880        3.40520784402561
C           -3.12913740290751        0.35653574265832        0.97400693579608
O           -3.07389716063736        1.12366057199558        2.14861943481535
C           -2.36811295532188        1.11247569067243       -0.11616795906673
O           -2.96561967516319        2.34666091900500       -0.42987108824275
C           -2.37098808960705        0.26593307647467       -1.39611579633428
O           -1.84647098798493        0.93310714524355       -2.50611572649641
C            1.82552831348914       -1.67197328804042       -0.24844912738349
O            1.31711100041784       -2.84410865653763        0.33708748858140
C            2.97331574163688       -1.18400992636540        0.64650868269986
O            4.08965775002940       -2.01721049310185        0.50696795840514
H            4.09860295946482        2.74811221633233        0.79594242281072
H            5.51355754669771        1.81879611044035        0.22741693698552
H            5.34532669322659        2.21891378138254        1.96023713897937
H            4.00931111572372        0.20281281945369       -0.64453511479654
H            2.03625478627910        0.32988346711721       -1.82755945947192
H            1.40949783401290        2.76064071309571       -1.23530321836195
H           -0.22880767821754        2.14138817643875       -1.02126927672550
H           -0.10927254799045        1.36669637364517       -3.13395500725198
H            0.43226973242753       -0.30175696035670        0.63352768523730
H           -1.94545922969251       -1.74384974972718       -2.03470644719984
H           -1.45152274523278       -0.87286017714637        1.54081027904983
H           -2.83607574767162       -2.91560987444072        2.09244851293971
H           -4.29953558824113       -1.96670761611041        1.77057147422814
H           -2.42280205058007       -1.46262430677101        3.81024030492257
H           -4.17453391258112        0.21411103910623        0.65243813494144
H           -3.40437363101411        0.57368670697837        2.87684842263929
H           -1.34689324697543        1.27315168206547        0.25915897784611
H           -3.17095815432567        2.78573735737261        0.40451419527343
H           -3.42911920040744        0.01856885407533       -1.59917088154534
H           -2.23216046471986        1.82199849787767       -2.50242026545207
H            2.22105423995376       -1.89768611913813       -1.25239141434302
H            0.46396949223711       -3.01652268530082       -0.08472668118085
H            2.62215544312225       -1.17253965353287        1.68912380764191
H            3.80436317365990       -2.91589267125171        0.71570036704067
48
 energy: -84.775448858646 xtb: 6.7.1 (edcfbbe)
C            4.82945577838458        1.91399582180814        1.05738978194891
O            4.21737635855444        0.65346330874104        1.25782049942033
C            3.45476001287765        0.22103000451359        0.19372068039778
O            2.30315672794302        1.03819180434636        0.10625323815780
C            1.39592593155071        0.66145873271464       -0.91454854643046
C            0.67797373888038        1.95135441943919       -1.35386250862762
O            0.56426931430380        2.02933426730510       -2.74459748333701
C            0.77248981866666       -0.65609777377266       -0.36586170730277
O           -0.35338046259847       -1.37470035744477       -0.87918727487648
C           -1.72642132566325       -1.18706244904895       -1.04593570396908
O           -2.41479778812662       -1.70597446554580        0.08736306718713
C           -2.48837442285845       -0.91384837760525        1.25326636534754
C           -3.22325989605464       -1.75689644190744        2.30800385116063
O           -3.30365742884835       -1.09571116216090        3.54850424544525
C           -3.23803293946711        0.39315477875713        0.96138538481590
O           -3.26964815605227        1.26629324393784        2.06038950093473
C           -2.47882487486767        1.09005392942121       -0.16676038600697
O           -3.10919617511394        2.27202505085996       -0.59431439509329
C           -2.39820124015641        0.15589650844050       -1.38225351587453
O           -1.82521182340151        0.76792662775539       -2.50121822917954
C            1.89596215784342       -1.70671090490149       -0.39689376150516
O            1.47226718521812       -2.93503336835604        0.13650066525656
C            3.10128613471292       -1.25169274280674        0.44093094845240
O            4.23034302100841       -2.01868950052119        0.12799036891857
H            4.07846983611042        2.69642526084706        0.92395624549526
H            5.48798864847935        1.88901275041600        0.18248156269994
H            5.41347373366129        2.10726685697210        1.95394544206319
H            4.01855072697404        0.28967950898281       -0.76052047206637
H            1.98227047642047        0.37902847222548       -1.81104885490645
H            1.34440872945067        2.76569270548771       -1.05611237359923
H           -0.28094185135795        2.10891830124934       -0.86560346185081
H           -0.12136321147116        1.40271689593439       -3.02245966494797
H            0.56900603644463       -0.42654767418995        0.69828011251049
H           -1.96660614909829       -1.89962431218886       -1.84444454199922
H           -1.48214113897792       -0.66520106711849        1.62894722352481
H           -2.72533637256209       -2.72794268433413        2.39520223006978
H           -4.25117576926149       -1.92460007020195        1.98029216823896
H           -2.42999418399413       -1.07759734899850        3.95698121179508
H           -4.26034609708526        0.15234583272669        0.62572153085820
H           -3.56981978126186        0.75937963680491        2.83188523623526
H           -1.47866100927440        1.31616411849677        0.23125705281684
H           -3.36379095638189        2.76236610609664        0.19699332304931
H           -3.44051224772537       -0.12249073356291       -1.62219617552545
H           -2.24282190021493        1.63924394803174       -2.57853863072147
H            2.21399922700863       -1.84595866510133       -1.44357619810904
H            0.57834139157120       -3.08891912754000       -0.19894321573919
H            2.84015882984170       -1.35738257190549        1.50432322511241
H            4.00058330948379       -2.94373830619171        0.28257958359852
48
 energy: -84.778272981667 xtb: 6.7.1 (edcfbbe)
C            5.29292915613418        1.81332744659356       -0.11214366677073
O            4.86771931703233        0.54631653168060        0.35382794090953
C            3.69819873546193        0.09902007098286       -0.22012060087509
O            2.63886965611058        0.90358895774115        0.25539970827705
C            1.34306078080542        0.63552283722780       -0.23868882754450
C            0.47257759299422        1.72131028219022        0.41702964197134
O            0.04611238208148        2.70817688144340       -0.47213152650577
C            0.94163939602336       -0.80371456201116        0.12787786677908
O           -0.15718359036592       -1.46010154982570       -0.52005635904849
C           -1.50221986781358       -1.19990066290866       -0.81160811352277
O           -2.33567632186028       -1.63276690255858        0.23913216676957
C           -2.71617958959103       -0.67247016030169        1.20523588027343
C           -3.49313864961772       -1.43649816117441        2.28950298933535
O           -3.89324934185252       -0.60604938044416        3.35281375723061
C           -3.58760382076747        0.39980574079481        0.53502342710458
O           -4.03164224676093        1.39021494619284        1.42583811702839
C           -2.75854783455501        1.10515792514498       -0.54320594941254
O           -3.57638689369401        1.87160013964557       -1.40228906691002
C           -2.03993612429792        0.10275343046585       -1.46320023029089
O           -1.03635098838777        0.73673544941730       -2.22154527348428
C            2.07187808555326       -1.77939513934597       -0.26852503846630
O            1.82775937546548       -3.06182417146693        0.25269038207766
C            3.46463347282519       -1.35262636832712        0.19984389585506
O            4.43720839375790       -2.16681845576305       -0.39069951426650
H            4.54600632695501        2.58091102298669        0.10429625187016
H            5.48352666723625        1.78494049732617       -1.19079847079332
H            6.21581899408891        2.03090404001631        0.41972314656641
H            3.74332449633724        0.15672153416092       -1.32841428970589
H            1.32375856836025        0.73915587453539       -1.33572106161105
H            1.08351256517610        2.22307567329912        1.17087476705234
H           -0.37815116578234        1.24663303181535        0.92852669141994
H           -0.29610109990232        2.25998383948116       -1.26187368867878
H            0.80470372980626       -0.84886807813220        1.22121427208227
H           -1.65961894275473       -1.98579380701279       -1.56909127881134
H           -1.83337328600645       -0.19180208297113        1.65927221969177
H           -2.87861865886569       -2.27380108195641        2.63729607937190
H           -4.40906615315642       -1.84052287589266        1.85356074893103
H           -3.11797738383089       -0.33665798230216        3.85934671354721
H           -4.44217183435461       -0.10708070269477        0.05548614120113
H           -4.38685462050226        0.95056181619798        2.21479748616590
H           -2.05736746172946        1.77524393921359       -0.03572386502069
H           -4.10880097158912        2.45406096205704       -0.84736152245402
H           -2.83322369394908       -0.25146553412824       -2.14066946552682
H           -1.48622255457010        1.35218815070680       -2.81590883298400
H            2.08301259822123       -1.82158345063636       -1.37108975264665
H            0.90731368809835       -3.27398331141094        0.05179610238484
H            3.51892806931786       -1.40338022203658        1.29671748362556
H            4.20317087818353       -3.08080779784467       -0.18277064182901
48
 energy: -84.776765925698 xtb: 6.7.1 (edcfbbe)
C            5.25319532720714        1.87840533812117       -0.08547759030846
O            4.88099330057728        0.56350098946344        0.28258290616624
C            3.70068279601842        0.13393568129030       -0.28300954291493
O            2.64018282894784        0.86009129178985        0.30439065301110
C            1.33857101636650        0.57865868196650       -0.16465252943981
C            0.44484015370623        1.59804242263826        0.55452052703768
O            0.04466176719927        2.65726113130445       -0.26324197284830
C            1.00342267597051       -0.88927470741088        0.14300034904544
O           -0.14581589557116       -1.54512493526086       -0.41243590641865
C           -1.49161034892054       -1.26274712208105       -0.67547685925559
O           -2.29980349853105       -1.59973863632680        0.43089443228529
C           -2.75944728276904       -0.58051060023191        1.29357642581630
C           -3.57110654380772       -1.28822534575598        2.39144788452993
O           -4.04639057261160       -0.39451072029840        3.36911767017784
C           -3.62529949573047        0.40608123199142        0.49858432170189
O           -4.15444764349689        1.44162900278277        1.28548878805236
C           -2.74932893368649        1.05908497882384       -0.57314301067529
O           -3.52581985418328        1.78346860791257       -1.50407238030809
C           -1.98458400355811        0.01731186560094       -1.40994427243901
O           -0.93178980790941        0.62638916498042       -2.12088222565803
C            2.12293997892749       -1.79320036973110       -0.41340502501557
O            1.95154406476038       -3.12274437833506        0.00895079288889
C            3.52994449000731       -1.35857186065214        0.00641060518813
O            4.48901647954037       -2.07738598505186       -0.71626027578186
H            4.49111352182884        2.60033835629509        0.21765160802789
H            5.40959575202425        1.94746139402855       -1.16783766239553
H            6.18602403279223        2.08019718517300        0.43529990430323
H            3.69687933503864        0.29382136706716       -1.38235142470213
H            1.28949161808964        0.73076017501659       -1.25493132240250
H            1.02388265727540        2.03433947229747        1.37118600556594
H           -0.42258532222223        1.07845868898386        0.98495571740520
H           -0.24968243390417        2.28069869558315       -1.10580389757898
H            0.97227774686822       -0.99750503188151        1.24051373331291
H           -1.69896985327124       -2.09456086469122       -1.36936076651865
H           -1.92113320762662       -0.03560626179351        1.75999304131421
H           -2.95285177762171       -2.07890717177242        2.82968918245778
H           -4.45297284308350       -1.75027274937424        1.94301016705568
H           -3.30480584696708       -0.06468309528918        3.89052991464998
H           -4.43279927172371       -0.16420077428204        0.00854338270158
H           -4.53075821750335        1.04948625699117        2.08946277936937
H           -2.07199484015614        1.75445068633054       -0.06499925444893
H           -4.10275217166464        2.36917478526718       -0.99903670082350
H           -2.73460339125506       -0.35226148348112       -2.12681714466153
H           -1.34116445797206        1.22649967396175       -2.75811805787258
H            2.06223363940888       -1.74196701665144       -1.51414906728386
H            1.01531204504339       -3.33100211481321       -0.10174341643452
H            3.65410147719260       -1.51159185407612        1.08810580906491
H            4.30161064865266       -3.01495545747176       -0.57726943576196
48
 energy: -84.775078732310 xtb: 6.7.1 (edcfbbe)
C            5.23622448684868        1.92048112616205       -0.05386301613286
O            4.90836295846234        0.56560414274181        0.19072227220035
C            3.70851076971459        0.16961265200203       -0.35841437964517
O            2.66541320755625        0.81390955216264        0.34493014198372
C            1.35434029080031        0.52712715868904       -0.09139101369854
C            0.44858787890299        1.47807327283465        0.69629975127672
O            0.05932547547676        2.60455140360885       -0.03581345480634
C            1.07639428533494       -0.96227634781913        0.15843014313133
O           -0.11990051003181       -1.62541031759182       -0.27790613470841
C           -1.46653870736065       -1.31768361501841       -0.49504124654199
O           -2.21811738990289       -1.53246412069486        0.68435877397854
C           -2.81169182706619       -0.46852093197240        1.39578965033675
C           -3.67290885196983       -1.12839546714920        2.48711075950706
O           -4.26418505963689       -0.18350201588501        3.34635708493049
C           -3.66242352742065        0.39036209960732        0.45249272071982
O           -4.30537107599908        1.45570848814086        1.10290265606408
C           -2.72782012446068        0.99704406498471       -0.59386248661921
O           -3.44378532418171        1.68533691912629       -1.59645013374594
C           -1.92662752771492       -0.08821810411876       -1.33346520981774
O           -0.84105573790870        0.48773464053512       -2.02027629130311
C            2.15725125406756       -1.78612102264472       -0.56889740495335
O            2.05018535758916       -3.15244946970416       -0.25863598125191
C            3.58375193543268       -1.34941509901093       -0.21706566520639
O            4.49990652798779       -1.95961002383913       -1.08197283159541
H            4.47956872283164        2.58788841180658        0.36542274094125
H            5.33046762420761        2.10761016096521       -1.12941821230367
H            6.19301762354840        2.08792680345750        0.43457437818220
H            3.64866561121015        0.43779212404806       -1.43509541949846
H            1.26928584601762        0.72794222021554       -1.17103224355134
H            1.00749824889213        1.84406216966069        1.56000834030407
H           -0.42582632160418        0.92064262318873        1.05604441811677
H           -0.18806626734950        2.31169259752723       -0.92355001344095
H            1.17014918887325       -1.12934519298223        1.24464926275505
H           -1.73641283295795       -2.20059317571973       -1.10007587141277
H           -2.05611830907388        0.17421225447077        1.88043798810781
H           -3.05322137536951       -1.84553807664582        3.03526452486127
H           -4.49474515050187       -1.67246767286326        2.01710846453305
H           -3.58146924974341        0.22551848958854        3.89154054075186
H           -4.39823419093489       -0.26239403849102       -0.04757749292018
H           -4.71299639833202        1.11342469164463        1.91451681457461
H           -2.07151416275420        1.70804674791990       -0.07704836969768
H           -4.07223871199613        2.26441035923930       -1.14779750147206
H           -2.63720266046426       -0.49689911868042       -2.06933260861701
H           -1.22133238385470        1.08212109612462       -2.68054691905869
H            2.00679355805343       -1.63838925906531       -1.65245566626476
H            1.10856165241597       -3.36567850405740       -0.26662664824374
H            3.79537822638337       -1.61102478422122        0.82963132734513
H            4.35216279957523       -2.91244133378235       -1.02149367902321
48
 energy: -84.774069513412 xtb: 6.7.1 (edcfbbe)
C            5.22716901909077        1.94902993582765       -0.09991824030592
O            4.92633405759607        0.57329664685486        0.04166512363021
C            3.69639732816333        0.21001782692222       -0.46256375099512
O            2.69583587716590        0.78106332065714        0.35710867435617
C            1.36497440776288        0.48129191793798       -0.00269565828275
C            0.48009395341557        1.34368185571659        0.89925523576443
O            0.11805456308939        2.57001202892339        0.32523023460394
C            1.14552601665176       -1.02481120220054        0.19348813279924
O           -0.08472839335458       -1.70228989909488       -0.11001197121788
C           -1.42295028181938       -1.35225981763093       -0.28347476593888
O           -2.08696668233126       -1.40286164556247        0.97131489944432
C           -2.85792288899883       -0.34047932975812        1.49054663113775
C           -3.77794286007194       -0.97397248485341        2.55069594075229
O           -4.51300366656366       -0.00705223603033        3.26270223809491
C           -3.66906327450907        0.36188320347105        0.39723123835981
O           -4.42935544842617        1.43486901918361        0.88878940109747
C           -2.67343545959196        0.92875808263830       -0.61311770379706
O           -3.32059424167796        1.58368927417992       -1.68034911929495
C           -1.85537581241197       -0.20611758106947       -1.24547051933977
O           -0.75166172858208        0.31040689302032       -1.94520043371692
C            2.15763362063711       -1.76377965022507       -0.70303414663798
O            2.10583962247277       -3.15335755085602       -0.49895413627491
C            3.60282383288042       -1.31870012496783       -0.44882126449861
O            4.44562928220638       -1.82465022080851       -1.44629804522524
H            4.49418092961724        2.56590522066289        0.42573812220376
H            5.25078468665535        2.23323116895170       -1.15818406639297
H            6.21221370387544        2.08444817864004        0.34007022998018
H            3.56589527183891        0.56773541163963       -1.50664566867262
H            1.20087431812292        0.73615560708793       -1.06046060880159
H            1.03959244171251        1.57872180751892        1.80731631742586
H           -0.40894993604670        0.76381262655189        1.17389311605290
H           -0.07528547090874        2.42769280270055       -0.60995148603658
H            1.37153596572874       -1.24583987567100        1.24890053995075
H           -1.76886872880875       -2.28174998397918       -0.77328452416230
H           -2.22378919656573        0.41702149948439        1.98660937852911
H           -3.16736374101886       -1.59344792222474        3.21552832082711
H           -4.51152546300148       -1.61582696100584        2.05812696441780
H           -3.91594271786836        0.49151171219861        3.83357685290172
H           -4.31862367629810       -0.37776526220713       -0.10174532494652
H           -4.88541703665890        1.13890010003721        1.69316443821718
H           -2.03249082831540        1.64912415745487       -0.08726972874011
H           -4.00822307927173        2.14000219212345       -1.29295794168101
H           -2.54315549899355       -0.67394826548853       -1.96875690861625
H           -1.11146062857298        0.90352777819456       -2.61811542299293
H            1.89913677929422       -1.53308396022139       -1.75128639990301
H            1.17372796109448       -3.38343057836994       -0.39642915941274
H            3.91674376386121       -1.66751023365816        0.54565668447527
H            4.32309920157095       -2.78285692256616       -1.45812488386850
48
 energy: -84.783595600021 xtb: 6.7.1 (edcfbbe)
C            4.67510865553599        2.29143821626228       -0.77252475190332
O            4.61114947986032        0.90826579027914       -0.49048009580740
C            3.37126179413774        0.34088556504503       -0.69183137974897
O            2.50636788899386        0.80130707286071        0.32863036690727
C            1.17771229801287        0.31330491375207        0.31485311933082
C            0.55527631665578        0.91278289819006        1.58755456206868
O           -0.03013097355134        2.17205409979826        1.38910500209533
C            1.13464750321658       -1.21657487836005        0.38572566547490
O           -0.07561334080720       -1.93337386329287        0.08924238783383
C           -1.40066165587973       -1.56168215246571       -0.14946645962721
O           -2.16483689555361       -1.47484401330301        1.03704012501328
C           -2.82032113380683       -0.28384099058954        1.44312783527973
C           -3.92283637121289       -0.72721078514325        2.42160817135462
O           -4.53865442179495        0.36996479726149        3.05398064386022
C           -3.40633841792036        0.50484270089375        0.26679872848053
O           -3.98979385387015        1.71516962664983        0.67272588479184
C           -2.25431013538279        0.82851015636991       -0.68461840185963
O           -2.68502073623723        1.58087340534337       -1.79705227833616
C           -1.71111086245124       -0.49327378079292       -1.23088531284098
O           -0.58700208217994       -0.30338096542443       -2.04933947844850
C            2.10749680453512       -1.79952823944970       -0.66254706548624
O            2.25222196053868       -3.18881011346375       -0.49101698666967
C            3.50542007078377       -1.18050142123209       -0.61316768202458
O            4.26935693015372       -1.62739147822909       -1.69746394668743
H            4.02823298726630        2.86188537615843       -0.10022157849407
H            4.38589797470625        2.49108698251758       -1.81054401402854
H            5.71209796643507        2.57939733808028       -0.61808348236724
H            2.95564412147800        0.61737755607095       -1.68360514325586
H            0.66592302411733        0.65368209875046       -0.59322548751328
H            1.35145275115768        0.96493185595832        2.34096139683225
H           -0.22730775662270        0.25315097902072        1.95872120328907
H            0.65845110593356        2.77661185191590        1.08921711569878
H            1.45120487144767       -1.53518146733240        1.38881781128082
H           -1.74983063298963       -2.51968576923732       -0.57987976066961
H           -2.13816139551016        0.39734034176475        1.97783793416740
H           -3.48696339834591       -1.42217380786192        3.14717617974375
H           -4.71229605861466       -1.24812905447222        1.87601135745529
H           -3.90179949371791        0.79527143411952        3.64098021120245
H           -4.14853064578058       -0.12019912668954       -0.26003017573151
H           -4.54865116685629        1.53563808279634        1.44564617214663
H           -1.49222695450577        1.39270409110032       -0.13115990762915
H           -3.26062609184246        2.27571558502411       -1.45380207997642
H           -2.52903565923278       -0.90961803087172       -1.84424278969643
H           -0.83651383300003        0.36952311930245       -2.69761092252953
H            1.67116157389353       -1.58828813528013       -1.65330184012118
H            1.36413838439106       -3.54480191659247       -0.36311284304080
H            3.99094434653388       -1.43306919676253        0.34107921579695
H            4.21740503252875       -2.59215822101858       -1.69414034164785
48
 energy: -84.786518870689 xtb: 6.7.1 (edcfbbe)
C            4.62053759221107        2.28498540498639       -0.75644733148665
O            4.56202196845428        0.89129932186567       -0.53154373951483
C            3.31168567585657        0.33672760588346       -0.70205236247912
O            2.50073063432556        0.73643293619980        0.38719019050493
C            1.17696324504174        0.23783129093895        0.40193723294019
C            0.57324556592089        0.76984657640498        1.71346392934539
O           -0.08160531867557        2.00449937455094        1.57167544075242
C            1.16185524337772       -1.29259223286175        0.41042253030319
O           -0.07471657129880       -1.99789595084456        0.22255432724730
C           -1.37967942054350       -1.56630372977325       -0.01731840395537
O           -2.07094238238259       -1.32220334795793        1.19436646428344
C           -2.77642844831336       -0.11966213718279        1.46429875168047
C           -3.88189792280641       -0.49857514126531        2.46641816328286
O           -4.55088034811487        0.63546543298043        2.96618583676783
C           -3.36697671166950        0.52838798639927        0.20882328360495
O           -3.98329428415661        1.75933414701160        0.48315321381370
C           -2.20290288054265        0.78170586029415       -0.74713189591571
O           -2.60891971379351        1.45560328616655       -1.91593989877334
C           -1.65543804623719       -0.57777644456543       -1.18449223119352
O           -0.51393080758095       -0.44548963506392       -1.99031937292187
C            2.05727769251645       -1.81783070387380       -0.72955196794510
O            2.22016170038030       -3.21320679067456       -0.63349671908803
C            3.45120402803466       -1.18686914709827       -0.73152035276506
O            4.14512627014746       -1.55186382435421       -1.89156555834716
H            3.99536800786183        2.82728700258066       -0.04150672461540
H            4.30100814341650        2.52839867144733       -1.77628644340548
H            5.66247209899680        2.56528942451786       -0.62129062514040
H            2.84615501363800        0.67282705363735       -1.65224722205016
H            0.63505623398142        0.60709552743105       -0.47643273972326
H            1.39200058859292        0.84190070616572        2.44008733962629
H           -0.16305649114936        0.06028796608772        2.09000043496351
H            0.56944393077694        2.65602628427674        1.28670924143541
H            1.56422013888769       -1.64397639919912        1.37056329915834
H           -1.80496085268549       -2.53295911998117       -0.35040891585439
H           -2.12285953923352        0.63473905771726        1.93181224951801
H           -3.43658319523887       -1.09361053153235        3.27053874990902
H           -4.64007557713578       -1.10572544014494        1.96747157518040
H           -3.94113949707269        1.14391770323253        3.51443080389282
H           -4.08683267461044       -0.16234594550398       -0.26385115964677
H           -4.55449673182390        1.64074781219000        1.25906319414679
H           -1.44676416560764        1.37879136021539       -0.21832919441798
H           -3.21292275537551        2.15478203533024       -1.63539124138153
H           -2.45994925530366       -1.03199796125238       -1.78830683542496
H           -0.74613311284341        0.18438963900742       -2.68645596193016
H            1.55997172110530       -1.56430626387750       -1.67954062182527
H            1.34852635396086       -3.57970821082059       -0.43980116756443
H            4.00056943624211       -1.49784124290649        0.16912066067199
H            4.10778529343219       -2.51586069451803       -1.94557111659433
48
 energy: -84.788640339682 xtb: 6.7.1 (edcfbbe)
C            4.50888313360098        2.34423788204826       -0.70515687122995
O            4.48962001141766        0.93775465014231       -0.57117519290206
C            3.24201600367499        0.36844880251409       -0.70810792776411
O            2.47483141155192        0.70555443511107        0.43308586700731
C            1.16101317720682        0.18385047275312        0.47504489095255
C            0.58948530271533        0.64894991905039        1.82436760908154
O           -0.06978484300180        1.88866197182680        1.74806301094511
C            1.17452023426747       -1.34380142306320        0.40343160228546
O           -0.07028250924812       -2.04763504164483        0.29531343552284
C           -1.36789430623726       -1.60091784312498        0.03623100487860
O           -2.01777875289256       -1.25638075017711        1.24808336209431
C           -2.71896116582528       -0.03865654182736        1.45152968767941
C           -3.79608823931029       -0.33975417058318        2.50864749979738
O           -4.42767427246923        0.83629787806316        2.95873070668737
C           -3.34118832002082        0.51734031305420        0.16926394568026
O           -3.95832991026751        1.76231802787020        0.37121290977142
C           -2.19396904660988        0.70975277226145       -0.81874421064487
O           -2.61552628349316        1.30910864413146       -2.02099997539133
C           -1.63704883265424       -0.66923504447265       -1.18083577709897
O           -0.48982144442490       -0.55721927246681       -1.98116670461237
C            2.02523098281123       -1.81042753689503       -0.79221621738302
O            2.21988756364105       -3.20585711432180       -0.74604576373182
C            3.40608527405265       -1.14981781866208       -0.81512780720134
O            4.06478191473369       -1.44623065810954       -2.01484745857380
H            3.94604891717768        2.82499024987123        0.09970379506548
H            4.09209649219027        2.64896757397434       -1.67173923420151
H            5.55486115173924        2.63542452865763       -0.64803670564614
H            2.72711590023894        0.73876335606620       -1.61986439152609
H            0.58282182062477        0.58407066142866       -0.36703220806122
H            1.42516242780691        0.69351545223726        2.53341107196772
H           -0.13737813057436       -0.07838031163088        2.18590719744540
H            0.57475794342116        2.55148307133449        1.47438733553530
H            1.63596228483919       -1.72969152754472        1.32354652903563
H           -1.82661897639008       -2.57227152091323       -0.22883177625065
H           -2.05274470140047        0.74535700005062        1.84584347331700
H           -3.33298390221034       -0.89202024468888        3.33314731946998
H           -4.58146762416508       -0.96194393603222        2.07409566291140
H           -3.78608884371238        1.36853667813571        3.44503540483987
H           -4.06561274998333       -0.20643276743753       -0.24280876024799
H           -4.49065669748741        1.70352162624097        1.18120421165916
H           -1.43152935045884        1.34084972358709       -0.33819294567122
H           -3.22842582337824        2.01485987504112       -1.77792914879459
H           -2.43221454580589       -1.15610328965132       -1.77109631985920
H           -0.72302211630830        0.03585859847915       -2.70856071692804
H            1.49389019802102       -1.53927141179379       -1.71675049254115
H            1.36459004416495       -3.59743988283846       -0.52939405086259
H            3.99358020014851       -1.49160766145571        0.04973613900257
H            4.04584888066772       -2.40737981773550       -2.11087586781598
48
 energy: -84.790137336088 xtb: 6.7.1 (edcfbbe)
C            4.25981473765569        2.47901954224904       -0.69636688467407
O            4.31034023462242        1.07050862063925       -0.59755357556817
C            3.08636250157950        0.44460561554564       -0.69624447844432
O            2.36888097948157        0.69901465119614        0.49792716023121
C            1.09460636414266        0.09846473959460        0.61256098074313
C            0.64353305640811        0.41625024840639        2.04792789464307
O            0.08741827562580        1.70210748670543        2.17090010820228
C            1.15296019574035       -1.41513516356121        0.41132065989033
O           -0.09046024644578       -2.12147229644838        0.34091109609721
C           -1.39145749718891       -1.68900735800641        0.04653037319401
O           -2.06228013091003       -1.27113689831531        1.21903028087934
C           -2.59094510421548        0.03642118705956        1.37591862277197
C           -3.55199103256552       -0.03687078720511        2.57371527277201
O           -3.98090628326797        1.24429275622000        2.97031709479037
C           -3.30412044771662        0.51423565052308        0.10968719228107
O           -3.84754952184218        1.80273143986770        0.24365967786708
C           -2.24103282033210        0.56625665507241       -0.98342127995010
O           -2.75803839530218        1.01105102072094       -2.21432144544345
C           -1.67613873567356       -0.83783373166328       -1.22847663737984
O           -0.53286287109232       -0.76329586905662       -2.03803225826698
C            1.97634039399501       -1.78863225214258       -0.83356117206438
O            2.24263679499030       -3.17432858152960       -0.84461701506764
C            3.32087394430296       -1.05781983198282       -0.87364692405296
O            3.94829418084300       -1.26856243927720       -2.10768271069560
H            3.68759319525484        2.91332126021078        0.12823418254952
H            3.81440836810454        2.78696870285466       -1.64919502576077
H            5.29165140087738        2.81837499657995       -0.64658984341315
H            2.50665799236525        0.82347889711442       -1.56390259881251
H            0.41361859438558        0.53783104034685       -0.12891998841182
H            1.52326854560666        0.31016253305651        2.69420911636333
H           -0.11627589002426       -0.29745496856591        2.36832918805342
H            0.76623817198652        2.33762808906882        1.91514580725038
H            1.65781226421054       -1.85895625034144        1.28192892341614
H           -1.84598554423837       -2.67661336037836       -0.15101681065795
H           -1.80979638173642        0.77557060457644        1.60722984168385
H           -3.05132656817659       -0.56698662767837        3.39088705392466
H           -4.45141662495770       -0.59265947210323        2.30059525760965
H           -3.21843675590791        1.73765814819605        3.29809225454908
H           -4.08900458815530       -0.20828580873261       -0.17201998706978
H           -4.25505697243591        1.86835278225022        1.12284611418941
H           -1.44859360677960        1.25703399548423       -0.65179566323327
H           -3.34642885095781        1.75155054479872       -2.01876433555670
H           -2.46995036896790       -1.37211257381902       -1.77714399152405
H           -0.77868041343600       -0.24398766355127       -2.81566942889948
H            1.40773788636609       -1.51384252727654       -1.73183458094097
H            1.41285717193240       -3.61934409830565       -0.63348356902781
H            3.95709721118454       -1.40408820762533       -0.04580377719575
H            3.97773308453877       -2.22446585901212       -2.24435290995531
48
 energy: -84.792761233364 xtb: 6.7.1 (edcfbbe)
C            4.07009255030713        2.63741408441164       -0.53178149164824
O            4.14229009758446        1.22635850822460       -0.55379080599027
C            2.92423835905381        0.58929274105416       -0.63151638501518
O            2.28276534855203        0.71621432604557        0.62626528115331
C            1.03806943465497        0.06606942798615        0.77530956631949
C            0.67891490136059        0.25673744421699        2.26138166238759
O            0.15309859479007        1.53336086194930        2.53283764044663
C            1.12180744553513       -1.42752299629016        0.45272257439422
O           -0.09484396326989       -2.18017541879102        0.45635978567215
C           -1.42797528001330       -1.85683077141102        0.14066530777209
O           -2.15556108048645       -1.34692639501772        1.23011325419828
C           -2.44151693811696        0.04418902616943        1.29385270726525
C           -3.33147782311103        0.26237843712657        2.52649997336430
O           -3.40727007507229        1.62879992326666        2.85613976723170
C           -3.11348119896642        0.55214261821621        0.01420893472723
O           -3.37428909396909        1.93226343481136        0.06413762879164
C           -2.15041097313271        0.29812242127448       -1.14621332533310
O           -2.71661569715724        0.63992918680589       -2.38885586655057
C           -1.82438403246193       -1.19733635386115       -1.20914745354820
O           -0.86236023822930       -1.47091254311585       -2.18882238567360
C            1.83414947964828       -1.64042602591443       -0.89560113466829
O            2.11009818008983       -3.00708781492171       -1.09816905134037
C            3.16325102477341       -0.88481146849109       -0.96747288723571
O            3.69249426225873       -0.96621328197258       -2.26085701870042
H            3.55008373008907        2.99379763860238        0.36190399027101
H            3.55882856756524        3.01534101549975       -1.42450161002980
H            5.09941747309070        2.98770553701095       -0.52246980534355
H            2.28303058536374        1.03924197803804       -1.41918137232105
H            0.29520426677157        0.54431155649243        0.12091624471306
H            1.59409272170797        0.08289066605863        2.83923784861564
H           -0.07277828711823       -0.47354835034873        2.56476811929300
H            0.83139266037040        2.17916157778409        2.30373815597812
H            1.71810192570958       -1.92305232441888        1.23005287247369
H           -1.81463527512458       -2.88994126772917        0.07419874402701
H           -1.53590535997947        0.64551921633610        1.43480715109562
H           -2.93130100675799       -0.33217325830857        3.35457344697902
H           -4.35312006406723       -0.06664995449084        2.32477563508117
H           -2.52350692439801        1.93034145896328        3.10794228709689
H           -4.04561966820464       -0.01056031122715       -0.16474238020514
H           -3.68205413540040        2.15071724365367        0.95943736801217
H           -1.24214528186093        0.90112681906247       -0.98874227851263
H           -3.14992965634806        1.49529581788901       -2.27651593244120
H           -2.77725767822721       -1.68020193179917       -1.49009156693138
H           -1.16026493207508       -1.03899761516819       -3.00106938172444
H            1.18653774086630       -1.27293823717879       -1.70369804678464
H            1.28676599300407       -3.48412593402531       -0.93708504252232
H            3.86664984583238       -1.29468373251442       -0.22799488174119
H            3.70732937484727       -1.90360838665086       -2.49503846222422
48
 energy: -84.797034559914 xtb: 6.7.1 (edcfbbe)
C            4.14434567716141        2.64459445345925       -0.27662078010574
O            4.13103028314434        1.24796035944354       -0.49393243096512
C            2.87361740149344        0.69426402063845       -0.57647922008492
O            2.30279685487173        0.70254453507106        0.72113475601817
C            1.04182439246616        0.08087173029444        0.85788425478532
C            0.70223112996035        0.20076491157701        2.35566673777469
O            0.17004964931485        1.46185277817248        2.68838472788637
C            1.10898262470087       -1.39331452173217        0.43596114200103
O           -0.06469041351436       -2.19330117785483        0.56852844371800
C           -1.42195057041051       -1.95874798755788        0.28527419796238
O           -2.14940011739138       -1.36452239081210        1.32679366113851
C           -2.37071258383101        0.03976979905013        1.27182987148679
C           -3.26853929154685        0.41300594143455        2.46074722168770
O           -3.20367599228630        1.79579037400720        2.71488526838940
C           -2.97846933150493        0.50050865968638       -0.05906419367167
O           -3.08517754096606        1.90165609682977       -0.11405151772249
C           -2.06259906452202        0.05309897428704       -1.20303885200184
O           -2.62388808343625        0.32438421624250       -2.46462540926615
C           -1.88170882947149       -1.46177823833451       -1.10518335062388
O           -1.03140345055869       -1.97168389268655       -2.09402951289492
C            1.63975500868021       -1.43261085591295       -1.01210807183872
O            1.79491063147051       -2.74599399444557       -1.48012042206806
C            2.99998694251203       -0.73494801928768       -1.11193466597430
O            3.40891653633784       -0.67148972551014       -2.44894942324588
H            3.69798320619520        2.89841961069409        0.68876081448469
H            3.60565771024178        3.16765149362761       -1.07487240388150
H            5.19112823340960        2.93787686644445       -0.28669945166113
H            2.22339362748337        1.27634471550862       -1.26504433629954
H            0.30625868926367        0.61900548675271        0.24266861087505
H            1.62412160266947        0.00679896051165        2.91495261634564
H           -0.04273457708827       -0.54638222775673        2.63451807594793
H            0.84736279276356        2.12202747266093        2.49982485139587
H            1.82106142225070       -1.91588886544278        1.08385362648543
H           -1.76806183101669       -3.00753268779789        0.33854699651001
H           -1.43741572804590        0.59821903542352        1.39600025969064
H           -2.95319665733354       -0.17403726475059        3.32969852009694
H           -4.31420929731087        0.18303042161967        2.24544476086147
H           -2.30155940283557        2.00795663057943        2.99294792456742
H           -3.96821165241099        0.03339268999097       -0.20006033231586
H           -3.38213605381230        2.21779745833000        0.75499269617904
H           -1.09820820351009        0.57724627454271       -1.11735528380115
H           -2.96431173228426        1.22713138318608       -2.43757365338042
H           -2.89302616170511       -1.88478498055627       -1.24018677533203
H           -1.32112834391148       -1.59400709252250       -2.93555226483336
H            0.93940436858736       -0.88920613605545       -1.66484316433924
H            0.91818473724522       -3.15202452986672       -1.46896966647911
H            3.73932279314198       -1.26950433141367       -0.49850160646169
H            3.35408849407043       -1.57220790028064       -2.79601563896488
48
 energy: -84.799946799890 xtb: 6.7.1 (edcfbbe)
C            4.19951976072389        2.62105980486307       -0.18201866932732
O            4.12377064012712        1.24366779208750       -0.49092609872950
C            2.84438123152363        0.73943843354798       -0.55119512752298
O            2.33134109637097        0.67581125089849        0.76876223723001
C            1.05876337154966        0.07825430294302        0.90373083538158
C            0.72754175089567        0.14651372652521        2.40435991830177
O            0.22221505128338        1.40665883168358        2.78049512643720
C            1.09536858917818       -1.37461165643900        0.40494884673389
O           -0.05419799173882       -2.18502194320528        0.62646110357262
C           -1.41946961427548       -1.99796649047616        0.34869902703845
O           -2.13753635608448       -1.34612988004845        1.36460377218362
C           -2.33851377743406        0.05614213947503        1.25665299261651
C           -3.23128595971415        0.48774949942041        2.42998621047831
O           -3.13511556297768        1.87632191384764        2.63798862654519
C           -2.93802815496612        0.47513802587088       -0.09120806050527
O           -3.00443966782647        1.87528740496229       -0.20556320034852
C           -2.04057504946963       -0.04924455571908       -1.21667553698937
O           -2.59715246366800        0.18325849580972       -2.48796029665385
C           -1.90355190292195       -1.56352564727650       -1.05265551482088
O           -1.09571877780997       -2.14467785328118       -2.03893769608108
C            1.54256191326140       -1.34785146613790       -1.06930773194743
O            1.68057551120334       -2.63475204648027       -1.60863387789785
C            2.90221901252453       -0.64919723297720       -1.19576205302220
O            3.23147633368630       -0.48894530122062       -2.54710346044832
H            3.80198024156189        2.82475536381140        0.81617943767509
H            3.65039679404496        3.21598955281504       -0.92080280430441
H            5.25580824459573        2.87612846717246       -0.21667785947354
H            2.18495030531370        1.38967323528020       -1.16625748881386
H            0.33103253083477        0.66143147031487        0.31812313671792
H            1.64462162697251       -0.08859612294593        2.95525785815192
H           -0.03483052732814       -0.59281038166684        2.65541051878354
H            0.91618657951227        2.05698364684370        2.61982656929449
H            1.85677451665224       -1.91412541967089        0.98045285321694
H           -1.75350739061788       -3.04393437372550        0.46428792053542
H           -1.39670854673450        0.60395057003681        1.36493195542534
H           -2.93048265353493       -0.07715447124522        3.31826220649218
H           -4.28119147183199        0.27396492491886        2.21885619914057
H           -2.23525271572802        2.07276880447312        2.93386841064494
H           -3.94148258407357        0.03139832602319       -0.20848745595565
H           -3.29771192631961        2.23494815547135        0.64745534178937
H           -1.06071378318497        0.44882670029150       -1.15297634009040
H           -2.91184129896642        1.09552764560189       -2.50057188921596
H           -2.92866216841102       -1.96453119722106       -1.14004970403792
H           -1.38519487481948       -1.78213793524327       -2.88736382315940
H            0.81695611964121       -0.77108716372513       -1.66332676215860
H            0.79806936104226       -3.03173060162741       -1.61928540103893
H            3.66762600439836       -1.23861493790223       -0.67121051166165
H            3.16902852202967       -1.36500330342699       -2.95115604608716
48
 energy: -84.801189594661 xtb: 6.7.1 (edcfbbe)
C            4.23739847518291        2.60326266729537       -0.11853916380095
O            4.11701550539604        1.24876486314746       -0.50464102935943
C            2.82537246012576        0.77343259076967       -0.53074603357803
O            2.36798666372243        0.65050060503461        0.80503700122474
C            1.08247813456233        0.08409188589390        0.94258186280812
C            0.75398314050135        0.11411647500607        2.44308072486438
O            0.25944982505889        1.36995677143386        2.84831523044746
C            1.07771570302552       -1.34753973875338        0.37993180253973
O           -0.04937134326364       -2.16307462564688        0.67647793747400
C           -1.42038005622933       -2.03053224836181        0.39540239613252
O           -2.14046863226137       -1.33245547721766        1.38224829811104
C           -2.32092958627112        0.06615781216566        1.23538524321388
C           -3.20301859471808        0.54468890333526        2.39884536772529
O           -3.07616545147449        1.93530952385226        2.57332820420473
C           -2.91941561835245        0.45068234733319       -0.12231746773257
O           -2.95731329668251        1.84723370413910       -0.28541420013074
C           -2.03478250674701       -0.13250035553478       -1.22795000894768
O           -2.58525917891044        0.06447824666522       -2.50802459090137
C           -1.92183273732869       -1.64399068469507       -1.01330904865138
O           -1.14374924077757       -2.26954188157102       -1.99655665441149
C            1.47291957400659       -1.28560167333035       -1.10568540455099
O            1.61549623381711       -2.55970108831309       -1.67402476609591
C            2.82919295589814       -0.57888178144738       -1.25141683836800
O            3.09839956813676       -0.34558066952618       -2.60565792026058
H            3.89834883918988        2.75213271314133        0.91037932630606
H            3.66170061518382        3.25144363341612       -0.78912634964867
H            5.29531771353466        2.84174434092439       -0.19585757888938
H            2.15298987024166        1.46782470913739       -1.08070050658330
H            0.36691616630659        0.70983381349729        0.38270197119550
H            1.66660560100178       -0.14517109482490        2.99006087352937
H           -0.01826115184874       -0.62198666489918        2.67241250175023
H            0.96268900128298        2.01638155445405        2.71451173097222
H            1.87063372641175       -1.90137631932966        0.90015090682859
H           -1.73812223320126       -3.07260332145778        0.56128353711325
H           -1.36970866061765        0.60136715129874        1.32650109203500
H           -2.91356696541902       -0.00554118799608        3.29980265244661
H           -4.25737482248817        0.34853113874800        2.19274532740799
H           -2.17673570993361        2.11641618767984        2.88003189252299
H           -3.93207778994666        0.02378222463272       -0.21953820363674
H           -3.24095565921689        2.24166692392877        0.55512544385420
H           -1.04740509512356        0.35200843963207       -1.17733036608116
H           -2.87968336886364        0.98227044101358       -2.55528025970324
H           -2.95427045124903       -2.03180132377653       -1.06671684534625
H           -1.43399472272339       -1.91601682424034       -2.84882845383519
H            0.73219894338350       -0.70235009788286       -1.67315442484400
H            0.73638567929301       -2.96629825433442       -1.68541954487868
H            3.61094154759984       -1.20338761441930       -0.79671035884068
H            3.04270681454811       -1.20214823933114       -3.04990758490866
48
 energy: -84.800806990561 xtb: 6.7.1 (edcfbbe)
C            4.31473170913528        2.56074283854103       -0.01377480587599
O            4.13571399970538        1.24400486681873       -0.49588412076057
C            2.82906118981334        0.81066355970322       -0.50260842349163
O            2.40742937864071        0.63369678771552        0.83862190116708
C            1.10523414971849        0.10909983353909        0.96986265789497
C            0.76497687316313        0.11056967344871        2.46672977359779
O            0.25891050694270        1.35803997081130        2.88662745240921
C            1.05254942487590       -1.29979756826988        0.34879190437023
O           -0.04910900161282       -2.12274561060726        0.71002403795846
C           -1.42489670251038       -2.06416861511698        0.42752364740799
O           -2.15699590573722       -1.33272217585377        1.38441388271175
C           -2.31110120038307        0.06121914921358        1.19728638053618
C           -3.13060307803497        0.60833050621997        2.37596175208504
O           -2.91581266562692        1.99101899363475        2.52137045285342
C           -2.94938670184200        0.39958344110340       -0.15277420701493
O           -2.99137385551608        1.78916143610929       -0.36747586654036
C           -2.08518904418813       -0.22694617977557       -1.25056372219119
O           -2.65530823478048       -0.08279865713267       -2.52924052110979
C           -1.95469002214646       -1.73084011543068       -0.98519679903798
O           -1.19403784230279       -2.37782557006558       -1.96860652848701
C            1.40935764863315       -1.20274496102599       -1.14273105669478
O            1.54918468236106       -2.46185798137623       -1.74326583787379
C            2.77119517135027       -0.50140221494518       -1.29283233346894
O            3.00047755714399       -0.20040971028286       -2.64114146852444
H            4.03493532402638        2.63538716142843        1.04045493374718
H            3.72275362307860        3.27333889342838       -0.59912147368709
H            5.37334663410178        2.77913555094075       -0.13055590445763
H            2.16238019483392        1.55307022991008       -0.99460184242984
H            0.41278038738630        0.77946381771948        0.42818764620055
H            1.67205874028962       -0.15428465933105        3.01944941690477
H           -0.00782412518689       -0.63113655219375        2.67482199036943
H            0.96373419422854        2.00877989509644        2.78707293179704
H            1.87026997128381       -1.86708198423675        0.81851231111326
H           -1.71099780147041       -3.10461210429853        0.64091421632179
H           -1.34285184715972        0.57170095795563        1.22891005889792
H           -2.84699027533509        0.05635846792516        3.27764687048145
H           -4.20026522687878        0.47114034686890        2.20335548743725
H           -2.00026112002619        2.11911377171172        2.80901343905382
H           -3.96365181752062       -0.03046399691374       -0.20695071559132
H           -3.21314309490255        2.21998314931190        0.47312762633350
H           -1.10120249601081        0.26709332896701       -1.23156728085146
H           -2.95896450675933        0.82993823340676       -2.60609191099295
H           -2.98408413002865       -2.12955365881675       -1.00300310520632
H           -1.49871024527006       -2.03994677508756       -2.82254827917494
H            0.66409685785951       -0.60378256881564       -1.68716258916468
H            0.67187625139606       -2.87573308348038       -1.75311599346374
H            3.55425829265812       -1.16471581943769       -0.89925132052045
H            2.94613805754258       -1.03506579616008       -3.12512693888822
48
 energy: -84.798792435952 xtb: 6.7.1 (edcfbbe)
C            4.38699290315663        2.53863023377796        0.04790382662891
O            4.15494203181481        1.24772716578720       -0.47972255851341
C            2.83627051116840        0.85323199329253       -0.46313544476115
O            2.45273272591516        0.61487974887545        0.88014202459807
C            1.13586832849260        0.13216238774676        1.01075505961370
C            0.79208180497109        0.09458359699163        2.50504745415464
O            0.29315190557821        1.33503050974960        2.95498963784649
C            1.02677394399728       -1.24649528942523        0.32567692275601
O           -0.05258657533434       -2.07482715995964        0.74024109152133
C           -1.42953315396051       -2.09587620515732        0.45920433967211
O           -2.17939943619195       -1.33744976058663        1.38356711217105
C           -2.30013811917588        0.05082590306678        1.15336233642460
C           -3.04627806461890        0.67202596259715        2.34451309828759
O           -2.71979954860535        2.03339046974865        2.47216801899671
C           -2.98398671046160        0.34456385914464       -0.18353643809943
O           -3.02152462141992        1.72494542138087       -0.45360358300120
C           -2.15776711607614       -0.33396932990774       -1.28004847542005
O           -2.77498315386073       -0.26003894768235       -2.54326366243579
C           -1.99332755488458       -1.82459870817633       -0.95489843374821
O           -1.24882817509056       -2.49397837851104       -1.93641102662466
C            1.34564887227084       -1.10325891330425       -1.16862156660647
O            1.47430574837481       -2.34101993740465       -1.81322023340119
C            2.71392062269150       -0.40992171474972       -1.32300869236923
O            2.90130800819448       -0.03419881885407       -2.65909406536886
H            4.12688554383849        2.58306042650387        1.10893194843564
H            3.81043737763007        3.29212006092752       -0.50071772357192
H            5.45042023138678        2.72536819716837       -0.07917917462244
H            2.17628176210276        1.64015087420338       -0.89085249740954
H            0.46513833831818        0.85042274772176        0.50010809141681
H            1.69291618146907       -0.19359726871223        3.05572725507883
H            0.01018744725230       -0.64403491954826        2.68823424776930
H            1.00430679902142        1.98261545331277        2.88402785074552
H            1.86347502109685       -1.83353254683084        0.73967099072606
H           -1.67748440398638       -3.13363444640896        0.71968924671788
H           -1.31372210763994        0.52516494936535        1.11934613562474
H           -2.78552681508419        0.10531762470677        3.24396589296475
H           -4.12737725118930        0.61706745736398        2.19813489052527
H           -1.79569370015345        2.08870552992985        2.75929685582748
H           -4.00247703548614       -0.07806515642766       -0.18462560739297
H           -3.17488251260265        2.19622673676584        0.37921817666674
H           -1.18184249890253        0.17395077578526       -1.32084658543936
H           -3.08326121987634        0.64690271802621       -2.65902705130066
H           -3.01555312667895       -2.24056999306343       -0.93028511438996
H           -1.58256444311635       -2.19044089004678       -2.79262270180585
H            0.59776825147471       -0.48001939347068       -1.68145888086934
H            0.60141805375015       -2.76807671194262       -1.80672847216450
H            3.49577666422833       -1.11064980229225       -0.99819337053921
H            2.83952814119087       -0.84081802686542       -3.18733338547413
48
 energy: -84.795281128018 xtb: 6.7.1 (edcfbbe)
C            4.52276159278305        2.46582443018885        0.21633823926632
O            4.20722695423547        1.23469328847738       -0.40304772476622
C            2.87008060091085        0.90905616979612       -0.37543280696016
O            2.51076942278954        0.57793872593926        0.95501849747404
C            1.17781758596901        0.14215573420911        1.07265180123333
C            0.82759045933602        0.03278194860999        2.56048886331034
O            0.37011247246895        1.26430030090508        3.07466960741955
C            1.00395245257661       -1.18304781036368        0.29335152086503
O           -0.06186898948416       -2.01316396800329        0.74341902881425
C           -1.43549968835244       -2.11230276909786        0.46879103212214
O           -2.20129183510813       -1.32638520804037        1.35828659754241
C           -2.29360085587018        0.05108298870872        1.06339125822368
C           -2.95851248491838        0.75633066940521        2.25830650979669
O           -2.48258498578896        2.07042328672277        2.39364248956258
C           -3.03425103617559        0.27926224844007       -0.25590082327418
O           -3.07163958759086        1.64209569772204       -0.60537614025333
C           -2.26715382670467       -0.46961645443454       -1.35109634761480
O           -2.96631229202869       -0.49938453731546       -2.57363407272939
C           -2.04587599737011       -1.93246881679695       -0.94114394288369
O           -1.32082399262719       -2.63824717317260       -1.91311676825634
C            1.26771391677668       -0.92576483999451       -1.19354897620901
O            1.34016820267960       -2.09774404940236       -1.95538459619450
C            2.65690535949749       -0.26660194652484       -1.33599191038585
O            2.81022484584401        0.22009340496814       -2.63993908441964
H            4.28930428111310        2.44057750101332        1.28410191165598
H            3.97687445643978        3.28979065305488       -0.25714032905593
H            5.59180327075750        2.60445733892416        0.07560806771859
H            2.24184722219806        1.76230549294475       -0.71449828140872
H            0.53387282749151        0.92052602123177        0.61595231506715
H            1.71232617187807       -0.31894967467769        3.09974293780067
H            0.01590712908842       -0.68309317008309        2.69744622924527
H            1.10218536515919        1.89129260306414        3.04170867320143
H            1.85334617777635       -1.80617873681015        0.62280221603015
H           -1.63999864324402       -3.14280025593502        0.78689549471987
H           -1.29333451387673        0.48485777820832        0.95100715764328
H           -2.76164490618308        0.15773164914605        3.15352634578953
H           -4.04017654592425        0.82258129888151        2.11622082962449
H           -1.56741788413569        2.02345235084539        2.71380907975165
H           -4.05522183709731       -0.13083131513001       -0.18439708754211
H           -3.16143943452709        2.16703301745182        0.20211128202072
H           -1.30902557573683        0.05123736088787       -1.49471225698578
H           -3.28204417268238        0.39568358637840       -2.74626074955890
H           -3.05419999947998       -2.37263538929547       -0.85454533470836
H           -1.70613459751019       -2.40479753734882       -2.76983080250968
H            0.52840926923882       -0.22830054751859       -1.61876823089639
H            0.47620260846374       -2.54695308534394       -1.91072718508992
H            3.41975367023092       -1.02402444430419       -1.10730409946788
H            2.70289723008471       -0.53427525033569       -3.23400276478413
48
 energy: -84.791136360598 xtb: 6.7.1 (edcfbbe)
C            4.70551355925062        2.32813168390522        0.38686710966159
O            4.23147179165574        1.24480289974443       -0.38802211625084
C            2.87781380777313        1.01392217872873       -0.28017040105060
O            2.60102274866379        0.52922451115878        1.02180793649420
C            1.26550147917386        0.11634794906534        1.17502709306761
C            0.98370780829299       -0.12832207096808        2.66041224250616
O            0.57861768076695        1.05612967643325        3.30877619222651
C            1.00155371286125       -1.11790230129256        0.27069488563956
O           -0.05763269898441       -1.92736355135472        0.77487780519194
C           -1.42815254986611       -2.07808504964130        0.52488790829688
O           -2.18438451935949       -1.22054422579879        1.35031010853631
C           -2.26939380110894        0.11974730640433        0.90127868694990
C           -2.83550327863287        0.96581966411857        2.06096005262437
O           -2.03296445530939        2.07706029531464        2.34830086473448
C           -3.09441386194102        0.18324135935400       -0.38931573120553
O           -3.16711799873212        1.48478169784264       -0.91998964312287
C           -2.40730087204108       -0.69647410213581       -1.44383830480815
O           -3.23194196354666       -0.91676465061736       -2.56607964566996
C           -2.08692491726411       -2.08360664961691       -0.87293398255456
O           -1.35091359389688       -2.86252593609894       -1.78035956998704
C            1.10729487578923       -0.64211951514704       -1.17725584328728
O            1.05405780953978       -1.65970937163485       -2.13577368601633
C            2.49867659842922        0.00502973197304       -1.37185967443841
O            2.52715223137291        0.68428284672280       -2.59536616401682
H            4.58262746382321        2.13095376416496        1.45508726251116
H            4.18039633055157        3.25322575073877        0.12418511386516
H            5.76178429136428        2.42420781565543        0.14796114347593
H            2.29669836097077        1.94793402454003       -0.44562909856643
H            0.61562395927627        0.95014271764947        0.84369361233808
H            1.88061274893429       -0.54968822403356        3.12430622218337
H            0.15683113415539       -0.83207317442295        2.76314404926313
H            1.31120863382433        1.68275949835147        3.28126498994130
H            1.85876746664409       -1.79068234784278        0.43232598931982
H           -1.60034970890940       -3.07480170157680        0.95558049377214
H           -1.26858400070392        0.50568149452703        0.66698687405089
H           -2.93700115359212        0.30175622027021        2.92655921369207
H           -3.82716554922539        1.35473444298905        1.81020802911180
H           -1.20761107690606        1.77253228841932        2.76448676476749
H           -4.10463846797642       -0.21332188764012       -0.19418805837233
H           -3.23177952516606        2.12039087505893       -0.19698614235787
H           -1.49315166571751       -0.18051740972441       -1.76785547107774
H           -3.57016033962564       -0.05883088794128       -2.84903612206564
H           -3.06596411308000       -2.56103691209342       -0.69869855414301
H           -1.80911591318451       -2.81046981123642       -2.63125871049345
H            0.35106456709917        0.13631730450049       -1.38359680882184
H            0.27119848874734       -2.22284113079774       -1.97594845591165
H            3.24910027880161       -0.79817813942132       -1.35220246957269
H            2.31386805055782        0.03669973716165       -3.28013847933501
48
 energy: -84.788260185606 xtb: 6.7.1 (edcfbbe)
C            4.58419828560019        2.47373562406474        0.36070067212752
O            4.10508011920986        1.43550298343799       -0.47158148188441
C            2.79569235197196        1.07965189116755       -0.23535358737780
O            2.71732655856257        0.43999337491547        1.02383683124046
C            1.43217513706331       -0.04602515541649        1.31862885864103
C            1.41082918538620       -0.51754330404697        2.78135983651226
O            0.77646143638827        0.40932704234219        3.62814461481522
C            1.01827384244929       -1.15741410334277        0.31329515645480
O           -0.09702310427980       -1.84645654526811        0.88150246556893
C           -1.46672441371583       -1.93142035902463        0.62517450261724
O           -2.17018124060913       -0.93650754624444        1.32908938252946
C           -2.21858115065429        0.33402558396105        0.69872654150964
C           -2.71348970772038        1.31895127888043        1.76921237616672
O           -1.65781252537390        1.81782765893085        2.53821149399491
C           -3.08946595122621        0.22455299265770       -0.56367493488761
O           -3.18244750094765        1.42069403878367       -1.29943839514477
C           -2.43265379701669       -0.79577325534233       -1.50740054835697
O           -3.29377529476296       -1.15476054206150       -2.56480023882649
C           -2.10650610820209       -2.10095404894796       -0.77109594537994
O           -1.34188977681791       -2.97246764239965       -1.56488364869552
C            0.99891825496087       -0.54411035753280       -1.08263968464494
O            0.84824125806782       -1.47191730067427       -2.12373658693153
C            2.35383775095172        0.14334000080920       -1.36403926812083
O            2.25001660324185        0.90158811870473       -2.53613030046921
H            4.58284872030278        2.16751725487359        1.40990119855666
H            3.97479800930001        3.37705013105191        0.24393197639393
H            5.60202752909691        2.67153093555149        0.03373914787662
H            2.13174344574377        1.97215314452197       -0.23014653199014
H            0.70777832932512        0.78429241536202        1.22511105640615
H            2.44361526599156       -0.70600376905813        3.09403492699358
H            0.82922411455847       -1.43616984572050        2.85949486303951
H            1.28745919914712        1.22730745324617        3.63578785719538
H            1.80843786387153       -1.92212412630164        0.32107878348029
H           -1.70683784464723       -2.85043051011747        1.18205779913283
H           -1.21413903495214        0.65716088225989        0.39002832479850
H           -3.45738282170743        0.80013059655113        2.38823729524629
H           -3.17885641270858        2.19576931395403        1.30852325534603
H           -1.18775373163080        1.08548789708424        2.96990901337755
H           -4.08916660324842       -0.13949708364131       -0.27761811190412
H           -3.52798828573414        2.12464170263750       -0.73994170275298
H           -1.52875961124727       -0.33530580600877       -1.92598858307780
H           -3.59875896035928       -0.33904453245369       -2.97953803847818
H           -3.08483404391554       -2.56521946919637       -0.56296845146900
H           -1.79986636973437       -3.05948531104123       -2.41248174684946
H            0.22249646231367        0.23961326483065       -1.14276197083790
H            0.16952066536330       -2.13316346687287       -1.88553466927501
H            3.12123750263601       -0.63699058178562       -1.46753918648124
H            1.97265627292142        0.29693779284881       -3.23693705303049
48
 energy: -84.785835477920 xtb: 6.7.1 (edcfbbe)
C            4.70215882239698        2.39106825813224        0.34943095989048
O            4.12956433249425        1.43455046970272       -0.52084495369704
C            2.82651527452627        1.10366586344378       -0.21902613854340
O            2.81020756203097        0.38630122662844        0.99917217018546
C            1.53401666557219       -0.07918788781575        1.35643108257263
C            1.61031525665224       -0.65239772716490        2.78327182962640
O            0.90047071689622        0.12536668094395        3.71199461080233
C            1.00024554408617       -1.09947057467846        0.31427889263744
O           -0.11655340438156       -1.73846901424917        0.93850698005407
C           -1.48400988699257       -1.85464056826835        0.69971081267525
O           -2.19742823132456       -0.81852286679925        1.33085506238785
C           -2.26019871898928        0.40891599700832        0.62352506113576
C           -2.77682916869228        1.43787067717489        1.63598213188741
O           -1.78997254110523        1.73732889276452        2.58087129311802
C           -3.13000842622996        0.20294707261743       -0.62545520074769
O           -3.26137870072120        1.35113877324383       -1.42951662929141
C           -2.44924717343967       -0.85798561928122       -1.50466214138293
O           -3.30098454179202       -1.29417985227195       -2.54154310768780
C           -2.10340983125609       -2.11495561027770       -0.69311767586965
O           -1.29568862700167       -3.00194623247933       -1.42682487572321
C            0.92734376170435       -0.41382492274278       -1.04468198008874
O            0.69070807801311       -1.28682378217281       -2.12027626753035
C            2.28344040803562        0.25274876346286       -1.37019283808696
O            2.12991665072078        1.08362159371023       -2.48612879117270
H            4.74759335653332        2.01135731978605        1.37328072259553
H            4.12828683048305        3.32451979680470        0.33189556691547
H            5.70718466796559        2.56944034687194       -0.02497421289112
H            2.19474352276429        2.01315636109521       -0.11423124266075
H            0.82805849707718        0.77312938289818        1.37429178715674
H            2.66982977894487       -0.73477971444525        3.05307315322071
H            1.14661273742962       -1.63796516159402        2.81095309478838
H            1.29538633718604        1.00407792229752        3.75623722559427
H            1.74495716614544       -1.90556518403275        0.22395474194010
H           -1.71970882324812       -2.73457496416477        1.31662490173891
H           -1.25706139288115        0.73015610327444        0.30958427025771
H           -3.68026247622068        1.03571595368090        2.11466584212087
H           -3.01405844678386        2.38326477445972        1.14096648156266
H           -1.46918799761795        0.90947614437473        2.96816707764529
H           -4.11698513101571       -0.17170427426861       -0.31095714769272
H           -3.71245631118990        2.04450134556695       -0.93701258158995
H           -1.55292472339187       -0.40705304861112       -1.94722240300637
H           -3.60976484216423       -0.51000862676253       -3.01078210527740
H           -3.07149098397381       -2.59678088975560       -0.47929841965395
H           -1.74108367686794       -3.15829380291539       -2.27106925355857
H            0.17088354927766        0.39092852265149       -1.03254901042526
H            0.12321883256205       -2.02763781852958       -1.83186058339510
H            3.01846824016110       -0.54035415375681       -1.56896451559952
H            1.79056734241475        0.53187277387678       -3.20304613301238
48
 energy: -84.787334931022 xtb: 6.7.1 (edcfbbe)
C            4.64732081384950        2.47760907490893        0.44612492404170
O            4.06263243551839        1.55977119834215       -0.45673345723925
C            2.80872564342377        1.12298162301041       -0.09014070285225
O            2.93202871887513        0.25900573268510        1.02043987452186
C            1.70232905894495       -0.25535771427169        1.47255147356454
C            2.02042495902125       -1.07964300580745        2.72631289110216
O            2.59656653120676       -0.28546111878024        3.72447963465591
C            0.98482390349606       -1.10882640967112        0.40069399072233
O           -0.17975389829143       -1.59930172776347        1.07792976422412
C           -1.54967212587771       -1.63178936639854        0.81425723579853
O           -2.22452634978834       -0.49694722223371        1.30059925074157
C           -2.42719544478142        0.61594310983956        0.44169291155761
C           -3.14593437916561        1.65764816978423        1.31236303714205
O           -2.35444422785829        2.03918463565038        2.39745980894390
C           -3.24318405901326        0.18149164432077       -0.78338137355752
O           -3.44930737452267        1.21370429344966       -1.71777924044259
C           -2.46537041147655       -0.91545762021711       -1.51908791503226
O           -3.24026114893397       -1.49787971619465       -2.54470090339979
C           -2.11251949217182       -2.06273101110402       -0.56236638547598
O           -1.23811051305125       -2.98580413917460       -1.16493302546038
C            0.87524202945540       -0.33261912885584       -0.90672508378736
O            0.58317377664728       -1.15139152040017       -2.01489170355524
C            2.20389587152597        0.36516459027476       -1.27202191630635
O            1.97342870083700        1.27343985969562       -2.31157614822772
H            4.82366423835414        2.01541690414030        1.42113344367357
H            4.00857079513006        3.35876475418713        0.57303376203928
H            5.59471149098442        2.77064770131015        0.00036195767645
H            2.14775942461666        1.97480837375816        0.17904769642622
H            1.03352325798926        0.57850578844319        1.74853805477706
H            2.69489598924282       -1.89748413020853        2.43810697140966
H            1.09930946818262       -1.49540203788947        3.13353767566609
H            3.34679496777243        0.17211397680049        3.32472039906021
H            1.59744041779695       -2.00084490138083        0.19632877331546
H           -1.85362692781611       -2.41162682597979        1.53067417941462
H           -1.46846110263840        1.04189515400228        0.11228579393718
H           -4.10091633149479        1.23005696148215        1.65237317887155
H           -3.33613559723808        2.56896104658284        0.74004235622346
H           -2.06759124839880        1.23347772168279        2.84692494489446
H           -4.20479952014887       -0.23239925020287       -0.43877799098576
H           -3.97163419184422        1.91713532001963       -1.31902367590148
H           -1.56926558160162       -0.46282608639822       -1.95983699068237
H           -3.56532497229519       -0.78020621147709       -3.10119340890523
H           -3.07027672665860       -2.56128777811225       -0.34199995925127
H           -1.65280440797383       -3.26318526082447       -1.99374646490225
H            0.11523770799131        0.46143295353314       -0.81194893004844
H            0.10590443072510       -1.94807616827365       -1.71401012258689
H            2.92908268206792       -0.40417361858876       -1.57430449909260
H            1.60362861169115        0.77156000999305       -3.04934648334960
48
 energy: -84.786371882148 xtb: 6.7.1 (edcfbbe)
C            4.77639359288570        2.39975160640038        0.51272223449354
O            4.12853285497842        1.55282860207759       -0.41590902989910
C            2.88537981563223        1.11672735254566       -0.01426269614928
O            3.04584384083084        0.14739882483330        1.00123057356842
C            1.82662095628464       -0.34890229803562        1.49845075737991
C            2.18948540033890       -1.31012087187972        2.63787922398371
O            2.90669854901642       -0.65798848545080        3.64684720224061
C            0.97602769746226       -1.05772270493174        0.41873314972671
O           -0.18972517436206       -1.45691229434915        1.14924280707413
C           -1.55975962092342       -1.47800217863671        0.88106396225793
O           -2.20689835717187       -0.28630263594247        1.25791541207245
C           -2.53360664473218        0.70859272556477        0.29875489400157
C           -3.26984200886251        1.79247033568386        1.10171374940349
O           -2.45674639229869        2.31211244589386        2.11108475518717
C           -3.38679519563292        0.09329453831004       -0.81629045934674
O           -3.73605451873656        1.00707486527708       -1.82826265528535
C           -2.54987243117015       -0.99858000980287       -1.48812613543728
O           -3.29648384923809       -1.70937847448875       -2.45166902942895
C           -2.09633815095662       -2.04443227934565       -0.45930919654225
O           -1.14184517324228       -2.91922504696292       -1.01413633756509
C            0.84716631051611       -0.18455959740816       -0.82441992603317
O            0.45208790504085       -0.91170543207300       -1.96684064019583
C            2.18397455491777        0.48348116600068       -1.21520999727957
O            1.93691646922259        1.47991774751051       -2.16674563252280
H            4.98089555663465        1.87651635742895        1.45074538506847
H            4.16807133107796        3.28758004586669        0.71851805326349
H            5.71175125103025        2.69536114492039        0.04385955754186
H            2.26887404271999        1.95610440360518        0.37251255415113
H            1.22693964400764        0.48402936124732        1.90289361430350
H            2.77498885874207       -2.13837548816293        2.21555926637092
H            1.27764109152306       -1.70205077479551        3.08724651449006
H            3.65045082492525       -0.21296263927559        3.22183177321493
H            1.48704610626765       -1.98570868004383        0.11603861804623
H           -1.88282344085949       -2.17786626738459        1.66851188688029
H           -1.63067409202596        1.15553536312791       -0.14204277511758
H           -4.18675528295043        1.35400684608364        1.52350206466717
H           -3.52987638757146        2.63481051370347        0.45595014875276
H           -2.10593930160901        1.56473470490422        2.61287652978857
H           -4.28698694535873       -0.35966249014493       -0.37055597218743
H           -4.29322423383022        1.70161515288178       -1.46282276860277
H           -1.69270136201229       -0.51562235028439       -1.97519422144026
H           -3.69352029380364       -1.05763160017240       -3.04194224800439
H           -3.00377941919565       -2.61456200657942       -0.20480392617372
H           -1.54370567871276       -3.29988818725214       -1.80717159111865
H            0.12794679135282        0.62897418216234       -0.63634836391695
H            0.08819047382838       -1.77176469453507       -1.68573578213626
H            2.85614051214620       -0.28810998462605       -1.61818491104367
H            1.49988942291263        1.05511776022112       -2.91621275693892
48
 energy: -84.788465166719 xtb: 6.7.1 (edcfbbe)
C            5.21166076155957        1.98885400472477        0.48900934374148
O            4.31363367008836        1.38255032690523       -0.41946552986411
C            3.06222840782636        1.13220037416757        0.09898842414810
O            3.15225366543663        0.04552708334855        0.99939993128794
C            1.91558654875781       -0.35246217098378        1.54414095458188
C            2.23964385865917       -1.44268216413510        2.57449867121421
O            3.08642950579382       -0.95935011138423        3.57858174467652
C            0.94126421892985       -0.86564717253992        0.45829695338461
O           -0.19210631041656       -1.29657365278263        1.20467827353678
C           -1.54499050372312       -1.35517932493711        0.85286125407276
O           -2.21002174934192       -0.15249849265514        1.13877584561096
C           -2.68651138828370        0.66668046820682        0.07775573718425
C           -3.35939787766086        1.85826784537515        0.77323433921064
O           -2.46068225482951        2.51760484170214        1.61658080553855
C           -3.63874820834384       -0.17449398071201       -0.77868191078164
O           -4.29277698667488        0.54373976729254       -1.79779499161832
C           -2.77396754964395       -1.22560808208396       -1.47719420544485
O           -3.55075297938065       -2.14337737447203       -2.21367709553861
C           -1.96039608375546       -2.06322956412986       -0.47377736457257
O           -0.81890217698256       -2.61149177016175       -1.09771551896571
C            0.75501145140307        0.28156602112392       -0.53525708717321
O           -0.02325860474734       -0.05085760138314       -1.66205133410727
C            2.12076875861065        0.78102014625048       -1.05391861952000
O            1.92496417622198        1.92323795438129       -1.83856164849722
H            5.42550823597950        1.32898286957407        1.33414538909181
H            4.80616455079309        2.93592862003182        0.86196237977363
H            6.12338574555794        2.17511437149704       -0.07342445245238
H            2.66184294003166        2.01968756289867        0.63374643644921
H            1.43889386460483        0.49926939412515        2.05453531757909
H            2.70177609814353       -2.28842352202440        2.04745911940888
H            1.31961463290284       -1.77314718539261        3.05503277384941
H            3.84391279281700       -0.55430860508796        3.13801467047339
H            1.37493175457198       -1.73082858932796       -0.06319010504421
H           -1.89780228962573       -2.01373403942457        1.66638407226788
H           -1.86710106314441        1.03237767418849       -0.55311349215905
H           -4.22904345336902        1.49370757878251        1.34131671059938
H           -3.68413311116736        2.59542819778291        0.03516883270838
H           -2.05129390425103        1.84489325046244        2.17657169039494
H           -4.37030678715126       -0.66871061948745       -0.11933110450723
H           -4.85235235005178        1.22224306440849       -1.40669379029658
H           -2.10288317433843       -0.68188991628601       -2.15647022994017
H           -4.16735634499804       -1.62735590663139       -2.74764204077270
H           -2.63129911257539       -2.88480968194173       -0.18187425143440
H           -1.13649145839043       -3.17612312141024       -1.81357587772551
H            0.25833929176213        1.12524680161128       -0.03619590602902
H            0.03220558230903       -1.01322129102446       -1.78511341787775
H            2.60019237956502       -0.01817879299765       -1.64208784476810
H            1.19236272383820        1.73005327642129       -2.44084437666034
48
 energy: -84.789809149023 xtb: 6.7.1 (edcfbbe)
C            5.30222894644618        1.87535256720251        0.46774410685916
O            4.33474483524985        1.36819886029614       -0.43010236130909
C            3.10179068507787        1.12916606986299        0.13645937498145
O            3.19397364434076       -0.01993587081867        0.95500015731929
C            1.97400965529809       -0.39511610989337        1.55180344107951
C            2.29895584380030       -1.56913251569820        2.48440868496823
O            3.23663612319961       -1.20346494708281        3.45675402938648
C            0.91411487592274       -0.78354595785507        0.49883366941792
O           -0.21131490865830       -1.15890980153960        1.28329389513680
C           -1.55545306874670       -1.24966482175608        0.90429488234413
O           -2.21375365088661       -0.02177909928285        1.09255383623197
C           -2.75126624027624        0.69919304710972       -0.00892013822794
C           -3.46797614716801        1.90007126879879        0.62459273292335
O           -2.58828593718522        2.65458083241584        1.40603140050037
C           -3.68360213362198       -0.23757799561243       -0.78279869994013
O           -4.38702653108303        0.38008198491556       -1.83460778700895
C           -2.78789616851505       -1.29614249010245       -1.42642710216958
O           -3.53500564182765       -2.28519350158227       -2.09682936234864
C           -1.92197335264004       -2.03850972852665       -0.39208087581407
O           -0.75256989670825       -2.53177646350889       -1.01069189389403
C            0.73277787078137        0.40432018895225       -0.44697729915135
O           -0.08421521427858        0.11452122845791       -1.55986556131650
C            2.09241616105455        0.89402930472613       -0.98879300994054
O            1.90885132334645        2.09520963581430       -1.68380474576802
H            5.52310866504367        1.15505635303277        1.26013166643012
H            4.96072408095926        2.81480219816931        0.91637697737064
H            6.19471032323005        2.05455604552319       -0.12690248767322
H            2.76476454430011        1.99113778143253        0.75026520040913
H            1.57522422521513        0.44210450334085        2.14618669376189
H            2.67468629917281       -2.40185302938305        1.87408793390590
H            1.39346196195351       -1.87948941282805        3.00459073281568
H            3.98261465128132       -0.80354250128547        2.99258981092510
H            1.26812065062858       -1.65105245382207       -0.07631547071141
H           -1.93341139110890       -1.85547678891064        1.74632802783208
H           -1.96172273950522        1.05935151652260       -0.68014396295351
H           -4.30845393908408        1.53204356754538        1.23328391461449
H           -3.84236779213993        2.57187851412727       -0.15155712900640
H           -2.12795410908147        2.03660028126155        1.98907274811176
H           -4.38106017885741       -0.71492216289686       -0.07564868913551
H           -4.96314077942845        1.06436614404184       -1.47951318266447
H           -2.14623252638880       -0.76782194899908       -2.14647397947883
H           -4.18402976145981       -1.82659336301652       -2.64491844481200
H           -2.53381151950799       -2.89225864799632       -0.06551211476908
H           -1.03913936345530       -3.14928175509975       -1.69539610938999
H            0.25803075688229        1.23678107640288        0.08944119836843
H            0.00828243788540       -0.83224976066381       -1.75123574626027
H            2.51531346871328        0.12144509372334       -1.65168056489345
H            1.15212085777317        1.97044181932603       -2.27344092124997
48
 energy: -84.789964364169 xtb: 6.7.1 (edcfbbe)
C            5.36043225176073        1.80232317294546        0.47007852597130
O            4.35296865400511        1.37624368649660       -0.42586461042054
C            3.13219661708050        1.13142376591095        0.16460254177322
O            3.22036438925773       -0.06973907453113        0.90499403414590
C            2.01733662557661       -0.43397098195507        1.54204891563442
C            2.33168450692746       -1.68432887074575        2.37239339569416
O            3.33359833270338       -1.43142321191448        3.31638245272047
C            0.88932998922683       -0.70093466019771        0.52608898014639
O           -0.22680156374350       -1.01748919260474        1.34736662888614
C           -1.56524065204623       -1.15359839049760        0.96258176737580
O           -2.22446826869058        0.08761091660853        1.05623908424032
C           -2.80232264114077        0.72267296482420       -0.07565694649327
C           -3.55792123971385        1.92825608538173        0.50353867664115
O           -2.70249687695570        2.75047105875066        1.24205109058724
C           -3.70938860246106       -0.28507315579570       -0.78570711886697
O           -4.43051068816897        0.24757910902408       -1.87190633189552
C           -2.78481490195565       -1.35442855937119       -1.36489121935812
O           -3.50231631240398       -2.39453844921630       -1.98799630645707
C           -1.90517766868194       -2.02032061808372       -0.29088706138901
O           -0.72749774736792       -2.51244780091845       -0.89270446705599
C            0.72551449972552        0.50775501727548       -0.39555844748568
O           -0.10580045822842        0.23210645484255       -1.50352882972047
C            2.08470616625223        0.99201676255676       -0.94234281281391
O            1.92219446270427        2.23716250926866       -1.56204987647832
H            5.58285803862645        1.03055849722741        1.21201376849651
H            5.05995168241709        2.72269048617145        0.98302849881643
H            6.24028738490829        1.99152170027276       -0.14006245711043
H            2.83661590371489        1.95999689951768        0.84216468645605
H            1.69048199009105        0.37607962285518        2.21337335539236
H            2.63600478832793       -2.48774888287413        1.68723948830895
H            1.43924179715219       -1.98964192904192        2.91772791493357
H            4.07312309274159       -1.03186951537462        2.84170847477788
H            1.16500584769645       -1.57357312907591       -0.08296683183732
H           -1.95300396059638       -1.70503532937739        1.83589131292836
H           -2.03330422912106        1.07564296544905       -0.77431691589941
H           -4.38226866287452        1.56100758609485        1.13477405717032
H           -3.95998197582781        2.54803372132717       -0.30166646592740
H           -2.21327662324478        2.17671021942012        1.84646994726066
H           -4.39322817431871       -0.73764348567486       -0.04949694710583
H           -5.01716451990314        0.94337255016985       -1.55893900547441
H           -2.14813927771679       -0.85016583705360       -2.10716717540924
H           -4.16616156194783       -1.98011512878217       -2.55339405587238
H           -2.49454276670131       -2.87211130382532        0.07962894816851
H           -1.00283345767192       -3.17098430450921       -1.54287178523723
H            0.25625077643826        1.33544005810122        0.15125074098777
H            0.03059597426972       -0.69488669617900       -1.74926960471981
H            2.46902785339680        0.24774274639368       -1.65926853423737
H            1.15889110477760        2.16764869389766       -2.15163600055076
48
 energy: -84.790879648550 xtb: 6.7.1 (edcfbbe)
C            5.40611506803859        1.68270889989595        0.44437967809527
O            4.33132967862369        1.45149546701554       -0.44527579584279
C            3.13422541142515        1.15726580999352        0.17197042995942
O            3.20146618915694       -0.14453807413169        0.71060083482533
C            2.02410816073251       -0.52265556704685        1.38345988762299
C            2.32371199516589       -1.87060814560848        2.05290920082840
O            3.38489870693335       -1.76716191107504        2.95967154438914
C            0.79481552580390       -0.62839666205179        0.45320859239013
O           -0.24547668193273       -0.82406583418652        1.40319924958348
C           -1.61729039490891       -1.01255032154969        1.19381186835171
O           -2.35485918763460        0.18027234132168        1.16328337679207
C           -2.81062837483256        0.73971176187843       -0.06661176196864
C           -3.69414594892240        1.92216785142361        0.35893907307355
O           -2.97389326710915        2.83651571181855        1.13263669096025
C           -3.56813543850080       -0.31947616258730       -0.87332136010017
O           -4.04131273952542        0.14785575266190       -2.11541920054687
C           -2.58053968839429       -1.44673802486935       -1.17761481413341
O           -3.18841100476632       -2.49903910657066       -1.89249789661976
C           -2.04942845276564       -2.05125309461988        0.12608171482211
O           -0.98248848772566       -2.92670885253151       -0.12675885373113
C            0.68187347099091        0.65256517213185       -0.39540440982712
O           -0.12729654228659        0.47773402297999       -1.54288811566945
C            2.03321873504843        1.21173970475447       -0.88755645126668
O            1.86967073544890        2.54302356197215       -1.29066685699515
H            5.64236229862176        0.78429248900019        1.02081087949161
H            5.17241963618141        2.50356445591864        1.13106967876749
H            6.25433246081427        1.95447029003991       -0.17923089935133
H            2.90566233866048        1.88231507522357        0.98078375471686
H            1.78334595661559        0.22166307945490        2.15824368785074
H            2.55136622138791       -2.60447178900528        1.26772185426204
H            1.44765489159758       -2.19755748908003        2.61154758551505
H            4.12207432150892       -1.36090982915189        2.48769679078479
H            0.88296435412508       -1.50313659598486       -0.20404017423871
H           -1.89083701624955       -1.43446334646874        2.17520997924964
H           -1.97725121769384        1.11269033581991       -0.67156966580110
H           -4.55865282116025        1.53495914652676        0.91970057517324
H           -4.04468192202545        2.47347145807629       -0.51718903074516
H           -2.52206519040796        2.32973050079210        1.81995812978448
H           -4.39989671813459       -0.71533578318668       -0.26746680129781
H           -4.65065478512079        0.87893277893958       -1.97381522075095
H           -1.76028331552266       -1.02192637742856       -1.76967805051049
H           -3.69871413753467       -2.09505137703510       -2.60529966193509
H           -2.89437086968037       -2.61317961880898        0.55900891341264
H           -1.29932767542080       -3.56692677792175       -0.77737821506424
H            0.18823324247325        1.42582835328478        0.20488156775478
H            0.30717795588852       -0.15865651810614       -2.12639430820673
H            2.38948857206611        0.59222556021180       -1.72972770870491
H            1.09812585248058        2.58760637250709       -1.87149280130775
48
 energy: -84.792602958423 xtb: 6.7.1 (edcfbbe)
C            5.44317015241783        1.58656706975382        0.44263529832216
O            4.34793035579205        1.45540345976360       -0.44269286498105
C            3.15375319610736        1.14940187061749        0.17415374098838
O            3.18306935893773       -0.19665802798437        0.59419899501645
C            2.02135678765204       -0.57511969544073        1.29238301373366
C            2.27284887186308       -1.99459127366079        1.81827362042780
O            3.36552385599325       -2.03183155550719        2.69235476814210
C            0.73494966486201       -0.53046360256980        0.43718803226173
O           -0.25536887835571       -0.64933485633132        1.45166608959687
C           -1.62810240258216       -0.88363751663524        1.30914960931197
O           -2.41047199188856        0.27274549080449        1.19116244409515
C           -2.84362834269021        0.75037110785230       -0.08222567062453
C           -3.81950649870821        1.88779126694427        0.25572533068930
O           -3.18923502315325        2.88901875832025        1.00047412709726
C           -3.49681707360990       -0.37659188792259       -0.88919619610009
O           -3.86931932948927        0.01246582837207       -2.19117089469171
C           -2.46467846346669       -1.49479497409407       -1.04612058940345
O           -2.98699015574765       -2.59444763129919       -1.75612075908600
C           -2.05047253278231       -2.00873431155737        0.33444583732827
O           -1.01458879729994       -2.94917762900286        0.23762778537779
C            0.67102173378421        0.78615982875335       -0.36837795574564
O           -0.15448505463359        0.68293922619234       -1.51401165214840
C            2.03296872284457        1.32815516067309       -0.84989075493293
O            1.91695364620022        2.69092981198073       -1.15081458919843
H            5.64777303623448        0.64559147155565        0.96036889483296
H            5.25305380593861        2.37327101740523        1.18099841721744
H            6.29442326371374        1.85993823150932       -0.17600304141810
H            2.96727915740827        1.80752625570217        1.04791518719617
H            1.86227731511433        0.10438701114353        2.14404916995846
H            2.43850643066999       -2.65858381920879        0.95878378775518
H            1.39808115668461       -2.33322806058003        2.37237147555824
H            4.10898249644591       -1.62120001169463        2.23403953328752
H            0.69922739524522       -1.38885961745484       -0.24497072332686
H           -1.86626182189062       -1.23034020935728        2.32763418288837
H           -2.00689949732366        1.15556632416033       -0.66070134469783
H           -4.67236500700020        1.46880799481469        0.81127772506685
H           -4.18065464290207        2.36914755282269       -0.65655437075565
H           -2.72745462579147        2.45125627150738        1.72731196808155
H           -4.37021342095433       -0.76501165695167       -0.33919427859653
H           -4.48991142492588        0.74628037055175       -2.14390102393662
H           -1.59949837015698       -1.08365047746618       -1.58212522691493
H           -3.44588039016559       -2.23818252804803       -2.52679279647332
H           -2.94723322401815       -2.48503846226817        0.76683850856571
H           -1.30486406008616       -3.61443690952893       -0.40053595980846
H            0.20517800290221        1.54899015008272        0.26679955295547
H            0.28314533244720        0.11255463230013       -2.16001124338711
H            2.34737757198999        0.75885157882673       -1.74308798204541
H            1.14604961582172        2.80979566379361       -1.72183971151660
48
 energy: -84.794039221099 xtb: 6.7.1 (edcfbbe)
C            5.49264695352600        1.44896578343747        0.41370002531423
O            4.37180670440117        1.43555917316847       -0.44895770928142
C            3.17877365864696        1.14233357668606        0.17699656136863
O            3.15347691385613       -0.22950135140404        0.50277701005154
C            2.00193481360688       -0.59504936544430        1.22473434493162
C            2.18747293439053       -2.06214513632304        1.63315055647187
O            3.29939065602777       -2.22678405502489        2.46696406781989
C            0.68520095616530       -0.41308323711177        0.43705112898122
O           -0.26868256249747       -0.48045810892176        1.49025514961062
C           -1.63343427779112       -0.77596600910628        1.39359932178867
O           -2.46882404709114        0.33316152504691        1.20545401579221
C           -2.88071061217067        0.73957584057535       -0.09932890504333
C           -3.92894144635617        1.83166690385580        0.16357005286163
O           -3.37582588999886        2.90534425505055        0.86656496788146
C           -3.44538100421727       -0.44433666839156       -0.89141422950811
O           -3.74886903257884       -0.12332299447812       -2.22969369908446
C           -2.37508853392092       -1.53643651173694       -0.93917272320305
O           -2.82855138392166       -2.68397466210938       -1.61894316541896
C           -2.01990259148375       -1.96647484354878        0.48642283015025
O           -0.98433068805677       -2.91081047699958        0.49510969920383
C            0.66923305981242        0.92970385428768       -0.32980131725115
O           -0.17240730351297        0.88872263397137       -1.46754174458429
C            2.04502346587932        1.44531674635148       -0.80302062810960
O            1.98837272014119        2.83103645238420       -0.99997291417417
H            5.66769659230842        0.46154904162434        0.84911686966910
H            5.35493165526520        2.18072705167441        1.21722969693514
H            6.34017050234943        1.73540217773758       -0.20414058164419
H            3.04427313980030        1.74609924496626        1.09821796633751
H            1.91908800574842        0.02640645295065        2.13000120442054
H            2.29198701727703       -2.66545280623806        0.72090224654234
H            1.30981805518820       -2.39663372220100        2.18559868559889
H            4.05397365590606       -1.82762978072561        2.01684428499092
H            0.55699028237632       -1.24477659844110       -0.26605824380471
H           -1.84770407487195       -1.06717480473446        2.43338078119631
H           -2.04484030169044        1.17132252654563       -0.65987318160477
H           -4.76584694693293        1.38861726903345        0.72471075983889
H           -4.30164973973894        2.24448271835295       -0.77730510817480
H           -2.90325020360750        2.53467768792544        1.62286198845221
H           -4.33917464161842       -0.83900053381830       -0.37955559527915
H           -4.36139429575517        0.61844312356592       -2.25274659514716
H           -1.49544265928615       -1.12489141498570       -1.45255924231835
H           -3.26120581160543       -2.37993428378277       -2.42632957956127
H           -2.93561714304998       -2.40978909256901        0.91401100762744
H           -1.24221677611905       -3.61054461809093       -0.11986411418063
H            0.23302710044203        1.68639759180507        0.33322973157085
H            0.23776544174771        0.33123856538530       -2.14165018594645
H            2.31460491602183        0.93125455730096       -1.74269078901586
H            1.23163266501837        3.02616501677715       -1.56834724908007
48
 energy: -84.794786862181 xtb: 6.7.1 (edcfbbe)
C            5.55461716441776        1.28806484192403        0.37047831795400
O            4.41612182804598        1.38403457966188       -0.46316924241304
C            3.22205165965451        1.13054491911452        0.17797770288353
O            3.12255784012709       -0.25226411755508        0.43659308848948
C            1.97271939847523       -0.58822101616635        1.17693955004117
C            2.08485304135944       -2.08343584521153        1.49915572605102
O            3.21149540009828       -2.35392777402374        2.28440208904423
C            0.64885834815217       -0.27721442118288        0.44285753978562
O           -0.28933917346847       -0.32066011310282        1.51152025453255
C           -1.63780514212284       -0.68902951873656        1.44598038265267
O           -2.53094996922762        0.36331525039237        1.20291546042747
C           -2.92458596151889        0.70838118449551       -0.12467347701508
C           -4.02392065603124        1.76303236130757        0.07418746955897
O           -3.53279364143788        2.88844073619568        0.74070002888096
C           -3.42207371674600       -0.52336087905820       -0.88849283653645
O           -3.68878676850916       -0.26246143319359       -2.24797761449437
C           -2.31807623095080       -1.58149856375923       -0.86053725445395
O           -2.72121310500621       -2.77463057944263       -1.49033488664747
C           -1.97573650877614       -1.93243225936315        0.59110789899837
O           -0.91920297675709       -2.84936259990415        0.66147297799650
C            0.69430456862885        1.09843250036253       -0.26116674433010
O           -0.18505426899297        1.16552769986181       -1.36800980931704
C            2.08521683289244        1.54803206402223       -0.75561814999452
O            2.11064072970304        2.94175358632479       -0.89225972413257
H            5.67908400010364        0.27177418225436        0.75372027683506
H            5.47965957329899        1.98614384568833        1.21138940519441
H            6.40408555993994        1.55349709830204       -0.25403175275158
H            3.14515929103882        1.69364046713102        1.13099390332361
H            1.95700983842642       -0.01423584206558        2.11686188722448
H            2.12761458347714       -2.63954254870539        0.55265830735575
H            1.20736644433697       -2.40189520388656        2.06069744319731
H            3.97242105910220       -1.97151265097204        1.83035886569601
H            0.45412531926666       -1.06513812535003       -0.29347526174577
H           -1.83498614206485       -0.93982825815922        2.49868736220566
H           -2.09039090035553        1.15772615630177       -0.67471373516536
H           -4.85076031178003        1.30606597053194        0.63921936951229
H           -4.39720314460616        2.11911166624562       -0.88935974897698
H           -3.05056622365737        2.57053333910861        1.51459765797997
H           -4.31928799533480       -0.92920630985754       -0.39199807371082
H           -4.32708174518649        0.45412477453101       -2.31963245082914
H           -1.44228364519947       -1.16800535756332       -1.38126247544854
H           -3.14580735554193       -2.52725539755076       -2.32104274127245
H           -2.88861744359753       -2.37577180287416        1.02466518237331
H           -1.14744400748086       -3.58324110741938        0.07517469111559
H            0.32544085683883        1.84663814399130        0.45025312260995
H            0.14970873634459        0.59698127119267       -2.07362093762949
H            2.29507693280759        1.06021330819591       -1.72410326414335
H            1.34377792640998        3.20812048598579       -1.41659833359767
48
 energy: -84.794582844335 xtb: 6.7.1 (edcfbbe)
C            5.60420055993889        1.12283716377216        0.29231371827459
O            4.44715771197734        1.31719991390129       -0.49768788424242
C            3.26091271079896        1.11401218832563        0.17486338331710
O            3.07874803260517       -0.26954217088509        0.37833587954945
C            1.93394973159101       -0.56944027417404        1.14482637328350
C            1.98720201003933       -2.07779190668645        1.41361850119793
O            3.15061976527659       -2.42378453173894        2.11092913419590
C            0.61438479156703       -0.14313178045019        0.46018066786994
O           -0.32586650012707       -0.17957225012283        1.52772858676102
C           -1.65121964115004       -0.62692661121778        1.48573676077026
O           -2.59812048046829        0.36597811104986        1.19234686613493
C           -2.95308577850695        0.66402197083030       -0.15636201099061
C           -4.08518289004369        1.69441252417371       -0.02689479260577
O           -3.64490187467292        2.85673265120166        0.61036656411147
C           -3.39509866956861       -0.60159719155143       -0.89878920080728
O           -3.61072196237372       -0.38777711581350       -2.27605566102603
C           -2.27700285830365       -1.63952965354743       -0.79435631815516
O           -2.65412088283799       -2.87109707459789       -1.36311497740126
C           -1.94870161483982       -1.91295393775498        0.67862429420686
O           -0.88411524583605       -2.81225864060016        0.80251626142705
C            0.72699610916906        1.26786719835723       -0.15986088559796
O           -0.19607257604723        1.47122378041218       -1.21177515913678
C            2.12246010485547        1.64505189760229       -0.69701690067250
O            2.23473689160011        3.03851723282478       -0.78090477958221
H            5.67924274735283        0.08774481302988        0.63633208677811
H            5.59951180881271        1.79333692216602        1.15865856306812
H            6.44749852727596        1.35941481341858       -0.35184986237230
H            3.25356995779611        1.63796008503701        1.15297333956869
H            1.98180474845686       -0.02960361149807        2.10413151152965
H            1.93929860656400       -2.60526720270768        0.45142800325387
H            1.13686984923221       -2.37465386166065        2.02524767929969
H            3.89504259374015       -2.05561308516605        1.61897671654038
H            0.37145886150718       -0.87347996066456       -0.31927855729471
H           -1.83756829625983       -0.84188363768272        2.54725627708407
H           -2.11009273153592        1.12364485301856       -0.68501177781599
H           -4.91475091431786        1.23439902366155        0.53191310698078
H           -4.44082638357180        2.00388593859370       -1.01308590392918
H           -3.16393253138155        2.58102572785866        1.40101486530969
H           -4.30356578535738       -1.00900099083573       -0.42513033650219
H           -4.27327758598998        0.30006680587665       -2.39514331387380
H           -1.39941510760051       -1.24465161609480       -1.32789379533114
H           -3.05557031691895       -2.67943492258374       -2.21953326318861
H           -2.86310194667379       -2.34712484578106        1.11914305144499
H           -1.09284810543127       -3.57254920705537        0.24301287407332
H            0.44680546765853        1.99070724577854        0.61497867879489
H            0.05255767274011        0.91734679946002       -1.96347994524334
H            2.26063032640984        1.18497863279163       -1.69177519754796
H            1.45350099315538        3.37629852121499       -1.23896577524016
48
 energy: -84.793244955023 xtb: 6.7.1 (edcfbbe)
C            5.62478886358033        0.98572101503806        0.19557084206549
O            4.45086962519359        1.27172669563559       -0.53952499947518
C            3.28035631254615        1.10349654035739        0.16936903409867
O            3.02381553403217       -0.27584337875306        0.31068646834660
C            1.88959070217796       -0.55855891471104        1.10317219990034
C            1.90183916081178       -2.07663154198622        1.30931122947147
O            3.08498041694693       -2.48069187852730        1.94064126774326
C            0.57915472186880       -0.02524119831136        0.47549287796474
O           -0.36893099741473       -0.05567577496750        1.53726663703548
C           -1.66747779943817       -0.57647550327553        1.52906039753148
O           -2.65788765381161        0.36041304578087        1.18436956037197
C           -2.95225510293308        0.61982327500083       -0.18487632806029
C           -4.10873800724495        1.63029685877934       -0.13562766987554
O           -3.72007630315825        2.82088289271541        0.48153639977879
C           -3.33818590450905       -0.66927596528932       -0.91934383648588
O           -3.46165678152637       -0.49029283731845       -2.31343228540901
C           -2.23495189914963       -1.70881988921617       -0.71518943699469
O           -2.61176850006405       -2.96939762525893       -1.21802893286914
C           -1.95337654315803       -1.90041965404048        0.78130293599976
O           -0.92249698819231       -2.82015058547276        0.98824639824622
C            0.75380335697272        1.41655662963922       -0.05178832227142
O           -0.20238905751402        1.74949926132517       -1.03752616712798
C            2.14427350127870        1.74323490389174       -0.62922992845284
O            2.33246488100524        3.13076442672893       -0.64934638223039
H            5.65633837232260       -0.06400379421969        0.49964608534273
H            5.69086613802352        1.62276782908893        1.08424619563588
H            6.45419012543977        1.20056761482215       -0.47381099579371
H            3.34025674779731        1.57588582016164        1.17144228590964
H            1.99511992855029       -0.06357351171110        2.08241035235784
H            1.79864386546655       -2.56437292474585        0.33051796735352
H            1.07383301044863       -2.37574952374877        1.94881246243913
H            3.81758075981954       -2.11400527351210        1.43010010286065
H            0.29318924216570       -0.68703756397070       -0.34898203069660
H           -1.84314027919957       -0.74701380588754        2.59949190843537
H           -2.09263945912817        1.08762021091148       -0.67876926804216
H           -4.95059668438923        1.16868736747491        0.40335466612844
H           -4.43059243233805        1.90048226288166       -1.14488719951213
H           -3.25387533341459        2.58072956111391        1.29246916894976
H           -4.27602106634873       -1.06544840501194       -0.49647779328883
H           -4.12408525267793        0.18452821109996       -2.49344407713803
H           -1.33745097557252       -1.36107807934395       -1.24797098282076
H           -2.96312876828115       -2.83192540382366       -2.10610330532740
H           -2.89325015046894       -2.28366071298095        1.21738959437207
H           -1.12818133693495       -3.59841282938220        0.45258391699306
H            0.55419670657006        2.09498669091666        0.78536785257447
H           -0.01017263188294        1.25281409875602       -1.84428376807642
H            2.21700443393007        1.32794323514992       -1.65046367843303
H            1.54616940559627        3.53432689490043       -1.04126397221618
