48
 energy: -84.858815724700 xtb: 6.7.1 (edcfbbe)
C            5.62899400000000        0.96309000000000        0.61288400000000
O            4.94562200000000       -0.14277900000000        0.02866100000000
C            3.63708700000000        0.11369300000000       -0.32640500000000
O            2.87714700000000        0.25284000000000        0.85873200000000
C            1.49030200000000        0.45875500000000        0.66843000000000
C            0.86416900000000        0.61368200000000        2.07037200000000
O            0.36435700000000        1.90267100000000        2.31769100000000
C            0.87989900000000       -0.71722500000000       -0.11109100000000
O           -0.46969400000000       -0.44709600000000       -0.45948700000000
C           -1.45754300000000       -1.31031000000000        0.02885000000000
O           -1.95844700000000       -0.87990200000000        1.26398400000000
C           -2.57883400000000        0.40803300000000        1.19244600000000
C           -2.95904000000000        0.84145900000000        2.62024500000000
O           -2.48751000000000        2.12171200000000        2.94356000000000
C           -3.77527700000000        0.34795900000000        0.23325000000000
O           -4.49676400000000        1.54892600000000        0.16724600000000
C           -3.27773900000000       -0.07292100000000       -1.16147200000000
O           -4.34370100000000       -0.22294800000000       -2.06844800000000
C           -2.55488100000000       -1.41642900000000       -1.04111600000000
O           -1.93347000000000       -1.81118600000000       -2.23499100000000
C            1.63581400000000       -0.92244900000000       -1.43337300000000
O            1.20250600000000       -2.08294700000000       -2.09853900000000
C            3.14294300000000       -1.05471600000000       -1.18976100000000
O            3.85218200000000       -1.01545200000000       -2.39685200000000
H            5.16207700000000        1.24571400000000        1.55778600000000
H            5.62842000000000        1.81430600000000       -0.07368200000000
H            6.64412100000000        0.61635200000000        0.78122000000000
H            3.56201100000000        1.04808600000000       -0.92202800000000
H            1.32044100000000        1.37565100000000        0.08151800000000
H            1.62648000000000        0.32992200000000        2.80271900000000
H            0.01438900000000       -0.06395900000000        2.16917600000000
H            1.09680200000000        2.52644500000000        2.42432200000000
H            0.95308000000000       -1.63050700000000        0.49093900000000
H           -1.04206000000000       -2.30875300000000        0.22160300000000
H           -1.84528500000000        1.12511700000000        0.79285800000000
H           -2.57245700000000        0.08352300000000        3.31230600000000
H           -4.04530700000000        0.89183900000000        2.71934700000000
H           -1.51479600000000        2.13459000000000        2.88468900000000
H           -4.48551400000000       -0.40760100000000        0.59092300000000
H           -3.89021700000000        2.30167000000000        0.10887200000000
H           -2.56222500000000        0.67479900000000       -1.54004300000000
H           -4.98757300000000        0.48320000000000       -1.90161500000000
H           -3.28338700000000       -2.17366700000000       -0.71473500000000
H           -2.59121400000000       -1.76440500000000       -2.94706500000000
H            1.46097900000000       -0.03735000000000       -2.06504800000000
H            0.24737900000000       -2.01464600000000       -2.27179900000000
H            3.34407900000000       -1.98775100000000       -0.64488800000000
H            3.53165300000000       -1.73903900000000       -2.95870900000000
48
 energy: -84.859004994790 xtb: 6.7.1 (edcfbbe)
C            5.62401599468753        0.94333878493945        0.66139394552245
O            4.93878731101951       -0.11525342500799       -0.00217162588575
C            3.62458548495453        0.15676265067681       -0.32386574750982
O            2.87265414393250        0.19124078582185        0.87343741145304
C            1.47886376707962        0.38911973169486        0.71481211692916
C            0.87927224537342        0.44373706919696        2.13367963795359
O            0.50412845756810        1.73958185719935        2.52562700470346
C            0.88203022848269       -0.73977805653312       -0.14322281017497
O           -0.47592041008484       -0.50105093627674       -0.48287046895330
C           -1.46281040447876       -1.30259431816348        0.10239194835924
O           -1.94873983226386       -0.76701622031500        1.30042602646401
C           -2.58171281136582        0.50581707241614        1.13796451683994
C           -2.96603434564822        1.03475269353856        2.53288043039150
O           -2.34485618833319        2.25094956596089        2.85048919478333
C           -3.78630054577738        0.36455235372278        0.19630206474076
O           -4.51186458390115        1.55506897493680        0.04493837253931
C           -3.29863551808480       -0.16389594761723       -1.16403402448360
O           -4.36812649860076       -0.38787664239041       -2.05105557230427
C           -2.57597505778169       -1.49460847302761       -0.94051579573369
O           -1.97610985115552       -1.98826461384718       -2.10755512357185
C            1.62660184025952       -0.83361817587777       -1.48406433120447
O            1.21136625733612       -1.95617473406615       -2.22012657184724
C            3.14009581969653       -0.94572987972663       -1.27435592779684
O            3.82808997970597       -0.78814590317829       -2.48416953436921
H            5.18160978161625        1.13165681367641        1.64071758081768
H            5.59382445030369        1.85331548788802        0.05584622911733
H            6.64778835292973        0.59773874734203        0.76960388296931
H            3.53495345486531        1.13496399613012       -0.84182182363891
H            1.29017701533795        1.34299359587713        0.19616279272061
H            1.61815660728866        0.01586966168333        2.81902923699938
H           -0.03016058150389       -0.15720797698715        2.17494941247338
H            1.29119582641666        2.28386520729719        2.66997760985833
H            0.98440863641571       -1.69273535718447        0.39102321752333
H           -1.05017598263253       -2.28382627354594        0.37623941878181
H           -1.85884950493691        1.20071147353261        0.68363234340506
H           -2.72392718466407        0.25506725986000        3.26439289804737
H           -4.03902734389999        1.23526707091731        2.56641188288223
H           -1.37809970572866        2.13317582407957        2.87152562505942
H           -4.49058522416770       -0.36185229047875        0.61968017599110
H           -3.90731590245067        2.29871905452539       -0.09483180336197
H           -2.58574842750976        0.55121662107002       -1.60561127580492
H           -5.00547259796798        0.33689202152725       -1.95306140502002
H           -3.30121639727597       -2.21931108949703       -0.54107958201208
H           -2.64945391310660       -2.00071175253139       -2.80645635547284
H            1.42007494574072        0.08819348711081       -2.05140648103822
H            0.24256888743611       -1.93922948955664       -2.30996885034180
H            3.37228890238507       -1.91545120171348       -0.81239827763902
H            3.52957841806945       -1.48023911118415       -3.09540958101749
48
 energy: -84.858813340861 xtb: 6.7.1 (edcfbbe)
C            5.57504352202572        1.02241162060022        0.67838872823952
O            4.91383978877828       -0.01125811991232       -0.04542450306924
C            3.58196259893786        0.22801565317420       -0.31791567806026
O            2.85786961282671        0.13291366554701        0.89241360657909
C            1.45120534512375        0.27848484890447        0.78857572991190
C            0.90933347209439        0.16487373451488        2.22534722667230
O            0.69554029613239        1.41181283873509        2.83456478575840
C            0.87385535975958       -0.79090079799244       -0.15638584059683
O           -0.48818317164061       -0.57075373842211       -0.49399244067323
C           -1.48211567384289       -1.29703556225885        0.17104645616782
O           -1.95125641015700       -0.64972034145436        1.31920592276610
C           -2.55338181439144        0.61993110556169        1.05180603355574
C           -2.91876249235701        1.27507670637650        2.39557580154415
O           -2.06789939193402        2.33253441313595        2.74806049746439
C           -3.77475013099370        0.42469066768895        0.13996085895531
O           -4.46279364909695        1.61849563432607       -0.12168849729181
C           -3.32672425410630       -0.24901929216201       -1.16749472319149
O           -4.42199276024090       -0.54693733567921       -2.00030342330130
C           -2.61136283620797       -1.56213811113786       -0.83873553929223
O           -2.03336336117323       -2.15655814724542       -1.96930446862139
C            1.60317243570383       -0.76288606781255       -1.50835245802938
O            1.22138000305112       -1.85193014701129       -2.30946435936858
C            3.12415042161011       -0.81916612879668       -1.34036374481615
O            3.77213471522220       -0.53564022556848       -2.54943951564466
H            5.15536003338502        1.11765685285592        1.68096613442221
H            5.49062963709399        1.97334736781504        0.14526261825035
H            6.61462750892087        0.71287536393464        0.73272451407919
H            3.43903433036148        1.23851033207865       -0.75542566889504
H            1.20495524515198        1.26939103971023        0.37415039260334
H            1.61999804307036       -0.44176869978458        2.79649976082055
H           -0.06119199045083       -0.33130494952659        2.22017100063437
H            1.54059201839370        1.85910966079412        2.98104499025464
H            0.99975055575133       -1.78202306821303        0.29934779277937
H           -1.08173406650314       -2.25733527573026        0.52653732953280
H           -1.82023448840383        1.25682150828804        0.53417363735357
H           -2.92956873506051        0.49142731754501        3.16147301296272
H           -3.91537711753734        1.71584999465178        2.31749488740431
H           -1.16168439225858        2.00601416970939        2.89363303098339
H           -4.49639450356047       -0.22901382751655        0.64387492654855
H           -3.84334570346028        2.30099446143678       -0.42074110510611
H           -2.61901333164539        0.41001817558861       -1.69636761337530
H           -5.05997157904383        0.18139293748083       -1.94472437333228
H           -3.33780041110308       -2.24227727471800       -0.36930781026214
H           -2.72034386491623       -2.23789528773396       -2.65007072262489
H            1.34382131627472        0.18424359388068       -2.00905938331682
H            0.25066741115519       -1.90220344763751       -2.33538821568567
H            3.41228172978130       -1.80955166242089       -0.96116870097588
H            3.48803871839331       -1.18958017490583       -3.20769886196007
48
 energy: -84.858306509008 xtb: 6.7.1 (edcfbbe)
C            5.49524966881596        1.12140350465749        0.71053331390991
O            4.87200554551774        0.10966534430674       -0.07492642672942
C            3.52247504173407        0.29163620653276       -0.30035302863851
O            2.83134675369803        0.06009056342948        0.91018571549331
C            1.41694911182441        0.15214166606143        0.84529193913728
C            0.92445264075564       -0.09545830815052        2.28240706997990
O            0.78364749561286        1.08986887290242        3.02202526027278
C            0.86194110765646       -0.85851352767664       -0.17734395553352
O           -0.50638812523810       -0.65919084998536       -0.50662441407518
C           -1.49931360860264       -1.30927631914513        0.23367841281070
O           -1.94217746818964       -0.56264533970061        1.33067835015857
C           -2.49570532818115        0.70514883985898        0.97419820248289
C           -2.81819978365812        1.46767656506136        2.26929575515862
O           -1.81843966746471        2.38087833764767        2.63598809311377
C           -3.73476172651290        0.49353382328306        0.09022282486071
O           -4.36460227538847        1.69417265906083       -0.27015099702675
C           -3.33301750604635       -0.31120060664450       -1.15712626864894
O           -4.45251338990234       -0.63986919715307       -1.94488991256377
C           -2.65839944743311       -1.61851702803170       -0.73054748051792
O           -2.13077651832055       -2.32453201619838       -1.81979480376383
C            1.57560164179463       -0.71523732647880       -1.52995682638257
O            1.24042201332834       -1.77511840395676       -2.38852598828446
C            3.10032962164034       -0.70008727368274       -1.39018966290085
O            3.70584078879875       -0.29249415155845       -2.58556783415075
H            5.11360495956639        1.10360256510952        1.73219561809355
H            5.32817130491080        2.10597362091730        0.26546170503130
H            6.55386779997357        0.87936425191781        0.70028305850966
H            3.31188969471638        1.32274036486538       -0.65425078525287
H            1.12283189010716        1.16391415403285        0.52125305740632
H            1.63291661721526       -0.78087782941728        2.75923802643829
H           -0.06551625479597       -0.54881547936306        2.27007115610823
H            1.65053425500744        1.49277946502496        3.16915113390592
H            1.01483367226056       -1.87729567272237        0.20538012361905
H           -1.11368698461196       -2.24872732480463        0.65416762130325
H           -1.74399619751980        1.27335474765437        0.40599383444597
H           -3.00306370585146        0.73191819317458        3.05960462219567
H           -3.72051182876194        2.06337817905608        2.11218831964708
H           -1.00115854645295        1.90978516354156        2.87963536054483
H           -4.48357301650151       -0.07646042090283        0.65226638750368
H           -3.71827847375203        2.30801624863051       -0.65048626461611
H           -2.61115709690175        0.27178546872127       -1.75201974739643
H           -5.04467218489371        0.12734468420010       -1.97547051253208
H           -3.39782087746576       -2.22853254725492       -0.19028773664378
H           -2.83838425642961       -2.43686872488881       -2.47449343063767
H            1.26022943783568        0.24415165298128       -1.97196558319464
H            0.27620375300842       -1.89009013931778       -2.38761144114750
H            3.44865630751936       -1.69827638034780       -1.09129791200612
H            3.45211112943402       -0.91624430972172       -3.28403190682651
48
 energy: -84.857394051982 xtb: 6.7.1 (edcfbbe)
C            5.37408026943128        1.24450698763302        0.78330819382399
O            4.81537369949904        0.25034944912273       -0.07039748736118
C            3.45513524922240        0.35927460869439       -0.27781129935490
O            2.79282368585150        0.00890466180845        0.91932512438856
C            1.37423648871968        0.02618846741064        0.87835144496961
C            0.93954477002202       -0.35293153118098        2.30507236032207
O            0.86038366098938        0.76588451610202        3.15046825826862
C            0.84933578302060       -0.92155626785711       -0.22005159941384
O           -0.52589997088523       -0.74008239285106       -0.53646730446032
C           -1.50494913195445       -1.31591099010256        0.27939192144284
O           -1.90631448272261       -0.47587975031911        1.32438197728791
C           -2.41739315143979        0.78080840473139        0.88478768269638
C           -2.66457873555701        1.64738066348401        2.12727312171168
O           -1.53016559689106        2.37548871624085        2.51714168476256
C           -3.68835232879370        0.55486381822692        0.05236622916645
O           -4.27062684936481        1.75035113675996       -0.39468420045548
C           -3.35204995729341       -0.36865109316698       -1.13133681906638
O           -4.50438272912053       -0.72016543758500       -1.85912219964854
C           -2.71006432630588       -1.66187923883678       -0.61566231025939
O           -2.25878436804392       -2.48390616554881       -1.65534429297343
C            1.55501472765482       -0.65931430801590       -1.55872395512212
O            1.26278186321936       -1.67094459662731       -2.48735472552102
C            3.07898287342434       -0.59462301730301       -1.41631655189107
O            3.66973978504477       -0.11227220412086       -2.59059314732652
H            4.99018105091738        1.13781555012693        1.79894429919535
H            5.14915702346160        2.24420294423238        0.40168692049860
H            6.44541370273237        1.06757658064930        0.76540700010743
H            3.17658957352214        1.39451002340660       -0.56675408789550
H            1.02220441520031        1.04503571852702        0.64564211836682
H            1.65780328104714       -1.08781746992067        2.68437167420343
H           -0.05913067482984       -0.78382228954214        2.30425525123998
H            1.74206182580317        1.14599793532341        3.26821410727387
H            1.02978827505157       -1.96197268649030        0.08621176902050
H           -1.12736644962394       -2.23168750378499        0.75366386839967
H           -1.66025737159566        1.27302508405100        0.25594829142812
H           -3.02286712501052        0.99784552073395        2.93317434693148
H           -3.43161331123996        2.38847409292880        1.89073228804141
H           -0.83737070963980        1.77236243000804        2.84220214526180
H           -4.44782350694412        0.07042500901438        0.67637098390767
H           -3.60819668006737        2.28777510005766       -0.85433923152586
H           -2.62865934232464        0.13660181521038       -1.79185677287451
H           -5.06242459966274        0.06694179583174       -1.95577336583200
H           -3.44934002188409       -2.18877021435027        0.00662917791790
H           -3.00104172809235       -2.63867573854820       -2.26139857968896
H            1.20325302056581        0.31462495929303       -1.93683806263601
H            0.30512196701210       -1.82275432941477       -2.49771431610007
H            3.46417873311772       -1.59085116477484       -1.15900904277605
H            3.45646540430589       -0.72275164324255       -3.31429084472762
48
 energy: -84.855884476525 xtb: 6.7.1 (edcfbbe)
C            5.31782277095827        1.25564806067534        0.85528020241178
O            4.77555588893327        0.31511701840472       -0.06691158246608
C            3.40962902950127        0.39841415488508       -0.24825889412417
O            2.77436294003228       -0.06342403149862        0.92489886398999
C            1.35452725378600       -0.07749476447692        0.90213562338931
C            0.95706717755202       -0.52912504762817        2.31858735999615
O            0.87922232812075        0.55655875324927        3.20680866319521
C            0.84515673368739       -0.96499720522182       -0.25392099960618
O           -0.53923988905577       -0.81241099150621       -0.55046797994881
C           -1.49805936741294       -1.30977507585140        0.33691347573099
O           -1.86538958584268       -0.38514929950256        1.31982499008320
C           -2.35970291923776        0.84597308279292        0.80136328327133
C           -2.56482777601755        1.78703553352068        1.99467488383367
O           -1.36408335768037        2.37039549219837        2.42874127767079
C           -3.64967163357564        0.59447877040318        0.00734203522528
O           -4.20152307841958        1.76833270657892       -0.52793607028827
C           -3.36137978196122       -0.43328719333314       -1.10083997030979
O           -4.53783134079109       -0.81671049196827       -1.77239522753215
C           -2.73619556758073       -1.69677862918761       -0.49715972253819
O           -2.33775056431799       -2.61162489010885       -1.47864233641038
C            1.52570401180430       -0.59586008433408       -1.57933168145315
O            1.26786337891820       -1.56286289053019       -2.56389463635264
C            3.04779317012633       -0.47437712570958       -1.45377041454688
O            3.59131251858574        0.12942510232926       -2.59432273406426
H            4.95202852609449        1.05831016468603        1.86401251270809
H            5.05879143483758        2.27502172550576        0.55605656711533
H            6.39344982466674        1.11252094555100        0.81041108211591
H            3.09644702851059        1.44393990277026       -0.45258807684061
H            0.97867538508669        0.94604613175675        0.73255581885186
H            1.69829127286445       -1.26363919256467        2.65184836597592
H           -0.03307921048646       -0.97624970755021        2.32977374739850
H            1.75667915192362        0.94968161931059        3.31399394412583
H            1.05983314962822       -2.01756828333270       -0.01583710884444
H           -1.12476393512292       -2.19709154103033        0.86366448857979
H           -1.60311123963284        1.28092641143660        0.13092661430148
H           -3.04925500533067        1.22225793782296        2.79897742122719
H           -3.21336073367664        2.61119100118583        1.68900401495065
H           -0.78037468635466        1.68714238713978        2.80535661841619
H           -4.41410042312993        0.18762395033854        0.67884262826887
H           -3.53661508410609        2.23578149862292       -1.05600420990537
H           -2.64256986482202       -0.00196512503493       -1.81638548811299
H           -5.08226717690930       -0.02810009963124       -1.92040352747127
H           -3.47026014073392       -2.15108400594053        0.18594220356862
H           -3.09664347060738       -2.77858965167860       -2.06039320756767
H            1.12952574510210        0.38283145600590       -1.89694818061811
H            0.32005583527358       -1.76424847651241       -2.56800518895147
H            3.47993797618355       -1.47086354010408       -1.28937856337556
H            3.39232127706821       -0.43138051150985       -3.36065884591699
48
 energy: -84.853557933280 xtb: 6.7.1 (edcfbbe)
C            5.29606419209086        1.20298173126078        0.93418458205023
O            4.74700668159552        0.33957230283017       -0.05688021639066
C            3.37798486266117        0.42546600471165       -0.21140969015898
O            2.76220072714145       -0.13648329848549        0.92784965486511
C            1.34124680991440       -0.15950038289184        0.92052510051498
C            0.97196293060647       -0.66208795834742        2.32742727750930
O            0.93517400755272        0.39754260809058        3.24938719896047
C            0.83906515302172       -0.98115803764576       -0.28764119818347
O           -0.55633795703882       -0.87390785948858       -0.55797066727198
C           -1.48639353767204       -1.30210456524938        0.39244778150750
O           -1.83036290900381       -0.30280463286986        1.30776802214221
C           -2.31594734502027        0.89276589518414        0.70741923059164
C           -2.47585250308172        1.91377349935645        1.83950602745917
O           -1.23607005702457        2.38500471852377        2.30128705670442
C           -3.62475555300776        0.60444389405891       -0.04090904181397
O           -4.16409634627264        1.74054864062600       -0.66346514226939
C           -3.37714811015583       -0.51807450006284       -1.06451978110989
O           -4.57523611113642       -0.93785613570109       -1.67287044346430
C           -2.75291805510001       -1.73765348112455       -0.37500206021264
O           -2.39805037468537       -2.73777459103841       -1.28692651878715
C            1.48431952421027       -0.48619001029872       -1.58873070064392
O            1.22601554132739       -1.36718596058759       -2.65016035289020
C            3.00647977581495       -0.34747976068393       -1.48035277041086
O            3.51816435244575        0.36097652665858       -2.57444354256398
H            4.95574810151309        0.91041478770491        1.92864180281200
H            5.01577326281348        2.24061547822088        0.73305447967325
H            6.37237943810814        1.08195061600122        0.85431665492530
H            3.05369572007854        1.48140350219700       -0.32452101529326
H            0.95958193809174        0.87031641086493        0.80616271919089
H            1.71088930297446       -1.41763909072853        2.61585336495583
H           -0.02406912742078       -1.09245008244411        2.35689210465887
H            1.82300125232624        0.76858553988784        3.35083729399694
H            1.10028311328207       -2.03864557483069       -0.12829669801075
H           -1.10705513843731       -2.15474050642708        0.96700167909961
H           -1.56529522607643        1.26522775511132       -0.00598771765524
H           -3.05014088266223        1.44820667809025        2.64771059317890
H           -3.01769536910221        2.78395350110339        1.46430518479035
H           -0.75090951716704        1.66017405392945        2.73200631857541
H           -4.38442488562604        0.27079174221822        0.67478070946008
H           -3.50427146782960        2.14198504236376       -1.24900433554740
H           -2.67147829186191       -0.15849633552377       -1.83079811480626
H           -5.11041203291634       -0.15540859136662       -1.87613790623951
H           -3.47351783867748       -2.12143832738300        0.36375559053274
H           -3.17029343756113       -2.92461885758562       -1.84437273772178
H            1.06537080825125        0.50909575619359       -1.81250495829362
H            0.28579859682653       -1.59906863480859       -2.64532984443623
H            3.45770543285767       -1.34645450024147       -1.40868338092385
H            3.31681852199961       -0.13657905662772       -3.38271956017925
48
 energy: -84.851313359580 xtb: 6.7.1 (edcfbbe)
C            5.31826610954457        1.17358865413908        0.98900534919672
O            4.74464493584957        0.33728802005596       -0.01152348380579
C            3.37313839198947        0.42504275661556       -0.12931348246458
O            2.78338896448554       -0.26581148649789        0.95230994907607
C            1.36272124176085       -0.24730689510381        0.97975529486857
C            1.00664121397392       -0.90893865135288        2.32331766194487
O            1.68499053046001       -0.29479417761403        3.38576748286561
C            0.83006533449479       -0.95460185164468       -0.28298923082932
O           -0.57160412502487       -0.86407968358311       -0.52741782639172
C           -1.48305340503268       -1.20174584567603        0.47684958869137
O           -1.80709648530624       -0.10992737457099        1.29300211913978
C           -2.34544943695354        1.00230429933050        0.57914423171711
C           -2.58030953577908        2.12422838127965        1.59736814693802
O           -1.37915213866050        2.67283376849882        2.07553123133238
C           -3.64615576934795        0.61154078296460       -0.13948992632573
O           -4.19302035118239        1.67331190046552       -0.87627734539552
C           -3.39308946213635       -0.61030425367405       -1.03728936822684
O           -4.58837637847586       -1.10826833750477       -1.58849855120668
C           -2.75699218497805       -1.73199612606540       -0.20994016726393
O           -2.40991190803057       -2.84145802873057       -0.98804402215549
C            1.44720747154519       -0.34045225349269       -1.54844302423540
O            1.16747385582954       -1.11986455535004       -2.68213557913006
C            2.97246952347322       -0.21248918141003       -1.46267166575021
O            3.46019751280456        0.60494388203059       -2.48938310952936
H            4.98373186442228        0.87479031163605        1.98365464850709
H            5.05393514453643        2.21918423153423        0.80786431423227
H            6.39155380829755        1.03574372925699        0.89601530341346
H            3.03612798017920        1.48225445384146       -0.11939498446281
H            1.01539620216645        0.79924507986441        0.98028402351174
H            1.26089431054544       -1.97573990732889        2.26846788791330
H           -0.05111825249460       -0.78289797351011        2.54629254765633
H            2.63408475446112       -0.32271625106442        3.19665058436391
H            1.11417122281416       -2.01719766917359       -0.22226953769855
H           -1.08526971633906       -1.98398648465819        1.13044141815536
H           -1.60532143404502        1.33683414112102       -0.16318544791040
H           -3.18974318143336        1.72949888369840        2.41712589632479
H           -3.11813408354880        2.93779923388857        1.10724399655155
H           -0.93821436944132        2.02059807244554        2.63685223849731
H           -4.40505126020085        0.34907013858033        0.60630312822701
H           -3.54131690340082        2.00420047830716       -1.51287715118395
H           -2.69317495239805       -0.33200276113843       -1.84099293564300
H           -5.12969479912275       -0.36211547778123       -1.88877991310485
H           -3.46562737209623       -2.01979565899068        0.58244294191690
H           -3.18428103136882       -3.09299926504128       -1.51671693881527
H            1.02530021315135        0.67110528745996       -1.67151383108265
H            0.23049349547312       -1.36229681989575       -2.67424751861656
H            3.42267822583164       -1.21372135428231       -1.50500598239378
H            3.24158419081334        0.19209778269267       -3.33980692043301
48
 energy: -84.848672517541 xtb: 6.7.1 (edcfbbe)
C            5.32757897846548        1.14087424040323        1.02043868799092
O            4.73794206607247        0.32899341104225        0.00822767307061
C            3.36467448745464        0.42229832275720       -0.08109831802962
O            2.79894417281887       -0.36199588095066        0.94872404882266
C            1.38030639705594       -0.33645780125529        1.01433127750813
C            1.04464656817874       -1.08004957089986        2.32291963131274
O            1.86376005362874       -0.65307233081488        3.37691879492670
C            0.82749205213701       -0.95099483690280       -0.28777385346342
O           -0.58224384747975       -0.89496068636662       -0.50308330245256
C           -1.47750164870006       -1.15477327693367        0.53803131057980
O           -1.79159604742145       -0.00403339883454        1.27153383033763
C           -2.33904650383822        1.05206002458408        0.48299501909805
C           -2.56799710890377        2.24202242644190        1.42247333712637
O           -1.36208909175489        2.79759135298497        1.88113164956430
C           -3.64512698599498        0.60980565288669       -0.19435834860979
O           -4.19836398603666        1.61389497751687       -1.00360671065216
C           -3.40148187977863       -0.67646055036762       -1.00034567081359
O           -4.60265213090539       -1.21022059448737       -1.50299546126012
C           -2.75967029583085       -1.73271635463862       -0.09566932257594
O           -2.41902897722701       -2.89905772580506       -0.78918611398703
C            1.40589681347198       -0.22269465012859       -1.51017458334337
O            1.09294735587547       -0.89679155239570       -2.70094188689237
C            2.93366102702402       -0.10002282641324       -1.45440525161366
O            3.39603876897596        0.80371715221309       -2.41839864950602
H            4.93783603263305        0.88032433805241        2.00552216870563
H            5.13679533959935        2.19770830643380        0.81494743854982
H            6.39236257582092        0.93436546426015        0.96948435173294
H            3.02499851799058        1.47261133579211        0.02500898551600
H            1.04438535250605        0.71118668099636        1.08919208922140
H            1.16047589985444       -2.16006668348109        2.16109986193047
H            0.02809395529829       -0.85127689309258        2.63952589912248
H            2.78654701429145       -0.77695423332157        3.11082108827970
H            1.14324946936762       -2.00637651494614       -0.31693116931254
H           -1.08000276383821       -1.89024195331852        1.24036484525544
H           -1.60559293170936        1.33442022472111       -0.28711985714323
H           -3.19365012750746        1.91174924179533        2.25830186738245
H           -3.08487978233991        3.03184417822595        0.87489222667244
H           -0.94438300736755        2.17194242346867        2.48812949251857
H           -4.39798963994567        0.40408942053117        0.57506401800435
H           -3.55140501399051        1.89873093472041       -1.66690138111612
H           -2.70786303037252       -0.46201749958652       -1.82858371208010
H           -5.14494384103837       -0.48572345154812       -1.85115714917315
H           -3.46170970895356       -1.95918079419273        0.72212034281331
H           -3.19510178303488       -3.18626321486898       -1.29651956383243
H            0.98128603021696        0.79541143550751       -1.53029481309786
H            0.16680547285792       -1.17600897145559       -2.66965025730315
H            3.38190164764197       -1.09336733290911       -1.59375390313656
H            3.15569204005426        0.46613397859129       -3.29576861707569
48
 energy: -84.845705579561 xtb: 6.7.1 (edcfbbe)
C            5.31626158317790        1.11800926366713        1.07558045178701
O            4.72155005022106        0.38937700029873        0.00434585205315
C            3.34429427668089        0.44987030370578       -0.03835609155250
O            2.83487549908631       -0.43921349826078        0.93382405656433
C            1.42084858573548       -0.46353572055090        1.05966543428791
C            1.17039814538591       -1.35240811979358        2.29862133891371
O            2.08683291721969       -1.08211644011429        3.32304013910105
C            0.82901418955446       -0.96608168704540       -0.27245736700295
O           -0.58931484778690       -0.92381192631998       -0.45151790378082
C           -1.48014045546589       -1.08443519023148        0.61244310405129
O           -1.78286286444706        0.12980438368308        1.24264063811338
C           -2.33785471345096        1.11428113596678        0.37079452316467
C           -2.57807319414562        2.37690360839997        1.20741038500533
O           -1.38034653376692        2.98115636177661        1.62247973355031
C           -3.64434424426241        0.61572600756452       -0.26623067825726
O           -4.19642035421222        1.54795592383703       -1.15812313154054
C           -3.40554774858734       -0.73560809171189       -0.95795298396368
O           -4.60888699454165       -1.30645593572743       -1.41211378599198
C           -2.76763726396559       -1.70987425690986        0.03616558568538
O           -2.43590521518296       -2.93627856963845       -0.54935953840048
C            1.35448932896403       -0.11810708623053       -1.44348522243390
O            1.00439269653500       -0.68714416285571       -2.67817557666915
C            2.88031665540084        0.03195500065256       -1.43555975671428
O            3.28863771482385        1.02006572662792       -2.33928479911522
H            4.94584149534232        0.76504234339937        2.03917918212656
H            5.10643400643232        2.18571403313015        0.96736251071167
H            6.38302698805589        0.93408378967864        0.99052659302848
H            2.97952214594422        1.47634188239847        0.16913091153163
H            1.05937261371690        0.55939993876052        1.25295793681986
H            1.22832345468198       -2.40753131074086        1.99988985506848
H            0.19492955643426       -1.13697241875791        2.73294256871071
H            2.98131816428089       -1.19042902417411        2.96796476211247
H            1.15843378738944       -2.00807982762681       -0.41136781554084
H           -1.09067621700855       -1.75512310446463        1.37810069067702
H           -1.60700686434214        1.33714673789971       -0.42097878220441
H           -3.20441019823200        2.11218492972993        2.06581862529982
H           -3.10029448291970        3.11262806852802        0.59328157054313
H           -0.96024665579997        2.41262246507579        2.28165170745942
H           -4.39726136688784        0.47832469094405        0.51831350565809
H           -3.55067151171617        1.77201892397539       -1.84540643899915
H           -2.71144534133352       -0.59741621183020       -1.80157857115384
H           -5.14767535157207       -0.61343136556980       -1.82390058312290
H           -3.46868073151540       -1.85768428251247        0.87282156122932
H           -3.21027932453584       -3.25525189458698       -1.04022193577457
H            0.91433915207927        0.89029066653381       -1.35510554028502
H            0.08901211464933       -0.99676166783182       -2.63068469577732
H            3.34278032701612       -0.93643956100599       -1.66997578231243
H            3.02073497486888        0.74928411018686       -3.23163421178650
48
 energy: -84.843566011272 xtb: 6.7.1 (edcfbbe)
C            5.25068318956473        1.18306259834029        1.16508063371012
O            4.67942930942176        0.52338435169365        0.03777934556195
C            3.30037111959608        0.50206096059071        0.02224524434268
O            2.86915905283240       -0.49996549197092        0.91851606054682
C            1.46569683125306       -0.63003412967375        1.08676800668363
C            1.33802675440338       -1.71260699960333        2.18718789505989
O            2.29789127229884       -1.54932309873464        3.19386938493244
C            0.83281552472659       -1.00194855757920       -0.26782616659594
O           -0.59302177566540       -0.94880972140055       -0.40257979481546
C           -1.47000999957944       -0.99110636903809        0.68328201610252
O           -1.74869856079100        0.28612949559702        1.19170213530875
C           -2.32863550591283        1.18097390715729        0.24242892780957
C           -2.57611702674634        2.51027228349104        0.96668849812792
O           -1.38408159346107        3.15224328738303        1.33688875634051
C           -3.63978098266177        0.62065105632666       -0.33152134947937
O           -4.19695614046988        1.46285421805293       -1.30619681549111
C           -3.41154829480688       -0.79357904057671       -0.88752567301245
O           -4.62044696977280       -1.40291408177058       -1.27111583621836
C           -2.76917620271047       -1.66289980818867        0.19676141520071
O           -2.45570563928625       -2.94850541866357       -0.25574615416457
C            1.31089331682054       -0.04128453883881       -1.37538768517077
O            0.94683323492180       -0.51973828410615       -2.64434047352895
C            2.82809483249119        0.17248020891971       -1.39443350455108
O            3.16856897749936        1.24443070092134       -2.22779015978396
H            4.91608969514804        0.72264935599297        2.09601885083414
H            4.98063917063817        2.24267520234336        1.15836142804220
H            6.32442216693795        1.06800909109361        1.05137332157353
H            2.87917801930130        1.48211191389615        0.32464907802918
H            1.04946965143550        0.32750767310738        1.43620342548483
H            1.43114145528254       -2.70247969640744        1.72161309825740
H            0.38138046043375       -1.63893349316154        2.70331541941436
H            3.17368162545223       -1.54832664360170        2.78031513492877
H            1.15156050668519       -2.02347138012073       -0.52368234059086
H           -1.07362985714490       -1.57069508971879        1.51612784760233
H           -1.61096420415491        1.34043734976323       -0.57631279014141
H           -3.20733302843410        2.31739788702892        1.84095280553034
H           -3.09710303855847        3.18881615420218        0.28906361860153
H           -0.96010860624985        2.63480673905611        2.03468227540545
H           -4.38713781622337        0.56318576058549        0.46822064569737
H           -3.55414447983199        1.62125712500920       -2.01421839605716
H           -2.72427737239789       -0.74466997538064       -1.74628315788872
H           -5.15840649644158       -0.75643274315842       -1.75346469282328
H           -3.45959814479870       -1.71150080981126        1.05370891931220
H           -3.23821915923655       -3.30908687326028       -0.70320121166492
H            0.83892537930539        0.94029683513076       -1.19319623244750
H            0.04266317869406       -0.86134064199547       -2.60190419413283
H            3.32668018877824       -0.75280394749713       -1.71322552763793
H            2.88080392335892        1.03475861522401       -3.13037002239356
48
 energy: -84.847622789296 xtb: 6.7.1 (edcfbbe)
C            5.24741604943219        1.18327142644607        1.16985020670813
O            4.67643239511793        0.70821314904429       -0.04649671211227
C            3.30101055464015        0.60743828929959       -0.03096605822299
O            2.94643896242671       -0.48490710245753        0.79341559252119
C            1.56009951634525       -0.73169246339754        0.94312659486916
C            1.48294928722188       -1.95658053978223        1.89098422745540
O            0.75932754642290       -1.71204127586201        3.06718696016251
C            0.90061981066866       -0.98274763610954       -0.42166779330018
O           -0.53226759535484       -0.96855226749333       -0.45106725959752
C           -1.30589835104008       -0.93937236052113        0.71746216197759
O           -1.57187722691243        0.37830777742378        1.12951248835040
C           -2.27556570354705        1.16531961107191        0.16946754853532
C           -2.49397933652539        2.54777962481859        0.79763230610290
O           -1.28589163315974        3.21383566032663        1.05763444711163
C           -3.61566875109547        0.51823250234233       -0.21083193331422
O           -4.30679545686045        1.25096868539041       -1.18881773531023
C           -3.39361827699266       -0.93280904686832       -0.66335561926747
O           -4.61601013553832       -1.59819712182871       -0.87317072906796
C           -2.61841498238777       -1.68605285351114        0.42115037014007
O           -2.30149102857957       -2.99668236630840        0.04642215051651
C            1.30634005390575        0.10054377422898       -1.43982814380265
O            0.93248531949245       -0.26991252031184       -2.74360983890269
C            2.81338486474825        0.37452308363667       -1.46223012770296
O            3.09975656721713        1.52159925434642       -2.21211633979070
H            5.03534659348399        0.49292029373591        1.98790048054246
H            4.85704405197934        2.17667647431106        1.40839113329754
H            6.31610506382540        1.23369267069352        0.98477739452311
H            2.83750488221462        1.53646152603335        0.36170140288391
H            1.07593701842537        0.14188028412020        1.40889563482063
H            2.51420986979413       -2.25222975590604        2.10780174402711
H            0.98151674697085       -2.78898713140844        1.39205566197393
H            1.27318576138956       -1.14448529325857        3.65935148959252
H            1.22848908195064       -1.96022953701172       -0.80086689567416
H           -0.82108522082280       -1.41070408343264        1.57172121319581
H           -1.65098924260558        1.26758059957346       -0.73082736407290
H           -3.07825296556289        2.42465507061099        1.71635193327076
H           -3.05116600511122        3.17315070078408        0.09857602849665
H           -0.81974571231397        2.73088606939485        1.75317166647957
H           -4.27161546944980        0.51069250113466        0.66738430126820
H           -3.75458169486240        1.35166184000591       -1.97901896487605
H           -2.79547447842753       -0.94582382812033       -1.58795443911075
H           -5.22495209076005       -0.99352244312729       -1.32472828236104
H           -3.21953897170003       -1.68249285932444        1.34384407175253
H           -3.11524089893315       -3.42557696049454       -0.26322536695597
H            0.79993170108281        1.04022117809797       -1.15712119261167
H            0.04953974870523       -0.66438738621610       -2.71470861857767
H            3.34099397412629       -0.50276928947484       -1.86097982645985
H            2.78405373763857        1.38023991395039       -3.11869795933055
48
 energy: -84.848502553506 xtb: 6.7.1 (edcfbbe)
C            5.39162806034134        0.91185186895419        1.17793074016918
O            4.73351098555140        0.59783299868468       -0.04650625102704
C            3.35698000727314        0.56827264501038        0.03248109251489
O            2.97825510340093       -0.58060424177245        0.76478889792497
C            1.58584615512594       -0.77246463945242        0.93317392530451
C            1.45102760532808       -2.05201717300265        1.79675496428936
O            0.87034687274953       -1.81302760861302        3.05162344932756
C            0.89897237026313       -0.90830967393350       -0.43163808053421
O           -0.53340260774737       -0.93232658622453       -0.43464521200967
C           -1.28891508389101       -0.82476531530466        0.74226704013036
O           -1.58749648159869        0.51453437971235        1.04680329072399
C           -2.35070884649680        1.19172457089869        0.04762363689691
C           -2.60570834569597        2.61402958277397        0.56351174110349
O           -1.42191394192126        3.35727913574385        0.69502623506241
C           -3.67532963497425        0.46633170853385       -0.23348649338122
O           -4.42655774258612        1.09262497617633       -1.24025158224096
C           -3.40734448737196       -1.00635634478450       -0.57902592106351
O           -4.60531928283771       -1.73500350547715       -0.70206698254066
C           -2.57662796804039       -1.64054637233976        0.53904213828673
O           -2.21303340995469       -2.96285201433989        0.25778559978982
C            1.28424943574919        0.27339622242907       -1.34157760810512
O            0.85284590500579        0.05292806235192       -2.66262986580065
C            2.79668441924970        0.51548523432959       -1.39135389523394
O            3.08860600638374        1.73667243122937       -2.01172373067433
H            5.19211060168818        0.14479462823266        1.92787498314800
H            5.06293257171856        1.88823276070897        1.54490841549905
H            6.44981565565958        0.93796550381489        0.93605826371782
H            2.96679830921225        1.47580971597280        0.53888573378477
H            1.15597920212971        0.09289799438997        1.46233148283286
H            2.45330498781462       -2.48156334431474        1.89024693002947
H            0.80541919121042       -2.77749957739808        1.29587259303482
H            1.50700798553191       -1.37137441280177        3.63184275125165
H            1.23067738670103       -1.84184528657060       -0.90420141444641
H           -0.77397117713475       -1.20368973443607        1.62482255784698
H           -1.75797551603645        1.24142091271410       -0.87798655282252
H           -3.13546693972946        2.54767183023411        1.52017180621080
H           -3.22896117447876        3.14665785871937       -0.15665000168164
H           -0.90091001307223        2.97388033459175        1.41302029708364
H           -4.30243417284926        0.50352659450594        0.66477826607194
H           -3.90074906300615        1.16676153843337       -2.05103432177349
H           -2.83102396669273       -1.06846604953176       -1.51538533515236
H           -5.25040660680226       -1.19466860707074       -1.18407396132000
H           -3.15616878693285       -1.59073029640779        1.47419207790668
H           -3.01164642818551       -3.44166355024378       -0.01585917409934
H            0.80737613214360        1.18514876594957       -0.94119093719508
H           -0.00848346480968       -0.38672697230980       -2.63642200827181
H            3.28291754299548       -0.32051699355757       -1.91306785665571
H            2.74726056670200        1.70928186451951       -2.91955971866061
48
 energy: -84.849644997583 xtb: 6.7.1 (edcfbbe)
C            5.50984587909182        0.63393013946406        1.14500862712099
O            4.77404139887959        0.50539210427947       -0.06856144688211
C            3.40333754293807        0.53019335730151        0.08423749423398
O            3.00342059676742       -0.66856165026651        0.71885611213213
C            1.60945638818903       -0.80619559491490        0.92088529270008
C            1.41685620582764       -2.12289662393692        1.71170298438704
O            0.95203642094399       -1.91074306635170        3.01878313442589
C            0.89476590366074       -0.82884661310025       -0.43496166690212
O           -0.53408428759692       -0.89521179343713       -0.41660505663686
C           -1.27206309080211       -0.71517780097467        0.76370225480160
O           -1.60675639484343        0.63321171657309        0.96912117641846
C           -2.40806621335174        1.20656343271118       -0.06469571938283
C           -2.71083091287282        2.65249243722161        0.34895958957957
O           -1.56134726989515        3.45716058982897        0.37701289852913
C           -3.70989013410258        0.41710828798689       -0.27217361959975
O           -4.48968186327214        0.93985110513342       -1.31586044337077
C           -3.40167530963371       -1.07091093458433       -0.50235678390806
O           -4.57940256847160       -1.84108318374801       -0.54119439826156
C           -2.53567642597334       -1.58470312201131        0.65064740305618
O           -2.13157622062458       -2.91257422440230        0.47463558033457
C            1.26020477250894        0.43903767062465       -1.22877036122914
O            0.77659186605703        0.36545012421431       -2.54841181413317
C            2.77545513114001        0.66163783281819       -1.30719539099744
O            3.07095825405131        1.94560986892440       -1.78244343690447
H            5.30864520545367       -0.21065535900534        1.80570319984764
H            5.25241449321473        1.57082335037628        1.64657894368279
H            6.55406091764674        0.64097701201562        0.84730767213361
H            3.08555422752865        1.39686970288584        0.70188996493728
H            1.24103820737541        0.04906597601752        1.50923621355856
H            2.37574164218071       -2.64951233777383        1.70272472421008
H            0.66711916721671       -2.74783250444891        1.22052598458554
H            1.67032491913953       -1.57694550148273        3.57477812641305
H            1.22983721624535       -1.71025997288372       -0.99546882036369
H           -0.72911187085680       -1.00987536063853        1.66197203137034
H           -1.83010695268771        1.21079902187694       -1.00083959063568
H           -3.20457349101424        2.63802209169206        1.32704434078718
H           -3.38351633002714        3.09696492454404       -0.38621525237327
H           -0.99373850713826        3.15443423601690        1.09823109162428
H           -4.32955182358571        0.50491485839682        0.62788630648936
H           -3.97204897332705        0.96979297617498       -2.13474729018533
H           -2.83846570122273       -1.19649728376281       -1.44029995936416
H           -5.24343766733555       -1.36974254104341       -1.06775593798497
H           -3.10339234719995       -1.47355306799055        1.58769124947703
H           -2.91969730283714       -3.44259940268530        0.27503934472831
H            0.81086900881941        1.30882923453673       -0.71881649620014
H           -0.06251039286159       -0.11643713330640       -2.54079273762429
H            3.22070077410269       -0.11037778635329       -1.95000597581706
H            2.68792380090824        2.04205657149395       -2.66850754692567
48
 energy: -84.850690589246 xtb: 6.7.1 (edcfbbe)
C            5.58631966117370        0.45065834994665        1.10849728690475
O            4.79520729776459        0.44581120667420       -0.07655272500210
C            3.43328120412101        0.49691459188844        0.13607381804582
O            3.01750797197402       -0.73855809443443        0.68600186204217
C            1.62434402792301       -0.84310424913833        0.91440565906472
C            1.38292884122689       -2.19326046820084        1.62716653385999
O            1.08843607721837       -2.03931014321394        2.99063673863658
C            0.88950794313105       -0.75988131137040       -0.42824915808555
O           -0.53420416354600       -0.86436739909572       -0.39733012836703
C           -1.26295690416430       -0.60962814299364        0.77612352728480
O           -1.63125632385177        0.73937901506898        0.88858308174731
C           -2.46181424502260        1.22054305259351       -0.16953044130811
C           -2.80092345203828        2.68065767804486        0.15807598645581
O           -1.67133916773784        3.51327046071911        0.14035728854225
C           -3.74183079090851        0.38198858606208       -0.30481976147748
O           -4.54872506458945        0.80495332512283       -1.37262366169795
C           -3.39380212786615       -1.10948068187722       -0.43339278403883
O           -4.55113719904285       -1.91009553217202       -0.40778914939400
C           -2.50319347171547       -1.51901755140933        0.74233882282898
O           -2.06334573293745       -2.84450551322352        0.65241609638197
C            1.24494375363614        0.56513909106666       -1.12254775369954
O            0.72715906683135        0.60698283720233       -2.43177261800804
C            2.76268882344737        0.77142329204085       -1.21551396363557
O            3.07066344225942        2.09096977309183       -1.57168633600451
H            5.39824072954572       -0.44775122647919        1.69814574132105
H            5.37105238236301        1.34160709982447        1.70483597281498
H            6.61625640735793        0.46797474112123        0.76474231387446
H            3.16782393686519        1.31690465949148        0.83690577630566
H            1.30473490137249       -0.01044375952731        1.56120204513547
H            2.27211511332170       -2.81094052237653        1.46953665819920
H            0.51933452256098       -2.69727863021401        1.18569415807468
H            1.89517380545967       -1.82691464509016        3.48151925582046
H            1.22481038044444       -1.59400871700785       -1.05691806669107
H           -0.69836189365688       -0.82601739087489        1.68390662455952
H           -1.89507270287716        1.18277107917681       -1.11141493631961
H           -3.29591882651177        2.71176047079533        1.13530691066060
H           -3.48234086650852        3.06544342379138       -0.60226989891820
H           -1.08997148463229        3.25590371862776        0.86850792432589
H           -4.35427621580223        0.51619943422866        0.59455434759760
H           -4.04548076843903        0.77966902546548       -2.20064213196071
H           -2.83567838292884       -1.28414900408887       -1.36677281446619
H           -5.23570077401629       -1.48247809076392       -0.94545747867861
H           -3.06369737484694       -1.35960045609554        1.67654768503884
H           -2.83740822393664       -3.40970482357579        0.49951572612638
H            0.81714119599846        1.39500411482535       -0.53486690409479
H           -0.05507073697728        0.03882555818513       -2.47183998018143
H            3.17759536135217        0.05966378741377       -1.94318843127704
H            2.66623792527941        2.28007373130939       -2.43293672150845
48
 energy: -84.854158330733 xtb: 6.7.1 (edcfbbe)
C            5.59546250346678        0.34304750620194        1.05151697432839
O            4.74898455990311        0.42520126469925       -0.09123545412634
C            3.39831359037362        0.47052612507122        0.18822737290690
O            2.99174069931478       -0.80362152770679        0.64953532885551
C            1.60579374500758       -0.91351613625913        0.92428867039784
C            1.37754602065793       -2.31120587295498        1.53055821095190
O            1.53743599175344       -2.32592242330234        2.92401410854367
C            0.81780303506174       -0.72163993775061       -0.37854950224279
O           -0.59646922637330       -0.84989983876402       -0.30127019152126
C           -1.29950186771262       -0.50831859335777        0.86085463497414
O           -1.68819491610853        0.84073772992436        0.87027945461384
C           -2.47270544448993        1.22821953466232       -0.26053357064092
C           -2.84412800874612        2.70209722603602       -0.05481230824869
O           -1.72504899926000        3.54869978667522       -0.06699808724917
C           -3.73613495469510        0.36379035965945       -0.39252603406297
O           -4.46443097319898        0.66692642287792       -1.55430977968182
C           -3.38403161151525       -1.13219948572837       -0.34240063736311
O           -4.54394820117336       -1.92838392901012       -0.27972833567584
C           -2.54187740751668       -1.41469238080315        0.90433567413403
O           -2.11240512759905       -2.74460174614407        0.97954017990904
C            1.15421618224266        0.66615162339729       -0.96122352535145
O            0.50195997168825        0.89776129150163       -2.18252328562570
C            2.67141893965379        0.86410982765893       -1.10451201995797
O            2.97756075905742        2.20722825349090       -1.36502505051827
H            5.43534938811759       -0.59776380843359        1.58016878027301
H            5.40955930767902        1.18577985671558        1.72307388128832
H            6.60810299795200        0.38924944070360        0.66193954430334
H            3.17563436497640        1.23042023708535        0.96673370076648
H            1.32583514834023       -0.13478453960586        1.65047782007554
H            2.07194442034549       -3.00185184081548        1.04029633731286
H            0.35325221196054       -2.63733287288145        1.33597612102246
H            2.47039130999311       -2.19163011323254        3.14226714836049
H            1.12086239653738       -1.50250222253701       -1.08587757617838
H           -0.71850627617122       -0.64940772492168        1.77414477301997
H           -1.85690949490909        1.12726164237650       -1.16623726780639
H           -3.39096486044561        2.79368585477826        0.89143413683417
H           -3.48691247541376        3.02495262743108       -0.87490672158069
H           -1.16354968571147        3.31935680196680        0.68577215340911
H           -4.41207506604538        0.58440142448059        0.44238719144132
H           -3.89288269836712        0.57728468796915       -2.33220949421455
H           -2.78496672328025       -1.40225718867211       -1.22572985938930
H           -5.19058721809797       -1.58209332478266       -0.91382880687217
H           -3.12889319941125       -1.14613506501825        1.79643633847294
H           -2.88187268728120       -3.31900061586279        0.83719874044230
H            0.76540944302288        1.43443259095114       -0.28198477158496
H            0.72240099866614        0.19432132352800       -2.81207035182405
H            3.06139973170513        0.21456876843729       -1.90370542527591
H            2.41861727506309        2.51854472437802       -2.09577721305571
48
 energy: -84.855250581958 xtb: 6.7.1 (edcfbbe)
C            5.64264868915283        0.20699633173135        1.02263065343318
O            4.76049777913217        0.38975013749424       -0.08017435560913
C            3.42032689109331        0.43679546737962        0.24609244585396
O            3.00023673221830       -0.86306542497231        0.61408554352575
C            1.61816747366586       -0.96204804875255        0.91461331305817
C            1.36427917475641       -2.38835998530770        1.42905796229951
O            1.74533242064228       -2.54792277145092        2.76913668959820
C            0.81078373266915       -0.66132275907701       -0.35686674354380
O           -0.59837007538468       -0.81537269366079       -0.26946832469150
C           -1.29778281085889       -0.39627807000534        0.87056270252575
O           -1.71557919368944        0.94063226758622        0.78776633520833
C           -2.52322179693398        1.23228155784576       -0.35533793055228
C           -2.94870763437683        2.70128050629707       -0.23540428848554
O           -1.86906654258751        3.59215935233176       -0.32384929614242
C           -3.76052363969248        0.32348852116677       -0.42860609706863
O           -4.48540283098110        0.52428227321379       -1.61448223521196
C           -3.37247929882167       -1.15570544332256       -0.26521507387718
O           -4.51124811613212       -1.97370993946912       -0.13370494051237
C           -2.52237651746200       -1.31892695412976        0.99743742946641
O           -2.07250626922268       -2.63125099368620        1.18041351198787
C            1.15031985464426        0.76197137239510       -0.84000802763698
O            0.48860439471470        1.08429142193243       -2.03540466901741
C            2.66836277011890        0.95269673156305       -0.98846029952575
O            2.99027553557778        2.30977641088183       -1.13445732135307
H            5.47924966914129       -0.76613392330134        1.48739631684549
H            5.49931957082973        1.00161933661357        1.75978206647946
H            6.64216693557893        0.26071766811124        0.60142705227698
H            3.23735310313685        1.13344306045854        1.09102146056247
H            1.37808343867677       -0.23136465551028        1.70242458291578
H            1.90473955799406       -3.08302944126604        0.77726882512841
H            0.29598729426295       -2.61047095346838        1.38320834195528
H            2.70680929289711       -2.46615359272535        2.83738700546110
H            1.10158240848151       -1.38796512286859       -1.12472059491297
H           -0.69976375192632       -0.45838235046151        1.78243281388461
H           -1.90890502421289        1.10124919813390       -1.25779518951543
H           -3.48300847620423        2.83060319454100        0.71375862480323
H           -3.61863670568767        2.94387404987688       -1.06163639496641
H           -1.27396480363298        3.42297198134829        0.41877910975504
H           -4.44961916463965        0.58565974740781        0.38323615131541
H           -3.89919923097821        0.41094325679933       -2.37809619686628
H           -2.76833502511899       -1.48008565609712       -1.12639326994670
H           -5.15625715058498       -1.72122951184462       -0.81178229682339
H           -3.11100705696521       -0.98707529439371        1.86684657033712
H           -2.83398880260798       -3.22614708818344        1.08814193167157
H            0.77550223506485        1.48220709525582       -0.10320746572708
H            0.72320358759101        0.44374270054893       -2.72439051457102
H            3.03430036719038        0.37226759637015       -1.84982645349513
H            2.44181486770909        2.68629517251668       -1.84213744177009
48
 energy: -84.855819812211 xtb: 6.7.1 (edcfbbe)
C            5.66932322760421        0.10418730861205        1.04594246960849
O            4.77986232315648        0.38248391260372       -0.03103500319757
C            3.44265030304934        0.41160840213251        0.30962537608965
O            3.01451259261158       -0.91009566651867        0.57387242353810
C            1.63473236731628       -1.01311216039658        0.88333476979797
C            1.36069907429135       -2.46802012946148        1.28862394145042
O            1.90010713585454       -2.77867335266928        2.54573526567586
C            0.81687869989798       -0.59989614658237       -0.35089045554776
O           -0.58770926170017       -0.77976697542299       -0.25410599995029
C           -1.28568871864637       -0.28738673574375        0.85862939642784
O           -1.73378560239950        1.03015692926764        0.68487682058265
C           -2.58199533504624        1.22374638056021       -0.44984862712138
C           -3.05391905352092        2.68305646464862       -0.41261313113777
O           -2.01955513199671        3.60469704837835       -0.62845370771524
C           -3.79475049283340        0.27927590802594       -0.42555330349455
O           -4.56420215979341        0.37864068799122       -1.59575571081046
C           -3.35798999226732       -1.17281627162437       -0.17855835426230
O           -4.46912348553334       -2.01527705946986        0.01777713212743
C           -2.48677610053949       -1.22434479894003        1.07851617907465
O           -2.01082702829351       -2.51010173506000        1.35593384688734
C            1.16423705913937        0.85039476995847       -0.72996465812191
O            0.50391264531965        1.26073756674398       -1.89915112954667
C            2.68569509296490        1.03266529873091       -0.87261383227182
O            3.02622179211239        2.39233664574215       -0.91169418777742
H            5.51263328521779       -0.90798596653094        1.42156950424247
H            5.52693200662529        0.82780015909691        1.85328904766386
H            6.66632976726681        0.20049433452935        0.62627557866206
H            3.27212535962219        1.03837814976112        1.21022358768447
H            1.41736582285028       -0.34623238860367        1.73198494982536
H            1.76977974074998       -3.12289125428764        0.51147632208199
H            0.28289476406380       -2.62600837109291        1.36505783775143
H            2.86413459604424       -2.70962913338983        2.49777924348209
H            1.09598508041672       -1.26648320954586       -1.17589496643228
H           -0.66958025349868       -0.26664973535313        1.76126912919152
H           -1.98895101835350        1.05238173820651       -1.35909301449089
H           -3.54025266820596        2.86277896112846        0.55455823681242
H           -3.77846677352154        2.83932177804122       -1.21369720461443
H           -1.36889809483849        3.50359124147680        0.07906882612458
H           -4.46463968313704        0.57708262115894        0.39023098108927
H           -4.00506090600394        0.21477584897479       -2.37056568515451
H           -2.75546811674384       -1.53173145778350       -1.02747625739343
H           -5.15234679548087       -1.77971726792002       -0.62845933830198
H           -3.06907924225050       -0.83695981554964        1.92934880367977
H           -2.75821950883155       -3.12722122235652        1.29612758484494
H            0.80004403303309        1.52116494614327        0.05674019868908
H            0.73626691842765        0.66880267534073       -2.63127433779978
H            3.03723339416385        0.51774879881402       -1.78036792170872
H            2.51672618766958        2.82268800248257       -1.61731859235186
48
 energy: -84.857255982254 xtb: 6.7.1 (edcfbbe)
C            5.70233221401520       -0.01054302298433        1.03970844153774
O            4.78194693505294        0.45182135313845        0.05620351321249
C            3.45657360242590        0.43050720159364        0.44264298379880
O            3.03024918398685       -0.91441685575054        0.51753245691819
C            1.65316820286834       -1.05943806019048        0.82041335462438
C            1.38240647113207       -2.55538628830524        1.02595165740200
O            1.98693101464120       -3.04343686778742        2.19387097640940
C            0.82707073396971       -0.47929010827371       -0.34172043960802
O           -0.56785434147768       -0.72834091301737       -0.26899714686171
C           -1.27877682657247       -0.23625902742940        0.83666505239073
O           -1.76645936459477        1.05706316255980        0.59933658560000
C           -2.64539455418172        1.13474808638015       -0.52482374038392
C           -2.99432529765948        2.61150444575721       -0.73661185961376
O           -2.12790653699717        3.24962315675549       -1.63937755929964
C           -3.88447866961070        0.25761032388713       -0.29035416004041
O           -4.79847261722030        0.31224714352627       -1.35339277674993
C           -3.42891605943336       -1.18705723015897       -0.02759928546114
O           -4.51154197507399       -2.02151904370977        0.30933913456009
C           -2.44134110181391       -1.19766342344621        1.14198591545202
O           -1.92008550874143       -2.47217327787376        1.39124371378252
C            1.15006497404599        1.02180172941442       -0.46561938275136
O            0.46549028214152        1.63935790349424       -1.52604915779978
C            2.67007846698136        1.23219336946609       -0.60488943483974
O            3.01271207870726        2.57903969193795       -0.41808226917401
H            5.54029597886221       -1.06871210207213        1.24903070469600
H            5.59988912892967        0.57131218894741        1.95955247589919
H            6.68603563094158        0.14195095266434        0.60567848530904
H            3.32002401355893        0.91357561487527        1.43305996719687
H            1.43967788754032       -0.51939640521317        1.75561990731259
H            1.74094210916407       -3.09676252076256        0.14338354179903
H            0.30826191146895       -2.71194035093404        1.14121331905750
H            2.94562443837533       -2.94100589205715        2.11110671728273
H            1.12629444197439       -0.99814554485552       -1.25965226173792
H           -0.64427588825069       -0.15294053483338        1.72383435980902
H           -2.11377800614831        0.76384636484660       -1.41313362369287
H           -2.97904597825911        3.10757682818389        0.24261118596512
H           -3.99475421925041        2.69184954361096       -1.16768570475682
H           -1.21261302333215        3.04009256152682       -1.39906393593677
H           -4.42883133517967        0.62290522459532        0.58796740174605
H           -4.34446883506638        0.12233936934732       -2.18836652346853
H           -2.91200323747830       -1.57992410469329       -0.91816192096872
H           -5.26052315139381       -1.80076552648162       -0.26581197509398
H           -2.96013417691729       -0.81312893569678        2.03455719600178
H           -2.66197542362062       -3.09765676452183        1.42850386447958
H            0.80434027671621        1.54090958338839        0.43598716786582
H            0.68495802537663        1.19486900217831       -2.35942462684388
H            3.00431830235311        0.87713014796855       -1.59169028525334
H            2.55826764821063        3.12002353997259       -1.08300995797316
48
 energy: -84.857509380741 xtb: 6.7.1 (edcfbbe)
C            5.70904207410074       -0.02960043531033        1.08153346628967
O            4.79090484676670        0.45282172007489        0.10564831832793
C            3.46268428920604        0.40189045515088        0.47824574458436
O            3.03908936262392       -0.94640513779660        0.46126689952055
C            1.66430616465867       -1.11144896339671        0.76215103304458
C            1.37824507254047       -2.61605814874744        0.84367387037168
O            2.01859975872078       -3.21929891329093        1.93594553289981
C            0.82198049800355       -0.43380721223800       -0.33482224791791
O           -0.56777016767962       -0.70115811534656       -0.23166751995064
C           -1.27459018673718       -0.13189345020756        0.83944396556094
O           -1.78581179165942        1.13022809953449        0.51273337502930
C           -2.67459503999959        1.11358317659492       -0.60538433102918
C           -3.06066087133274        2.56593462092081       -0.90020773179920
O           -2.14038293729226        3.20816262255812       -1.74323018162224
C           -3.89380613942645        0.22807896028143       -0.30746071281152
O           -4.80337312783568        0.18429787713710       -1.37509548450331
C           -3.41038726941324       -1.18311482589708        0.06593365733010
O           -4.47586390325081       -2.00840778534712        0.47319876553864
C           -2.41830924170036       -1.08598363862906        1.22835728468585
O           -1.87258001320167       -2.32853186079255        1.57066639458428
C            1.15857132361830        1.06556619163573       -0.38481578049624
O            0.48089831695118        1.74049118725595       -1.41463530633213
C            2.68024683678666        1.26361792547398       -0.52330781707173
O            3.03757573248337        2.59626356188286       -0.27520461556356
H            5.55713585650235       -1.09508816453010        1.25907061817006
H            5.59440140982330        0.52396674445702        2.01745844650788
H            6.69406348048691        0.14563988359235        0.65917824018913
H            3.31539180217234        0.81943962777320        1.49634426457022
H            1.45675536077606       -0.65365410058019        1.74201383226063
H            1.68782009858097       -3.08231821930767       -0.09859580769946
H            0.30647223506065       -2.75931675779671        0.99334140888493
H            2.97516542575222       -3.12319088688104        1.82556576446136
H            1.09320775159084       -0.89663230514544       -1.29173048634501
H           -0.63055323012200        0.02535080603579        1.71068695784411
H           -2.14055734721642        0.70126747158697       -1.47375192333981
H           -3.15294246444665        3.09372856536035        0.05751243809926
H           -4.02042241296320        2.58895179774250       -1.42049942149878
H           -1.24535212392401        3.05609998412483       -1.40130463752947
H           -4.45087407234569        0.64622152972375        0.53867257917048
H           -4.34200487422745       -0.06186179901205       -2.19114583950894
H           -2.88805327402116       -1.63502944056707       -0.79272205629285
H           -5.22480293602143       -1.86514203972338       -0.12590344483844
H           -2.93965854163460       -0.64316833064316        2.09191817870491
H           -2.60453876549592       -2.95761785776772        1.67641552942964
H            0.82552050481150        1.55027852704235        0.53983074312314
H            0.70354499170289        1.34018305624225       -2.26936979950158
H            3.00419276274992        0.95326905511111       -1.52870076383919
H            2.56207259290011        3.17339063554847       -0.89376933389607
48
 energy: -84.856753934607 xtb: 6.7.1 (edcfbbe)
C            5.71670048364345       -0.08412498410165        1.10660755784002
O            4.80139545421297        0.44861907844221        0.15451892614089
C            3.47206543775579        0.37534514635911        0.51850079729866
O            3.04543305371723       -0.96724494398644        0.40424938145740
C            1.67304513224095       -1.14993448256709        0.70348524467748
C            1.37418066560966       -2.65334545867737        0.65855990510543
O            2.06945586927959       -3.36249876362949        1.64791888295226
C            0.81620447548268       -0.37860843988077       -0.31778783509562
O           -0.56810634896167       -0.66398770341062       -0.18308860885762
C           -1.28054172167078       -0.02502622601598        0.84362893009379
O           -1.81854344422775        1.19710161210875        0.42676919083668
C           -2.70312213785011        1.07907766140389       -0.68816278299657
C           -3.11985420177381        2.49894435666144       -1.07934847378555
O           -2.14623344815897        3.14599420348294       -1.85577774897471
C           -3.90330385037061        0.19053783310540       -0.32944926698539
O           -4.80208532970810        0.03908107296845       -1.39658541591173
C           -3.39445734591712       -1.17596708738390        0.15959870458979
O           -4.44777546219381       -1.98110875890555        0.63310442314056
C           -2.40372060238893       -0.96909175940768        1.30873745046358
O           -1.82908869133930       -2.16917761384511        1.74374245494485
C            1.16937628468754        1.11518351538049       -0.29113036791015
O            0.50007736613704        1.84812453852675       -1.28567545884824
C            2.69290629325169        1.30619390425052       -0.42233465993561
O            3.05846125975620        2.61807113314164       -0.08962243790131
H            5.55790396719349       -1.15540404405780        1.23636491499855
H            5.60646664583606        0.42723493280616        2.06680406535485
H            6.70255961307173        0.10353651090205        0.69170121999166
H            3.32214441841144        0.72003900602977        1.56294334562813
H            1.47353791363170       -0.77798396954895        1.72142525129716
H            1.62126113039070       -3.03160538330113       -0.34011439317732
H            0.31093215014118       -2.79840818355096        0.85833951020234
H            3.01882735389462       -3.24987635074209        1.49735671517023
H            1.05737305457947       -0.78043818666245       -1.31124698341170
H           -0.63595734548587        0.20522703342688        1.69899363441768
H           -2.15655404562123        0.62014178337253       -1.52497617388496
H           -3.32518251944638        3.05999002837114       -0.15888348822145
H           -4.02541542431219        2.45812296168209       -1.68787277462348
H           -1.28665932051325        3.04904704736717       -1.41566743538125
H           -4.47789215979289        0.66225544095179        0.47573105840731
H           -4.33184692195617       -0.28816693783109       -2.17832595202277
H           -2.86515085420488       -1.68821059055584       -0.66028668574818
H           -5.19763305005077       -1.89614499091802        0.02418374196498
H           -2.93320948137387       -0.47192290562653        2.13695818291883
H           -2.54797863651221       -2.79780618818061        1.91842143092791
H            0.84824273270957        1.56078700697000        0.65647271744665
H            0.71729081227812        1.48884265711557       -2.15953655538429
H            3.01215370766291        1.06108814467408       -1.44717703715500
H            2.56231487805930        3.23749304712204       -0.64858502107409
48
 energy: -84.855091904790 xtb: 6.7.1 (edcfbbe)
C            5.72715204740810       -0.13191962967040        1.12696242892941
O            4.81525118457871        0.44107207046573        0.19514743638528
C            3.48458443095173        0.34993051902140        0.54957842813633
O            3.05291399910865       -0.98142027890841        0.34959858641357
C            1.68393666606484       -1.18046426233756        0.65182356785701
C            1.37040016399339       -2.67162821680664        0.48174158128847
O            2.08499402128576       -3.47372130783600        1.38151317832953
C            0.80977861619332       -0.32214276060863       -0.28167379341764
O           -0.56971981083687       -0.62178806579103       -0.11257159805345
C           -1.29867064767496        0.07611701434317        0.86151992228187
O           -1.86367412328908        1.25149124047311        0.36108186618084
C           -2.72826972094406        1.04154890677410       -0.75449693613701
C           -3.16731319457726        2.42824825572911       -1.23087157127729
O           -2.15347164464578        3.08452140882750       -1.94557982033068
C           -3.91147282909710        0.14831202263497       -0.35519595109134
O           -4.78621762402575       -0.10086008132352       -1.42421391732503
C           -3.37923211976705       -1.16798780389236        0.23729274945371
O           -4.42231688947654       -1.95857432143580        0.75630270481545
C           -2.40489557876840       -0.86253099554734        1.37941152145456
O           -1.80333615048715       -2.01698091598452        1.89480844233974
C            1.18489312170757        1.16137281479318       -0.19070101887993
O            0.51607105398200        1.94570546142002       -1.14632172759641
C            2.70932332324292        1.33472906397258       -0.33735478916188
O            3.09714209405404        2.62634698685051        0.04450852671941
H            5.56501600015940       -1.20702395160191        1.21448894944061
H            5.61661061527432        0.34178496801571        2.10627743298986
H            6.71440259081951        0.06903596915274        0.72166593992571
H            3.33182286073434        0.62967346805683        1.61261308875400
H            1.49712385836664       -0.89629305426464        1.70040978802724
H            1.58385503624227       -2.96082854121279       -0.55407673906792
H            0.31184427406217       -2.82318238232361        0.69956009815152
H            3.03114967073384       -3.34845012960282        1.22106266379967
H            1.01480983598661       -0.66278629182027       -1.30724900305338
H           -0.66768632009254        0.37556991647016        1.70530197324840
H           -2.15939619619406        0.54691778627403       -1.55537656259936
H           -3.46816395972109        3.01217412599963       -0.35186914710140
H           -4.01671069899559        2.33120725131051       -1.90940468959114
H           -1.33823688366778        3.05080807239494       -1.41946862924622
H           -4.51249899500478        0.65986148945927        0.40515361539722
H           -4.29478336307236       -0.47594982280870       -2.17082355519528
H           -2.83088008532420       -1.72606120987989       -0.53888617621131
H           -5.16646598712973       -1.93341723183982        0.13511792373084
H           -2.95448347081213       -0.32633683360688        2.16910236280891
H           -2.50736453119448       -2.64728694546144        2.11678434555251
H            0.88830748471092        1.57598448586499        0.77827915613828
H            0.70915342607308        1.61219257623589       -2.03630519079443
H            3.01016131112763        1.12821963108779       -1.37607433546487
H            2.59456094191703        3.27480524650185       -0.47511103237677
48
 energy: -84.852638234122 xtb: 6.7.1 (edcfbbe)
C            5.74486684487846       -0.24546821534806        1.11472147891425
O            4.84332059293324        0.41419317954358        0.23116440477952
C            3.51208310177024        0.31918386226314        0.58277805326600
O            3.05797524202522       -0.98603167765469        0.28715438653906
C            1.69054429890305       -1.18909987946442        0.59082061250426
C            1.35590676498776       -2.65508116206727        0.29164195294542
O            2.05188671154753       -3.54293109385202        1.12262747908468
C            0.80855382978026       -0.24031634997489       -0.24392860569887
O           -0.56732761884432       -0.54999095714398       -0.03889096503356
C           -1.32735821775840        0.19783839789834        0.87037701412827
O           -1.92715951981027        1.31077459128683        0.27736930628753
C           -2.76347986582855        0.98703683006536       -0.83187572383762
C           -3.24095123402946        2.32187484608715       -1.40892472093165
O           -2.19305933066380        3.02343285998784       -2.02513607174896
C           -3.92059062772374        0.08145328428427       -0.38709991066615
O           -4.76476308097757       -0.27954355548420       -1.44887360621394
C           -3.35172948370737       -1.16489572344375        0.31403542564956
O           -4.37413242432884       -1.95236419857765        0.87665563792921
C           -2.41104025714631       -0.73552756987755        1.44476255209669
O           -1.78089616820294       -1.82151138479272        2.06325361228449
C            1.21998139962423        1.22342024422643       -0.05943062571731
O            0.55258708554975        2.08824709366612       -0.94323671808516
C            2.74578872690260        1.37396880595093       -0.22714820865504
O            3.16491996948551        2.63158163687400        0.22753493613815
H            5.55856446786883       -1.32018781237575        1.12435800065409
H            5.64728713389526        0.15756901626572        2.12661195029032
H            6.73542186948486       -0.03773002548733        0.72124253026946
H            3.36713634822126        0.52310572295467        1.66408707732053
H            1.51817862891204       -0.99771126121382        1.66289320227043
H            1.57245428678377       -2.85676470951812       -0.76415403488101
H            0.29425393952286       -2.80812502826259        0.48945110985024
H            3.00061318419984       -3.42408055377116        0.97350028608199
H            0.97517006358091       -0.50306616359719       -1.30013228584432
H           -0.72134022151352        0.58114983576874        1.69758850636912
H           -2.16229779950174        0.45836652365379       -1.58615180755426
H           -3.68176294723084        2.91141531533780       -0.59541531919803
H           -3.99571966005715        2.14319637057196       -2.17643058052057
H           -1.46216662245339        3.09274500007884       -1.39012854474229
H           -4.55513283511873        0.62493533848482        0.32214740845773
H           -4.24648374127443       -0.69420712790951       -2.15521777721039
H           -2.76814511347972       -1.75939281895351       -0.40730413564909
H           -5.10008386035242       -2.02029417185724        0.23741026715865
H           -2.99431654446508       -0.15618934069086        2.17791914351080
H           -2.46623448125595       -2.45970136615314        2.31905887165196
H            0.96076036354284        1.57868203563700        0.94303347508246
H            0.71205069807046        1.80810401756676       -1.85812575130035
H            3.02281159303914        1.22904413190818       -1.28270809222271
H            2.66305230852822        3.31888895095019       -0.24040308080149
48
 energy: -84.850156633517 xtb: 6.7.1 (edcfbbe)
C            5.78342239815163       -0.39985506174930        1.01119633913240
O            4.87475281020150        0.36542013633831        0.22550014124963
C            3.55396784837989        0.27729735181418        0.61575732935906
O            3.05284626181771       -0.98749320442706        0.23330830006258
C            1.68615084230491       -1.17827741807899        0.54757594700438
C            1.31257118639659       -2.60383530160632        0.12417639290539
O            1.98746914870730       -3.57862013011010        0.87025895544805
C            0.80930923991125       -0.13962248808111       -0.18071685551049
O           -0.56413156461948       -0.45485794482681        0.04369716266496
C           -1.37176231435084        0.33449271443724        0.87207126551625
O           -2.00117382178974        1.36808132201772        0.17443507189409
C           -2.78998629320403        0.91839304345889       -0.92547295639373
C           -3.31433333607285        2.18380508803820       -1.61088829850933
O           -2.26285947357293        2.95200799652949       -2.13536545057578
C           -3.91559913650651       -0.00695345998151       -0.44231256825730
O           -4.70294704748425       -0.49618349999950       -1.49642932656602
C           -3.31522020025093       -1.16114421093745        0.38001925368698
O           -4.31928911554858       -1.94486580987299        0.97978646277411
C           -2.43197906422143       -0.59314792788726        1.49594605608711
O           -1.77665857225100       -1.59080059901878        2.22644419293554
C            1.26865492139675        1.28319841802832        0.14588015558004
O            0.59283685081299        2.26497046310886       -0.59698526120717
C            2.78851559215605        1.40996939357430       -0.08058362645296
O            3.25790280546251        2.62086116396387        0.44468520051865
H            5.56380412324822       -1.46489988623899        0.92634428527620
H            5.73151894159242       -0.09205236811896        2.05917992942137
H            6.76663465003929       -0.18373215329376        0.60402996049206
H            3.45135661237214        0.39754808244043        1.71436046303657
H            1.53506222357082       -1.07742303306255        1.63460025843399
H            1.52248600233944       -2.71660627279057       -0.94624795252692
H            0.24811246606173       -2.74744866872387        0.31112443296856
H            2.93879213717403       -3.46361352117877        0.73600769842971
H            0.95183612008604       -0.29814903198439       -1.26136822175196
H           -0.80621238239792        0.81470658608415        1.67563737763373
H           -2.14250948331006        0.36576775978039       -1.62231632761260
H           -3.89269417389821        2.76186070694611       -0.88007898571543
H           -3.95810058815838        1.91229274079391       -2.44845757226096
H           -1.65333413273128        3.15219808708005       -1.40819806177760
H           -4.60090320506705        0.55977947004403        0.19828394578399
H           -4.14119781912172       -0.94610187838633       -2.14555384550798
H           -2.68353876988090       -1.78728886757032       -0.27064227552186
H           -5.02512986336717       -2.09480797767339        0.33211022913864
H           -3.06326947500666        0.02045169802709        2.15834178201827
H           -2.43936406811500       -2.24433920300564        2.50216256798661
H            1.07362060592363        1.52366852870363        1.19631614104746
H            0.69376429859030        2.08304510487793       -1.54442920230438
H            3.01574944706721        1.33792750372445       -1.15581702792115
H            2.71105416099314        3.34437233704111        0.09610866405420
48
 energy: -84.848830865479 xtb: 6.7.1 (edcfbbe)
C            5.80929597702254       -0.55032553599016        0.93572946322504
O            4.90563852646382        0.31178307613063        0.25107762057233
C            3.59190642265235        0.22055903329621        0.66431995767839
O            3.04599686901601       -0.98552249741106        0.17026576763755
C            1.67585473900349       -1.16481365814366        0.47470714871641
C            1.26550847502334       -2.53349104485349       -0.08280569786148
O            1.89264925843986       -3.59541301795215        0.58148644673009
C            0.82114628667360       -0.03817661683956       -0.14270091468014
O           -0.55066727712833       -0.35469574216536        0.09281453808462
C           -1.39985286947092        0.47954547799421        0.83163206487850
O           -2.04938751586212        1.42084152066597        0.02715863467520
C           -2.81939915587977        0.84563926743771       -1.02777603924022
C           -3.43142713432440        2.02339939611046       -1.79579323650725
O           -2.44149469593589        2.86927603519732       -2.31955619209483
C           -3.89710170957172       -0.10086651033662       -0.47795308573160
O           -4.63426231821711       -0.72379310283739       -1.49759394757055
C           -3.25787473906247       -1.14269968889388        0.45582487961912
O           -4.23494208376519       -1.91983479320184        1.10621823184133
C           -2.43259462192654       -0.42471680415676        1.52746297336138
O           -1.75139403182485       -1.30822729232759        2.37240135551854
C            1.32581661568246        1.31732605258999        0.35604600541951
O            0.65930630820616        2.40905195463074       -0.22321432719662
C            2.84271932113087        1.43704909289275        0.10636141465675
O            3.35110733000019        2.57472356710678        0.74630397255811
H            5.55505151761468       -1.59568330557382        0.75617828938461
H            5.79232615785021       -0.34266776069529        2.00918091510169
H            6.78851802145460       -0.32428022110938        0.52436789274133
H            3.51795432235427        0.23270972761842        1.77157658050353
H            1.52729026310347       -1.16236796812638        1.56609227391565
H            1.49343974382511       -2.55441373280992       -1.15534443074352
H            0.19373471357474       -2.65831707935169        0.07101165376173
H            2.84999602464653       -3.50078855472297        0.47825718529285
H            0.95219638936354       -0.07373142533318       -1.23554780057119
H           -0.86819332257611        1.06133559389706        1.58872486938844
H           -2.14507115938223        0.28167363604559       -1.68923863619051
H           -4.09491757713188        2.57412098041356       -1.11848292808868
H           -4.01022353464399        1.65026416639213       -2.64145131239321
H           -1.92098604937000        3.20545987382178       -1.57491391324885
H           -4.62728379091106        0.47928382369025        0.09818581292900
H           -4.03761037914005       -1.21024742091899       -2.08660297437466
H           -2.58051028959907       -1.79130265216144       -0.12261241255114
H           -4.92186561770858       -2.15598214764402        0.46403456298625
H           -3.10759113577368        0.22304056474750        2.10951031868139
H           -2.38385499835549       -1.97776995536820        2.67886451289985
H            1.16718717708660        1.40989835793730        1.43645781671068
H            0.71153093538127        2.34384094002667       -1.18911943303809
H            3.04600401397164        1.47573264255156       -0.97523136156476
H            2.81632838557101        3.34356955337163        0.48716765802487
48
 energy: -84.848799473858 xtb: 6.7.1 (edcfbbe)
C            5.81666239257325       -0.67606216686276        0.91329565974919
O            4.92987897345754        0.27478003462504        0.33179237612703
C            3.61350125847729        0.16167193040791        0.73123776498849
O            3.04110726309881       -0.96104545251274        0.09219862030128
C            1.66453599416763       -1.13677288024011        0.36492434516858
C            1.23077246982298       -2.43018336315876       -0.33733808113464
O            1.80377171355316       -3.57359354955077        0.23393446908927
C            0.83415480934179        0.06699292408479       -0.13126573202722
O           -0.53274641985742       -0.26054029695295        0.11522428447872
C           -1.41629674375550        0.61068090024671        0.76876647012414
O           -2.08369079514893        1.45348103439789       -0.12793446830165
C           -2.85448781188686        0.76231413743366       -1.11185344853946
C           -3.54790002175838        1.83779945236767       -1.95815576452690
O           -2.62985336440769        2.66048412836269       -2.62743955561481
C           -3.88724435647613       -0.17777816833283       -0.47007114687346
O           -4.59875813078536       -0.91661400766496       -1.42890044143747
C           -3.20855870340820       -1.10684883142623        0.54921702577410
O           -4.15463734659320       -1.86175123341566        1.26787018230988
C           -2.41708631914646       -0.25913104609087        1.54722889554554
O           -1.70286565975213       -1.02896721203035        2.47284887100329
C            1.37104855858846        1.33589808752007        0.53766609800168
O            0.74663814398721        2.51603631812562        0.09895783450532
C            2.89246294104918        1.45203720302041        0.32503809842298
O            3.41149289445629        2.49091645914422        1.10843959524738
H            5.54318477598146       -1.68930768730498        0.61671632477892
H            5.80292705942547       -0.59065605142928        2.00329049098170
H            6.80016050841855       -0.42307509587362        0.52865261179028
H            3.53639697966569        0.03971918058245        1.83135476142306
H            1.50260756373912       -1.24378319352776        1.44869017380730
H            1.49018881842446       -2.35134681329602       -1.39992264840249
H            0.15174612764458       -2.53478324808973       -0.22607621592435
H            2.76614337572579       -3.50758366689678        0.16042217470963
H            0.95671970707188        0.15971712300022       -1.22110099876147
H           -0.91099495634814        1.28299144958117        1.46589458640294
H           -2.17247883462056        0.17404061739656       -1.74382257483358
H           -4.19539710634980        2.43089225981193       -1.30163950233485
H           -4.15739242777984        1.35699497197098       -2.72455018900523
H           -2.10380150428066        3.12083913927409       -1.95826990007722
H           -4.64095415860371        0.41955571310019        0.05628434953381
H           -3.98193698902529       -1.42529774865866       -1.97685108202905
H           -2.50416241867871       -1.77626301513312        0.03018696914694
H           -4.82690922500358       -2.18724931048835        0.64958943101439
H           -3.11836631612630        0.41409340498109        2.06578651955067
H           -2.30128106839623       -1.70694284236996        2.82559037150557
H            1.19243266188628        1.28646275716351        1.61848431096145
H            0.86707905814633        2.60852785499663       -0.85830733922178
H            3.11172618396952        1.62258418728572       -0.74095719226953
H            2.87045822477915        3.28606143614383        0.96835480639462
48
 energy: -84.849968683784 xtb: 6.7.1 (edcfbbe)
C            5.79338142253588       -0.80637920613000        0.93296208198678
O            4.94418545305383        0.23586978547794        0.46257392617514
C            3.61423319532458        0.10274927221411        0.80671597717240
O            3.03445982192663       -0.90689484248507        0.00605961478044
C            1.64991594138195       -1.08120737807466        0.22774076218766
C            1.20408238324940       -2.26612292957592       -0.64077038572170
O            1.73486750055865       -3.48779883710162       -0.20842566312828
C            0.84255797764911        0.18756943724248       -0.12650199098068
O           -0.51496387107232       -0.16223170861435        0.13490576317572
C           -1.43021016213426        0.73226843580683        0.71231584995917
O           -2.11759489267257        1.47094110774219       -0.26111307730824
C           -2.87454299670896        0.66688606368443       -1.16909871485993
C           -3.62574454518677        1.62038555450878       -2.10794715080629
O           -2.77426942430923        2.31097008171728       -2.98174725730540
C           -3.87117205367373       -0.24539238744568       -0.43418007188452
O           -4.56348382770659       -1.08969772825364       -1.31712708508615
C           -3.15950308869825       -1.05775511976711        0.65854892658923
O           -4.07774854353507       -1.77825989141109        1.44556580980611
C           -2.39717815645021       -0.09632200021104        1.57102872085413
O           -1.65079013024131       -0.75411815347837        2.55668618249125
C            1.40262794743868        1.35197601014718        0.70107271098600
O            0.83416377837269        2.60197780065946        0.39279184037840
C            2.93246737592118        1.45164486803456        0.55652495437509
O            3.44533382993587        2.36520781601444        1.48673007080754
H            5.52225579578946       -1.75899649074881        0.47694626687205
H            5.73189832095888       -0.88394540018437        2.02160180692490
H            6.79594060621250       -0.51652748555509        0.63276664025216
H            3.50054551859265       -0.16453142651449        1.87743077063190
H            1.46070872420479       -1.31557080077906        1.28623981085806
H            1.49020320316413       -2.05998863660866       -1.67916242924404
H            0.12062184393916       -2.35542984143161       -0.56696540389186
H            2.69980358414520       -3.44323079929440       -0.26093578320420
H            0.94974887314623        0.41243736373424       -1.19766596968778
H           -0.94732937217852        1.48317153277322        1.34171567094158
H           -2.17912221405998        0.04523602064217       -1.75286718493014
H           -4.21017664295959        2.31680919276164       -1.49599373854155
H           -4.30301416919017        1.03554624153123       -2.73285512863697
H           -2.21969267481029        2.90618045296308       -2.45982865373713
H           -4.64120760057447        0.37278615903092        0.04219848934081
H           -3.93340742105570       -1.62159984033689       -1.82651257828762
H           -2.43253111316152       -1.74576988495282        0.19837573793987
H           -4.73757380262767       -2.18252012225100        0.86114124136580
H           -3.11977969977778        0.59475750704060        2.03342090038437
H           -2.22353985682246       -1.41858711122662        2.97176193160148
H            1.17564290806875        1.17466143156190        1.75969073587148
H            1.01886532710868        2.82433109309716       -0.53192435804896
H            3.19286348535125        1.75685907199013       -0.46975317130144
H            2.91319921175782        3.17765156102902        1.44934480447614
48
 energy: -84.851562223830 xtb: 6.7.1 (edcfbbe)
C            5.77579730548149       -0.88688691950944        0.89462808207308
O            4.94798666551491        0.21912993720781        0.54889091502791
C            3.61095905572300        0.06337283599086        0.85418077823528
O            3.03409272948602       -0.84066585098753       -0.06560874228815
C            1.64719109274452       -1.02728455379187        0.12209937042542
C            1.20353593753350       -2.11098250496190       -0.87118653950387
O            1.69041880400201       -3.38259837375155       -0.54302031661345
C            0.84541644020401        0.27451340934477       -0.09743921548828
O           -0.50201838599342       -0.10417193025633        0.17290139886256
C           -1.44417823149068        0.81326281869103        0.66747286130991
O           -2.13660347474572        1.45465021235598       -0.37086130369899
C           -2.87725582933828        0.56647275678231       -1.21073582771207
C           -3.63460851196505        1.42123320536002       -2.23584965751362
O           -2.79713984992328        1.99276496171937       -3.20442950376604
C           -3.86800153070426       -0.28765688027881       -0.40153477904929
O           -4.56148874841785       -1.20334392122222       -1.20916757548432
C           -3.14651577868809       -1.00401999606076        0.75002247659568
O           -4.05493622365084       -1.67428317854029        1.59102003624808
C           -2.40094282336543        0.03786238720345        1.58506674612035
O           -1.64781856775965       -0.52827242571901        2.62099590342712
C            1.41373164945471        1.35186253127416        0.83972681137788
O            0.88005608672269        2.63816053449285        0.62986848082731
C            2.94846543723898        1.43958724709919        0.74503669565871
O            3.45128769565241        2.23480653777103        1.78345326631883
H            5.50694866159994       -1.76651793907516        0.30864491527188
H            5.68753127781789       -1.10877003386711        1.96164815228443
H            6.78808169087493       -0.57209752428296        0.65851204415882
H            3.47560971225815       -0.32219143265704        1.88562789700404
H            1.44560156222732       -1.37144048192117        1.14777117180977
H            1.52837362000139       -1.81260265196948       -1.87509829240929
H            0.11644215398010       -2.17967098042489       -0.83976824312964
H            2.65724477597863       -3.36435165928126       -0.57105354715934
H            0.93325337307182        0.60448991795165       -1.14247189830802
H           -0.98124266754398        1.62337562439590        1.23545982264732
H           -2.17120121841389       -0.09660670849538       -1.73309262614900
H           -4.19420068695234        2.19193780519900       -1.69389995944595
H           -4.33522586794445        0.78001113559036       -2.77394684598691
H           -2.22806345230914        2.64469952511631       -2.77387979590013
H           -4.63803232050516        0.36499333659201        0.02653334359906
H           -3.93258138751847       -1.76895568945640       -1.68236168988900
H           -2.40920659321627       -1.71508943706989        0.34418842060380
H           -4.71540191707535       -2.12284947748746        1.04084052045963
H           -3.13630439568782        0.75111572194737        1.99030320194692
H           -2.21059969993236       -1.16912838110702        3.08443977873302
H            1.14805907735057        1.08601673571983        1.87069683631934
H            1.10357383432061        2.94772613086120       -0.26101332087874
H            3.23713625776250        1.85367025118882       -0.23460570925252
H            2.94677102866602        3.06471921576282        1.81447766433317
48
 energy: -84.852978039935 xtb: 6.7.1 (edcfbbe)
C            5.76066164645739       -0.93994630302589        0.84528502331704
O            4.94439036979359        0.19942115526457        0.59256351466061
C            3.60353501474472        0.02949992277619        0.87175744459662
O            3.02579840089428       -0.78162593888169       -0.13096917038171
C            1.63910464122779       -0.98248224958491        0.04097665453381
C            1.18810259030111       -1.96512225027444       -1.04922912868253
O            1.66469923526118       -3.26520847079897       -0.84108903408468
C            0.83788540559042        0.33359204791517       -0.04882473824013
O           -0.49899586452520       -0.06803420316804        0.23282649762155
C           -1.46068611370267        0.87372841204255        0.63927664646877
O           -2.14503213702710        1.42118938453411       -0.45653664260147
C           -2.85889180502950        0.46296642009470       -1.23941644842692
C           -3.59280064578740        1.23484153326869       -2.34381034323229
O           -2.72281089367050        1.78070547545419       -3.29871820017846
C           -3.85928040281482       -0.33137807272475       -0.38437027477627
O           -4.53476322633389       -1.31262437457619       -1.12733335985580
C           -3.15033492492495       -0.94927517213307        0.83036895248055
O           -4.06744455446862       -1.56288634377802        1.70477460557514
C           -2.42682053133030        0.15974058590819        1.59667819577031
O           -1.68929082324825       -0.32213220021130        2.68512940786519
C            1.41850058539650        1.34098640792996        0.95752514152257
O            0.90489838054809        2.64672795965344        0.82103900358148
C            2.95473670922039        1.41625305870981        0.87880229804417
O            3.46245622328852        2.11739481905468        1.98054220692268
H            5.49382522824659       -1.75981065237053        0.17732940438629
H            5.65742784182802       -1.25829721912467        1.88617999244774
H            6.77781501043406       -0.61222393406574        0.65161309206289
H            3.45510745765087       -0.44612739121267        1.86277332500343
H            1.44107774593285       -1.42208722329671        1.03034703289285
H            1.51508232829783       -1.57684839730232       -2.02119571241868
H            0.10047283606496       -2.02851987169939       -1.02400597777192
H            2.63164986132630       -3.25078516773089       -0.86335202684787
H            0.89957511169669        0.74683826955853       -1.06611846253643
H           -1.01329032010370        1.72928579748448        1.15022822186646
H           -2.13617509795575       -0.23222293344644       -1.69285185709051
H           -4.19941308648624        2.01666335758605       -1.87253761394826
H           -4.24777502238637        0.54533268857596       -2.87935514963917
H           -2.17921342473973        2.45442673879280       -2.86804991976704
H           -4.63978410860954        0.34760375165983       -0.02116254822199
H           -3.89582107534747       -1.91476108017370       -1.53764796459619
H           -2.40047448763957       -1.68239493280751        0.49182331377158
H           -4.72158936646986       -2.04728223204893        1.17771552409945
H           -3.17460853343044        0.89483201277914        1.93459443822756
H           -2.26010556908152       -0.92348273795535        3.18978195771668
H            1.13474596630198        1.01786159420871        1.96688361215161
H            1.13309535105364        3.00372512034409       -0.05106753315295
H            3.25208918200922        1.90640088187249       -0.06253629447991
H            2.97866664865828        2.95553780327352        2.06684509115361
48
 energy: -84.854032037493 xtb: 6.7.1 (edcfbbe)
C            5.73252957412807       -1.00477449217226        0.81499152484309
O            4.93750336570718        0.16426706414135        0.64234763653438
C            3.59037030030292       -0.00731760715937        0.88868517549584
O            3.01554322899728       -0.71556728552173       -0.19092871523307
C            1.62802740951358       -0.92675202255296       -0.04352301243491
C            1.17506274597274       -1.79916017735144       -1.22269747687029
O            1.64135876651018       -3.11650240122203       -1.13413979518152
C            0.83152014752897        0.39268008040770       -0.00408764832559
O           -0.49570984915719       -0.02823476615246        0.28860942428406
C           -1.47427688086291        0.93254193688355        0.60239910607693
O           -2.14621223514373        1.38400072634727       -0.54265774311953
C           -2.83952727482540        0.36477055891633       -1.26353867915041
C           -3.56341770894043        1.05831484911541       -2.42499776270459
O           -2.67959167320492        1.55443849305509       -3.39446261161211
C           -3.84089163306009       -0.38248465165964       -0.36860448606107
O           -4.48316105408986       -1.43033898053913       -1.04769822597988
C           -3.14441382669817       -0.89245222272252        0.90255183188419
O           -4.06808962588476       -1.45179769089820        1.80600772488299
C           -2.45145198729774        0.28354086856619        1.59460021615656
O           -1.73131817626975       -0.10364782687248        2.73119549978910
C            1.42343194477717        1.32874292758933        1.06376689326478
O            0.93020079064330        2.64811358345497        0.98929693358203
C            2.96180913547309        1.38340049250424        1.01267501800659
O            3.46577206604840        1.97394156272885        2.17932529790491
H            5.44882240439683       -1.77303150550932        0.09452360424690
H            5.62495176880202       -1.39025458883326        1.83257693972500
H            6.75535817548652       -0.68405090222515        0.64081983443788
H            3.42062678564506       -0.56783767259187        1.83046657408592
H            1.42702762233571       -1.45828117599840        0.89928243467294
H            1.50912483954846       -1.32501414732746       -2.15328916838843
H            0.08679956265621       -1.85682597058417       -1.20818057582493
H            2.60844246877761       -3.10720301960599       -1.15542463984208
H            0.86567880196606        0.88476512300522       -0.98718299691966
H           -1.03996256532115        1.82750944901384        1.05440792229586
H           -2.10410591808178       -0.35098909355551       -1.66149670786844
H           -4.18369919712616        1.86226260305198       -2.01174203849380
H           -4.20399880718963        0.33325655228454       -2.92949590297407
H           -2.13592574347456        2.24341421530379       -2.98791061538322
H           -4.64150780048168        0.30524115700164       -0.07166276011871
H           -3.82635605821217       -2.05006661334482       -1.39983678101608
H           -2.37655796109109       -1.63615090333422        0.63487708799594
H           -4.69574909068308       -1.99920013782783        1.30947481417334
H           -3.21484424314292        1.03219253789759        1.85953179895720
H           -2.30858966306079       -0.66543939785239        3.27258268670569
H            1.11495269340737        0.95716212512965        2.04871333402616
H            1.17484996964968        3.04558571832991        0.13903942311280
H            3.28075247054913        1.95123329059718        0.12347640196752
H            2.99883968638608        2.81199518748936        2.33081539843089
48
 energy: -84.854667898434 xtb: 6.7.1 (edcfbbe)
C            5.70473574297837       -1.06608062953439        0.77426660903829
O            4.92942682667563        0.12586123839552        0.69148697770633
C            3.57620717264243       -0.04553939869448        0.90238671815767
O            3.00787004694830       -0.63659967632093       -0.24909866621198
C            1.61898812780279       -0.85843034003465       -0.13408137240895
C            1.17039207185969       -1.58989706612325       -1.40719010955528
O            1.64027528787787       -2.90677764819983       -1.47173481464622
C            0.82489659329277        0.44897692800019        0.04663746413595
O           -0.49333290513069        0.00706273319342        0.34617718098240
C           -1.48649832864064        0.97921528099549        0.56657464467037
O           -2.13899747419279        1.33222187805723       -0.62356044897130
C           -2.81250876563155        0.25137590007523       -1.26925865329581
C           -3.50248211264560        0.82925299075477       -2.51139056208409
O           -2.59251258745405        1.22949370007926       -3.50079231448376
C           -3.83671988378063       -0.41228315291576       -0.33543667252014
O           -4.47512836747885       -1.50846090267769       -0.93711175928265
C           -3.16287186848991       -0.82006197658014        0.98384513870070
O           -4.10108662892856       -1.30357904935423        1.91557369459655
C           -2.47759789518366        0.40622292088418        1.59145234136818
O           -1.77344911013198        0.10686804813362        2.76397269448565
C            1.42746637572058        1.30166255215237        1.17854602238907
O            0.94876097730454        2.62868810822730        1.18406401896388
C            2.96667075754636        1.33731851806335        1.14951577366872
O            3.46717293708300        1.80914862856023        2.37063812116067
H            5.40916273703673       -1.77312649280713       -0.00206170313541
H            5.58996401962399       -1.52565835542106        1.75990047162962
H            6.73282565271432       -0.75000039003084        0.62426971975155
H            3.38337849871462       -0.69108225657191        1.78307276641256
H            1.41228881093283       -1.49178486988650        0.74231922362067
H            1.50307633889506       -1.00967280513015       -2.27608034686383
H            0.08212638575252       -1.65227491007671       -1.40280107349752
H            2.60717309509106       -2.89183628468237       -1.49731860958235
H            0.82915344459249        1.02361997625046       -0.89069664904852
H           -1.06235453173914        1.90814023121552        0.95655330559860
H           -2.06677928730432       -0.49667589378109       -1.57858574061401
H           -4.13441938262282        1.66740220799474       -2.19593824458573
H           -4.12819324334385        0.05597998301779       -2.96015231736772
H           -2.06271198850031        1.96080791513038       -3.15455372989995
H           -4.63638788530879        0.30306368071358       -0.11033672914609
H           -3.81570061787596       -2.15401940519059       -1.23294060898767
H           -2.39303802962649       -1.58377639449699        0.78781546716988
H           -4.72339673014421       -1.88849191799905        1.45641724098286
H           -3.24416169792815        1.17253148456088        1.78810236925888
H           -2.36138820824437       -0.40489509857791        3.34235645649145
H            1.09910109674105        0.87190817491566        2.13275192379151
H            1.22891074702507        3.08459015134223        0.37460626399142
H            3.30454014081812        1.97880957503666        0.31935405828405
H            3.01715139025265        2.64077796277688        2.59194664800607
48
 energy: -84.854784960674 xtb: 6.7.1 (edcfbbe)
C            5.68446470876659       -1.10978875145899        0.69916744518590
O            4.92487965761959        0.09471259820430        0.72483494533055
C            3.56817911624883       -0.07713638267361        0.91238776986356
O            3.00208665840200       -0.56507378385319       -0.28751287054806
C            1.61124386917650       -0.79082283054039       -0.20196618153980
C            1.17003530269746       -1.39342733376207       -1.54334256614073
O            1.58313478715853       -2.72086852695456       -1.70576629003291
C            0.82283393322287        0.49561182675611        0.10408074069814
O           -0.49088371565584        0.04174544864983        0.40627189712498
C           -1.49783099889486        1.01732045152205        0.52218006037282
O           -2.12334509679626        1.26954795800860       -0.70651670777688
C           -2.78363137352642        0.14076169580920       -1.27981739917119
C           -3.44867120185166        0.62382550802062       -2.57497917298734
O           -2.51613141487518        0.98404450278668       -3.55858175221381
C           -3.82414094172254       -0.45519926642912       -0.31955089757154
O           -4.43995475236913       -1.60226799853905       -0.84523785476947
C           -3.17813155538416       -0.75076515722189        1.04240424435709
O           -4.13646922837701       -1.16508180247251        1.98690687062037
C           -2.51144543077131        0.52337807149950        1.56654150319371
O           -1.83588065459715        0.32094208475463        2.77562293147043
C            1.43523191441794        1.26611552503252        1.28942140249964
O            0.96021106933301        2.59117466821807        1.37771794357605
C            2.97386900997962        1.28896026137385        1.26810432668544
O            3.47729203010898        1.65660878329945        2.52354715118522
H            5.39232358447255       -1.73159196829734       -0.14818448622075
H            5.54936000151060       -1.66399275039601        1.63210840110923
H            6.71841869081443       -0.79402079884568        0.59590399078173
H            3.36173689005423       -0.79031381344088        1.73604926366419
H            1.39746684094012       -1.50601519208430        0.60759526322919
H            1.55438821762615       -0.75821729746423       -2.35008878011956
H            0.08041539148646       -1.40669305007340       -1.57684452149675
H            2.54986827959966       -2.74862124495795       -1.72043362320539
H            0.80409447995498        1.14083746809632       -0.78588616941022
H           -1.08632481369635        1.97669778737372        0.84834967735626
H           -2.03183593041787       -0.62684484607465       -1.51774070727976
H           -4.10754354140057        1.46550427425772       -2.33166719509815
H           -4.04386924613023       -0.18966439111715       -2.99303436841000
H           -2.01284203161875        1.74555684581186       -3.23857733739775
H           -4.63436958898087        0.26813688229669       -0.17042372548628
H           -3.77009869487575       -2.26915274859566       -1.06011612188146
H           -2.40060685196549       -1.52291251540829        0.92528850875473
H           -4.75212227897448       -1.77746356722087        1.55534418765125
H           -3.28463108580601        1.29949390346995        1.68227755241987
H           -2.43905624079193       -0.13775451493014        3.38221507670268
H            1.09754932733423        0.77806299155285        2.21161557381182
H            1.27672559472420        3.10541416840276        0.61801570719775
H            3.32196581061862        1.98996865600302        0.49187533802390
H            3.03203930635896        2.46926403299693        2.81392317971733
48
 energy: -84.854253944753 xtb: 6.7.1 (edcfbbe)
C            5.66206775627683       -1.15141158969344        0.61366909108161
O            4.91944237712843        0.05712061943159        0.74124692923462
C            3.56020584752756       -0.11051826533162        0.91488252894882
O            2.99013397005697       -0.49498772364215       -0.32013399155236
C            1.59643138659210       -0.71612399410180       -0.25906113049842
C            1.16031297283343       -1.18839231139551       -1.65318215178568
O            1.51935567567491       -2.51612684159071       -1.91414668709644
C            0.82064028774520        0.54306860667898        0.16658894373368
O           -0.49369132963085        0.08808416239180        0.46761422257872
C           -1.51203704862352        1.05717924312806        0.47534124321410
O           -2.10518816755068        1.20590721530753       -0.78496814770292
C           -2.75069014571598        0.03353446053409       -1.28318058473290
C           -3.38758180327064        0.41736206328667       -2.62495872964756
O           -2.43232271352325        0.73037057910244       -3.60291877490521
C           -3.80742467020539       -0.50072385866815       -0.30499989630467
O           -4.38924496027333       -1.69667616891360       -0.75512363840230
C           -3.19375369371129       -0.67756037397777        1.09214212134552
O           -4.17187839623644       -1.02483996293331        2.04329526417775
C           -2.55348859311336        0.64280569294945        1.52700089516109
O           -1.91730459446817        0.54734955701822        2.76948991836329
C            1.44694033882718        1.22247456886080        1.39972690033465
O            0.97506857674103        2.53845962105441        1.57911857017793
C            2.98468308252910        1.23169568322926        1.37787188866888
O            3.49415219737272        1.49358297875040        2.65742557406819
H            5.36330055430755       -1.69405446159239       -0.28424508922562
H            5.51703717289785       -1.78132824901494        1.49564420231023
H            6.70061283865863       -0.84274118127958        0.53901047900640
H            3.34348211749664       -0.88370346713866        1.67968851083333
H            1.37457396102963       -1.50230343284270        0.47977188632214
H            1.59156857920537       -0.50805094798903       -2.39662158468179
H            0.07257519099559       -1.15007268216196       -1.71482956184937
H            2.48410081149903       -2.58482362382562       -1.92472290976253
H            0.78945232026143        1.25447945214442       -0.67069795523958
H           -1.11461444967539        2.04265275030216        0.73677160060588
H           -1.99228712480700       -0.74671487828454       -1.44701556322952
H           -4.06697904715203        1.26089060630398       -2.45597407651759
H           -3.95701882407706       -0.43220337620511       -3.00501213813558
H           -1.95488487653010        1.52247422591775       -3.31976116945286
H           -4.63337733685946        0.21650210682012       -0.23364366163385
H           -3.70150191574171       -2.36252245588163       -0.90830464283207
H           -2.40552498038851       -1.44690805689701        1.05854290367491
H           -4.76024680246587       -1.68967797443222        1.65358494460251
H           -3.33508807639544        1.41888263641732        1.55262359248061
H           -2.53927389505215        0.13452921801489        3.38973629547414
H            1.10557999053087        0.67348916848195        2.28531092525862
H            1.31860408639125        3.10857216185746        0.87296682892934
H            3.34134719179544        1.98735106788638        0.65872327700793
H            3.04373195889319        2.27364329613827        3.01919476140844
48
 energy: -84.853200183085 xtb: 6.7.1 (edcfbbe)
C            5.62614056678628       -1.19163041492674        0.50857016066901
O            4.91532580421498        0.01433918865293        0.77116024494942
C            3.55164025311836       -0.13693340960141        0.92456233746176
O            2.98195143894569       -0.41263074388582       -0.33902145954901
C            1.58460636203987       -0.62244418560202       -0.30741009049639
C            1.15832058557785       -0.95425294689857       -1.74550332696217
O            1.38707232926452       -2.29326806975584       -2.08494167442820
C            0.82319302981994        0.59957330491010        0.23644224616838
O           -0.49346788124072        0.14371406006473        0.53152940911281
C           -1.52635111005688        1.08861383301054        0.43340362183743
O           -2.08393069811810        1.13262725087267       -0.85100644820407
C           -2.70810815720829       -0.08077673128956       -1.27308735935540
C           -3.29380569267218        0.18165033085602       -2.66664453575955
O           -2.30483240884062        0.45010110661624       -3.62436168164219
C           -3.79933516929054       -0.53219201976839       -0.29187342649640
O           -4.37925856600910       -1.75341515586894       -0.67022884675372
C           -3.21943933621074       -0.61043433721341        1.12837353496461
O           -4.21677673568704       -0.89410559446721        2.08042367062054
C           -2.59318101332367        0.74005739398423        1.48562856062516
O           -1.98843900747798        0.73352927249653        2.74687635213545
C            1.46325870107965        1.18490405692444        1.51015711398838
O            0.99819510960097        2.48715105864057        1.77789056209574
C            3.00079646383220        1.17771145191347        1.48636360209024
O            3.51526062489016        1.33755071951963        2.78072816506610
H            5.32838603410230       -1.61073859519833       -0.45375990900030
H            5.44716357651897       -1.91992549764294        1.30451141140690
H            6.67417098499386       -0.90750553230519        0.48771622272200
H            3.31437998909358       -0.96275469529732        1.62607149119617
H            1.34879766313245       -1.47402396603305        0.35045401974478
H            1.69084394477388       -0.27535338203682       -2.42138528198864
H            0.08497427377477       -0.79561330415293       -1.85055207819466
H            2.33936703138852       -2.46197528413475       -2.09471709675351
H            0.78474559942807        1.37321224281640       -0.54243694630928
H           -1.15221221763296        2.09889048506317        0.62959436120694
H           -1.94443215995760       -0.87053459527106       -1.33718585576027
H           -4.00519510172800        1.01222718724684       -2.59303926031926
H           -3.81994365058223       -0.71296274404218       -3.00358063040854
H           -1.88252875430441        1.29082215575517       -3.40055974427098
H           -4.61962071730872        0.19488353794590       -0.29494160653922
H           -3.68985454124307       -2.42668196068004       -0.77398546352935
H           -2.42825164668450       -1.37659181009314        1.16457950362317
H           -4.78891243438177       -1.59559730660573        1.73261728775740
H           -3.37850620464404        1.51152945822848        1.43832613719070
H           -2.62030146983521        0.35439761513432        3.37888173202266
H            1.11873187754075        0.57985486996232        2.35690341326482
H            1.34548421894228        3.10333997224496        1.11339645511184
H            3.36798174969758        1.97810734712551        0.82336837097451
H            3.08589425411745        2.10355025052777        3.19517493715558
48
 energy: -84.851927008876 xtb: 6.7.1 (edcfbbe)
C            5.61065864692219       -1.19827204960150        0.37071699952671
O            4.91735419846318       -0.01124202954844        0.74438122842593
C            3.55553726242649       -0.16432192780707        0.91154941352649
O            2.96266034768465       -0.34307407649565       -0.35873615120620
C            1.56259113234678       -0.53808302678256       -0.32715148987801
C            1.12272142165488       -0.75918847577963       -1.78355834199179
O            1.22787037575120       -2.09749743768584       -2.18396272779879
C            0.82569631026835        0.64990763295830        0.31891526872870
O           -0.50271290139352        0.21476679686423        0.59496952288541
C           -1.54026102166676        1.13016411552558        0.37555158199683
O           -2.04905402656639        1.05816557759082       -0.92777756484486
C           -2.65262442890171       -0.19086899651926       -1.27261352372955
C           -3.20999113929418       -0.02786556418535       -2.69359377356985
O           -2.20788874348881        0.23683748026964       -3.63846936125785
C           -3.76346838835743       -0.58665074634447       -0.28952631419534
O           -4.30106692467283       -1.85017777500185       -0.58207807655119
C           -3.23367172750230       -0.52954637179311        1.15110283766359
O           -4.26078431139822       -0.75257982721637        2.08765778158873
C           -2.64787134455854        0.86128769554732        1.40900954781756
O           -2.10500520862032        0.98736873073957        2.69102844119329
C            1.48488785180155        1.10441695374997        1.63514572656818
O            1.01953468343294        2.36660770139341        2.04631748298057
C            3.02127929492352        1.10746564190519        1.57793958060265
O            3.56292658720328        1.17757353395645        2.86919959619747
H            5.29158517750302       -1.53346624077779       -0.61734390148825
H            5.43695557636328       -1.98776785693487        1.10716139316714
H            6.66120837445912       -0.92371966791124        0.35474647491091
H            3.32523490369276       -1.03864541666512        1.55450388906009
H            1.32239514108645       -1.43362449187656        0.26791144797316
H            1.72781656578322       -0.10315080034379       -2.41928871563772
H            0.07189944045606       -0.49368771328838       -1.89525322212864
H            2.16113433745425       -2.34848604417711       -2.22236111892565
H            0.80799303211788        1.48768592258383       -0.39074606195486
H           -1.18578279887177        2.16030803830459        0.49406857064245
H           -1.88120120352241       -0.97540025550517       -1.26447832797185
H           -3.95825813865314        0.77324847683707       -2.68224866778499
H           -3.68772665300311       -0.96052053284351       -2.99698438619896
H           -1.83077834115672        1.10711671575831       -3.44788388870067
H           -4.60136162181585        0.11463618640150       -0.37926711536888
H           -3.59407073551351       -2.51302807298335       -0.60581813692908
H           -2.42973631664174       -1.27126078835779        1.28326024418831
H           -4.81319709171403       -1.48540840366992        1.77437313016991
H           -3.44275575932117        1.60828251165146        1.25124958803790
H           -2.76199978384188        0.66164484882015        3.32686138593133
H            1.16058485558856        0.41250426767092        2.42074584853507
H            1.32503326699993        3.04678310816008        1.42602867112924
H            3.37189427181023        1.95429214281787        0.96557136396850
H            3.12381334220188        1.89646638422823        3.35265604053199
48
 energy: -84.851068691794 xtb: 6.7.1 (edcfbbe)
C            5.60736914815975       -1.15018023180617        0.19881826420145
O            4.91824363620898       -0.00796259025817        0.69861015048039
C            3.56201637010204       -0.18617131015829        0.88441025666580
O            2.93813773847388       -0.25810881308704       -0.38167404617004
C            1.53778060855420       -0.44793368720014       -0.33449714610830
C            1.06100867667200       -0.57317625356910       -1.79317581473271
O            0.96312955908751       -1.90400128538625       -2.22123182788934
C            0.82723366026431        0.70085385648863        0.40845911530223
O           -0.51643987959954        0.29734683036293        0.65450457631586
C           -1.54628219165404        1.17831223458793        0.30748697298951
O           -1.99790800925118        0.98378406931092       -1.00558458854530
C           -2.57924022226518       -0.29829655076894       -1.26354779326655
C           -3.09934073931997       -0.25542609800266       -2.70790646373172
O           -2.08341811748216       -0.01180271815848       -3.64310658884014
C           -3.71700035043795       -0.62677372199785       -0.28669417871531
O           -4.21812355726159       -1.92407210846586       -0.47866033998270
C           -3.24841249752583       -0.42409722031215        1.16215388456288
O           -4.31052128252559       -0.58169628811650        2.07234231821251
C           -2.70015399118928        0.99729460009202        1.30795296693130
O           -2.22873826798807        1.26845979964552        2.59519553793072
C            1.50030624406396        0.99149522368349        1.76322653302548
O            1.03853485933451        2.18175957409490        2.34928778639071
C            3.03536444876855        1.01454760367927        1.67627949424253
O            3.59911429394004        0.96798376943755        2.95908498538785
H            5.26507334619777       -1.39340573706431       -0.80806939451646
H            5.45524103200667       -2.00601794150860        0.86217870354867
H            6.65599771599112       -0.86846293321978        0.18311504371635
H            3.35401032701196       -1.11642666756910        1.45262155614115
H            1.30310866177067       -1.37828839250576        0.20696118790573
H            1.75038456664497        0.00269813335338       -2.41957996896409
H            0.06072331814500       -0.15328648568046       -1.89063897488154
H            1.84868961781303       -2.27658756887957       -2.33176192229932
H            0.84709055950802        1.60220772154679       -0.21719244264133
H           -1.20235336849538        2.21913251525120        0.33986353306585
H           -1.79955218024403       -1.06899937079257       -1.17268710383707
H           -3.87947988076398        0.51259124055212       -2.77241881858384
H           -3.52950638514987       -1.22581813309956       -2.95938341224090
H           -1.73449764908788        0.87713866945637       -3.48914314380146
H           -4.56525303624425        0.04300120006068       -0.47133929884705
H           -3.49538072708679       -2.56769774550077       -0.42650890375409
H           -2.43757436459872       -1.13225414756131        1.39574868746919
H           -4.83247422879814       -1.35491704102570        1.80764809762727
H           -3.49667006746113        1.70819332742949        1.03281301313026
H           -2.89866188787967        0.96711452932245        3.22961873887647
H            1.19800100325475        0.19904055994472        2.45711073828582
H            1.27613555594115        2.93914294472963        1.79305363424794
H            3.36786305395489        1.91895380301930        1.14124710945453
H            3.14642266446544        1.62080471776616        3.51849146596248
