48
 energy: -84.826190117259 gnorm: 0.079470425457 xtb: 6.7.1 (edcfbbe)
C            1.71298176709352        4.42437279768119       -0.07757711888722
O            1.83678416684676        3.22428792577694       -0.82982947067082
C            1.47947628073151        2.07544403220831       -0.14093543979008
O            2.42150807513800        1.80467044456683        0.87089337564591
C            1.99745426496342        0.78257341397010        1.75745150604186
C            3.26837351051470        0.17656485518140        2.37154611514143
O            4.03898570313145        1.14346922178601        3.03547947948150
C            1.11914972381808       -0.29626017958869        1.08459267767453
O           -0.23146525241552        0.12610917530743        1.21725334270282
C           -1.31129900368019       -0.73160593577015        1.54069845021089
O           -2.44811235652676       -0.19651184219423        0.93334358316468
C           -2.50400993252481       -0.38324503911684       -0.47859892433175
C           -3.74139182503763        0.38671028200431       -0.96720857735630
O           -3.90210051084676        0.31488754745026       -2.36208457552774
C           -2.61941711545870       -1.88217128649928       -0.80262131410860
O           -2.62498214109980       -2.14350230419119       -2.18275924987822
C           -1.42325777017694       -2.62708938079483       -0.20084296132353
O           -1.59993852991749       -4.02385860133947       -0.24384718304465
C           -1.25742342353053       -2.25243963316195        1.27546299791396
O           -0.11585127145813       -2.83285357520243        1.84440370675631
C            1.51786206301615       -0.43918270882252       -0.39928269403979
O            2.78165343413001       -1.04482384244053       -0.42694732743083
C            1.48772139145559        0.91346958726738       -1.14277346615188
O            0.36399965702020        0.94571287509660       -1.98515902283631
H            2.36954142635343        4.40646984503130        0.79377369755064
H            0.67777638284975        4.56431096525114        0.24984965772704
H            2.00643129875192        5.22459711491207       -0.75188838911379
H            0.47222784290885        2.17744402180968        0.31042553190523
H            1.39058254053811        1.24445426300799        2.55438742776048
H            3.84330449330047       -0.30640857359316        1.57301726507313
H            2.99126759565350       -0.56708887935741        3.12060349335307
H            4.24030209947780        1.84332451943417        2.40029119060490
H            1.28353038911167       -1.25280184119163        1.58276480160095
H           -1.49570553827966       -0.61142317111398        2.62321771495530
H           -1.59558761997184        0.02049843666569       -0.95120622610488
H           -3.66923256924600        1.42072861148394       -0.61659223892842
H           -4.63471153636780       -0.06341939349018       -0.52785379950665
H           -3.23239442153119        0.86230855496069       -2.79254756146516
H           -3.53982329584233       -2.26933267908852       -0.33164678579421
H           -3.26727261617453       -1.54227108172468       -2.59945606506659
H           -0.52590766830813       -2.35572696400298       -0.77368793164031
H           -1.84407181745015       -4.26747661354823       -1.14711040949541
H           -2.15886761189194       -2.64036308451643        1.78402937511498
H           -0.13218737150972       -3.77760214864403        1.62772610953856
H            0.77388808297566       -1.07144866345028       -0.90123795061211
H            3.00474065986686       -1.29620325099525       -1.33372922829735
H            2.41556713221871        1.01158231398125       -1.72748613346940
H            0.37989412739274        1.78111409324630       -2.47281698749880
48
 energy: -84.831652257726 gnorm: 0.012018420316 xtb: 6.7.1 (edcfbbe)
C            1.71329823894647        4.42198422814744       -0.07621018220882
O            1.84167007947495        3.21981966766718       -0.82388670273504
C            1.48087427119736        2.07046220619498       -0.13697279206855
O            2.41362873957881        1.79790749126466        0.88531514806293
C            1.98588307739731        0.77234403534431        1.77027721799444
C            3.26128814134453        0.17051913886811        2.37907211966590
O            4.03214767949196        1.13938956120405        3.04050940157023
C            1.11696344671660       -0.28425460364817        1.05162342824013
O           -0.24220412032777        0.11346612786540        1.16421331579603
C           -1.31494539558173       -0.72265470541945        1.56005690861272
O           -2.45302045952734       -0.20568882671503        0.93587435460482
C           -2.50401812159407       -0.38692215642968       -0.47640644299992
C           -3.74090062525366        0.38397511152746       -0.96615721654772
O           -3.89995751666147        0.31499932781691       -2.36143851778386
C           -2.61782028305531       -1.88416503316289       -0.80113669161840
O           -2.61828402832237       -2.14367940785103       -2.18169760600441
C           -1.42219165180514       -2.62221954741471       -0.19048308172347
O           -1.59495345517372       -4.01940342253000       -0.23755026900437
C           -1.25984201456074       -2.24590278703945        1.28894203603789
O           -0.11562573120454       -2.82732086337514        1.85185789979296
C            1.52549911485549       -0.43973052332663       -0.42088782605757
O            2.78852776314431       -1.04599005558023       -0.43644168963122
C            1.49304118065550        0.91692461151764       -1.15048660765690
O            0.36872473580911        0.94897258478075       -1.99212874747940
H            2.36833314365275        4.40744248270596        0.79616210864281
H            0.67700736818689        4.56138979834452        0.24799157904271
H            2.00691933369891        5.22055190156831       -0.75259468500012
H            0.47039673663134        2.17253615488708        0.30720279463295
H            1.37418381965998        1.23212619481124        2.56401336064820
H            3.83619621695165       -0.30880521779157        1.57806343593867
H            2.98838810740169       -0.57448939345487        3.12766679078740
H            4.23294981111501        1.83850086467670        2.40404874045270
H            1.27870237620618       -1.24001547321385        1.55500540550603
H           -1.48774730672775       -0.58115366239409        2.64061444978345
H           -1.59547426776302        0.01978141037252       -0.94651738768398
H           -3.67005812674392        1.41761988439016       -0.61381973205283
H           -4.63496484826285       -0.06679964898805       -0.52905283444180
H           -3.23080703184845        0.86448597295481       -2.79015482459447
H           -3.53943374210604       -2.27219441050373       -0.33357258169679
H           -3.25989002898299       -1.54242189436717       -2.59979631432932
H           -0.52456887976397       -2.34919053580362       -0.76270829749946
H           -1.83557059379192       -4.26170062930346       -1.14243718987472
H           -2.15988413301543       -2.63848445075785        1.79570308218003
H           -0.13147420752071       -3.77119187400360        1.63097999320185
H            0.78099374443966       -1.07353342375170       -0.91985558808812
H            3.01573892654556       -1.30213737227986       -1.34044254469099
H            2.42125735555923        1.01839483141346       -1.73313946631658
H            0.38101607114781        1.78645055599308       -2.47573328710308
48
 energy: -84.832255367097 gnorm: 0.004411583632 xtb: 6.7.1 (edcfbbe)
C            1.71428665177433        4.42298729866186       -0.07464846759120
O            1.84930454010722        3.22174140674056       -0.82200549120440
C            1.48343584456684        2.07095230281938       -0.14070116723481
O            2.40770075808368        1.79643912136743        0.88887552308907
C            1.97473311108782        0.76006362190528        1.76330533904635
C            3.24656667255713        0.15898975872643        2.37942126357210
O            4.01208439636707        1.13061240674210        3.04315656021207
C            1.11048342451586       -0.29706372757848        1.03784037771125
O           -0.24601243992137        0.11302216392279        1.14368170292415
C           -1.31604387235422       -0.71403828067893        1.56174339543271
O           -2.45918937867176       -0.20732790750051        0.93698328849846
C           -2.50559749252899       -0.38689237582974       -0.47435688876640
C           -3.74284233206854        0.38222718610418       -0.96509069342245
O           -3.89676887708772        0.31406452031513       -2.36095273026325
C           -2.61383526447541       -1.88413232877041       -0.79735844825667
O           -2.60557008007376       -2.14567693175051       -2.17761956310435
C           -1.41912723988407       -2.61610454474811       -0.17729683545898
O           -1.58527304940395       -4.01419788173415       -0.22412129589784
C           -1.26258297693896       -2.24094690715041        1.30383825972000
O           -0.11731821188292       -2.82052859129669        1.86764598842536
C            1.53253470630977       -0.43535660849084       -0.43127885720039
O            2.79473528994539       -1.04289269756501       -0.44463241650494
C            1.50285841364961        0.92192606712466       -1.15947465554552
O            0.37892846929125        0.95620152810941       -2.00122494493229
H            2.36593917099314        4.41055840944958        0.80029393458086
H            0.67616980308821        4.55928420545955        0.24505779969364
H            2.00825117065798        5.22163664154078       -0.75071510033990
H            0.46922294121350        2.17002009201903        0.29562871026200
H            1.35718748452968        1.21212126853460        2.55661590863056
H            3.82557062143062       -0.31887072677749        1.58079857900739
H            2.97393779565707       -0.58601754443543        3.12846168406530
H            4.21707191757548        1.82822711409725        2.40631643875892
H            1.26471329076926       -1.25786206207955        1.53635696731171
H           -1.47889268368054       -0.56201531520299        2.64078196890662
H           -1.59640797546109        0.02160993271175       -0.94116411483334
H           -3.67440302401196        1.41549734236111       -0.61123670438896
H           -4.63712512622711       -0.07108429725243       -0.53103560641547
H           -3.22806106917810        0.86643555143184       -2.78670539300034
H           -3.53699588253401       -2.27460551180349       -0.33488140216743
H           -3.24527653829202       -1.54503380658832       -2.59968091674382
H           -0.51889322157379       -2.33979903257540       -0.74377248450165
H           -1.82050362509429       -4.25670680700654       -1.13043406165816
H           -2.16307835995319       -2.63412788748485        1.80952331437333
H           -0.13056024428887       -3.76389170365470        1.64462737827835
H            0.79077272197001       -1.06644472000471       -0.93743532880540
H            3.02395992075110       -1.29945747906415       -1.34811240587810
H            2.43126010303828        1.03047200697508       -1.74071624245047
H            0.38864265617779        1.79597995670127       -2.48081770681434
48
 energy: -84.832603692705 gnorm: 0.005104865433 xtb: 6.7.1 (edcfbbe)
C            1.71674134136094        4.42516587204049       -0.07114255405701
O            1.86117645895927        3.22520192355231       -0.81855385570430
C            1.48710092496247        2.07255571136542       -0.14518864145569
O            2.40198595229556        1.79322743294573        0.89117660917807
C            1.96415660033851        0.74659318408241        1.75346864335367
C            3.23002323164135        0.14256347367153        2.37751082086094
O            3.98960380444288        1.11463684324686        3.04761508035222
C            1.10108945977128       -0.30669841668002        1.02058201858629
O           -0.25092086392587        0.12112124461035        1.12805647127583
C           -1.31609634880909       -0.70240611069297        1.55969774492719
O           -2.46747405795997       -0.20731253101982        0.93999495234360
C           -2.50850352056851       -0.38687968757923       -0.47030495167023
C           -3.74617716795381        0.37784651311736       -0.96540175551803
O           -3.89221987374061        0.31051546745224       -2.36221308269275
C           -2.60667722539461       -1.88503204217642       -0.79138525322564
O           -2.58585271427635       -2.15001274828456       -2.17116314257061
C           -1.41285965259797       -2.61039876177578       -0.16102085082801
O           -1.57081272017488       -4.00972859460660       -0.20671004311773
C           -1.26526978945128       -2.23275804039851        1.32007491396612
O           -0.12412174758529       -2.81256710967163        1.89256526724066
C            1.53378482214862       -0.43391905448283       -0.44776216130619
O            2.79732715287015       -1.03935704194077       -0.45565308180464
C            1.51116807461745        0.92755287454304       -1.16839963433309
O            0.39064356333433        0.96774918354482       -2.01414431242872
H            2.36267910809284        4.41541191812014        0.80812065193141
H            0.67598918108083        4.55694156644720        0.24198412631176
H            2.01145809546564        5.22499633924491       -0.74546672869372
H            0.46877897923166        2.17056422332474        0.28160861720380
H            1.34017605425009        1.19135506959482        2.54581298205976
H            3.81429581351088       -0.33537845460643        1.58298113444091
H            2.95220671912206       -0.60209492973248        3.12520418095739
H            4.19808829848833        1.81273607957857        2.41249997940917
H            1.24659879274616       -1.27279030384773        1.51030595885888
H           -1.46922783163752       -0.53930269150122        2.63756718973065
H           -1.59917308340425        0.02475275240583       -0.93371922554343
H           -3.68262206805671        1.41076615456780       -0.60963003793034
H           -4.64073727427507       -0.07923533868929       -0.53598655491804
H           -3.22449538541783        0.86775294753982       -2.78324887320268
H           -3.53176804317676       -2.27936130082900       -0.33589690988431
H           -3.22305811710050       -1.55100373173659       -2.59915920591139
H           -0.50849060331727       -2.32853657353851       -0.71818708616875
H           -1.79861270580199       -4.25321248646203       -1.11456048912473
H           -2.16824797855789       -2.62081592432270        1.82465470301121
H           -0.13526891431725       -3.75557472709760        1.66819242817750
H            0.79787314538320       -1.06160712866076       -0.96845440645343
H            3.03255890751715       -1.29451527825584       -1.35814470325669
H            2.44141586631455        1.04017478979576       -1.74584858470873
H            0.40176025047394        1.81031167293365       -2.48884389544015
48
 energy: -84.832798170803 gnorm: 0.004388139204 xtb: 6.7.1 (edcfbbe)
C            1.72046734127920        4.42738917597768       -0.06707325237330
O            1.87454024755010        3.22921326294366       -0.81557595530903
C            1.49198228314204        2.07503988944873       -0.14978714730350
O            2.40060465366736        1.78832466444774        0.88944614144940
C            1.95848273388766        0.73682086340351        1.74291720770124
C            3.21723709146551        0.12629512944048        2.37362597578540
O            3.97366975016723        1.09479622963535        3.05259000503270
C            1.09257294552026       -0.31112980937050        1.00711726996357
O           -0.25611013540075        0.12822317982357        1.11912921670209
C           -1.31852384782330       -0.69233097379770        1.55798472966620
O           -2.47560327719046       -0.20465544790330        0.94288031918008
C           -2.51150885673893       -0.38754184648984       -0.46670983967955
C           -3.75035140561500        0.37023664837618       -0.96863876471002
O           -3.88679696279295        0.30368985646879       -2.36651393200678
C           -2.59836094742444       -1.88736844583412       -0.78585616492083
O           -2.56431526641442       -2.15471448832372       -2.16528470057144
C           -1.40584773700490       -2.60721479313802       -0.14588751012527
O           -1.55630677017338       -4.00734145288776       -0.19069109841707
C           -1.26985251628307       -2.22387972008119        1.33384926341558
O           -0.13639215552472       -2.80464553189887        1.92108818432413
C            1.53085666101370       -0.43071046589890       -0.46254166419980
O            2.79494842067076       -1.03593743249341       -0.46351723967630
C            1.51630285759514        0.93418633876963       -1.17722625994010
O            0.39946671071188        0.98247651753086       -2.02762198516546
H            2.36002609358466        4.41942196008840        0.81695942384572
H            0.67699773437782        4.55454591341383        0.23911538518972
H            2.01644346529627        5.22945292238878       -0.73821081926714
H            0.47141833727568        2.17549121658179        0.27087479880559
H            1.33078679151172        1.17790555027687        2.53446508553629
H            3.80616788113875       -0.35264362547568        1.58324922614960
H            2.92983758071457       -0.61871616987033        3.11759276473000
H            4.18299763405100        1.79645775093775        2.42181182684653
H            1.23119668967214       -1.28046113509906        1.48978753811681
H           -1.46577018341882       -0.51875480605525        2.63538268786410
H           -1.60251634191786        0.02818498566229       -0.92735504324503
H           -3.69411127236389        1.40302876229262       -0.61101320193984
H           -4.64524439658972       -0.09160481013676       -0.54499073938159
H           -3.22079445812947        0.86736033211833       -2.78184080549702
H           -3.52505429320526       -2.28625137386008       -0.33755358644485
H           -3.19959062513549       -1.55857945275026       -2.59959562629456
H           -0.49786709280195       -2.32067958213894       -0.69439468171570
H           -1.77526550808021       -4.25240543332764       -1.10017258471063
H           -2.17782080004451       -2.60229343044851        1.83609874994127
H           -0.14578859003428       -3.74769891121655        1.69689502893876
H            0.80077441602078       -1.05470795551646       -0.99689770931678
H            3.03713371131439       -1.28881014813989       -1.36497311465969
H            2.44929827459800        1.04565481031564       -1.75050944387437
H            0.41557604526771        1.82687551378331       -2.49894351437331
48
 energy: -84.832944363154 gnorm: 0.002999096313 xtb: 6.7.1 (edcfbbe)
C            1.72568410917358        4.43007285334383       -0.06224713162549
O            1.88915004036366        3.23423918058090       -0.81272910822381
C            1.49899526355686        2.07847526299549       -0.15411177802844
O            2.40448374988765        1.78198035581253        0.88439312518115
C            1.95645891248345        0.73112890157702        1.73255615569654
C            3.20738961384841        0.11041456008465        2.36817289032037
O            3.96395249881636        1.07116506416568        3.05806080185431
C            1.08509288678420       -0.31122205532901        0.99667968864976
O           -0.26123160487017        0.13444766410854        1.11393642207681
C           -1.32322322400836       -0.68275531332837        1.55672136412780
O           -2.48256703899541       -0.19858319100306        0.94362315470735
C           -2.51437815275158       -0.38885856500342       -0.46532421859822
C           -3.75558897126897        0.35912092240163       -0.97566290960004
O           -3.88054185028038        0.29299603541620       -2.37463329859885
C           -2.58917177114883       -1.89088223760073       -0.78125177784327
O           -2.54142359596886       -2.15967571966882       -2.16022942480916
C           -1.39827270231284       -2.60509690148122       -0.13109701415121
O           -1.54212870732512       -4.00561617137233       -0.17430161993061
C           -1.27740055418633       -2.21429699939072        1.34676443455351
O           -0.15340515121983       -2.79479855619411        1.95305610586858
C            1.52451413480466       -0.42648073934500       -0.47516106021630
O            2.78791624443473       -1.03400916284958       -0.47016413291177
C            1.51908732432432        0.94136766260611       -1.18503102110296
O            0.40558034631961        0.99938863292711       -2.03944787222714
H            2.35847351429755        4.42242788777878        0.82673135679124
H            0.67948691588581        4.55255161815629        0.23666331876823
H            2.02354925312002        5.23526005798882       -0.72884941941563
H            0.47806864444220        2.18320942629830        0.26438115536129
H            1.32864664073431        1.17269975204857        2.52407956449416
H            3.79999766173602       -0.36914152872832        1.58097269549698
H            2.90802801399391       -0.63647885444666        3.10587735935055
H            4.17187670522597        1.77951638134873        2.43434265892827
H            1.21873575867765       -1.28275319014911        1.47404901455632
H           -1.46837026327337       -0.49998134261099        2.63382469255922
H           -1.60639398041819        0.03132661954580       -0.92434627234118
H           -3.70954426498935        1.39198581098718       -0.61630657718024
H           -4.65042739190085       -0.10934803463921       -0.55899896665375
H           -3.21707212669453        0.86446852749532       -2.78348412861694
H           -3.51730979289322       -2.29464803659781       -0.34043462856353
H           -3.17559912160382       -1.56780907205817       -2.60131178963076
H           -0.48685602469028       -2.31510090272577       -0.67154590343423
H           -1.75037980216520       -4.25345916681012       -1.08551103286405
H           -2.19253674705355       -2.58236952920060        1.84374414420238
H           -0.16060598572942       -3.73840700638771        1.73098914587052
H            0.79789530663745       -1.04632746235677       -1.01895421574486
H            3.03684631321142       -1.28281880918226       -1.37098543812348
H            2.45484374152442        1.04810235207993       -1.75485344678187
H            0.42966814341987        1.84456725419096       -2.50916062818624
48
 energy: -84.833063170166 gnorm: 0.002811765898 xtb: 6.7.1 (edcfbbe)
C            1.73191253491026        4.43258490726825       -0.05760065877272
O            1.90294404586594        3.23910979661820       -0.81026411726089
C            1.50772035645981        2.08196996179159       -0.15711858823427
O            2.41338915372702        1.77516503469437        0.87794986056982
C            1.95742875575125        0.72960417182408        1.72476090298102
C            3.20101633015052        0.09704978787183        2.36322895304369
O            3.96000476848373        1.04769026800026        3.06451371317122
C            1.07934146600041       -0.30799623610115        0.99064236452741
O           -0.26554298951516        0.13998449268013        1.11139819245127
C           -1.32954100145127       -0.67352271550073        1.55575516437068
O           -2.48748442769009       -0.18930527680102        0.94089010507106
C           -2.51688246184521       -0.39042511539764       -0.46734208238049
C           -3.76166427249350        0.34582996610634       -0.98597186733566
O           -3.87505772951017        0.27968366394133       -2.38585319979802
C           -2.58059994316666       -1.89470968247582       -0.77851086941635
O           -2.52047954662190       -2.16456084893346       -2.15676017736571
C           -1.39181662369381       -2.60391784911561       -0.11831056395760
O           -1.53084929864506       -4.00454296395561       -0.15839630795390
C           -1.28641581800841       -2.20462086240620        1.35736749521724
O           -0.17139515679908       -2.78258607932919        1.98296033466235
C            1.51699664305216       -0.42162206206086       -0.48328854339669
O            2.77780402752534       -1.03496521488336       -0.47589706494567
C            1.52062597219628        0.94787653206042       -1.19069261731722
O            0.40927295828736        1.01526776673869       -2.04731395995416
H            2.35842908904140        4.42387023218313        0.83584404700392
H            0.68337554765456        4.55158110099442        0.23441657908785
H            2.03240492703041        5.24085829814313       -0.71930274461665
H            0.48805231357745        2.19104224982106        0.26327422099354
H            1.33221633061034        1.17555116477111        2.51644561133248
H            3.79582577983202       -0.38164923115712        1.57714427556716
H            2.89046772550668       -0.65323435570884        3.09308068617972
H            4.16538044819512        1.76440950740515        2.44941076904991
H            1.21021891777606       -1.28094434517648        1.46515404986106
H           -1.47590837191794       -0.48381868744107        2.63244384515014
H           -1.61078156857562        0.03370352302129       -0.92681823124454
H           -3.72787845305718        1.37882546819878       -0.62517660415255
H           -4.65551529563515       -0.13105686989929       -0.57652890075267
H           -3.21474728235999        0.85911299031944       -2.78861199082645
H           -3.50992017346638       -2.30275651506045       -0.34445538837338
H           -3.15433395481260       -1.57752147075916       -2.60431718568480
H           -0.47742928027466       -2.31264812625821       -0.65227665521088
H           -1.72745935578766       -4.25652985564859       -1.07111686021524
H           -2.20890467238098       -2.56480018377453        1.84697501655481
H           -0.17630769840800       -3.72743376699220        1.76587098195117
H            0.78977779403256       -1.03635165148193       -1.03100700696754
H            3.03156735745445       -1.27733046009421       -1.37709541185376
H            2.45841139005629        1.04804041688827       -1.75859381189987
H            0.44232365555181        1.86003336453424       -2.51742133678103
48
 energy: -84.833163271010 gnorm: 0.003209343398 xtb: 6.7.1 (edcfbbe)
C            1.73929950484574        4.43485839788614       -0.05324233177983
O            1.91507576793110        3.24339382106980       -0.80786934805104
C            1.51725692651585        2.08525061286886       -0.15831487065343
O            2.42531620606666        1.76869276109528        0.87210715774196
C            1.95981353661642        0.73065467943452        1.72036144725556
C            3.19697106619004        0.08626315008640        2.36001067434187
O            3.95948262260496        1.02607319487559        3.07205424597379
C            1.07480408409454       -0.30293995217747        0.98824449837296
O           -0.26908343131192        0.14606248339454        1.10919875330566
C           -1.33676750145145       -0.66347086946466        1.55415894990004
O           -2.49095182766433       -0.17770408702509        0.93416901992579
C           -2.51897185180000       -0.39196089694833       -0.47304301680856
C           -3.76834425346951        0.33103622195048       -0.99948500066640
O           -3.87067896932415        0.26436277921155       -2.40009175353182
C           -2.57274450019509       -1.89838764002553       -0.77775592897805
O           -2.50146089058167       -2.16982099069460       -2.15492745021878
C           -1.38655465400361       -2.60288415850947       -0.10731483034894
O           -1.52299636484381       -4.00351425862285       -0.14186647711367
C           -1.29548250361030       -2.19456133471863        1.36609703492159
O           -0.18795083491967       -2.76755413056221        2.00915784528154
C            1.50918195845948       -0.41695152903612       -0.48723544048520
O            2.76545579012272       -1.03958284823729       -0.48166062381667
C            1.52167174821114        0.95329809454705       -1.19374826906465
O            0.41123626207190        1.02898664847110       -2.05067139951049
H            2.36033996345295        4.42381222068369        0.84399708495882
H            0.68897100331896        4.55246716385339        0.23256069617768
H            2.04345416891336        5.24546174702875       -0.71038609832958
H            0.49988161276545        2.19757292680656        0.26681610940567
H            1.33839509686067        1.18337277524066        2.51177020796350
H            3.79253581011738       -0.38998584501322        1.57288653273387
H            2.87775893386145       -0.66830216040576        3.08159326681282
H            4.16392495205099        1.75054900124217        2.46566728461185
H            1.20414604930444       -1.27689039205990        1.46180418027853
H           -1.48618748126389       -0.46811107634069        2.63000898746587
H           -1.61549851244724        0.03536912875956       -0.93496058604491
H           -3.74847037916140        1.36410454207271       -0.63767197192108
H           -4.66013304219240       -0.15585037687003       -0.59716810980143
H           -3.21390716455265        0.85128246661699       -2.79758671084492
H           -3.50324104192789       -2.30979726111086       -0.34970291725579
H           -3.13545008625287       -1.58772739267389       -2.60870498358407
H           -0.46923311269943       -2.31276421222338       -0.63614504253259
H           -1.70734938823739       -4.26120592854341       -1.05564284050651
H           -2.22422435278777       -2.54980414604829        1.84783970459908
H           -0.19108324498581       -3.71447178579326        1.80083377177676
H            0.77701080859998       -1.02533716706841       -1.03458002967055
H            3.02178887866222       -1.27276521875039       -1.38451593512284
H            2.46048980083330        1.04680637786458       -1.76123951027460
H            0.45249575059272        1.87260870786057       -2.52232156893370
48
 energy: -84.833244872687 gnorm: 0.002826322753 xtb: 6.7.1 (edcfbbe)
C            1.74784694726629        4.43678669668311       -0.04936355957719
O            1.92499013893962        3.24662312851992       -0.80545294506621
C            1.52606125002316        2.08810313952619       -0.15774476001857
O            2.43703313710574        1.76351928777070        0.86851461956273
C            1.96191780033781        0.73247193767839        1.71925130309466
C            3.19384126464783        0.07800583513343        2.35914775347292
O            3.95956771714582        1.00810025198775        3.08027159886365
C            1.07077783726004       -0.29757407293135        0.98835549734205
O           -0.27214782068245        0.15350561339664        1.10582262526941
C           -1.34397400923337       -0.65218730189498        1.55125888303999
O           -2.49387623318288       -0.16577125977619        0.92422808857952
C           -2.52059339781425       -0.39329478889462       -0.48158224057885
C           -3.77497135832353        0.31590208682694       -1.01529797463809
O           -3.86728636842804        0.24814054244089       -2.41649102329074
C           -2.56544255239451       -1.90163740072833       -0.77880625890982
O           -2.48378264206370       -2.17582094138839       -2.15464980796532
C           -1.38254622353220       -2.60183476618388       -0.09774121840341
O           -1.51883781566543       -4.00250867790574       -0.12434550969108
C           -1.30314083795952       -2.18406880193343        1.37334374465349
O           -0.20115400631519       -2.75053818111057        2.03064068259349
C            1.50201268696491       -0.41298099912095       -0.48795048884774
O            2.75229247535734       -1.04734350239177       -0.48744595802252
C            1.52276257562177        0.95745541601003       -1.19433963879018
O            0.41240823960309        1.03986875966181       -2.05039783354526
H            2.36440493958478        4.42249929535446        0.85091717880913
H            0.69634356128231        4.55570098612300        0.23123543813940
H            2.05683923101869        5.24843097039068       -0.70290442804925
H            0.51116807938683        2.20235099619782        0.27277319819043
H            1.34398853133860        1.19222539296892        2.50960549107901
H            3.78919898146280       -0.39498231208328        1.56966761647194
H            2.86907036956693       -0.68067534691254        3.07353477435978
H            4.16736761502096        1.73737595433481        2.48101669026258
H            1.19841369676016       -1.27222347225108        1.46213477266497
H           -1.49693960688051       -0.45118805229755        2.62569204935817
H           -1.62005970749230        0.03665842383396       -0.94697494759273
H           -3.76960176108520        1.34894595110698       -0.65305895460586
H           -4.66386107493927       -0.18166178482459       -0.61958539338811
H           -3.21417536613873        0.84173129664137       -2.80985112334755
H           -3.49736668098365       -2.31535826853054       -0.35618494076258
H           -3.11783395072418       -1.59830093538887       -2.61443205614007
H           -0.46207379321974       -2.31530401390921       -0.62249941823985
H           -1.69099736430921       -4.26711715382698       -1.03857631200417
H           -2.23629161729699       -2.53649514973036        1.84864001809851
H           -0.20367379998921       -3.70016136241644        1.83446602230526
H            0.76183290353018       -1.01395080811320       -1.03286607201626
H            3.00919816045371       -1.26945732485419       -1.39297240550457
H            2.46184800081666        1.04553322773554       -1.76226424201704
H            0.45943476242498        1.88249573811292       -2.52325414381161
48
 energy: -84.833308418280 gnorm: 0.002077551805 xtb: 6.7.1 (edcfbbe)
C            1.75761321964079        4.43842340725919       -0.04606610875017
O            1.93282260422434        3.24871418903432       -0.80310476445672
C            1.53281096634226        2.09057956221712       -0.15598887752935
O            2.44562002196396        1.76042058933203        0.86782463901733
C            1.96249786056682        0.73401807560319        1.72046209718764
C            3.19042536753300        0.07204441647720        2.36028603064073
O            3.95828049227579        0.99455064689990        3.08841248204244
C            1.06665450104807       -0.29270927272429        0.98971991964766
O           -0.27521043732706        0.16227558009492        1.10098699031735
C           -1.35055676974424       -0.64018018098009        1.54689192932348
O           -2.49706304012405       -0.15545363522681        0.91257384102660
C           -2.52169551546787       -0.39456449558706       -0.49154796721464
C           -3.78070315166349        0.30145975178606       -1.03218396884780
O           -3.86420057743877        0.23202220219916       -2.43387238627487
C           -2.55841529097100       -1.90459045488304       -0.78115298340716
O           -2.46664746025873       -2.18269661097012       -2.15556959850888
C           -1.37951637808334       -2.60093808689445       -0.08916728399863
O           -1.51798806468617       -4.00170466943812       -0.10603600778367
C           -1.30884338168917       -2.17342303022557        1.37952599248712
O           -0.21069206738274       -2.73313835065592        2.04781675404030
C            1.49573638421474       -0.40998690325152       -0.48685209354560
O            2.73955440767129       -1.05646425723568       -0.49253480633866
C            1.52396946957829        0.96046958862092       -1.19307530615732
O            0.41364473586329        1.04801400359304       -2.04837660526353
H            2.37066628217351        4.42022189220502        0.85654419993147
H            0.70551509087844        4.56126547104369        0.23049974147586
H            2.07253547915280        5.24975789577741       -0.69712344391548
H            0.51982323755040        2.20613797909879        0.27841424084025
H            1.34706470525089        1.19928404248431        2.50935415683938
H            3.78521734721049       -0.39799805021144        1.56836973429732
H            2.86250760882252       -0.68982266313561        3.06942926011119
H            4.17454234599443        1.72481833484287        2.49372404756821
H            1.19135448153280       -1.26772283569732        1.46424528705571
H           -1.50696610080699       -0.43286797038926        2.61940116709665
H           -1.62385620314566        0.03770708502863       -0.96014840455292
H           -3.78914480413632        1.33442792988602       -0.67029148472322
H           -4.66642273274506       -0.20613242989708       -0.64223717454891
H           -3.21463829120939        0.83136236317471       -2.82421289556705
H           -3.49213522512924       -2.31976836139808       -0.36375862185382
H           -3.10033039610771       -1.60919205429022       -2.62119998205872
H           -0.45557542858398       -2.32003150200205       -0.61057431639250
H           -1.67871283653021       -4.27388726899280       -1.02008677396222
H           -2.24474010156238       -2.52372458704507        1.85076880659030
H           -0.21405379019280       -3.68561301146644        1.86554824724033
H            0.74681541874410       -1.00332388618695       -1.02916092557245
H            2.99592416893600       -1.26749910032064       -1.40094913606576
H            2.46313938786295        1.04477186552423       -1.76132744120972
H            0.46336537522595        1.89068105140159       -2.52071583365922
48
 energy: -84.833367277953 gnorm: 0.002198209127 xtb: 6.7.1 (edcfbbe)
C            1.77345343211774        4.44055722941195       -0.04239543808375
O            1.94159183721977        3.25039651681564       -0.80031616443245
C            1.53836661415797        2.09396420513674       -0.15285005243660
O            2.45088460131063        1.75975774617505        0.87072968797784
C            1.96020318930393        0.73583698048013        1.72397181134473
C            3.18419593227503        0.06664602458766        2.36351209976086
O            3.95372731461036        0.98161333715326        3.09849361403892
C            1.06005605224353       -0.28656206133691        0.99241395591727
O           -0.28038328620459        0.17553114135537        1.09312331899400
C           -1.35895788106688       -0.62369000409049        1.53934788697458
O           -2.50265226416241       -0.14482577563895        0.89580351542793
C           -2.52244043442593       -0.39674658852348       -0.50586416429773
C           -3.78639381999815        0.28300738295842       -1.05619392630929
O           -3.85895164313180        0.21017963644315       -2.45846150905913
C           -2.54867090747808       -1.90884617539022       -0.78563485551228
O           -2.44248839859572       -2.19354624423699       -2.15802147336353
C           -1.37632747638333       -2.60047562069130       -0.07804094934735
O           -1.52061008637013       -4.00129994413721       -0.07994736723196
C           -1.31463563870392       -2.15895155915468        1.38712952852121
O           -0.22024914817235       -2.71025375547066        2.06745100131089
C            1.48802331262999       -0.40683268199417       -0.48406114124715
O            2.72351469499230       -1.06812088563127       -0.49708432892492
C            1.52551486011696        0.96361327694831       -1.18968957975569
O            0.41616535624686        1.05633247753234       -2.04558235706325
H            2.38292379421277        4.41590254773703        0.86249653615365
H            0.72132324873907        4.57212871889288        0.23028476726756
H            2.09793877461074        5.24984209557520       -0.69132529914226
H            0.52654183749065        2.21189739381307        0.28304803358697
H            1.34691421203655        1.20539555306210        2.51131985316300
H            3.77808034725814       -0.40101541457888        1.56930598841565
H            2.85361986503007       -0.69789082630605        3.06827762685394
H            4.18785801641296        1.70827803376349        2.50625483025949
H            1.17863929871382       -1.26151231503456        1.46835875072999
H           -1.52022462368238       -0.40667597454441        2.60875825610922
H           -1.62737128087980        0.03853984256794       -0.97713240837606
H           -3.81169984952255        1.31598172590657       -0.69612661444336
H           -4.66812427606697       -0.23615107092285       -0.67289044372381
H           -3.21405349391346        0.81638609079581       -2.84587969454278
H           -3.48537305239669       -2.32530377467730       -0.37578527290457
H           -3.07501891887072       -1.62523777100863       -2.63186613735169
H           -0.44710415736077       -2.32965375375214       -0.59530875323443
H           -1.66693187260370       -4.28431155234201       -0.99296489993421
H           -2.25289101001299       -2.50601513388764        1.85570402868938
H           -0.22653839423744       -3.66622381810774        1.90453804679960
H            0.72875148343321       -0.99057769925800       -1.02386742648429
H            2.97872521688247       -1.26684571117017       -1.40859957050957
H            2.46532988647365        1.04452075233434       -1.75722724292709
H            0.46574165257565        1.90125166504133       -2.51372172434349
48
 energy: -84.833393931570 gnorm: 0.001821790944 xtb: 6.7.1 (edcfbbe)
C            1.78049077479815        4.44142758001268       -0.04185972256731
O            1.94392657726301        3.25066465288942       -0.80004903644795
C            1.53781422864747        2.09545773113297       -0.15207915632607
O            2.44809712985120        1.76186875251256        0.87338036828838
C            1.95721021194836        0.73680047475914        1.72538199470154
C            3.18069678343317        0.06652229260118        2.36485756059256
O            3.95064420849409        0.98050704690120        3.10036608178418
C            1.05696669088939       -0.28454829938692        0.99342177264401
O           -0.28328525538781        0.17953808584198        1.09079345626595
C           -1.36175071768686       -0.61948615817169        1.53672901441165
O           -2.50551693767223       -0.14393442052328        0.89099767345427
C           -2.52219943164181       -0.39812963737350       -0.51005440398692
C           -3.78627647080562        0.27820955375399       -1.06404664255112
O           -3.85587500066783        0.20315878983676       -2.46638878705026
C           -2.54549934942397       -1.91078542062312       -0.78736031142857
O           -2.43403266226103       -2.19771261233995       -2.15903586168304
C           -1.37579170640534       -2.60124970330704       -0.07452652575404
O           -1.52295691938693       -4.00193168744806       -0.07167798862524
C           -1.31624871471922       -2.15505753225337        1.38932975886585
O           -0.22276833574986       -2.70463230121390        2.07275806516874
C            1.48585848276826       -0.40597225877715       -0.48288849867477
O            2.71989594315608       -1.06940793148730       -0.49582585391640
C            1.52574039040460        0.96447127526836       -1.18825484292516
O            0.41778494727771        1.05802796096132       -2.04599177887281
H            2.38956661969453        4.41397349804113        0.86317709025943
H            0.72885471118942        4.57738460377361        0.23063470852220
H            2.10858982659794        5.24935103780137       -0.69062872886763
H            0.52524821312450        2.21528083784802        0.28149215012341
H            1.34411223153236        1.20561883528049        2.51315954016866
H            3.77421128538097       -0.40200660814125        1.57098667069112
H            2.84914979563028       -0.69764085118314        3.06976176899859
H            4.19253522506762        1.70363016222658        2.50684171859083
H            1.17284209293777       -1.25912518776815        1.46997590155694
H           -1.52494710875463       -0.39919460607649        2.60514077736754
H           -1.62706355761256        0.03789022498533       -0.98048870908842
H           -3.81472535592538        1.31147478805894       -0.70570287198554
H           -4.66749058246716       -0.24228648141179       -0.68180554122713
H           -3.21223509684437        0.81082051465258       -2.85356157228389
H           -3.48338321963880       -2.32749476469105       -0.38043489323235
H           -3.06593885690593       -1.63130608625938       -2.63581960822098
H           -0.44465999458310       -2.33432321176146       -0.59035516492689
H           -1.66564224887365       -4.28812564867478       -0.98403409625347
H           -2.25503397768182       -2.50058269528971        1.85793303271127
H           -0.23038176692348       -3.66108886028587        1.91456744647040
H            0.72577522377963       -0.98811309860360       -1.02311487190732
H            2.97525681697608       -1.26774133115209       -1.40718754135271
H            2.46647505099084        1.04473632785066       -1.75443578465437
H            0.46595272369390        1.90505663285422       -2.51059342531361
48
 energy: -84.833446979026 gnorm: 0.001961998245 xtb: 6.7.1 (edcfbbe)
C            1.80355823362560        4.44431216536156       -0.04133208923345
O            1.94911862164357        3.25139505665812       -0.80061249542059
C            1.53305568623728        2.10052915615680       -0.15019540383987
O            2.43488069907874        1.77099950792923        0.88247545413427
C            1.94602212477987        0.74152806503833        1.73021557237419
C            3.16972805613169        0.06953126455563        2.36846359386869
O            3.94247136110493        0.98254430381971        3.10165807681180
C            1.04714943963090       -0.27820320546630        0.99758961309841
O           -0.29342293966332        0.18892915683027        1.08630377969368
C           -1.37050551524480       -0.61089308073764        1.53047280255374
O           -2.51469804949880       -0.14459996063539        0.87882135133769
C           -2.52061923407078       -0.40307092359103       -0.52111206423616
C           -3.78276104571957        0.26704650250298       -1.08621701061009
O           -3.84500355833812        0.18342968431652       -2.48853346870273
C           -2.53742358258127       -1.91700158386898       -0.79288650728248
O           -2.41090335863149       -2.20956905202374       -2.16240485984185
C           -1.37561577849723       -2.60524364761016       -0.06568100849190
O           -1.53161556651223       -4.00533903944399       -0.05007522101905
C           -1.32138672218729       -2.14678173890066        1.39451537926208
O           -0.22966809228781       -2.69242598481274        2.08503854197888
C            1.48005787790514       -0.40340330909999       -0.47791634287050
O            2.71238852963123       -1.06900808625067       -0.48701544007242
C            1.52507305606767        0.96675961026800       -1.18341530412725
O            0.42205961462974        1.06113495719014       -2.04780008002219
H            2.41354126853289        4.40731501683758        0.86263519387323
H            0.75434506828585        4.59512651454911        0.23305517253829
H            2.14230237694828        5.24756339573049       -0.69038941742224
H            0.51721139544109        2.22703671304275        0.27410122158002
H            1.33349341528469        1.20634215918115        2.52075726286418
H            3.76067249490521       -0.40358448871243        1.57580285336664
H            2.83614618590717       -0.69174648500744        3.07603462786123
H            4.20512272945969        1.69363547026988        2.50197140907879
H            1.15641851664379       -1.25128420268791        1.47655933759568
H           -1.53997964764987       -0.38310297786534        2.59652159085701
H           -1.62347591108905        0.03401427834882       -0.98660591711429
H           -3.81570415525115        1.30212840476193       -0.73461266774891
H           -4.66433958340696       -0.25319685692533       -0.70508662258387
H           -3.20420385692609        0.79360809321322       -2.87626710873834
H           -3.47889344104541       -2.33379692516276       -0.39450377543653
H           -3.04124999729455       -1.64904331000334       -2.64752509974845
H           -0.43913031939768       -2.34930155894291       -0.57755928685561
H           -1.66550097954254       -4.30029129426902       -0.96057843587841
H           -2.26111266047961       -2.48881846759487        1.86353953854926
H           -0.24077339225898       -3.64989837088392        1.93736906029224
H            0.72049714863540       -0.98382547025934       -1.02001766240037
H            2.96859124896165       -1.27205489663613       -1.39675153262938
H            2.46898350206283        1.04536191066951       -1.74489387475080
H            0.46509165552900        1.91520780462995       -2.50042844031502
48
 energy: -84.833470620246 gnorm: 0.001489296539 xtb: 6.7.1 (edcfbbe)
C            1.81608676228959        4.44604894246376       -0.04091568799238
O            1.95298453433002        3.25259806372609       -0.80108268275248
C            1.53225970702468        2.10364608442377       -0.14971364149705
O            2.43051209883432        1.77448045379624        0.88557147694852
C            1.94062010560163        0.74536998086549        1.73247720062758
C            3.16397972910001        0.07121115107088        2.37018256745358
O            3.94007773195541        0.98297628513050        3.10150671626346
C            1.04195540812400       -0.27434689439917        1.00005754541391
O           -0.29910921079484        0.19206827032406        1.08544310906488
C           -1.37650403226908       -0.60763173438185        1.52869641167410
O           -2.51930346518815       -0.14351089219496        0.87278627887596
C           -2.51983179610111       -0.40607863828541       -0.52685105793738
C           -3.78054113540259        0.26132918677397       -1.09871547135779
O           -3.83826818285219        0.17219496373490       -2.50094740360494
C           -2.53389610182474       -1.92084002575312       -0.79543262708025
O           -2.39944699423710       -2.21563043386571       -2.16368268984059
C           -1.37574416739298       -2.60783212660708       -0.06079748145082
O           -1.53426985235247       -4.00758415442166       -0.03968092888782
C           -1.32645117003875       -2.14374588618744        1.39777711554783
O           -0.23661258550574       -2.68689832806962        2.09403235208490
C            1.47690165572114       -0.40108727190161       -0.47490234618214
O            2.70908809844039       -1.06750170950799       -0.48121245663753
C            1.52465333772964        0.96862735036623       -1.18149785074923
O            0.42382231856242        1.06382888641108       -2.04851716415337
H            2.42674324781433        4.40413854691834        0.86237512992474
H            0.76822451921917        4.60372999540155        0.23456521597444
H            2.15965931388569        5.24736965745793       -0.68979151487089
H            0.51532802391649        2.23350032989286        0.27131719129050
H            1.32872407143145        1.21010619445159        2.52383252385704
H            3.75267244517000       -0.40406205523546        1.57720314627558
H            2.82901900041726       -0.68867624273955        3.07862632104164
H            4.20592254853754        1.69109112318478        2.50039160780967
H            1.15020657378477       -1.24696792959166        1.48030110913079
H           -1.54939226374033       -0.37730652646350        2.59397244703758
H           -1.62132348040108        0.03097899471236       -0.98970377180637
H           -3.81483673983839        1.29796988529215       -0.75109410940178
H           -4.66333037093825       -0.25771855551644       -0.71816164306533
H           -3.19830626453814        0.78310330867141       -2.88890791264800
H           -3.47729960505463       -2.33740654819241       -0.40149643458654
H           -3.02936613806973       -1.65859798967875       -2.65336520976914
H           -0.43685504910853       -2.35586251137951       -0.57019521027060
H           -1.66356124094467       -4.30701970456280       -0.94959560354516
H           -2.26766523196323       -2.48445237437261        1.86488201393055
H           -0.24786740776724       -3.64526653514363        1.95061935914436
H            0.71773651151231       -0.98135683787274       -1.01783242056911
H            2.96582180855207       -1.27380373357017       -1.39030897557951
H            2.46996156429695        1.04521439172756       -1.74107936791575
H            0.46681429068044        1.91959787245447       -2.49765089876705
48
 energy: -84.833498590114 gnorm: 0.001253363638 xtb: 6.7.1 (edcfbbe)
C            1.83065418312710        4.44773709832471       -0.04058566902600
O            1.95681213521136        3.25380422518387       -0.80174406649407
C            1.53142693741897        2.10695731120363       -0.14919048004875
O            2.42625079317448        1.77768078672131        0.88850276002461
C            1.93426466301059        0.75055760027316        1.73563818615601
C            3.15738981750471        0.07507745040687        2.37324188322676
O            3.93828215816495        0.98684484815442        3.09959104095130
C            1.03647119220081       -0.27047828174271        1.00339090300415
O           -0.30535478832032        0.19324220135781        1.08591479159227
C           -1.38350993546071       -0.60652449485110        1.52780532993660
O           -2.52383616151536       -0.14311575766523        0.86686299493339
C           -2.51861555193076       -0.41000683774778       -0.53255649820104
C           -3.77590453946493        0.25724119002383       -1.11191867520313
O           -3.83012657259675        0.15995699304830       -2.51358790962785
C           -2.53181692140099       -1.92548256290568       -0.79758776164385
O           -2.39057578843091       -2.22246707353270       -2.16415926203234
C           -1.37658341090395       -2.61107654928282       -0.05680540763257
O           -1.53566800464864       -4.01043118479367       -0.03186400117924
C           -1.33289793218785       -2.14273894117282        1.40024077263697
O           -0.24503416393765       -2.68273871381931        2.10190426176964
C            1.47391621855540       -0.39845380345662       -0.47062745565641
O            2.70728633830926       -1.06352252532771       -0.47338747393331
C            1.52331020701267        0.97037642642141       -1.17928125557044
O            0.42408169176784        1.06593776050996       -2.04797505016925
H            2.44355304409246        4.40076217659787        0.86087036888597
H            0.78490355252873        4.61309986634307        0.23784171794565
H            2.17842450758318        5.24686155682848       -0.68981389011233
H            0.51371927621436        2.24026184932348        0.26927429558487
H            1.32241807886043        1.21646567368376        2.52653603834610
H            3.74289120255581       -0.40358882009199        1.57989536828392
H            2.82189091555805       -0.68183818095173        3.08425360531091
H            4.20023690703118        1.69405942757345        2.49641657107943
H            1.14589582802460       -1.24275950673516        1.48507882567995
H           -1.55978076823778       -0.37520894965619        2.59249980083501
H           -1.61783723527282        0.02554277530072       -0.99218652639032
H           -3.80745846704253        1.29618139920401       -0.77072731905899
H           -4.66132896489126       -0.25654705394989       -0.73014521987598
H           -3.18927548202862        0.76845607421398       -2.90349329756355
H           -3.47687092424243       -2.34123960985315       -0.40729816065564
H           -3.02045261188690       -1.66921184558802       -2.65808250591938
H           -0.43597592078171       -2.36062370655902       -0.56358955112629
H           -1.66333084508527       -4.31333652327652       -0.94060870474208
H           -2.27546654313221       -2.48334662087068        1.86451183428446
H           -0.25470761135432       -3.64155024923627        1.96017746816255
H            0.71645189175989       -0.98046827233732       -1.01408120513758
H            2.96341344273479       -1.27653685125040       -1.38131640130065
H            2.46951875082896        1.04462061242820       -1.73767558395410
H            0.46893833339027        1.92156189813878       -2.49667523191757
48
 energy: -84.833520578904 gnorm: 0.001200841257 xtb: 6.7.1 (edcfbbe)
C            1.84663334634633        4.44916615558233       -0.03966846373323
O            1.96162693943767        3.25479384511866       -0.80187234418640
C            1.53134346367031        2.11014482071825       -0.14843531714124
O            2.42327564644307        1.77969688512377        0.89114501557278
C            1.92767195534676        0.75498698677690        1.73863176266374
C            3.14939210605430        0.07887491493549        2.37850794197755
O            3.93416627656633        0.99203848959152        3.09908589510830
C            1.03094249253399       -0.26732352253988        1.00611464502628
O           -0.31129918745084        0.19477236638419        1.08514916910040
C           -1.39072278395410       -0.60438989865332        1.52606126934885
O           -2.52848121748305       -0.14200227426743        0.85995072433875
C           -2.51710682540500       -0.41390328713538       -0.53889556722202
C           -3.77079340903493        0.25313715927958       -1.12650045317835
O           -3.82107566428731        0.14581268686246       -2.52763112660651
C           -2.52981804128666       -1.93028916896326       -0.79974924022797
O           -2.38217847184132       -2.23138405071254       -2.16456153930188
C           -1.37743158881928       -2.61391582643410       -0.05207870612634
O           -1.53622516321019       -4.01304037218207       -0.02320325100010
C           -1.33951780835706       -2.14109049593813        1.40348952544997
O           -0.25439126218179       -2.67798592138463        2.11185728900047
C            1.47139985629253       -0.39588717416259       -0.46697398834207
O            2.70569588926681       -1.05993675928322       -0.46686397728811
C            1.52179373803789        0.97226628179965       -1.17722255198583
O            0.42330365824750        1.06835858790756       -2.04660402543452
H            2.46218325368631        4.39718377284391        0.85979517530281
H            0.80303042487576        4.62230717605956        0.24219359250712
H            2.19841576298274        5.24606638671793       -0.68956911317761
H            0.51315703987794        2.24693318664646        0.26814796705389
H            1.31452577405311        1.22280044986249        2.52740515967537
H            3.73248945798385       -0.40436043099737        1.58602494365683
H            2.81295735393005       -0.67407459121669        3.09321205302513
H            4.18982672495373        1.69946606766479        2.49307483879684
H            1.14111386525028       -1.23930644124705        1.48894385543073
H           -1.56998063645861       -0.37064189421771        2.58989093568923
H           -1.61371735064445        0.01947576565501       -0.99537453196345
H           -3.79957993597501        1.29492563019291       -0.79274005183346
H           -4.65918891211050       -0.25494366519715       -0.74333704972371
H           -3.17834455159935        0.75092937709885       -2.92002852497861
H           -3.47660566403412       -2.34458956617167       -0.41222648455277
H           -3.01192022519917       -1.68202986142493       -2.66320632655067
H           -0.43488524006740       -2.36464015245558       -0.55600085631301
H           -1.66104743300218       -4.31952492119385       -0.93162564768813
H           -2.28416146147057       -2.48031965660541        1.86486971534001
H           -0.26178444858710       -3.63729255453296        1.97185997818826
H            0.71554743541545       -0.97902404686410       -1.01151766645382
H            2.96045679983603       -1.27949995334155       -1.37375170735559
H            2.46843526950932        1.04439395518555       -1.73513922912506
H            0.47086567516443        1.92285982971471       -2.49714948145162
48
 energy: -84.833537010892 gnorm: 0.001093721252 xtb: 6.7.1 (edcfbbe)
C            1.85914092473019        4.44962518813166       -0.03891933699643
O            1.96529524709932        3.25479061373336       -0.80168342197764
C            1.53168222808749        2.11199366121623       -0.14733715952622
O            2.42219511642708        1.78028305022428        0.89306602294100
C            1.92301206153219        0.75809144067110        1.74151464121098
C            3.14305230329548        0.08274849814985        2.38510598845773
O            3.92979356982132        0.99838422473030        3.10049482416025
C            1.02755054112829       -0.26525563714964        1.00858217543376
O           -0.31476173796763        0.19646917607575        1.08390032509602
C           -1.39540578743867       -0.60212209997593        1.52362423360625
O           -2.53105844453218       -0.14108374649627        0.85326036803183
C           -2.51549290682893       -0.41675242081562       -0.54485446571464
C           -3.76619085717311        0.25028740763667       -1.13868995820754
O           -3.81488618616926        0.13458929352509       -2.53913583001492
C           -2.52875829823953       -1.93405272700987       -0.80091360720167
O           -2.37841108248566       -2.23959840893675       -2.16422358426161
C           -1.37783629679213       -2.61575674584755       -0.04936656551573
O           -1.53615671229503       -4.01483803212217       -0.01771755748632
C           -1.34371450251848       -2.13908922110875        1.40494352478452
O           -0.26032890215870       -2.67336947503795        2.11727913683165
C            1.46970219100429       -0.39478640793782       -0.46393771563705
O            2.70442604169422       -1.05808133974606       -0.46274461187204
C            1.52025399052827        0.97304918341547       -1.17508373961995
O            0.42119121574741        1.06902085276887       -2.04363572123302
H            2.47735473701023        4.39427416388196        0.85843312687512
H            0.81753111244444        4.62856896472793        0.24652059049576
H            2.21322057950613        5.24466677765136       -0.68981267886076
H            0.51365092803866        2.25152386994439        0.26880354965402
H            1.30798714217036        1.22836085635270        2.52732121301917
H            3.72527031870900       -0.40547104408849        1.59490116103881
H            2.80560640485372       -0.66592320985391        3.10380255519269
H            4.17998905539314        1.70562765506131        2.49162364647523
H            1.13743667552070       -1.23678933647684        1.49254457942528
H           -1.57731148867437       -0.36598655485703        2.58642693603467
H           -1.61023797216193        0.01453334810202       -0.99956484349478
H           -3.79198256455465        1.29423169604147       -0.81169516016592
H           -4.65669577661240       -0.25246457987169       -0.75357486660930
H           -3.16935711618938        0.73475892195755       -2.93448559642044
H           -3.47650450687857       -2.34663220136993       -0.41401479876980
H           -3.00797208808223       -1.69272261754497       -2.66574982759932
H           -0.43439923341148       -2.36704746881480       -0.55195710854316
H           -1.66120189632770       -4.32303953024835       -0.92518367772199
H           -2.28935724385502       -2.47741870652926        1.86488676494271
H           -0.26628288372027       -3.63307536455747        1.97930911210391
H            0.71443382415781       -0.97867527492999       -1.00850273518704
H            2.95755219632831       -1.28183560051790       -1.36905832376412
H            2.46648140207031        1.04414238297178       -1.73376369465032
H            0.47048760225558        1.92184082037108       -2.49725368035574
48
 energy: -84.833553518735 gnorm: 0.000813074892 xtb: 6.7.1 (edcfbbe)
C            1.87017725842372        4.44935418556928       -0.03815356079878
O            1.96999335091184        3.25430494636444       -0.80130111766338
C            1.53340124123623        2.11307464405995       -0.14652213593131
O            2.42319043301588        1.77929509265859        0.89408238662907
C            1.91935686262585        0.76016272340232        1.74367598457874
C            3.13628572043896        0.08586254363511        2.39368470607211
O            3.92349706677062        1.00448952331546        3.10495009358636
C            1.02510396342592       -0.26373201249407        1.01011225425263
O           -0.31708487227481        0.19878933453181        1.08131773266750
C           -1.39911696908491       -0.59862145109126        1.52013110880862
O           -2.53293325885235       -0.13909022802714        0.84592958056709
C           -2.51391908663495       -0.41906266266720       -0.55121233756725
C           -3.76225579774808        0.24737437097214       -1.15052286733172
O           -3.80950275105698        0.12346849385884       -2.55034805077995
C           -2.52817863203334       -1.93726845953905       -0.80199354052335
O           -2.37708317487920       -2.24894254156283       -2.16394068053440
C           -1.37823005297013       -2.61632689126146       -0.04658561676876
O           -1.53547475118025       -4.01549043807883       -0.01212555329121
C           -1.34698257201181       -2.13601179950533        1.40651141525521
O           -0.26557733532025       -2.66826622236689        2.12316269971484
C            1.46934109319637       -0.39396524908392       -0.46183673730342
O            2.70406614021088       -1.05695565718761       -0.46008311691864
C            1.51916632144221        0.97354871007154       -1.17372748557676
O            0.41848848199092        1.06934395234628       -2.04033634731754
H            2.49073481437261        4.39181992095537        0.85741327952813
H            0.83013237466362        4.63206793256741        0.25036268442446
H            2.22529568516551        5.24305926594233       -0.69008323470985
H            0.51590085819759        2.25517895949167        0.26997711581462
H            1.30156682154977        1.23363048401737        2.52531886556891
H            3.71928834927437       -0.40814215909358        1.60752196836556
H            2.79623363239361       -0.65791290313828        3.11639170196928
H            4.16946538878743        1.71130251239290        2.49350487892142
H            1.13367631922387       -1.23485896048312        1.49493558073886
H           -1.58347614996785       -0.35918920014172        2.58167407053726
H           -1.60706849187284        0.00982367767093       -1.00494557863355
H           -3.78591303656075        1.29333705033050       -0.82997660353770
H           -4.65445678447369       -0.25097271631404       -0.76369943492147
H           -3.16022876215529        0.71797725882038       -2.94845205913150
H           -3.47651574206696       -2.34743740171750       -0.41394830674710
H           -3.00628173292641       -1.70391413412104       -2.66801266957166
H           -0.43388803273264       -2.36822492113308       -0.54790261229812
H           -1.65981917488238       -4.32527385248296       -0.91941798642664
H           -2.29391820120805       -2.47267529202517        1.86514388123406
H           -0.27039782887624       -3.62817740000656        1.98736435868586
H            0.71436823749670       -0.97805373081719       -1.00652340082730
H            2.95615234538628       -1.28278712264117       -1.36608046576130
H            2.46440809435717        1.04399779448976       -1.73406329230810
H            0.46900526289943        1.92008432998359       -2.49788736767101
48
 energy: -84.833567710235 gnorm: 0.000758187759 xtb: 6.7.1 (edcfbbe)
C            1.87904517100690        4.44859008063667       -0.03785248382403
O            1.97491511282262        3.25338682726848       -0.80125936365948
C            1.53580775470972        2.11342883542270       -0.14621252618154
O            2.42513809996111        1.77772926643771        0.89440121807497
C            1.91646651214792        0.76211937171936        1.74545006614936
C            3.12959295996638        0.08878645569502        2.40301502535784
O            3.91622690361390        1.01010423472883        3.11160871610395
C            1.02370874404145       -0.26249822836594        1.01137963493189
O           -0.31829737526142        0.20145019881700        1.07829256988788
C           -1.40162606787448       -0.59456948573608        1.51629038944504
O           -2.53384738892370       -0.13669375204002        0.83846981338989
C           -2.51256572019188       -0.42078336511056       -0.55769141850735
C           -3.75915294658604        0.24479993651513       -1.16144255856856
O           -3.80560305034223        0.11385205555524       -2.56070622406968
C           -2.52807270836836       -1.94000295361420       -0.80239200207794
O           -2.37836191993374       -2.25815754270295       -2.16308067692024
C           -1.37819392847726       -2.61640698757385       -0.04500078930339
O           -1.53434730619159       -4.01575879813006       -0.00780712109981
C           -1.34934512108111       -2.13223546888821        1.40697777851655
O           -0.26916494576444       -2.66261767180815        2.12652392670821
C            1.46989314754445       -0.39402564960462       -0.45999194215182
O            2.70486174510880       -1.05599148012678       -0.45700931894150
C            1.51877449300846        0.97320967387487       -1.17268489557147
O            0.41600555165074        1.06838396086715       -2.03678217251316
H            2.50159253006451        4.38991876967194        0.85631110939305
H            0.83999454260323        4.63321606239474        0.25314668821670
H            2.23412457024248        5.24167542453655       -0.69059856074161
H            0.51889802412831        2.25793263177824        0.27085468754418
H            1.29588742300978        1.23915762975220        2.52270759590246
H            3.71443333160756       -0.41100215732086        1.62178667815660
H            2.78576870602879       -0.65006685383594        3.12910009944422
H            4.16208674693872        1.71507030522726        2.49774804955979
H            1.13035207449970       -1.23310477250972        1.49729437359922
H           -1.58850359515345       -0.35180563648907        2.57659127738675
H           -1.60454415197296        0.00581681045946       -1.01122165026338
H           -3.78153450497358        1.29245216425336       -0.84649680212487
H           -4.65243700797206       -0.25019974860950       -0.77299253132301
H           -3.15221888959046        0.70243667765782       -2.96114261352917
H           -3.47654257845433       -2.34774642865855       -0.41186815881218
H           -3.00730136467105       -1.71433115370429       -2.66883125740957
H           -0.43352964695256       -2.36860055031306       -0.54595448394771
H           -1.65975177918067       -4.32657223736363       -0.91442245018068
H           -2.29690916725575       -2.46747747928938        1.86529679751614
H           -0.27382586757824       -3.62289488455093        1.99366963846330
H            0.71546015517435       -0.97894542854720       -1.00459778522192
H            2.95762964987318       -1.28193759982575       -1.36274386309969
H            2.46264371445028        1.04331232745567       -1.73533257777775
H            0.46636229535845        1.91759091908183       -2.49731573899274
48
 energy: -84.833580197763 gnorm: 0.000793591652 xtb: 6.7.1 (edcfbbe)
C            1.88523005546186        4.44757107885992       -0.03841227156359
O            1.97984157649547        3.25225314981573       -0.80179196076958
C            1.53889030606992        2.11321531041078       -0.14658252622079
O            2.42774532580828        1.77599044157258        0.89413912326492
C            1.91445417029032        0.76405755979446        1.74667203038017
C            3.12350792043895        0.09131799903074        2.41199870896702
O            3.90909614446390        1.01418894066675        3.11980382647896
C            1.02284813161858       -0.26107869221339        1.01215977077685
O           -0.31910161609560        0.20397410651949        1.07536702130999
C           -1.40341170489336       -0.59086655300552        1.51245084470224
O           -2.53444317002888       -0.13423807622969        0.83180855856343
C           -2.51182514909395       -0.42219734514538       -0.56349259469764
C           -3.75721044004685        0.24244641623657       -1.17048888796264
O           -3.80314154787041        0.10653891560530       -2.56928853353433
C           -2.52888175334696       -1.94215680434165       -0.80290309591931
O           -2.38153571779611       -2.26627742779816       -2.16260168688897
C           -1.37864127011184       -2.61584670009620       -0.04386460649405
O           -1.53333961829726       -4.01534070601284       -0.00435934088938
C           -1.35093369561444       -2.12880535311662        1.40712097155652
O           -0.27170213119306       -2.65792065770878        2.12911001906992
C            1.47180640604122       -0.39409987154496       -0.45832832548208
O            2.70739351173701       -1.05447373541690       -0.45284470792590
C            1.51926640928181        0.97245212952751       -1.17241618965584
O            0.41443660812231        1.06671761191552       -2.03408431607697
H            2.50909484096998        4.38903609344883        0.85480332095396
H            0.84667595485223        4.63220741543245        0.25429485427039
H            2.23925473656473        5.24062998019033       -0.69172516674414
H            0.52241702542766        2.25968112990499        0.27080477365529
H            1.29117963071801        1.24462741499936        2.51960695108262
H            3.71059901274257       -0.41336625660040        1.63563064569885
H            2.77511006889162       -0.64340383982852        3.14012765234655
H            4.15876142281244        1.71618691534831        2.50401421944196
H            1.12766932567992       -1.23112182877982        1.49919526085514
H           -1.59247743405300       -0.34554773671183        2.57168756819611
H           -1.60294848904666        0.00223906144623       -1.01731748103098
H           -3.77861366932822        1.29121184058435       -0.85973415667672
H           -4.65125959296435       -0.25003156890337       -0.78083878733947
H           -3.14593324966123        0.68991813842815       -2.97115598443737
H           -3.47717300003688       -2.34749555038634       -0.40924615096872
H           -3.01017415046736       -1.72316677575111       -2.66956019549577
H           -0.43391545312996       -2.36814119717057       -0.54473458410531
H           -1.65979709833244       -4.32715438345593       -0.91050816514563
H           -2.29903643355106       -2.46291925807724        1.86508045854038
H           -0.27668527671765       -3.61840253468060        1.99870472157445
H            0.71878529941024       -0.98055131463263       -1.00324747567914
H            2.96278515000076       -1.27917618675966       -1.35813502348709
H            2.46177730308824        1.04207756515045       -1.73738698028301
H            0.46354825248789        1.91523544857854       -2.49604795706673
48
 energy: -84.833593581747 gnorm: 0.000846349267 xtb: 6.7.1 (edcfbbe)
C            1.89001923584936        4.44658902926251       -0.03990627903491
O            1.98520048214405        3.25109588318006       -0.80295828404302
C            1.54265149763137        2.11279459938101       -0.14762718622396
O            2.43077023354617        1.77424946998977        0.89339784456335
C            1.91251822255722        0.76644435129177        1.74758204416717
C            3.11701265911199        0.09371695129618        2.42108836292043
O            3.90106068741808        1.01727451856505        3.12963903980051
C            1.02229919131196       -0.25974456329955        1.01275552544393
O           -0.31959402330557        0.20634517266655        1.07230859818390
C           -1.40497460251666       -0.58709286762802        1.50871956222161
O           -2.53486107980149       -0.13157866155811        0.82531495935297
C           -2.51159378085703       -0.42353298534568       -0.56913351182300
C           -3.75597954074565        0.24045869643750       -1.17879833282422
O           -3.80123596437724        0.10017650719092       -2.57724779943679
C           -2.53020995992307       -1.94425702440425       -0.80311347727153
O           -2.38593020079605       -2.27422770429936       -2.16181743536854
C           -1.37909870518769       -2.61536924310831       -0.04343162478341
O           -1.53220870118685       -4.01501204599734       -0.00146224078076
C           -1.35266805327484       -2.12526985348493        1.40666558572584
O           -0.27412790843022       -2.65328730940930        2.13060933363899
C            1.47475343935921       -0.39449779524968       -0.45656382737298
O            2.71170131539050       -1.05196403389258       -0.44669897054591
C            1.52070489656632        0.97120797592216       -1.17247643341347
O            0.41384108739525        1.06438411493905       -2.03169866411810
H            2.51479667304913        4.38898658887989        0.85277482154093
H            0.85147386998647        4.62993457087121        0.25379095917028
H            2.24237087416346        5.23996481040897       -0.69376462083966
H            0.52645087856485        2.26102853216227        0.26981059750587
H            1.28660637074405        1.25081720583810        2.51606183574191
H            3.70680236397906       -0.41523819432801        1.64963673200675
H            2.76317899315166       -0.63742640155472        3.15020843805886
H            4.15844892435854        1.71499952454307        2.51214797317969
H            1.12535133906391       -1.22916501033443        1.50116974308513
H           -1.59617882562615       -0.33929152469931        2.56706248349852
H           -1.60195513560245       -0.00143373252248       -1.02358358699160
H           -3.77704231525611        1.29028319400085       -0.87142497196511
H           -4.65062883636356       -0.25028345047231       -0.78833670774974
H           -3.14064956430034        0.67914079756142       -2.98005314917696
H           -3.47813187860277       -2.34723888379183       -0.40592837220830
H           -3.01435542744933       -1.73173340077641       -2.66978742039997
H           -0.43458059322814       -2.36730489931900       -0.54465655353145
H           -1.66019721056460       -4.32807516821183       -0.90707113913571
H           -2.30111373277045       -2.45823430139223        1.86473126690589
H           -0.27978397008081       -3.61402982071274        2.00263879963879
H            0.72440489531923       -0.98373821643964       -1.00228944412179
H            2.97206008493501       -1.27416574043155       -1.35122536151916
H            2.46178995068273        1.04025547551987       -1.73992827221378
H            0.46082477274628        1.91303917577793       -2.49364670802167
48
 energy: -84.833617989903 gnorm: 0.000598742004 xtb: 6.7.1 (edcfbbe)
C            1.88786587075478        4.44987531229338       -0.03702054692339
O            1.98476751231824        3.25517326188641       -0.80119638537473
C            1.54307071875731        2.11574058492590       -0.14713197257868
O            2.43089988575739        1.77681368743032        0.89386113878491
C            1.91311202175823        0.76793293141895        1.74670587198659
C            3.11786293176636        0.09505847627163        2.41969796095441
O            3.90112339792890        1.01757897475034        3.13030774715862
C            1.02381537863601       -0.25875531070576        1.01095584104780
O           -0.31858686559268        0.20561019683252        1.07113492340183
C           -1.40386867626044       -0.58833480524393        1.50716833048887
O           -2.53364720083905       -0.13253024606352        0.82366856544161
C           -2.51164767776493       -0.42684656986606       -0.57043762680287
C           -3.75542436104399        0.23814115936767       -1.18041851840889
O           -3.80149900627933        0.09649825652048       -2.57868955474650
C           -2.53308484004874       -1.94791991404775       -0.80204559757837
O           -2.39036183358020       -2.27997582637441       -2.16027233879848
C           -1.38231969567767       -2.61975757175480       -0.04228453413676
O           -1.53794039800832       -4.01890503043040        0.00309946949846
C           -1.35282668960613       -2.12673156533961        1.40666630294104
O           -0.27389484870099       -2.65479324279219        2.13014008100220
C            1.47800565895725       -0.39107761075970       -0.45803356567064
O            2.71634340605872       -1.04622204381394       -0.44676939946900
C            1.52260642723590        0.97514138158726       -1.17302158401963
O            0.41608731767572        1.06800640398747       -2.03263725662439
H            2.51233082231506        4.39210585004813        0.85588867116288
H            0.84894174887938        4.63173922940963        0.25632593811437
H            2.23958352096870        5.24434376812044       -0.68990475261519
H            0.52646660528235        2.26264429074710        0.26988027699801
H            1.28689777529737        1.25109233387245        2.51570357635459
H            3.70811297194514       -0.41216073593889        1.64753704066939
H            2.76388079769751       -0.63755622563621        3.14707949435366
H            4.16090808925821        1.71489756879254        2.51388090339071
H            1.12807397369275       -1.22859496811458        1.49856518917796
H           -1.59506957614807       -0.34045884328596        2.56559554364378
H           -1.60156253290371       -0.00695294568958       -1.02610203432457
H           -3.77461249027996        1.28836992577527       -0.87408558234277
H           -4.65069199654164       -0.25073005098829       -0.78890570316743
H           -3.14097905907153        0.67470141964710       -2.98242459968849
H           -3.48126101379196       -2.34876010211425       -0.40344348228736
H           -3.01840546973569       -1.73753961107559       -2.66873409256817
H           -0.43820011348707       -2.37484195732373       -0.54548402378425
H           -1.66810245245193       -4.33404382057048       -0.90147171862888
H           -2.30105860700155       -2.45821544961718        1.86627104446698
H           -0.28061104362082       -3.61577550114776        2.00319593029339
H            0.72991522880188       -0.98102966831238       -1.00594652617171
H            2.97929094364854       -1.26622267285080       -1.35106692901409
H            2.46386376850566        1.04535770344824       -1.74005919618674
H            0.46182260312465        1.91790388584067       -2.49225819083809
48
 energy: -84.833638510804 gnorm: 0.000617095938 xtb: 6.7.1 (edcfbbe)
C            1.88519681690455        4.45293360969238       -0.03366477962791
O            1.98412684398052        3.25906154018799       -0.79912774745568
C            1.54341821292873        2.11818967767030       -0.14659979414959
O            2.43112519994501        1.77903907938554        0.89422844977633
C            1.91402524899932        0.76924998197195        1.74595860296933
C            3.11917564910207        0.09623705055620        2.41843215483072
O            3.90094666550132        1.01752118167155        3.13210202592082
C            1.02534623736117       -0.25785801849336        1.00926495110490
O           -0.31727696933984        0.20531012277606        1.06962691865321
C           -1.40270513178737       -0.58878024711030        1.50505764529259
O           -2.53215322702256       -0.13271822179012        0.82117418710681
C           -2.51196499105157       -0.43026285813639       -0.57237616635706
C           -3.75489379524028        0.23617500124856       -1.18261227631004
O           -3.80245630393620        0.09216625330742       -2.58055541291101
C           -2.53635110569972       -1.95170128730496       -0.80083876845054
O           -2.39698844955622       -2.28686645924703       -2.15852500052517
C           -1.38409012372618       -2.62270164034941       -0.04234396811776
O           -1.54245474372520       -4.02142528295848        0.00792052551453
C           -1.35206951476503       -2.12720626581254        1.40573181314897
O           -0.27204735939483       -2.65483450790344        2.12795644557907
C            1.48008438783952       -0.38936110237540       -0.45956164202514
O            2.72086624492350       -1.04024155608687       -0.44600845112189
C            1.52389978147252        0.97806864481486       -1.17322184531881
O            0.41813067726462        1.07140191836524       -2.03359953422899
H            2.50921191751957        4.39516381042389        0.85957689313639
H            0.84585264315833        4.63309959569807        0.25926831332824
H            2.23611887964740        5.24876940117261       -0.68534790479396
H            0.52649702266076        2.26385738998528        0.27016426825387
H            1.28741344486944        1.25123725523711        2.51538405885196
H            3.71036233565529       -0.40831998220384        1.64532016431990
H            2.76516869174586       -0.63861293110078        3.14344814512900
H            4.16500682479096        1.71407861877345        2.51687374880770
H            1.13064370215677       -1.22807120465311        1.49609092850320
H           -1.59407394478170       -0.34074405329080        2.56351795692467
H           -1.60141324010402       -0.01330123260645       -1.02978927123511
H           -3.77148671933437        1.28696031099712       -0.87793323849646
H           -4.65083309680220       -0.25012301204657       -0.78939902625880
H           -3.14218666414539        0.66932574344395       -2.98603077340985
H           -3.48426805336535       -2.35031349494546       -0.39933661271732
H           -3.02553962596681       -1.74517762994380       -2.66710955637338
H           -0.44053658438774       -2.37923789510114       -0.54842763533842
H           -1.67739017009304       -4.33976798991446       -0.89484425436502
H           -2.29970286284915       -2.45756482350649        1.86764268903785
H           -0.28023066702982       -3.61611529444188        2.00267100417143
H            0.73412714553336       -0.98295488543847       -1.00729707580586
H            2.98821760586325       -1.25654043852526       -1.34993245044663
H            2.46546117758167        1.04966791648642       -1.73977819246810
H            0.46268291507986        1.92328252464692       -2.48966638634846
48
 energy: -84.833654551371 gnorm: 0.000476497605 xtb: 6.7.1 (edcfbbe)
C            1.88194924902564        4.45479002255749       -0.03004058263708
O            1.98277796298784        3.26192287306854       -0.79694066580526
C            1.54330500607645        2.11977392919094       -0.14562114196846
O            2.43156221429755        1.78054388323248        0.89463420253570
C            1.91531267948177        0.76986786539238        1.74562741341163
C            3.12086713232514        0.09693545670047        2.41773684987032
O            3.90027481116345        1.01738024932442        3.13498076216093
C            1.02693044351505       -0.25714652743860        1.00817924412474
O           -0.31562208358687        0.20591559491345        1.06770654089078
C           -1.40131591073565       -0.58818472977256        1.50246142001919
O           -2.53039848812264       -0.13241063529886        0.81790773148565
C           -2.51204455115332       -0.43316383406513       -0.57497856069847
C           -3.75425577742041        0.23459898486242       -1.18530902629139
O           -3.80417376690534        0.08721377678698       -2.58278477224875
C           -2.53967068466028       -1.95509591428397       -0.79949591110821
O           -2.40522616709783       -2.29464124854656       -2.15658517701243
C           -1.38625375915514       -2.62540138685405       -0.04228449622882
O           -1.54536082036324       -4.02382456645975        0.01228735590993
C           -1.35037765626572       -2.12667277144764        1.40463839969947
O           -0.26879055359428       -2.65349939096913        2.12507138668031
C            1.48321684871420       -0.38683828756457       -0.46036727907346
O            2.72540318306322       -1.03504807317049       -0.44585503686888
C            1.52488345923617        0.98081621859578       -1.17376531264312
O            0.41929887907732        1.07426589536898       -2.03434439333010
H            2.50565857676389        4.39690494731030        0.86341838795062
H            0.84225589530286        4.63328334763436        0.26267981221155
H            2.23207245751104        5.25190205109938       -0.68061739002010
H            0.52623866839786        2.26412249182718        0.27135768192287
H            1.28814542146899        1.25064809887891        2.51535223441244
H            3.71360192178552       -0.40447460646237        1.64381688220458
H            2.76716854168738       -0.64053375564903        3.14029057733315
H            4.16884074930093        1.71348520806124        2.52098461031120
H            1.13238253423440       -1.22767523945374        1.49426719654623
H           -1.59333321844165       -0.33934292338157        2.56064717204641
H           -1.60106785013202       -0.01918742150839       -1.03428937642450
H           -3.76794970631826        1.28609700525817       -0.88309014431943
H           -4.65076718087635       -0.24866463734300       -0.78967446412808
H           -3.14392851140445        0.66260638963209       -2.99088994194388
H           -3.48680027188806       -2.35126868616702       -0.39370860790926
H           -3.03438502022528       -1.75359233028141       -2.66507557734139
H           -0.44381606478458       -2.38348566270437       -0.55153073219989
H           -1.68604870153249       -4.34503901527461       -0.88861782929874
H           -2.29695862501190       -2.45668338622297        1.86898007816773
H           -0.27851872668460       -3.61503408570904        2.00196372269566
H            0.73928902673073       -0.98231211341209       -1.00886026749330
H            2.99710187445253       -1.24571256826466       -1.34989565120800
H            2.46663023410190        1.05361087156674       -1.74005051956344
H            0.46188925382387        1.92824294979643       -2.48683268205516
48
 energy: -84.833666924996 gnorm: 0.000386492814 xtb: 6.7.1 (edcfbbe)
C            1.87849227158301        4.45639594106257       -0.02585046144269
O            1.98095926582803        3.26487184689464       -0.79453300656784
C            1.54324982110762        2.12131211070554       -0.14441252910219
O            2.43242070400877        1.78186933325981        0.89494215497527
C            1.91696140312122        0.77027988306627        1.74533587833102
C            3.12282129631365        0.09751180424161        2.41704235852889
O            3.89946726683652        1.01707612382349        3.13841520604567
C            1.02912532727359       -0.25635466363886        1.00673585214711
O           -0.31340205647778        0.20688436065129        1.06524116179762
C           -1.39954272073541       -0.58712209104100        1.49930457424983
O           -2.52824260482081       -0.13167566934186        0.81402076207685
C           -2.51171515908545       -0.43570714353316       -0.57813875438362
C           -3.75330757001393        0.23311446291085       -1.18870491404599
O           -3.80648314053942        0.08117851736551       -2.58557307873909
C           -2.54317028452521       -1.95825078457286       -0.79765773464757
O           -2.41457920143832       -2.30323314875829       -2.15394680134165
C           -1.38779941278777       -2.62706930374322       -0.04228167453692
O           -1.54680033093619       -4.02521650422560        0.01596196486166
C           -1.34861614743968       -2.12577655911151        1.40380381229574
O           -0.26563028246318       -2.65184265810422        2.12268199828117
C            1.48603741455786       -0.38524246890936       -0.46171662155477
O            2.72925241974378       -1.03120326752050       -0.44705675497379
C            1.52556435999718        0.98319190628605       -1.17352986339252
O            0.41965936129159        1.07613303259631       -2.03358841199406
H            2.50210965682114        4.39775839122943        0.86763209212103
H            0.83849852502110        4.63295525388094        0.26699746910683
H            2.22771081806571        5.25493385964055       -0.67514970570193
H            0.52626405368054        2.26388647834818        0.27318455734690
H            1.28982522347137        1.25003390835797        2.51576383902621
H            3.71749093305599       -0.40059735116291        1.64254778717460
H            2.76944655584531       -0.64276714285090        3.13688185940095
H            4.17152851112221        1.71347338515798        2.52628244548167
H            1.13413321888651       -1.22706299320784        1.49220823810707
H           -1.59254949289847       -0.33712154521908        2.55704745463833
H           -1.60029848053738       -0.02489009248709       -1.03946852293860
H           -3.76357745853741        1.28566545170062       -0.89006208126950
H           -4.65035046728886       -0.24640677144529       -0.78966906254733
H           -3.14575212211806        0.65356665132923       -2.99716884460074
H           -3.48958679230988       -2.35110009964309       -0.38679574336103
H           -3.04413932615687       -1.76245441092355       -2.66221210970654
H           -0.44654145529379       -2.38656743404346       -0.55444941664740
H           -1.69341716791791       -4.34850434000764       -0.88323764979744
H           -2.29412732061382       -2.45540270822401        1.87060909719905
H           -0.27640290207249       -3.61358487710551        2.00159426433556
H            0.74340316792904       -0.98185204814792       -1.01081789992532
H            3.00498322435407       -1.23481685086210       -1.35153493500366
H            2.46694303441861        1.05782878227665       -1.74022041435426
H            0.45967699061979        1.93189575654199       -2.48297371507825
48
 energy: -84.833676395295 gnorm: 0.000340450762 xtb: 6.7.1 (edcfbbe)
C            1.87494562976514        4.45776191136925       -0.02080262946644
O            1.97873448013582        3.26789338687239       -0.79188643844667
C            1.54316325967315        2.12276233425747       -0.14315749857684
O            2.43368412253264        1.78298117898573        0.89501038160808
C            1.91914102343604        0.77010624832998        1.74455478435561
C            3.12529582792924        0.09763581620843        2.41592341205589
O            3.89871512117618        1.01642241024241        3.14181335626695
C            1.03148369397918       -0.25620340323353        1.00554883154348
O           -0.31104347973152        0.20759743328764        1.06290756745804
C           -1.39797815899331       -0.58561888774650        1.49640639332781
O           -2.52592342318712       -0.13020129238001        0.80987255258909
C           -2.51113579326013       -0.43809742133521       -0.58150075647214
C           -3.75184402588302        0.23185090318875       -1.19274618483412
O           -3.80876956363390        0.07339552198188       -2.58876755468261
C           -2.54630399302754       -1.96130873370465       -0.79546684900508
O           -2.42451046130743       -2.31281142194447       -2.15072094660533
C           -1.38885658650776       -2.62846671097367       -0.04209572093117
O           -1.54720782678124       -4.02660012305974        0.01904055160047
C           -1.34708633411672       -2.12443774765063        1.40306545975166
O           -0.26308501043901       -2.64967034898754        2.12099838739467
C            1.48883819323336       -0.38324895063320       -0.46293514839438
O            2.73268735665094       -1.02769338034873       -0.44915369700353
C            1.52601535012656        0.98589106486313       -1.17369098173903
O            0.41903018894349        1.07812248150602       -2.03243860150033
H            2.49873063590690        4.39803955220001        0.87250517405673
H            0.83478995753187        4.63247821657135        0.27262001153696
H            2.22306699929066        5.25809779821927       -0.66843122700530
H            0.52646895671554        2.26359807594511        0.27559467774680
H            1.29190915117157        1.24873206611783        2.51559002994299
H            3.72232636048737       -0.39683441834895        1.64094997313110
H            2.77217469881840       -0.64565502312224        3.13279564087940
H            4.17269432854107        1.71422649929830        2.53222157887404
H            1.13589819752481       -1.22713571576680        1.49055935729555
H           -1.59195682170185       -0.33393410880198        2.55362763263597
H           -1.59921496264588       -0.03078173219577       -1.04485436842951
H           -3.75826655421714        1.28589760497780       -0.89920152697503
H           -4.64940735340963       -0.24307570784323       -0.78940377051339
H           -3.14699075981758        0.64139450713890       -3.00478397559684
H           -3.49168730428653       -2.35041948727574       -0.37865914921754
H           -3.05453858473718       -1.77225065409778       -2.65866981916699
H           -0.44887891974990       -2.38810223705949       -0.55685904210069
H           -1.69955689126038       -4.35104069971310       -0.87876323501695
H           -2.29177221774837       -2.45319401292910        1.87207105927487
H           -0.27428470965428       -3.61160167889928        2.00154033811098
H            0.74663775581818       -0.98078077873675       -1.01185818416119
H            3.01133163736524       -1.22399132351385       -1.35433522275220
H            2.46667083612885        1.06284545561118       -1.74141714742955
H            0.45585890093253        1.93541984680070       -2.47913335851438
48
 energy: -84.833682372657 gnorm: 0.000284099246 xtb: 6.7.1 (edcfbbe)
C            1.87202142907593        4.45895514574960       -0.01547446420046
O            1.97645066876096        3.27074689991076       -0.78906954570192
C            1.54273532072496        2.12410765934400       -0.14177034918422
O            2.43469932807854        1.78372968564855        0.89509749176995
C            1.92117646688157        0.76993709980099        1.74413845646168
C            3.12783992727426        0.09745335305188        2.41453618000176
O            3.89869634318787        1.01534087232725        3.14431495117614
C            1.03378671161148       -0.25569599463547        1.00409248122059
O           -0.30881120399986        0.20838498981193        1.06080756301963
C           -1.39646980501529       -0.58415269984509        1.49368462994079
O           -2.52364680359494       -0.12845623764132        0.80605536327669
C           -2.51015216122803       -0.44000758216046       -0.58459683064931
C           -3.75000100646832        0.23059521290201       -1.19686369394732
O           -3.81051539397438        0.06483625837323       -2.59191387343010
C           -2.54902000665997       -1.96388272354268       -0.79316317607731
O           -2.43318470331734       -2.32149248590935       -2.14728358087569
C           -1.38962742044522       -2.62917048807105       -0.04135496126050
O           -1.54648784293880       -4.02738091804344        0.02150592430888
C           -1.34624954841867       -2.12316331316584        1.40300611904289
O           -0.26182606375071       -2.64760559384050        2.12085240640112
C            1.49077726398804       -0.38174265585743       -0.46461781430116
O            2.73527080331387       -1.02480249839975       -0.45224057383516
C            1.52550615658550        0.98839553306763       -1.17365576056194
O            0.41744726619700        1.08019339012096       -2.03111706809917
H            2.49627595902938        4.39783880740774        0.87742040904065
H            0.83184461276136        4.63206349906546        0.27888624650319
H            2.21907817699580        5.26106271804619       -0.66147441197971
H            0.52639944445130        2.26338223338576        0.27829862716972
H            1.29407361481287        1.24761150503210        2.51590498215840
H            3.72675477602661       -0.39346872562963        1.63876012141677
H            2.77531163721345       -0.64879772427390        3.12864336540638
H            4.17217913867294        1.71573019223335        2.53745194817348
H            1.13776759018442       -1.22697880197548        1.48830332677738
H           -1.59136882259326       -0.33108928728897        2.55042609465498
H           -1.59765062971384       -0.03582347847682       -1.04951837415007
H           -3.75234814049750        1.28626433627497       -0.90918698322267
H           -4.64822671439803       -0.23921690517198       -0.78902697430305
H           -3.14716156430701        0.62769727690103       -3.01245782333071
H           -3.49332742981747       -2.34977447218366       -0.37090257090618
H           -3.06380167587055       -1.78142167828441       -2.65510019830041
H           -0.45069001867485       -2.38838653957358       -0.55795347114395
H           -1.70338061068690       -4.35212394676875       -0.87540603946099
H           -2.29062030361245       -2.45101452931123        1.87328850842358
H           -0.27289152590421       -3.60963046005226        2.00223759507096
H            0.74882497362685       -0.97962821994411       -1.01373108221164
H            3.01559727667598       -1.21518809813377       -1.35812309950651
H            2.46535907879045        1.06709208660658       -1.74246118748552
H            0.45157835847522        1.93867161698265       -2.47576476908184
48
 energy: -84.833685622750 gnorm: 0.000231205390 xtb: 6.7.1 (edcfbbe)
C            1.87019548819825        4.45997785000597       -0.01079742447197
O            1.97458649048647        3.27327324335104       -0.78670766095447
C            1.54214973654674        2.12542275262028       -0.14074459859927
O            2.43527536565933        1.78413670931407        0.89488338552884
C            1.92262448973181        0.76933483848998        1.74322659008571
C            3.12984209302707        0.09699734481144        2.41265789228411
O            3.89906725556950        1.01414725757227        3.14510007128529
C            1.03504904005676       -0.25601781465734        1.00308210878627
O           -0.30746241621147        0.20853030681431        1.05940748301214
C           -1.39581484920630       -0.58300951519315        1.49214036932640
O           -2.52225277617611       -0.12695099159306        0.80349191001482
C           -2.50939172302513       -0.44145520776437       -0.58662005056879
C           -3.74812665773208        0.22983093306593       -1.20036169102120
O           -3.81145949512615        0.05731526985225       -2.59450110837690
C           -2.55051567164010       -1.96580342833288       -0.79113540520597
O           -2.43866669725395       -2.32798522694794       -2.14424462383624
C           -1.38963638477035       -2.62957566060318       -0.04037785242159
O           -1.54494605123432       -4.02789557123704        0.02319881099008
C           -1.34613118832606       -2.12211944882832        1.40337870593464
O           -0.26188092546516       -2.64586410547795        2.12191583693769
C            1.49168404522712       -0.38016281792931       -0.46593686765371
O            2.73663817113733       -1.02221827899685       -0.45513434269996
C            1.52479452040796        0.99075407698062       -1.17375526198364
O            0.41567117340825        1.08229803141861       -2.02983244176708
H            2.49519186053383        4.39738524003634        0.88147693779877
H            0.83015819045625        4.63196079022760        0.28473696936576
H            2.21636723337376        5.26348366439334       -0.65551047732893
H            0.52615271249265        2.26345213398017        0.28046972024813
H            1.29582812478208        1.24598245394100        2.51587790211514
H            3.72982723237233       -0.39122363006986        1.63601381317256
H            2.77805055796285       -0.65148228986351        3.12476879211475
H            4.17055260958836        1.71727426368472        2.54049388941587
H            1.13878186200150       -1.22766515641808        1.48660512925270
H           -1.59127049469563       -0.32863533738755        2.54851230304096
H           -1.59631467298521       -0.03970169354901       -1.05243645368027
H           -3.74705277426777        1.28697544595038       -0.91816550924767
H           -4.64695537365614       -0.23542144800619       -0.78873866870534
H           -3.14630908978654        0.61518845183440       -3.01883886226737
H           -3.49420941739405       -2.34908046239828       -0.36516834970981
H           -3.07000252247109       -1.78866559950854       -2.65209762017440
H           -0.45134016285150       -2.38804589037824       -0.55786946426968
H           -1.70457196687927       -4.35248458574986       -0.87328473390903
H           -2.29057326761422       -2.44895456126439        1.87427044650247
H           -0.27243651049817       -3.60792106446543        2.00348663325803
H            0.74987892529091       -0.97825578194464       -1.01508394703656
H            3.01720631223702       -1.20955981078745       -1.36152782056833
H            2.46387245871817        1.07092772126333       -1.74364092994014
H            0.44786806735267        1.94150091379013       -2.47319942189807
