48
 energy: -84.816725910530 xtb: 6.7.1 (edcfbbe)
C            5.77767900000000        1.06062800000000       -0.78825100000000
O            4.67739900000000        1.57550400000000       -0.06366700000000
C            3.62407700000000        0.69698700000000        0.06641100000000
O            2.99648500000000        0.57114400000000       -1.19728300000000
C            1.83908800000000       -0.23331800000000       -1.20384400000000
C            1.35635900000000       -0.27676700000000       -2.66015800000000
O            1.02472300000000        1.00057700000000       -3.12823900000000
C            0.75582200000000        0.35819100000000       -0.27705300000000
O           -0.37937400000000       -0.49262000000000       -0.31688300000000
C           -1.58352300000000        0.07575900000000       -0.77266400000000
O           -2.48795200000000       -0.96686300000000       -0.97954800000000
C           -2.81319400000000       -1.69574400000000        0.19403200000000
C           -3.71052100000000       -2.86294000000000       -0.24024500000000
O           -3.99989100000000       -3.73317500000000        0.82938100000000
C           -3.52352100000000       -0.78984400000000        1.21301200000000
O           -3.78075300000000       -1.44473800000000        2.42979800000000
C           -2.62176400000000        0.41201600000000        1.50636100000000
O           -3.27528100000000        1.37628300000000        2.30241300000000
C           -2.24404100000000        1.09336100000000        0.18841700000000
O           -1.43073100000000        2.22028000000000        0.42507800000000
C            1.33909800000000        0.44564400000000        1.13549700000000
O            0.46974600000000        1.01364200000000        2.07926600000000
C            2.65153800000000        1.25485700000000        1.11055800000000
O            3.26175100000000        1.19450600000000        2.36967100000000
H            5.48981700000000        0.80423000000000       -1.81111300000000
H            6.18634600000000        0.17293400000000       -0.29279400000000
H            6.52332000000000        1.85168500000000       -0.79987100000000
H            3.97104400000000       -0.30383600000000        0.40004200000000
H            2.07496600000000       -1.25302100000000       -0.86176700000000
H            0.45647500000000       -0.88984100000000       -2.72986500000000
H            2.14920500000000       -0.72351400000000       -3.27572700000000
H            1.78560500000000        1.57102500000000       -2.95710200000000
H            0.49519100000000        1.35984900000000       -0.63501500000000
H           -1.43231900000000        0.55153400000000       -1.75266900000000
H           -1.89324600000000       -2.08623400000000        0.65435300000000
H           -3.22770900000000       -3.38880100000000       -1.07071900000000
H           -4.67080300000000       -2.47656000000000       -0.58808000000000
H           -3.19207800000000       -4.19242700000000        1.08838500000000
H           -4.46457900000000       -0.42469400000000        0.76636300000000
H           -4.19094300000000       -2.29971400000000        2.22438400000000
H           -1.71491300000000        0.05537100000000        2.01634500000000
H           -3.64712500000000        0.90912700000000        3.05971000000000
H           -3.17285900000000        1.41288900000000       -0.30986100000000
H           -1.91923300000000        2.76468900000000        1.05979600000000
H            1.56109000000000       -0.56784100000000        1.49591400000000
H           -0.08188600000000        1.67189900000000        1.61972100000000
H            2.43053100000000        2.29948600000000        0.83676200000000
H            2.56087900000000        1.32839400000000        3.02423200000000
48
 energy: -84.816588082191 xtb: 6.7.1 (edcfbbe)
C            5.76270539031315        1.12859855316951       -0.83285643479529
O            4.67742120790204        1.59719611397598       -0.05627613602431
C            3.63483144179647        0.70382596423219        0.05743566384129
O            2.97232789141875        0.63508399065354       -1.19285269097535
C            1.83980693447328       -0.20542449541314       -1.20663637467182
C            1.31447124366768       -0.20751070303176       -2.64769819219272
O            0.85887723703503        1.05756405632186       -3.03892993468442
C            0.78039808348074        0.31327991649346       -0.21274422401208
O           -0.35193343283228       -0.54249247685968       -0.23111313288074
C           -1.52816760538075       -0.00314911211743       -0.78596747619667
O           -2.43641211662727       -1.04684751428690       -0.96870062218697
C           -2.81058531049916       -1.72030051596126        0.22246531132322
C           -3.69545725844826       -2.90352213748829       -0.19309230656215
O           -4.04061326011941       -3.71602791847307        0.90506589752484
C           -3.55609856616611       -0.76296370122383        1.16522703262490
O           -3.87460407566699       -1.35438466006669        2.40010157474139
C           -2.64908262818940        0.43798698583896        1.43830431691242
O           -3.31292397983821        1.44198577475351        2.17478602389598
C           -2.20899788522304        1.06442095553665        0.11146787193082
O           -1.37868612621729        2.17702585943600        0.35957951661274
C            1.38454501190381        0.38187876712480        1.18752378548215
O            0.50815747803725        0.94067963670715        2.13255675036946
C            2.69041382639592        1.20114073357308        1.15784075695744
O            3.34532362390524        1.08918837269527        2.39110226992760
H            5.45251806950071        0.92756185548673       -1.86167779026982
H            6.18582586866776        0.21687123649292       -0.39649197452969
H            6.50507720078755        1.92277883561827       -0.81748754700794
H            3.99853498089134       -0.30952395559326        0.33015375460128
H            2.12246104424504       -1.23149071219149       -0.92023493663862
H            0.46970017043975       -0.89322059149776       -2.72893539208959
H            2.12341992772123       -0.55078636670731       -3.30661371347490
H            1.58038241607159        1.68129797167438       -2.88662195129513
H            0.49412763325101        1.32264939398064       -0.52855291954872
H           -1.33494703303435        0.42138621872122       -1.77978491780490
H           -1.91193760322688       -2.09132703231319        0.73746019485770
H           -3.17913992813222       -3.47444310582062       -0.97206858429465
H           -4.63549117574411       -2.53025062784102       -0.60453561439178
H           -3.24848518134936       -4.16324079826742        1.22622872483397
H           -4.47168808851496       -0.41004524314150        0.65998756058982
H           -4.28427796007257       -2.21490811562062        2.21871132291509
H           -1.76544039381710        0.08830390471890        1.99306894028130
H           -3.73025105996510        1.00630366919374        2.92718280055642
H           -3.10887567670806        1.39078615216642       -0.43256016012411
H           -1.88090170454881        2.74663482996011        0.96066187516916
H            1.61305439750600       -0.63254913722651        1.53947981100096
H           -0.04632398445088        1.59516882179704        1.67393314566712
H            2.45231055188748        2.25493886295946        0.93924673701100
H            2.67462540320867        1.21987048125359        3.07634539596293
48
 energy: -84.814857455444 xtb: 6.7.1 (edcfbbe)
C            5.73180039956933        1.22206778821101       -0.88569189321699
O            4.66855225530918        1.62339171620503       -0.04349480327454
C            3.64410936384379        0.70697079020849        0.05190000982288
O            2.94256431763710        0.69681717306228       -1.17828137150287
C            1.83436300272382       -0.17740276991354       -1.20685026615119
C            1.28516202392985       -0.14047172186089       -2.63735310949653
O            0.73893147449714        1.10683591064051       -2.96485009092055
C            0.80174540145776        0.26878237992242       -0.15098053179097
O           -0.33425430313065       -0.58098433470975       -0.15109768911374
C           -1.48094946604115       -0.08047580984626       -0.79865130086427
O           -2.38918302370361       -1.12883335069215       -0.95210739453494
C           -2.80835345243023       -1.73998399724449        0.25671815965749
C           -3.67862890304419       -2.94332674872711       -0.13069223309659
O           -4.07236539866328       -3.69442812118601        0.99457714126102
C           -3.58702873934146       -0.73295178398991        1.11609488306079
O           -3.96254886532013       -1.25582627969981        2.36597873476012
C           -2.67943575022704        0.47228362072391        1.36189616520896
O           -3.35645497875285        1.51347469948977        2.03206429955497
C           -2.18612589923493        1.03578311068886        0.02454766405203
O           -1.35138545479077        2.14583948293467        0.26649873827701
C            1.43133001722481        0.30019955831347        1.23651215813449
O            0.55423948921785        0.83351834832764        2.19747367353104
C            2.73203642570075        1.12773835384253        1.21109006651214
O            3.43274679064846        0.94896631531868        2.41134327914787
H            5.38755089072565        1.08115202164911       -1.91362389113331
H            6.18307969779113        0.29176724051914       -0.52302502441949
H            6.46286995660354        2.02581998607579       -0.84599365826219
H            4.03188972787196       -0.31377786467124        0.25527507694905
H            2.15993215303978       -1.20569822986026       -0.97558799880761
H            0.49026791722428       -0.88008663756085       -2.74629806388880
H            2.10809809234692       -0.39517970688308       -3.31935815060581
H            1.41856634637753        1.77196311224732       -2.79662301892347
H            0.50041623379079        1.28931577641675       -0.41566194176484
H           -1.25139558461190        0.29136008309439       -1.80307965982372
H           -1.93094271942745       -2.08321977864415        0.82475761778694
H           -3.13181413057542       -3.55674056083265       -0.85469823667815
H           -4.59918884733360       -2.59222211083970       -0.60135841617055
H           -3.29495030829916       -4.12007389333218        1.37546165180925
H           -4.47725779003092       -0.40147239763680        0.55430157693832
H           -4.36812466895155       -2.12373131175586        2.21287874793028
H           -1.81735598817621        0.14049511286938        1.96062857197899
H           -3.81491657978873        1.11129215910559        2.77931524515147
H           -3.06118239191995        1.35021283021182       -0.56505337476180
H           -1.86711830536729        2.74034847375860        0.83063716300522
H            1.66523889633578       -0.71994680328423        1.56534295376186
H            0.01953267541355        1.51900592486178        1.76612846003577
H            2.48107078415525        2.19073578536402        1.06267669379122
H            2.79486221493446        1.06069544275511        3.12979740610230
48
 energy: -84.811548973228 xtb: 6.7.1 (edcfbbe)
C            5.68021274442120        1.37153149070338       -0.91180409245897
O            4.64352105630556        1.65943208292781        0.00671293118108
C            3.64881490591803        0.70710146940037        0.05518712890508
O            2.89857845433139        0.78493137802468       -1.14165683333516
C            1.81419017050932       -0.11925908770815       -1.20508588480767
C            1.26846711180567       -0.03743686838879       -2.63473350816436
O            0.62831990416623        1.17702601308607       -2.90680583026078
C            0.80206689605216        0.23893654958890       -0.09362109258966
O           -0.33634411681382       -0.60417545513108       -0.09131642738087
C           -1.45453224809377       -0.17345335198414       -0.83535697585585
O           -2.34299560671873       -1.24582989884630       -0.93471281300656
C           -2.79787552561615       -1.75869968458910        0.30670050935618
C           -3.66689930386925       -2.98362946641479       -0.00898027475755
O           -4.07524028532800       -3.65625279230962        1.16008882304104
C           -3.59119109972175       -0.68969632501563        1.07362688762859
O           -3.98229824400001       -1.11926418673823        2.35433277633303
C           -2.69536365223998        0.53855241656389        1.23790335177848
O           -3.38460775002369        1.61693679184523        1.83144506488365
C           -2.20590045484322        0.99651178973961       -0.14056342299948
O           -1.41132540579632        2.14950643498427       -0.01364863285131
C            1.48206473480697        0.15469391544297        1.27058582041531
O            0.63651319352044        0.57954559735402        2.31085531728227
C            2.77442955999896        0.99438564387413        1.28214207664440
O            3.52165620054308        0.70502474770575        2.43167139061325
H            5.29688929092364        1.32258415162731       -1.93423141456965
H            6.16751491663351        0.42293370401149       -0.66056013190621
H            6.39329167545201        2.18720749979807       -0.82126583835439
H            4.07205460072011       -0.31539055666718        0.15129364381262
H            2.17791134305597       -1.14699228071107       -1.03161628103445
H            0.53966012052437       -0.83268571927889       -2.80044600421046
H            2.11855241046213       -0.18832619978587       -3.31556420894897
H            1.24141941020657        1.88707972159416       -2.68011693995267
H            0.49026981317308        1.27693521356576       -0.26388252966893
H           -1.19070137263497        0.11971644785885       -1.85477162789177
H           -1.93739819879375       -2.06242880324303        0.92144043017258
H           -3.11319869953772       -3.64533349905909       -0.68363940010378
H           -4.58152131502982       -2.66419461415406       -0.51281560901114
H           -3.30234195415321       -4.05370417457783        1.57873205502738
H           -4.47584919121915       -0.40710320309758        0.47720762728788
H           -4.38055697572097       -1.99892699322306        2.26105081982449
H           -1.83289721301750        0.25654080173603        1.86118484581685
H           -3.85950118658674        1.25800439036227        2.59054638159201
H           -3.08529254491101        1.21648590032539       -0.76679150567208
H           -1.93660718916753        2.77704712854741        0.50250377438815
H            1.72818705454529       -0.88864913504205        1.49890927626305
H            0.19112867659876        1.39019815307011        2.02963176084703
H            2.51039168396234        2.06455161134226        1.24986562772656
H            2.91432860246710        0.73803022008732        3.18385297627735
48
 energy: -84.808069972473 xtb: 6.7.1 (edcfbbe)
C            5.64412830582429        1.47922019996285       -0.91513358000165
O            4.64162340187998        1.66815769451125        0.06506029579724
C            3.65748086253262        0.70390608581327        0.05996040348347
O            2.86261359561928        0.88186452602017       -1.09571880855779
C            1.79194731872206       -0.03528943955133       -1.21295030824028
C            1.24927607109099        0.13316820105522       -2.63779917244581
O            0.49234421200759        1.29371017189999       -2.82353804358385
C            0.80721363686415        0.22022136060495       -0.04674336735159
O           -0.33125760767273       -0.62001752819335       -0.03808699886500
C           -1.42514397999460       -0.27573647111356       -0.85890738380159
O           -2.29004764644343       -1.37193810947181       -0.88954165512506
C           -2.77873629219233       -1.77627567865121        0.37918114553145
C           -3.62276460380432       -3.03733031053384        0.15061984260339
O           -4.06244650254803       -3.60481092092262        1.36339815983620
C           -3.60852267061262       -0.65342696970602        1.02060222627721
O           -4.03594266382372       -0.97013600726712        2.32259697929170
C           -2.73452170236553        0.59904305987933        1.09983398045524
O           -3.45231066968638        1.71150149923681        1.58453616525166
C           -2.21677366611227        0.93916761692461       -0.30225233682029
O           -1.44537876346957        2.11220691734271       -0.27175586264356
C            1.53839070749273        0.01580815154209        1.28063176728488
O            0.72758003943763        0.31843506278747        2.38914713169565
C            2.82274390947033        0.86463701156653        1.33593662834995
O            3.60656321417254        0.47429596839488        2.42969530113558
H            5.22144471836010        1.52156664803216       -1.92223817578344
H            6.14795592502284        0.51674656147480       -0.77258254836498
H            6.35394620503919        2.29081258127882       -0.77575641310437
H            4.09292731760363       -0.31811348164312        0.04647590510162
H            2.18094877122544       -1.06484341106142       -1.11979799092091
H            0.61069213593505       -0.71327348873133       -2.89766544386345
H            2.12332503984094        0.12991839030677       -3.30590705068255
H            1.01486293208914        2.04394161181151       -2.51605308564886
H            0.48740368879364        1.26883363710208       -0.11675430023428
H           -1.13532986327737       -0.07271429056902       -1.89086346156520
H           -1.93495961124076       -2.01022140649254        1.04543337700418
H           -3.03897427515715       -3.75053998764799       -0.44100689511977
H           -4.52338421643961       -2.77931698710102       -0.41037466485830
H           -3.29924797373280       -3.95057713803676        1.84160222114335
H           -4.47694458984722       -0.43920104410043        0.37394916991858
H           -4.41823611085609       -1.86146028303959        2.29782617306061
H           -1.88372087772394        0.38338673614034        1.76502329498592
H           -3.95855649132204        1.40400458477713        2.34619114814487
H           -3.08328224439390        1.07900843609326       -0.96852055251514
H           -1.98661940004684        2.77666773935180        0.17689396923688
H            1.79999831782269       -1.04227346831366        1.39506954513494
H            0.29623896207136        1.16841615843110        2.23208412122979
H            2.55048800493022        1.93056464805944        1.41416779382962
H            3.02096012240582        0.41828411922675        3.19751535596807
48
 energy: -84.804385521823 xtb: 6.7.1 (edcfbbe)
C            5.59198695037926        1.63769968125948       -0.90265756326446
O            4.62614488319057        1.69344558640662        0.12969306482082
C            3.66808029179906        0.70552085623162        0.06210455089755
O            2.82617350826596        0.97192502984711       -1.04160107413566
C            1.77344504058046        0.04129340892002       -1.21659679401821
C            1.22541196545866        0.29860933863212       -2.62922514591289
O            0.33499730034857        1.36816276743763       -2.73768679294799
C            0.82158672121900        0.18636168026513       -0.00299475361794
O           -0.32154302409645       -0.64374526794643        0.01278186494415
C           -1.38880347523636       -0.38487471066591       -0.86959568727362
O           -2.24004548299640       -1.49165013887196       -0.82468149881305
C           -2.76600190254498       -1.77853452769755        0.46115896336488
C           -3.58073556463151       -3.07261931261832        0.33600265985092
O           -4.04521778540763       -3.52484594168755        1.58757803197165
C           -3.63537850652957       -0.61257613591919        0.95547877962263
O           -4.11248789275693       -0.80566622965582        2.26474214210718
C           -2.78268557301573        0.65662136603404        0.94611754367141
O           -3.53567267188742        1.79735685220071        1.28875857722679
C           -2.20243205168899        0.87119832063089       -0.45669930179417
O           -1.42732934726156        2.04088131799754       -0.49052841178798
C            1.60466517432656       -0.14320883256054        1.27096875826453
O            0.83084373094321        0.01879911819707        2.43383719871633
C            2.87873356650323        0.71494810609088        1.37620608749321
O            3.70497572561944        0.21991652968858        2.39372593519609
H            5.12716666270166        1.77343269274851       -1.88245675267709
H            6.12511826785459        0.68070822578346       -0.88237704398019
H            6.28636187159094        2.45054458393423       -0.70488405540905
H            4.12947639135779       -0.29695924466398       -0.06751326166555
H            2.19126924496300       -0.98145999485013       -1.20712862556457
H            0.70079573363626       -0.58754083955813       -2.99387646594410
H            2.10840014978060        0.46432076256443       -3.26560442351107
H            0.72602871757367        2.14149031023466       -2.31550692810459
H            0.50814820125309        1.24042896666961        0.03350006668053
H           -1.06961408486283       -0.28412997782541       -1.90696957836228
H           -1.94216976041789       -1.92816538793743        1.17501896534897
H           -2.96725201241774       -3.82917348355149       -0.16461489548523
H           -4.46932657605275       -2.89078082372708       -0.27203578969126
H           -3.28969682784322       -3.80231141184884        2.11954674089401
H           -4.47855474090832       -0.47721840632412        0.25631793877486
H           -4.47204240674958       -1.70535772098934        2.31698979332212
H           -1.95916164738216        0.52241447404356        1.66576052908377
H           -4.08109753030586        1.55319702593310        2.04642060029088
H           -3.03798760818334        0.95292731549408       -1.17000372957800
H           -1.98930789527199        2.74509729326366       -0.13899482941258
H            1.88433435925077       -1.20289856444390        1.25965415647947
H            0.37657483395014        0.86946702011328        2.38757667479142
H            2.59756941485232        1.76176380625291        1.57969151774864
H            3.14625064909573        0.06518346179269        3.16808624213784
48
 energy: -84.800599569106 xtb: 6.7.1 (edcfbbe)
C            5.50775645784021        1.84318018550052       -0.88740101517954
O            4.58294682173395        1.75662058394617        0.17988289357898
C            3.67287950633339        0.72902495593824        0.05891876143041
O            2.78199187368476        1.03960454549765       -0.99350875368360
C            1.76184668943811        0.07909710994198       -1.20268144906525
C            1.21459026182431        0.35376453233392       -2.61466750802282
O            0.23512426057165        1.33906000634536       -2.72712801063367
C            0.84525366701410        0.13494135276403        0.04774693884766
O           -0.31596616789167       -0.66716872549436        0.07321653064049
C           -1.34896621038130       -0.46823584200112       -0.86104083024297
O           -2.21263095828877       -1.56255710531041       -0.76421292648122
C           -2.77728689282026       -1.76408416851246        0.52038055161704
C           -3.58495546010175       -3.06725533534459        0.45992795996737
O           -4.08765517894177       -3.43193780260765        1.72527090241892
C           -3.66433462053110       -0.56994719923758        0.89993172284557
O           -4.18805118628814       -0.67007627524242        2.20203662325689
C           -2.81014477057303        0.69525111429764        0.83116323944580
O           -3.57412960857016        1.85685621351211        1.06008297636189
C           -2.16464779301943        0.81968035619088       -0.55477252116719
O           -1.37382609161864        1.97869155957061       -0.60201125834380
C            1.67827960680667       -0.28990764951610        1.26077621012307
O            0.94519656123397       -0.25134280021631        2.45998144859569
C            2.93583657646982        0.58896575953972        1.39639040167780
O            3.81669170697103        0.02276219569444        2.32732097270835
H            4.99719832260167        2.03986970167379       -1.83336021043892
H            6.08810689303915        0.91782865172929       -0.97249229156801
H            6.16821989544681        2.67126368903043       -0.64219768405721
H            4.17855334407236       -0.23420424482274       -0.16793413263483
H            2.22397258179692       -0.92495418364559       -1.23778835077772
H            0.78442273118603       -0.56163364489628       -3.02973246333781
H            2.09865924092674        0.62038912781129       -3.21564780885915
H            0.50017713137029        2.11191214366809       -2.21613325826707
H            0.55528058899137        1.19154946769231        0.17056713761319
H           -0.99766031155628       -0.44822143023358       -1.89191499283220
H           -1.97658194976275       -1.86110540082634        1.26878484058700
H           -2.95446484774635       -3.85451516535368        0.03325046510585
H           -4.45425110587121       -2.93199431624988       -0.18698314339833
H           -3.34878549340877       -3.67100874180466        2.29776331205044
H           -4.48107833651792       -0.48615540121139        0.16269867613320
H           -4.54695365247196       -1.56553194579609        2.30619444266134
H           -2.01705388225358        0.61561538079000        1.59255828745676
H           -4.15232439923599        1.66687101386819        1.80892294365771
H           -2.96410514319909        0.87613191536606       -1.30990318191719
H           -1.94499938790636        2.70248861301992       -0.31027840957778
H            1.98085573445632       -1.33705294660737        1.14578105419027
H            0.45117336933709        0.57682537780136        2.49538921426305
H            2.63826185075837        1.60293609227117        1.71142543946572
H            3.29757275810089       -0.21229239073069        3.10891022635573
48
 energy: -84.796122592212 xtb: 6.7.1 (edcfbbe)
C            5.41118455144008        2.04770263985571       -0.85236781731658
O            4.52656882527542        1.82980883748266        0.23018510686391
C            3.66948380052789        0.76524537024350        0.05505234566934
O            2.73302821364679        1.10119698489113       -0.94948199603580
C            1.75368007968184        0.10512768440080       -1.18657635300016
C            1.21505579458352        0.36208799652363       -2.60739118717307
O            0.16497809094452        1.26266366344265       -2.76309939999946
C            0.87205375445616        0.07941570675094        0.09326414643833
O           -0.31307258514533       -0.68606436032361        0.13180219860983
C           -1.31215243890298       -0.53672603591892       -0.84444835169733
O           -2.19947754366378       -1.60801879849615       -0.70785050396617
C           -2.79723233951426       -1.74245767254616        0.56892017711187
C           -3.60346594873237       -3.04795732511144        0.55545104404159
O           -4.15060831925839       -3.33878626051106        1.82144243421090
C           -3.69284263551852       -0.52939616331507        0.85244723997740
O           -4.25858245313005       -0.55328440225924        2.14070575914835
C           -2.82762290012292        0.72362339199886        0.74053920102871
O           -3.58980072215693        1.90166925637909        0.87353054858732
C           -2.12068045999646        0.77796693862350       -0.62076820566123
O           -1.31223141087276        1.92666417921077       -0.65631260655484
C            1.75180288311608       -0.42274452402182        1.24143044088716
O            1.06152583815800       -0.49801134355078        2.46368064189145
C            2.98898782932044        0.48267475961276        1.40120919473413
O            3.92674941394968       -0.13079008779165        2.24242809685338
H            4.86078987911487        2.28418516633941       -1.76618375133283
H            6.03823075555140        1.16570174197918       -1.02274973206303
H            6.03267530994900        2.89162155376824       -0.56338393868975
H            4.21955758897820       -0.14868608781152       -0.25725776824291
H            2.26771300794130       -0.87371618960809       -1.24810896843183
H            0.87679874622080       -0.58268266899656       -3.04383809087695
H            2.09636191994266        0.70328431653798       -3.17493165565170
H            0.30126620940717        2.02419218440610       -2.18688282470422
H            0.61203878443888        1.13484936212890        0.29092247289690
H           -0.93328742777357       -0.58290317595866       -1.86407814992793
H           -2.01817825305292       -1.79903759672738        1.34376649132738
H           -2.95931285068909       -3.85802218610217        0.19756197424717
H           -4.44897663304851       -2.95061873943039       -0.12862277706016
H           -3.43292382330443       -3.54873765533946        2.43100390488059
H           -4.48395050263944       -0.48522422239310        0.08484581015549
H           -4.62750231744633       -1.43952810462327        2.28217460772674
H           -2.06481209170984        0.68478900263011        1.53577730026290
H           -4.19699961948330        1.75969771008884        1.60985325390524
H           -2.88257896463751        0.82538890550334       -1.41363673341530
H           -1.88547249653644        2.65973409195453       -0.39217088812474
H            2.07859539272742       -1.44841397110867        1.03519560838253
H            0.52605374883916        0.29743237943086        2.56753377012223
H            2.67396879278907        1.45430541682897        1.81620313498309
H            3.45261050324217       -0.43922275490879        3.02669876278753
48
 energy: -84.790717571828 xtb: 6.7.1 (edcfbbe)
C            5.28550136721678        2.27278473805578       -0.78934000069437
O            4.44859629525280        1.91102299845215        0.29295909565385
C            3.65823760164106        0.80804054127250        0.05238240025547
O            2.67955040752013        1.15400139427086       -0.90815593859929
C            1.74959245556878        0.11869829681251       -1.17186805675161
C            1.22379668766752        0.34055742940572       -2.60588030873998
O            0.11360706042161        1.15035309104191       -2.82086457672835
C            0.90164597457575        0.01350246911528        0.13000135607005
O           -0.31004938890120       -0.71023953286061        0.18644741949938
C           -1.27696605632929       -0.60637874259941       -0.82393411511018
O           -2.19599037804339       -1.64572915624374       -0.65337045853308
C           -2.82234566144590       -1.71679207412363        0.61316837931317
C           -3.63643129241856       -3.01725658937449        0.64279188772018
O           -4.22316796827454       -3.23834717197516        1.90506108394790
C           -3.71511729137308       -0.48568200519173        0.80957428442347
O           -4.31709325993790       -0.43707936889382        2.08060295008435
C           -2.82932159321917        0.74749810372486        0.65966038901938
O           -3.57729881023052        1.94157823353833        0.70665470033708
C           -2.06826815715663        0.73564828877664       -0.67402797722835
O           -1.23705300268828        1.87121327597480       -0.69289739331226
C            1.82356471543695       -0.55245359343318        1.21226089236675
O            1.17579529682021       -0.72621278976770        2.44757186130948
C            3.04170791855040        0.37763493836105        1.39222763440888
O            4.03914963226787       -0.27285682924065        2.13135902232998
H            4.69418730511594        2.54148985391765       -1.66786437853865
H            5.96425014257020        1.45143794609995       -1.04389510129184
H            5.85775682917123        3.13205319997879       -0.44849375984960
H            4.25943546920197       -0.04075521586893       -0.33973627719975
H            2.32069110047063       -0.82846834459659       -1.25003504783798
H            0.98090281482376       -0.63172774808126       -3.04772830586621
H            2.09561909200806        0.74834646933049       -3.14373669261028
H            0.11139469398789        1.88054861670008       -2.18888322368526
H            0.67385892643906        1.06348122854403        0.39530982745764
H           -0.87479496172763       -0.71407425570337       -1.82960963323322
H           -2.06286603977636       -1.74032638396512        1.40868568067056
H           -2.98741185403222       -3.84815383351710        0.34703744995901
H           -4.46000990861913       -2.95067402208275       -0.07094607410972
H           -3.52622032279790       -3.42711213240441        2.54476800271850
H           -4.48262195183765       -0.47367429206387        0.01761738184608
H           -4.70114930031468       -1.31069126942654        2.25591916041053
H           -2.09450496576029        0.74071798900042        1.48206212443325
H           -4.21031865273823        1.84672346337933        1.42857538157532
H           -2.79302689583897        0.78103425476100       -1.50019271811443
H           -1.80577067301157        2.61501780208907       -0.44883682823332
H            2.16897657407044       -1.55293980835492        0.92763479925841
H            0.60465347425533        0.03394975425904        2.60763991179251
H            2.71596216087054        1.29606892690494        1.90757527905170
H            3.61935935779578       -0.64577925216393        2.91823247564422
48
 energy: -84.784426939275 xtb: 6.7.1 (edcfbbe)
C            5.15711935073675        2.47417625822988       -0.71404102208947
O            4.36898932141018        1.98482386945316        0.35490988616504
C            3.64275779013517        0.85395603092432        0.04937443197206
O            2.62595706388669        1.20267869874377       -0.87081479612671
C            1.74477524515750        0.13273269219549       -1.15722902853641
C            1.22897555463771        0.31922403505847       -2.60299535398702
O            0.07646685853587        1.04885920870042       -2.86760722535373
C            0.93203414244545       -0.05034824253874        0.16178478315233
O           -0.30439735100640       -0.73308832295789        0.24204788358203
C           -1.24343773657451       -0.67854380719132       -0.79528202957122
O           -2.19398243072740       -1.68377900062682       -0.59431715561370
C           -2.84976196464468       -1.69462042696336        0.65749308987922
C           -3.67735283853876       -2.98560687095851        0.72146877219096
O           -4.30825624797023       -3.14077648201951        1.97216385748292
C           -3.73446405110082       -0.44839642571117        0.77152221609838
O           -4.36957768649246       -0.33162582190209        2.02176536015746
C           -2.82530643475511        0.76183570384866        0.58867400949219
O           -3.55447860070673        1.96845956720060        0.55517317233726
C           -2.01589575556689        0.68686023758315       -0.71498159198923
O           -1.16272340323939        1.80874182697564       -0.71808253931523
C            1.89538946950281       -0.66638542665782        1.17708439305887
O            1.29359784780511       -0.92724501249071        2.42004094588501
C            3.09401712142224        0.28954031292910        1.37138223660787
O            4.14760232945600       -0.37980985160839        2.00944204382867
H            4.52997900392718        2.76921967090623       -1.55856734338363
H            5.87668442216941        1.71568801633020       -1.04150624080069
H            5.68589329450277        3.33961015979143       -0.32223198395079
H            4.28743476853253        0.07475068354742       -0.41245978274345
H            2.36921757105917       -0.78038920831717       -1.25133722318401
H            1.06460203400585       -0.67176909106025       -3.04107062352877
H            2.08824391668987        0.77816204953353       -3.12001531713115
H           -0.00999726825104        1.76763945291834       -2.22538799152362
H            0.73430300608021        0.99005425624391        0.48835026037244
H           -0.82192554538330       -0.84274438126959       -1.78501893368197
H           -2.11141058740815       -1.68966828184039        1.47288959418372
H           -3.02796583849853       -3.83553037638710        0.48714560294319
H           -4.47570987861377       -2.94488530531252       -0.02225671792646
H           -3.63629995620799       -3.31405942081218        2.64224319336909
H           -4.47924990033621       -0.46571228441605       -0.04147999370747
H           -4.77442193616152       -1.18961645124682        2.22491644377190
H           -2.11757910888523        0.78401930979274        1.43456028058619
H           -4.20906373481688        1.91980917523163        1.26223598194633
H           -2.70497561608755        0.72921036687522       -1.57062955255285
H           -1.72486284066916        2.56390493121441       -0.49320106965256
H            2.25745433518159       -1.63872758821630        0.82370410691843
H            0.68495105193470       -0.20864725760277        2.62579521040697
H            2.76297950996097        1.15069723991536        1.97458233756032
H            3.78366665999774       -0.81267953638202        2.79324738102021
48
 energy: -84.777199316975 xtb: 6.7.1 (edcfbbe)
C            5.00507892687154        2.67932373356088       -0.60863031936668
O            4.27132199812131        2.05755326786380        0.42996204548419
C            3.62066355769677        0.90358728859497        0.04857464190626
O            2.57201328643321        1.24546589757585       -0.83982937740666
C            1.74359544189038        0.14211971761220       -1.14815344721673
C            1.23628502852212        0.28966203435461       -2.60428076742551
O            0.05602782349604        0.95212488609944       -2.91195064892293
C            0.96506512659069       -0.11831531907423        0.18131499472079
O           -0.29498956420228       -0.75808178251811        0.29155315592610
C           -1.21260747591172       -0.75669002520843       -0.76398452545138
O           -2.19361258301789       -1.72489181538917       -0.52940506148494
C           -2.87470319957505       -1.67097577976513        0.70613984175823
C           -3.71619889542782       -2.95050465190003        0.81167605072677
O           -4.38785934942724       -3.03442073505508        2.04778173969438
C           -3.74871922287005       -0.41327137386231        0.73487614710144
O           -4.41517697306646       -0.22511718837826        1.95967198304450
C           -2.81438953389491        0.77061037869604        0.51816105712592
O           -3.52015600469458        1.98681220970466        0.40627816951010
C           -1.96258690623706        0.62984675614976       -0.75360370240678
O           -1.08645504960257        1.73545412090416       -0.74627668346893
C            1.96681506025213       -0.77763807536266        1.12801222522124
O            1.41106788373220       -1.12045221323723        2.37280635944242
C            3.14401176199470        0.20574959823515        1.33785067324451
O            4.25196306413302       -0.46990907715414        1.86949952527176
H            4.34420226613399        2.99129620275335       -1.42064994124416
H            5.76934126944091        1.99950114290600       -1.00094310978436
H            5.47959626343356        3.54817153027227       -0.15920096645387
H            4.31205633089833        0.20745378973508       -0.47444268361846
H            2.42025833401313       -0.73297537108631       -1.25679920538501
H            1.13168622113624       -0.71552389662458       -3.02856229755589
H            2.08352418636405        0.78253071763326       -3.11021883006941
H           -0.07471310680004        1.68085070483990       -2.28705953840834
H            0.79829259897658        0.90835861053064        0.56699094601028
H           -0.77736066220590       -0.97731876414105       -1.73649652727009
H           -2.15574011748824       -1.63273290571451        1.53779316310461
H           -3.06855700664181       -3.81702711774279        0.64285828205547
H           -4.49001759289980       -2.94173718229778        0.04147961434938
H           -3.74036819419907       -3.18373946545618        2.74697197389363
H           -4.47066762889404       -0.46301391262066       -0.09683133161183
H           -4.84094879760175       -1.06523290971035        2.19223835930750
H           -2.13137694188885        0.82215201745006        1.38327669165151
H           -4.19389907218911        1.98435562838672        1.09677666551495
H           -2.61760651020705        0.66557715954389       -1.63538012615721
H           -1.63819645687649        2.50324455073416       -0.53811328839380
H            2.34522215530866       -1.71760485460099        0.70929511661635
H            0.73737530233909       -0.46968513729066        2.59854227328702
H            2.81194357814655        1.00046872750682        2.02556310277966
H            3.94949432336900       -0.95541224496540        2.64835152999003
48
 energy: -84.770541250942 xtb: 6.7.1 (edcfbbe)
C            4.79449557003087        2.93512898557650       -0.45148798430962
O            4.14889598196074        2.14830086601114        0.53225045982123
C            3.60303166043843        0.97653878596062        0.05079503961476
O            2.52922211875470        1.29854968633129       -0.81805591218753
C            1.75680413853207        0.16266127504701       -1.14329931198278
C            1.25840123736255        0.25742082290615       -2.61082166288547
O            0.03768437539474        0.81318321715105       -2.96234591718912
C            1.02238718321258       -0.16619641165663        0.19462672266718
O           -0.25549860834537       -0.77402643272084        0.36223346221773
C           -1.16764891539626       -0.85197881382572       -0.69494787323680
O           -2.16481929085604       -1.78601385851196       -0.39512737751790
C           -2.89964138672692       -1.62796952815970        0.79938167109487
C           -3.75447911809268       -2.89350648006873        0.96252234077576
O           -4.51020216475711       -2.86918702054724        2.15079762515103
C           -3.76295919391679       -0.36837073872751        0.68732538586128
O           -4.49083462456213       -0.08137060990722        1.85564644286521
C           -2.79552182695795        0.78017571963820        0.43741777378443
O           -3.46716588189115        2.00142403831612        0.22066351053638
C           -1.89565841456869        0.54770311737100       -0.78659386878361
O           -0.99779460113424        1.63546740318908       -0.78870046201855
C            2.06418636878161       -0.86710390212546        1.06273916663846
O            1.54990240127327       -1.22159595093808        2.32230030870261
C            3.22279085459492        0.12883942223549        1.28709218283093
O            4.39133347294239       -0.54461689499383        1.67260265597876
H            4.08740543857842        3.25623192960476       -1.21967226632844
H            5.61115936574064        2.37424747123504       -0.91904042423769
H            5.19322431730220        3.79974100959131        0.07356776732536
H            4.35370724982067        0.39452556129330       -0.52756789057162
H            2.48689211267422       -0.66961198234326       -1.26008272678700
H            1.24015501542986       -0.75995644934502       -3.01817575370995
H            2.07697615374037        0.80526050345903       -3.10712059284531
H           -0.14089129022392        1.56686910535388       -2.37898259356275
H            0.88564020517846        0.83843150000410        0.63924003928562
H           -0.72599670040681       -1.14869152160572       -1.64470210310924
H           -2.22418053478160       -1.52286526240023        1.66214523077147
H           -3.10415709686918       -3.77342189796555        0.91388781231753
H           -4.47303208271543       -2.95027360400130        0.14259701105041
H           -3.91623651270012       -2.95146580141396        2.90629936503109
H           -4.43824398046007       -0.47481181199592       -0.17713491602708
H           -4.95493133459465       -0.89134698702006        2.11889840946707
H           -2.14580233324541        0.87184095995175        1.32477587068229
H           -4.16241229891935        2.06103924629360        0.88689277936532
H           -2.51083621292462        0.55327160304392       -1.69741716065962
H           -1.53240500515484        2.41701775683437       -0.58613203934219
H            2.44467704872342       -1.77149225120734        0.55786951576257
H            0.63027428349805       -1.47751545089595        2.18070187763555
H            2.90257703154379        0.83117514694270        2.07044837294653
H            4.19952074910902       -1.01165659163350        2.49517397152508
48
 energy: -84.761850364997 xtb: 6.7.1 (edcfbbe)
C            4.73966571003958        3.01260532597639       -0.32884753017661
O            4.10756868975625        2.15903004921851        0.60688144372732
C            3.58821949436229        1.00464782488287        0.05946215475785
O            2.49710071679984        1.34865581255199       -0.78215797816961
C            1.75031423255382        0.20866301298705       -1.14523959837118
C            1.26595558195419        0.31006285852741       -2.62189066948844
O            0.01620985204515        0.77659766100930       -2.99515550634465
C            1.03934568582897       -0.19375927781847        0.18762615713181
O           -0.25275341447877       -0.76437216713290        0.38971141704169
C           -1.15385303866135       -0.91656930037287       -0.66684381241734
O           -2.16476013128319       -1.82134601790134       -0.32559419650484
C           -2.90647272548120       -1.60658642326804        0.85487753854911
C           -3.73803657251108       -2.87586390539081        1.09214849598757
O           -4.51616007137407       -2.78431820315581        2.26239905977956
C           -3.78850123927264       -0.37289547694165        0.64898434790611
O           -4.54880747383878       -0.02261296562290        1.77846114381244
C           -2.82432372310679        0.76679597500475        0.35500914342536
O           -3.49769362787673        1.96950662491187        0.05378852204018
C           -1.88065273314687        0.48527088781257       -0.82641326196377
O           -0.97854769375432        1.57083271777190       -0.81397956897865
C            2.10295909327357       -0.93416885458196        0.99522654734618
O            1.61631234152471       -1.36217645447330        2.24296072484932
C            3.24990746560338        0.07131221550364        1.24775331924162
O            4.44140719817886       -0.59799158090333        1.56498970357861
H            4.02996188627806        3.35686644857532       -1.08442189104151
H            5.57302190282863        2.49714259716755       -0.81883440008918
H            5.11369908381969        3.85744714150514        0.24436898376249
H            4.34788339233229        0.47986937170113       -0.56017523745038
H            2.50635948332586       -0.59741469120977       -1.28376628743885
H            1.32801679034989       -0.69599141961623       -3.05149910580581
H            2.05382418629320        0.92641938524541       -3.08625563129002
H           -0.20732401628616        1.53584100921106       -2.43473867424524
H            0.93192374991663        0.79024210405411        0.68511038510721
H           -0.70513699251803       -1.26069539115527       -1.59712420108667
H           -2.23840883634705       -1.43390491173447        1.71207208829745
H           -3.06960875866490       -3.74321869967831        1.11722305603044
H           -4.43945856304873       -3.00514604602969        0.26570473176749
H           -3.93501907620371       -2.79997541326130        3.03210482911164
H           -4.43942356812514       -0.54342872438969       -0.22362428504150
H           -5.00603294875815       -0.82135859141525        2.08419305923002
H           -2.20087147909611        0.91305245278075        1.25431898646901
H           -4.21647311311779        2.05469896683233        0.69169486047481
H           -2.45906729225974        0.47120134253477       -1.76024103384105
H           -1.51525098965653        2.35660866127693       -0.63501644358098
H            2.48652342510736       -1.80593354945345        0.43856533138195
H            0.68129750015305       -1.56798000541665        2.11538683814581
H            2.93511623855508        0.71830560685812        2.07969382695916
H            4.28003929453090       -1.11396909618649        2.36458654647637
48
 energy: -84.791768570314 xtb: 6.7.1 (edcfbbe)
C            5.34475887333177        1.96052804647302       -1.08556831132895
O            4.83912337162352        1.45251683008859        0.13563267038034
C            3.69411683759768        0.69884319134479        0.00112985869708
O            2.65122533934125        1.55876211412768       -0.40307368964805
C            1.36524341698851        1.02066481797947       -0.61109016901835
C            0.52875761722914        2.27012856398079       -0.97255787317701
O            0.60599010789479        2.60739701015173       -2.32318680176994
C            0.85307980336989        0.32848893590978        0.66124789812010
O           -0.25259322081176       -0.58640793821949        0.61380890992385
C           -0.89441099360940       -1.17822269395979       -0.48396716867094
O           -1.71285410510838       -2.16241332563691        0.10374547787625
C           -2.69345872064458       -1.63831483511601        0.98806211575560
C           -3.46568885258634       -2.83516048709295        1.56199112385106
O           -4.37482573691294       -2.43945323046119        2.56230147944232
C           -3.64701857877340       -0.65662447896931        0.28088612437962
O           -4.48355874257155        0.00813713530266        1.19307517610298
C           -2.82566247814164        0.39786352099730       -0.46828820676739
O           -3.63008026394683        1.21736195314925       -1.27937530640879
C           -1.83860225871075       -0.34379370803844       -1.37107905671746
O           -1.18904777363355        0.49222607898957       -2.28326773986312
C            1.97461960190972       -0.57590463048359        1.23847952536008
O            1.61050395932377       -1.05323318092375        2.51073219457424
C            3.34717750499751        0.08460038044545        1.35830017237044
O            4.31179212798063       -0.87184532737984        1.69496224108585
H            4.61404294281714        2.61276006328603       -1.56917457401643
H            5.60974071469609        1.14227344030843       -1.76470040081743
H            6.23578411468486        2.52610966182123       -0.82434753863899
H            3.82978943295516       -0.11238082073652       -0.74648983464673
H            1.37408634156649        0.30244624443585       -1.44610959207061
H            0.95811840090879        3.11105089227545       -0.42387807047470
H           -0.51063840009916        2.12803940006329       -0.65545645292337
H            0.24205190157553        1.86877977132224       -2.82873928470691
H            0.57706798399184        1.08429339134434        1.40534290463904
H           -0.18310253142373       -1.72129032649736       -1.12417119266121
H           -2.20129959587429       -1.09438325479991        1.80880741736981
H           -2.74895245574842       -3.57475448930045        1.93350757616785
H           -4.06137383436352       -3.29859388292826        0.77293536814083
H           -3.88492993909067       -2.17387213503288        3.34964276177870
H           -4.24966761943862       -1.21122358970640       -0.45848844205314
H           -4.91014492690565       -0.66563300255220        1.74597990655913
H           -2.28175660979617        1.00944494429112        0.26886308535114
H           -4.36910139988019        1.52018486600868       -0.73837168877491
H           -2.40946536013487       -1.10142423893695       -1.93760032541639
H           -1.86559020293132        1.11347290992943       -2.59451073054050
H            2.08211380468948       -1.42913661387924        0.54379925230678
H            0.70753861648911       -1.38649193094144        2.43296693546571
H            3.31189164245340        0.89312267227239        2.10164747421652
H            4.01520510767149       -1.29893996756762        2.50912872428175
48
 energy: -84.794242986889 xtb: 6.7.1 (edcfbbe)
C            5.25595649234673        1.95611491463764       -1.23404728215203
O            4.83585540650381        1.41963145646940        0.00719279274727
C            3.66552704104536        0.69808039500903       -0.06321160476286
O            2.61196941000403        1.59377326313011       -0.34343473948692
C            1.31585527125200        1.06466292657225       -0.50346002601412
C            0.45484300906436        2.31806494185737       -0.76683328836553
O            0.53842604354843        2.76771188731167       -2.08471345299356
C            0.87784589395951        0.31672986378700        0.76460241802510
O           -0.25013741442264       -0.57007680052831        0.74571153002179
C           -0.83649987514272       -1.21076997708544       -0.35710433662389
O           -1.70581329133247       -2.15634312671280        0.22049273022631
C           -2.73686818728770       -1.59391883982935        1.01710247292593
C           -3.53511291936410       -2.76741574123600        1.60396106523444
O           -4.51973514040606       -2.33001140995710        2.51074361536747
C           -3.64681700178810       -0.66391774763506        0.19480608526838
O           -4.55672759504135        0.03581104477877        1.00461631982519
C           -2.77444913106654        0.36009080706119       -0.53649211722044
O           -3.51729829115655        1.14202624599598       -1.43851355731165
C           -1.71749550592403       -0.40588554148587       -1.33617913129844
O           -1.01506684760117        0.41300068642803       -2.22588485353354
C            2.02427407850619       -0.61666365399895        1.23548985510269
O            1.73655239086116       -1.13380593744864        2.51176343713748
C            3.40866920062235        0.02950802147138        1.28859961867679
O            4.38517397664808       -0.94595420255417        1.51942485279521
H            4.50323817196244        2.63595859544826       -1.63985915935057
H            5.45060914696297        1.15405176608485       -1.95543737134374
H            6.17601400566069        2.49718291609792       -1.02740483582838
H            3.71937410409081       -0.08170946075085       -0.85397310629122
H            1.28205471906718        0.38075210368366       -1.36586984378427
H            0.85339423492874        3.12272669356884       -0.14535098376561
H           -0.58473315446921        2.12313034432331       -0.47919690242272
H            0.27545328987300        2.03744341444982       -2.65925447959097
H            0.65243737647179        1.03807949983283        1.55784811257821
H           -0.09652871367434       -1.79068496988948       -0.92824901719768
H           -2.29698112763848       -1.00289767050021        1.83481795173862
H           -2.83891817705660       -3.47290530993517        2.06898895183824
H           -4.06510515557374       -3.28480864823812        0.80168926641566
H           -4.09211067973531       -2.01246045411515        3.31482898840360
H           -4.18498834656459       -1.26299250178804       -0.55934662933655
H           -5.01610260413449       -0.61431062762817        1.55953997600558
H           -2.29077788056444        1.00347809142966        0.21551598024914
H           -4.29578545563543        1.46194727517119       -0.96716098565607
H           -2.24189807936134       -1.18472706159141       -1.91867442581871
H           -1.68159169328985        1.00789642076820       -2.60413698544341
H            2.08001282684842       -1.44678970741701        0.50722404707835
H            0.81904404809504       -1.43502725228470        2.49042159668205
H            3.43079671097342        0.80686114978190        2.06495450341712
H            4.14416037489311       -1.40063934459295        2.33693686650217
48
 energy: -84.796307120728 xtb: 6.7.1 (edcfbbe)
C            5.20209567058704        2.12322859266627       -1.18475975232729
O            4.81845522823924        1.47060838776153        0.01197820244166
C            3.65966394128974        0.73538089936177       -0.09839825549959
O            2.58221172369216        1.63038872125839       -0.27023724299600
C            1.29765450718491        1.07610320668044       -0.44457638100632
C            0.39631660386288        2.30707803117972       -0.65673025551656
O            0.45750519174257        2.80573608462735       -1.95898586206456
C            0.91448773400187        0.26452243597235        0.80126283257852
O           -0.24683838009245       -0.57479759293505        0.82422164523160
C           -0.81918687637799       -1.26680626614418       -0.25661373997167
O           -1.73482740765669       -2.15253384917809        0.34415261721430
C           -2.78130218062904       -1.52605869381288        1.06749269655678
C           -3.60224014446154       -2.64700495721285        1.72183293571937
O           -4.61224115593189       -2.13640103061433        2.55978378043694
C           -3.65700789344877       -0.66430854076090        0.14262983428392
O           -4.60413051608990        0.08984839132428        0.85497670789739
C           -2.74803216186870        0.30673622845777       -0.61390503485170
O           -3.44339417863126        1.02404740709057       -1.60374258141895
C           -1.64817487409461       -0.49964744674831       -1.31186691200829
O           -0.90215499499159        0.28434570772071       -2.19885988940434
C            2.07104177558873       -0.71198253522972        1.13733256183415
O            1.83748594092403       -1.33791909371843        2.37530684521499
C            3.45614411272203       -0.06576022482866        1.18937739561267
O            4.44473069054499       -1.05216981092052        1.28074025982910
H            4.43209403795494        2.82685397178071       -1.50955365837985
H            5.38790844205583        1.39259478663222       -1.98034214207413
H            6.12081979864212        2.65547043257843       -0.95122911242755
H            3.70691982910621        0.03449822276577       -0.96020934726396
H            1.27852330274800        0.42352763889449       -1.33107168925172
H            0.76713630740276        3.10318817017281       -0.00780760716337
H           -0.63439162131144        2.06493424351831       -0.37460974912702
H            0.25257821629341        2.07892177538498       -2.56047064209707
H            0.76353108390525        0.94600190072563        1.64561916365213
H           -0.07889120249088       -1.89765078549651       -0.76951452255637
H           -2.35989157006460       -0.87434036696827        1.84777202829018
H           -2.92391380308810       -3.31452780688403        2.26324136869906
H           -4.10971359793769       -3.22576258152457        0.94740257566181
H           -4.20747003147856       -1.75141940774469        3.34611999391491
H           -4.15782204753608       -1.31953910133281       -0.59010074086480
H           -5.08063959384918       -0.51680586840301        1.44367512310611
H           -2.30673836553130        1.00083648343671        0.11852894005923
H           -4.24238811446064        1.37679151754528       -1.19418057343109
H           -2.14402568784666       -1.30290003905988       -1.88623255619048
H           -1.55559443852016        0.84100974433535       -2.65100105756239
H            2.09508320336520       -1.47576857474157        0.33801743599239
H            0.90572535000090       -1.59479437167236        2.38829080902168
H            3.50985862556869        0.63081065233990        2.03762503855204
H            4.24303447099459       -1.58456593432307        2.06110242740694
48
 energy: -84.797890288567 xtb: 6.7.1 (edcfbbe)
C            5.16053457589943        2.24407672163254       -1.14495753917224
O            4.81068501580347        1.49622207156686        0.00539887384733
C            3.65284089090232        0.76450510740525       -0.13423369521170
O            2.56466768560703        1.66173441885823       -0.19706011534713
C            1.28491964798499        1.09744206451675       -0.37910722404404
C            0.34765288798811        2.30925798544320       -0.51380685453413
O            0.33135510431624        2.84624919229664       -1.80230056111502
C            0.95576698415144        0.21424869779940        0.83247519202612
O           -0.23631790013306       -0.57461918097459        0.89415048316539
C           -0.80457262728840       -1.31291953468871       -0.16033763602310
O           -1.76096863588360       -2.13759314893528        0.46250615722713
C           -2.81789622444925       -1.45103846893370        1.11034684057477
C           -3.65974429525307       -2.51319125027005        1.83270669853399
O           -4.68996061364373       -1.93454893378075        2.59851624633855
C           -3.66210509000684       -0.66876168522473        0.09208984447056
O           -4.63965479135534        0.13221161996262        0.70517001973503
C           -2.72449040507471        0.24739319628594       -0.69577096356164
O           -3.37749339452524        0.87817909401187       -1.77060991991215
C           -1.58340793597534       -0.58920622854916       -1.28539032691504
O           -0.79814739901789        0.16513592837132       -2.16616637921800
C            2.11101648606382       -0.79676900107877        1.03392464270262
O            1.92755330520553       -1.52286329872534        2.22507667174469
C            3.49784954153242       -0.15165777913338        1.08257143776225
O            4.49070434549903       -1.13735877927745        1.04322714674470
H            4.37967563687812        2.96666453147818       -1.39310539134516
H            5.32818530976193        1.58001985872899       -2.00056349233917
H            6.08302135344710        2.76153472130823       -0.89373381766016
H            3.67737554863313        0.14230199848513       -1.05536166423259
H            1.26529743768046        0.48924683150646       -1.29600228627173
H            0.72430241580197        3.09698036366585        0.14183151484294
H           -0.66153219477349        2.02781514217697       -0.19114787490310
H            0.14000246752878        2.12675352410400       -2.41687865192185
H            0.88047969944491        0.84867799664542        1.72292457133038
H           -0.07025313555259       -1.99128939528034       -0.61692402899322
H           -2.41042780367610       -0.74004450301569        1.84473166410916
H           -2.99826001588535       -3.13484475463647        2.44505761182991
H           -4.14825417497558       -3.15291815058418        1.09485849280180
H           -4.30465714464937       -1.48332152173776        3.35899387691002
H           -4.12963023098765       -1.38204172376586       -0.60765485071988
H           -5.13111767877052       -0.42713747679823        1.32743846028732
H           -2.32677815832923        1.00204031045446        0.00009476805363
H           -4.19317218636639        1.26051396098171       -1.42568385848061
H           -2.04699446389360       -1.41856158434105       -1.84937144916262
H           -1.43671287282640        0.65953039966776       -2.70361598541309
H            2.10095270490596       -1.49123153568172        0.17362839780708
H            0.98605185606671       -1.73520752674320        2.28503261937515
H            3.58631592671244        0.46504953831887        1.98800519879077
H            4.32533749579743       -1.73666104125871        1.78251104339570
48
 energy: -84.799425130427 xtb: 6.7.1 (edcfbbe)
C            5.09192510874697        2.40607056403579       -1.07518242598821
O            4.79455259738558        1.51717567884723       -0.01410156965597
C            3.63681057807280        0.79330984320068       -0.19559820445339
O            2.54017062995552        1.67974984330755       -0.10612275935033
C            1.26107981356863        1.10760209776275       -0.27281219510241
C            0.27079782181526        2.28871995418580       -0.22781976560699
O           -0.16501855767463        2.71394645157584       -1.48255153470250
C            1.02069500032332        0.11643583509491        0.87390499357213
O           -0.19987342801867       -0.61800603596374        0.96408781564071
C           -0.79323879836182       -1.38267951482177       -0.05951005446103
O           -1.79796841128376       -2.11459260903628        0.59896712487304
C           -2.83810668092193       -1.31934820874388        1.14560097287293
C           -3.74697819200400       -2.26501972336932        1.94446077486942
O           -4.76438925528892       -1.56852941286726        2.62426047588769
C           -3.62106172454948       -0.60268954744326        0.03268010444065
O           -4.57762578336024        0.29096149699476        0.54104535980839
C           -2.63605517170800        0.19892482716090       -0.82348920221430
O           -3.24029375327314        0.69635745357427       -1.99417444315300
C           -1.49797917610231       -0.72438178766940       -1.26807126745048
O           -0.63298468885322       -0.08494386212919       -2.16919939673683
C            2.16590113794036       -0.91881022974626        0.87319152600763
O            2.06196681319483       -1.78063692198795        1.98177263341059
C            3.55306247276176       -0.27064226323456        0.90413008815732
O            4.54246137151565       -1.23416960203595        0.67540105211563
H            4.29726095925441        3.14527216160018       -1.19971564736266
H            5.22811525410812        1.85637685338508       -2.01331958616895
H            6.02065804418564        2.89875756549789       -0.79810298658717
H            3.62656882939423        0.28888634657356       -1.18592286718834
H            1.20475055461790        0.58716950043332       -1.23822334989597
H            0.78731192050499        3.13679696015591        0.22664238118077
H           -0.57986076643654        2.01357852204092        0.41405698929884
H           -0.50122525563122        1.93885947595492       -1.95418392920797
H            1.04215396449384        0.66699326203888        1.82132062595680
H           -0.08558088680980       -2.12983929412960       -0.44859451466585
H           -2.41316166584570       -0.55978909374931        1.81867601871705
H           -3.12931372797937       -2.85361264878812        2.63079290081695
H           -4.25003690812414       -2.95051613680861        1.25930991040518
H           -4.37388027559505       -1.06087496186136        3.34550750372217
H           -4.10239800035183       -1.36201500030897       -0.60717264644789
H           -5.10722483876618       -0.18538583275428        1.20014786106191
H           -2.24938033381437        1.02891097200484       -0.21652173062817
H           -4.04074302515618        1.16405178745958       -1.72833639760467
H           -1.96501552544881       -1.58442705397940       -1.77814482311604
H           -1.18525998470038        0.19194969201347       -2.91444710973980
H            2.09666703727877       -1.50641852303868       -0.06027693752805
H            1.12162656822038       -1.95413148957426        2.12469192040439
H            3.70301277570353        0.22805182639518        1.87214538360917
H            4.42710052891044       -1.92345039843180        1.34228483454964
48
 energy: -84.801135043494 xtb: 6.7.1 (edcfbbe)
C            5.05838394965033        2.48896100110484       -1.03080964300133
O            4.77786654618677        1.53836076119935       -0.02002541656495
C            3.61492822202932        0.82907617928891       -0.22520528683443
O            2.52079169960825        1.70582522425759       -0.04705521173779
C            1.24429594836447        1.13062991889129       -0.22876462893184
C            0.23442847156823        2.29042163008854       -0.14043597332551
O           -0.28832084786343        2.67921008555691       -1.37595089091514
C            1.04337183361117        0.08198646263633        0.87640456845640
O           -0.19647183523755       -0.60825152169830        1.01636097063543
C           -0.78505044333403       -1.43811259440388        0.03948988829060
O           -1.81932953781178       -2.10704472071013        0.71549883945163
C           -2.86454526395827       -1.27045465449610        1.18339612107132
C           -3.81556938281284       -2.16423631249049        1.99320197362523
O           -4.85087130556750       -1.42380725493567        2.59498490595873
C           -3.59641555676652       -0.59998020214971        0.00872302875724
O           -4.55487092406799        0.33276704955940        0.43703120072807
C           -2.56351949099968        0.14359693760257       -0.84198449580965
O           -3.11392882536803        0.62769506359552       -2.04449500966864
C           -1.43927217804484       -0.82575735500275       -1.22033031453335
O           -0.52591045226152       -0.24006073187775       -2.10862446178826
C            2.17007169976325       -0.96205317249645        0.76310760174692
O            2.10142213978731       -1.89694749181891        1.81473508180385
C            3.56044247825057       -0.31649705446410        0.79229427645855
O            4.53923204640045       -1.25895691973130        0.45620525938936
H            4.26426724942216        3.23651314325890       -1.09544050175961
H            5.17424410310909        1.99634719258905       -2.00278099732087
H            5.99413103702679        2.96182055605425       -0.74300722644245
H            3.57998054236568        0.39848758066208       -1.24917743945874
H            1.19158831675709        0.65070721712200       -1.21496870540632
H            0.75908403154852        3.16020547671212        0.25988331478593
H           -0.56752444208040        2.01397319050597        0.56074887311421
H           -0.64114258005011        1.89492419499753       -1.81732456284066
H            1.13431790679874        0.59262426219942        1.84315381180543
H           -0.08621529260554       -2.22221190171090       -0.28474697076749
H           -2.45203565291860       -0.48412079933893        1.83325757170304
H           -3.23265308288281       -2.72282646014485        2.73284666638176
H           -4.29875512885345       -2.87917866533703        1.32397237279270
H           -4.48419200195491       -0.88667896606091        3.30731946643030
H           -4.06721908108885       -1.38220902807076       -0.61075900705928
H           -5.11763201380535       -0.10312226125650        1.09657854578741
H           -2.17197684887363        0.97707780273407       -0.24342552729825
H           -3.91268341303080        1.11834453506197       -1.81733631020619
H           -1.91090818018954       -1.69338709297245       -1.71255739125859
H           -1.03828207144539        0.03693292402127       -2.88186839743181
H            2.06743076291617       -1.48344963733272       -0.20536165246807
H            1.16840965433091       -2.02870531184424        2.03001368873030
H            3.74489174480915        0.10585783177344        1.79038574335095
H            4.45171041782281       -1.99429728897656        1.07632615788115
48
 energy: -84.802093015347 xtb: 6.7.1 (edcfbbe)
C            4.99861942859563        2.54394351801468       -1.04911518073768
O            4.75258158763123        1.53277054738047       -0.08969127451773
C            3.57548855782265        0.84481258536170       -0.28946847738869
O            2.49793309095392        1.71713680601869       -0.01448000365605
C            1.21264416839040        1.15354830857645       -0.16943645088019
C            0.20863829188213        2.30814337353297        0.00163346210267
O           -0.33735131297851        2.76261275000950       -1.20335689446160
C            1.06001030610754        0.05271085005895        0.89586567979769
O           -0.19494659387934       -0.59667408972912        1.08284458819070
C           -0.77183167585184       -1.50070469399401        0.16347322578733
O           -1.83699538551682       -2.10099019694568        0.85232878115368
C           -2.89017050291818       -1.22420587782823        1.21678526651885
C           -3.89714583420220       -2.05652067475042        2.02438825173496
O           -4.94781803295732       -1.26707809547845        2.52978125197408
C           -3.55000731508277       -0.60719738068910       -0.02850539322225
O           -4.51053578279934        0.36348435245309        0.29925983571892
C           -2.45546799231234        0.07363897789234       -0.85284018727625
O           -2.93123398506599        0.56918562918398       -2.08217238830382
C           -1.36119702258625       -0.95413506889021       -1.15543645663400
O           -0.38965288543320       -0.45315586712226       -2.03002169398247
C            2.15934736995183       -0.99564106797341        0.66747859587714
O            2.14023333728552       -1.98443329806076        1.67320614601157
C            3.55632187475743       -0.36047192870909        0.65855533560190
O            4.50646680930099       -1.28834561059285        0.21648466904866
H            4.20507905898529        3.29475747721327       -1.03756382496931
H            5.07704987052055        2.11284917861806       -2.05347950530113
H            5.94581847308793        2.99726477782346       -0.76712114942450
H            3.49452804997899        0.47665454108389       -1.33469918922675
H            1.12060018843384        0.71652696639822       -1.17245429639693
H            0.74586973336032        3.15720255217673        0.42842389382977
H           -0.57791601504456        2.00227637589688        0.70710565238246
H           -0.76407551474633        2.02658700162643       -1.65981752771261
H            1.22204569745638        0.52285437523892        1.87484815328654
H           -0.08027675049522       -2.31929752103006       -0.07765474655994
H           -2.49768846010595       -0.40856800717678        1.84301023416611
H           -3.36277875288557       -2.58150192235208        2.82284577803679
H           -4.35874535468523       -2.80035766094112        1.37166725258100
H           -4.60873380287605       -0.69935589834155        3.23197253537050
H           -4.00394119210373       -1.41271554883664       -0.63018246850805
H           -5.11305275822602       -0.02568516357828        0.95290060069443
H           -2.05252726206994        0.89527468386996       -0.24571963568871
H           -3.74601278106779        1.05243515459971       -1.89862199155175
H           -1.84811163324070       -1.82932876643031       -1.61940190095358
H           -0.86354874472965       -0.10995322538443       -2.80090937613362
H            2.00117169445628       -1.46415391938700       -0.31952088250286
H            1.23119807227764       -2.07617517365991        1.98639098178855
H            3.79745106355354       -0.00058891959618        1.66924316995171
H            4.44266159199289       -2.05943638026913        0.79466146283012
48
 energy: -84.802990920170 xtb: 6.7.1 (edcfbbe)
C            4.85278325637944        2.57084372373485       -1.19995327988486
O            4.68453057371982        1.51145537244571       -0.27612048654157
C            3.48233482427144        0.84853602941046       -0.39585807542195
O            2.45120726936617        1.71974654493732        0.02294061703263
C            1.15121107535359        1.17613270792165       -0.02579120816130
C            0.18527070636431        2.31420727627878        0.34252610139361
O           -0.29111051934274        3.02914587981984       -0.76293840475684
C            1.07926801690450        0.00549040728863        0.97443948847251
O           -0.19170251768012       -0.60322220528783        1.18145202800272
C           -0.75317957177319       -1.56655663490053        0.31191626236081
O           -1.85981830802395       -2.08563016343142        0.99644432730395
C           -2.90127459582196       -1.15007470768911        1.22845118677390
C           -3.98030719474591       -1.87811515828543        2.04298628964383
O           -5.01962273607006       -1.01147241863531        2.43263250550657
C           -3.47075775968960       -0.61666902612513       -0.09788219104750
O           -4.41743345002178        0.40270164345437        0.09639951163640
C           -2.31809323117476       -0.03407725397343       -0.91977093693295
O           -2.72717963772640        0.37412721680412       -2.20364058175699
C           -1.24500832684150       -1.11333193370625       -1.07851479864140
O           -0.19742185383834       -0.71246083211593       -1.91634589733729
C            2.13821666370583       -1.03318123328254        0.59537023935498
O            2.20658512569215       -2.07503883389688        1.54840199007240
C            3.53423495808959       -0.40159014010593        0.49120894788667
O            4.43244117492447       -1.31176932991024       -0.07752913229139
H            4.07572375404779        3.32802139451844       -1.07139618025138
H            4.82785227884550        2.19401850039479       -2.22866058460480
H            5.82955815442450        2.99834232572190       -0.98724282866870
H            3.29614123877634        0.53276111643667       -1.44467221955429
H            0.94152340984631        0.80524304599747       -1.03853930749013
H            0.72946437435572        3.03651790548598        0.95353482805368
H           -0.64346705940533        1.90156540158040        0.93662720450476
H           -0.70023515218484        2.42014907381829       -1.39022624095334
H            1.31720026193428        0.40884546322115        1.96778319446500
H           -0.07481643052466       -2.41979214903277        0.17520396788699
H           -2.51343147423162       -0.29860283914680        1.80824089896306
H           -3.50729390991680       -2.35904677711204        2.90536447928319
H           -4.44167626101091       -2.65236382715520        1.42644355787849
H           -4.68846925289184       -0.39986371976349        3.10103500872596
H           -3.91735196551961       -1.45634593418299       -0.65737624794230
H           -5.06028224487551        0.08906885835255        0.75241471363583
H           -1.91245884761604        0.82300746047194       -0.36585327757592
H           -3.55683746467015        0.85564694734756       -2.09666352822464
H           -1.73129255077102       -2.00628032978193       -1.50804306793619
H           -0.60826030682808       -0.37193904361449       -2.72361230659590
H            1.88824025481306       -1.45030885288006       -0.39442997088088
H            1.35873687100050       -2.12878650805636        2.00521880205007
H            3.86881297119161       -0.09230733198635        1.49237376358057
H            4.39744038830177       -2.11674828188462        0.45513475893199
48
 energy: -84.805282760587 xtb: 6.7.1 (edcfbbe)
C            4.76854849288641        2.61148378150645       -1.21791023216686
O            4.62862720710756        1.49969952523493       -0.35261580319713
C            3.41161492280725        0.86084576956192       -0.45435797899387
O            2.41575648396274        1.71612382152117        0.06805473225366
C            1.11132037145890        1.18235736850736        0.06569231112334
C            0.17125506999649        2.29719044825622        0.54852104497641
O           -0.27223847770345        3.14204422246506       -0.47630772236586
C            1.07487397953894       -0.04592674516835        1.00353240776417
O           -0.21373522676216       -0.58768379637849        1.24052062381494
C           -0.76301684709986       -1.60878707640672        0.43408998902925
O           -1.90801073008343       -2.05593947746463        1.10327537772200
C           -2.93007758652638       -1.08213202711470        1.23492032889217
C           -4.05913127418582       -1.72665329902227        2.05154277323676
O           -5.08530926384214       -0.80782112015935        2.34800059397598
C           -3.43381860519335       -0.62381690613791       -0.14450980028565
O           -4.36155876398290        0.42849236863996       -0.05640059824581
C           -2.23776484216618       -0.12644487107990       -0.95903953428785
O           -2.59441080902242        0.20209767859592       -2.28156778400930
C           -1.18161841903317       -1.23324633829935       -1.00454251003198
O           -0.08934844700722       -0.88415999182447       -1.81152855280152
C            2.08559829642008       -1.07135552964891        0.47809286032390
O            2.15441139679963       -2.23585274382298        1.27135660109888
C            3.48379707242817       -0.44337609603855        0.35019158318332
O            4.34293183734193       -1.33421994852194       -0.30457183893777
H            4.01215948903413        3.37003089516095       -1.00345162578434
H            4.68477051605878        2.29851335409351       -2.26468649627458
H            5.76223898686766        3.01084490158341       -1.03057253740817
H            3.17066181139180        0.61260956108183       -1.50987630093110
H            0.84016670465615        0.86577442582576       -0.95182893776600
H            0.72262727482916        2.93425857906599        1.24209908383805
H           -0.67530016544882        1.83871684734751        1.08008223724712
H           -0.68460059828967        2.61560365793126       -1.17220805314001
H            1.39340894165186        0.29681814332211        1.99880041731714
H           -0.09070835267032       -2.47561240798587        0.40266577260847
H           -2.54126378703372       -0.20438730526458        1.77356798432580
H           -3.63157430188587       -2.16504532116262        2.95897007306310
H           -4.52185462524564       -2.52495499396632        1.46770349170247
H           -4.75664316889520       -0.16309266476159        2.98575427003779
H           -3.88072041870108       -1.48818369733418       -0.66484007224513
H           -5.03123304691999        0.17705149993873        0.59954322426275
H           -1.82776779388838        0.75873578431809       -0.45308933595503
H           -3.42487574031751        0.69191986523594       -2.23604826263891
H           -1.66073699220972       -2.13961583384551       -1.41155477756681
H           -0.45996456862928       -0.58123224862872       -2.65263584079138
H            1.77390086915995       -1.41158160669011       -0.51580804940626
H            2.25841840935171       -1.98107881423263        2.19665052291585
H            3.87511833538431       -0.19362576182900        1.35095843814457
H            4.17507136932826       -2.21538705395439        0.05884982802121
48
 energy: -84.805622598310 xtb: 6.7.1 (edcfbbe)
C            4.72303607432360        2.63752181676263       -1.24680740454076
O            4.60233530579494        1.49470215603930       -0.41999076599368
C            3.37245145319396        0.87732425748354       -0.49285621382224
O            2.41257664375683        1.72467958398424        0.10492489192005
C            1.10454109247194        1.20510299921216        0.12834203608279
C            0.18715829153649        2.29612185324665        0.69782735731440
O           -0.23651061349011        3.22881088753296       -0.25693216661863
C            1.08313247880071       -0.07106635867092        0.99962840753685
O           -0.22339779633625       -0.56535922341084        1.24589574347367
C           -0.76219657919125       -1.64029878421707        0.50673640380107
O           -1.93002301787239       -2.03220806117982        1.17053776170600
C           -2.93878631226740       -1.03901904086710        1.23963177458615
C           -4.08970795125664       -1.62898022707979        2.06705779841550
O           -5.11652053115871       -0.68931522303605        2.28622634325594
C           -3.41160030269725       -0.64409244819851       -0.16913986921653
O           -4.32601468620909        0.42355745696713       -0.15394518826708
C           -2.19245944616363       -0.20500648108799       -0.98075601705322
O           -2.51978247658625        0.06857527578323       -2.32315762552241
C           -1.14787083893447       -1.32440405495484       -0.95930483715416
O           -0.04076313903588       -0.99764700523999       -1.75610450908437
C            2.06854051158002       -1.08902623705543        0.42118805887929
O            2.16719162470015       -2.26269814277714        1.19890429024175
C            3.46247768142260       -0.45812752885522        0.25755009611873
O            4.29033271386724       -1.32627787745074       -0.46465404132945
H            3.98415671121646        3.39504419638743       -0.97522982850271
H            4.59737482300752        2.36620400041215       -2.30102067760149
H            5.72756303150338        3.01905910354460       -1.08130460043398
H            3.08157432484890        0.67328673963201       -1.54520469755873
H            0.79187159100198        0.93974029829727       -0.89435830727622
H            0.74842337327724        2.86483780783326        1.44096638143297
H           -0.67008334847496        1.81160624032201        1.18656568692621
H           -0.65967109503113        2.76782047399608       -0.99152431365812
H            1.43878714352024        0.22606934030748        1.99945527802552
H           -0.09739778662143       -2.51130855407306        0.53948965885080
H           -2.54625832178377       -0.14164087238411        1.74165230912376
H           -3.68580213595612       -2.01557452636736        3.00814898116949
H           -4.54390948339177       -2.45768968838997        1.52017381860419
H           -4.79873554631790       -0.01092723994902        2.89375304817963
H           -3.85976160696587       -1.52798887856335       -0.65421786163099
H           -5.01559077161361        0.21067372236100        0.49499303254696
H           -1.77390099391479        0.69627615921424       -0.50883978021724
H           -3.34651029672131        0.56669780430412       -2.31512366713681
H           -1.62206671786832       -2.24186171252032       -1.34577371425454
H           -0.39834668932810       -0.70684759801284       -2.60725580152578
H            1.72532955814234       -1.41951452275953       -0.56407066030089
H            2.34947491778070       -2.01958598814265        2.11522934249129
H            3.89561537898596       -0.24780599064746        1.25048219586734
H            4.13971875033969       -2.21944109456156       -0.12430422228776
48
 energy: -84.804432309199 xtb: 6.7.1 (edcfbbe)
C            4.68829091120320        2.67116689598811       -1.25707835137532
O            4.58345166093967        1.49996942550192       -0.46867493023329
C            3.34444239450630        0.89927793093482       -0.51910162265490
O            2.41658581366513        1.73398812670873        0.14433531035249
C            1.10530493251939        1.22888534203492        0.18302139372667
C            0.21226668845740        2.29261489425644        0.83485536327294
O           -0.18909382823662        3.30473248893703       -0.04545451332081
C            1.08758870892372       -0.09402039711623        0.97949667563100
O           -0.23501510679973       -0.54832363776418        1.22464490669580
C           -0.76546862682403       -1.67357343221034        0.56062922352455
O           -1.95223949392990       -2.01135615030962        1.22159857042347
C           -2.94406196354101       -1.00029908806209        1.23821296624778
C           -4.11017425900296       -1.53210758453182        2.08360583427464
O           -5.12272578738648       -0.56621748804307        2.24887630434155
C           -3.39964610201743       -0.66557401360403       -0.19063600469978
O           -4.29211246482910        0.42005030159614       -0.23524619040158
C           -2.16470295270088       -0.29245345767368       -1.00907697208564
O           -2.47461666574618       -0.07912277125967       -2.36656814049508
C           -1.13541300847863       -1.42456402926833       -0.92718229891577
O           -0.02566126651950       -1.13014128163359       -1.73279961861569
C            2.05646081282531       -1.10090272593417        0.36053728349388
O            2.17716190615100       -2.28213799233425        1.12491473273653
C            3.44617674782296       -0.46377115953903        0.17857894674224
O            4.25210570328308       -1.30630982694286       -0.59673474434867
H            3.97119671923333        3.42740549500457       -0.92921591678795
H            4.51837260072316        2.44085276294575       -2.31485643375268
H            5.70371803127221        3.03351748415594       -1.11704988708892
H            3.01297496016226        0.73789345627840       -1.56687665400125
H            0.75767789785017        1.02091391457483       -0.84414812551912
H            0.78435638161805        2.79009883272550        1.61955289744052
H           -0.65605459062053        1.78922509104280        1.28212658265347
H           -0.63070375010769        2.91107146851917       -0.80753614486223
H            1.46860621212484        0.15390887818866        1.98631128952387
H           -0.10704298387228       -2.54357949859591        0.65257490991450
H           -2.54079139057981       -0.08676384823933        1.70075018984513
H           -3.72008827447216       -1.87973188295092        3.04553896782788
H           -4.57394604115178       -2.37846914621498        1.57297198389322
H           -4.79838537543359        0.13491883429806        2.82644510855949
H           -3.86172378582178       -1.56280792974905       -0.63626802961643
H           -4.99180178049720        0.25130888543164        0.41576702185429
H           -1.73059303027636        0.62324373099303       -0.57857080807754
H           -3.29094613770561        0.43513167031916       -2.39113362140888
H           -1.61397090468641       -2.35330269242135       -1.27903617597235
H           -0.38256037836321       -0.85163983380617       -2.58854756742307
H            1.69524407782856       -1.42449990517246       -0.61909839109859
H            2.40574792129889       -2.04836558709310        2.03368665354262
H            3.90732834428699       -0.28982174899923        1.16621211128694
H            4.11447551788780       -2.21032000141771       -0.28087016763907
48
 energy: -84.801861218610 xtb: 6.7.1 (edcfbbe)
C            4.65518298072780        2.73314506576925       -1.23728692924209
O            4.56522015735915        1.52436113003466       -0.50580730272238
C            3.31917280362492        0.93810348319793       -0.54214877457281
O            2.42345328512561        1.74641779981819        0.19489698664821
C            1.10935780725368        1.25420496820091        0.24409024696990
C            0.24580368104518        2.28160753817828        0.98680679051618
O           -0.12782965792969        3.37568948162753        0.19750513132484
C            1.09271046452735       -0.11682754629280        0.95223192049600
O           -0.24236532988468       -0.54218290828471        1.18947237272747
C           -0.77259838693717       -1.71381217994699        0.61390076161907
O           -1.97537894876954       -1.98342321893720        1.28074490840617
C           -2.94321165240812       -0.95142223401452        1.23522453606589
C           -4.12330037265119       -1.40622369001716        2.10592369449532
O           -5.11395698266657       -0.40937739664512        2.20867691275163
C           -3.38813824366843       -0.68979572935242       -0.21151344332042
O           -4.24382933300726        0.42078335120030       -0.32263063929765
C           -2.14159703284324       -0.41070696452309       -1.04816566468742
O           -2.44465436037759       -0.28050602740333       -2.41783522102645
C           -1.14379031831899       -1.56398660237333       -0.89101184104005
O           -0.04237150945211       -1.35392986687220       -1.73224413774497
C            2.04612894087529       -1.10245301411867        0.28036576256995
O            2.18919953993188       -2.29993281402933        1.01597750067000
C            3.43137056569817       -0.45838471434040        0.08399828842431
O            4.20983358671877       -1.26446831842822       -0.75536798694318
H            3.95844949346140        3.47833911503770       -0.84626500870659
H            4.44599634695439        2.55853199560071       -2.29869990453667
H            5.67880448716322        3.07850013201780       -1.11524687298020
H            2.94942649907254        0.83284782774336       -1.58434012457547
H            0.72705662158000        1.11666209407133       -0.78452098509432
H            0.83102294404589        2.69444831167991        1.80993445273377
H           -0.63525904983195        1.76362615350379        1.38908144236864
H           -0.58910679191530        3.06121317560580       -0.58905169532008
H            1.49637373532685        0.07045874788200        1.96604369764320
H           -0.12390909728478       -2.58066676052083        0.77111009447231
H           -2.52128516572082       -0.02149856972289        1.64520992611927
H           -3.74448849973034       -1.70470573410857        3.08863450226165
H           -4.60459369488570       -2.27069667305024        1.64424800581088
H           -4.77619913126741        0.31629933055977        2.74688983042376
H           -3.88026871049051       -1.59613123850192       -0.60287168815807
H           -4.95320231624244        0.30948891915678        0.33014704761239
H           -1.67840282222981        0.51844857559504       -0.67973995162199
H           -3.24034858925647        0.26186595763248       -2.47971486466811
H           -1.65014506434361       -2.50282368288919       -1.16973846157514
H           -0.40762613359299       -1.10107860455745       -2.59266423929394
H            1.66373336249764       -1.40823568479564       -0.69581942291289
H            2.46319586248796       -2.08652256978679        1.91756768008213
H            3.92367196194808       -0.33321336341150        1.06421192511126
H            4.08268707008049       -2.18203827094118       -0.47672536645011
48
 energy: -84.798460875242 xtb: 6.7.1 (edcfbbe)
C            4.59519329544699        2.83032954715677       -1.20771062696410
O            4.53053130931912        1.57306869990949       -0.56010263105261
C            3.27913373502719        0.99819320131905       -0.57497683056610
O            2.42826400783077        1.75710955088274        0.26144709293902
C            1.11332908358963        1.27361355059114        0.33459996730017
C            0.29664554883570        2.24762124352993        1.19370039549521
O           -0.07846835292714        3.41383674001820        0.51677937436355
C            1.10529658657063       -0.14862672294006        0.93270575727429
O           -0.23855209010768       -0.55503235322542        1.15945092032401
C           -0.78279220850862       -1.76410118802361        0.68499578794240
O           -2.00038311253203       -1.93660418541131        1.36299643377231
C           -2.92854704881913       -0.87703026143481        1.22724126897526
C           -4.13175133498384       -1.21958490873016        2.11769807269741
O           -5.08127289033022       -0.17847307556906        2.13759474955689
C           -3.35578404340281       -0.70496484062981       -0.23836579208541
O           -4.14624115700376        0.44183641031118       -0.43581524493661
C           -2.09757791660910       -0.56817157105925       -1.09303975297678
O           -2.39800444732761       -0.55087498555460       -2.46928602918983
C           -1.16588656498981       -1.75660582780048       -0.82621090465654
O           -0.08285686100442       -1.72232057480071       -1.71222923715707
C            2.03011383339574       -1.09142229535898        0.16814180028562
O            2.20415820155249       -2.32356953864490        0.83669172152284
C            3.40791385440025       -0.43884305067444       -0.05323832852924
O            4.13777369227164       -1.18926703506332       -0.98291279179667
H            3.92585576124681        3.54982265063256       -0.73026686994613
H            4.33177759672339        2.73289733107855       -2.26696850862925
H            5.62677008150204        3.16023423567529       -1.11333396381559
H            2.85735695852246        0.97002696513253       -1.60246571022346
H            0.68110952564554        1.22324751776407       -0.68307848190461
H            0.91736291681549        2.57496780052912        2.02910447605358
H           -0.58128524174941        1.71177759838900        1.57763301131672
H           -0.57934653680331        3.17895013789584       -0.27313236608697
H            1.54009212073896       -0.04468653966394        1.94725909331431
H           -0.15419214699208       -2.62722460113938        0.92221358101607
H           -2.47654536879532        0.06585254553207        1.56988420285721
H           -3.77186825181342       -1.46026212403142        3.12310358390421
H           -4.64500208049213       -2.09544036353827        1.71578712845705
H           -4.71980910460715        0.56817555317832        2.62969619411233
H           -3.90084253022955       -1.60814284567223       -0.56069180746398
H           -4.86792065621476        0.41286855925292        0.21224423880476
H           -1.58351845145919        0.36483833823643       -0.81177071326895
H           -3.15605266931754        0.03442313251265       -2.58566631681084
H           -1.73733355495001       -2.68697590595189       -0.98219867705349
H           -0.45503131999790       -1.52106523713372       -2.58345226193880
H            1.60573989632597       -1.35275957576314       -0.80328414296020
H            2.53830795010377       -2.15543904349466        1.72786514277030
H            3.94886101877107       -0.38289511450115        0.90772335622040
H            4.01527397927588       -2.12330880618700       -0.76287552401971
48
 energy: -84.795139656975 xtb: 6.7.1 (edcfbbe)
C            4.53401298198036        2.94844167774006       -1.14115253020586
O            4.48604711691138        1.63344612026368       -0.61883572592249
C            3.22714521524689        1.07510236888130       -0.61802152916997
O            2.43431014232228        1.76101100211943        0.33095086459202
C            1.12178779994711        1.28018565504658        0.44012901201237
C            0.36736297664393        2.18644332772884        1.42289422562073
O           -0.07246460505276        3.38743501898574        0.85364392812605
C            1.12568254767461       -0.18841650377528        0.91440184567132
O           -0.22406377066605       -0.57173581071714        1.14498822109769
C           -0.79604845834353       -1.80631538544603        0.78400743949975
O           -2.02372091076911       -1.85992406141295        1.46901844551218
C           -2.90205825148365       -0.77967458271862        1.21376326926603
C           -4.12874259678707       -0.97572736903438        2.11643319568327
O           -5.02246216406201        0.11026832319107        2.02597250285500
C           -3.30901096695414       -0.72822233814386       -0.26736431189763
O           -4.02388975932904        0.44265672438483       -0.58074872294694
C           -2.04529234460384       -0.76067325312921       -1.12592361273416
O           -2.34857948129646       -0.88870450429765       -2.49544149145792
C           -1.18836128939572       -1.96468107661908       -0.71551436930115
O           -0.12450249142425       -2.13422209896927       -1.60597575040213
C            1.99305883223146       -1.06333822911071        0.01543512475628
O            2.19598888857763       -2.34793333445990        0.56392533121049
C            3.36266656179095       -0.40491049420392       -0.23837403154711
O            4.01655918603270       -1.07697151752619       -1.27815404104907
H            3.90311158489357        3.62300636167090       -0.55769325197025
H            4.21111878450236        2.96005884075593       -2.18821804990918
H            5.57417142295613        3.25713714089762       -1.07275143489829
H            2.75027736225082        1.14842071122040       -1.61904502628077
H            0.62903969839151        1.31910270588758       -0.55023749789981
H            1.05153478494577        2.46906283782331        2.22441787863413
H           -0.47139779451968        1.61557815362785        1.84121029133463
H           -0.63387172510302        3.19427858007862        0.09355518955210
H            1.61069895611886       -0.18774705391945        1.91157826985016
H           -0.19733685584254       -2.65973246667558        1.11609945060705
H           -2.41164900256745        0.17184283614499        1.46807698727647
H           -3.79000667751229       -1.13855246297944        3.14454997179939
H           -4.68397265402048       -1.85799622742277        1.79192519084799
H           -4.62854842935751        0.87897982402748        2.45510476722052
H           -3.91128925639554       -1.62128082320148       -0.50495461157621
H           -4.75401857418336        0.51545231455148        0.05431791223201
H           -1.47678634892069        0.16723534928176       -0.95368300650160
H           -3.06007256522997       -0.26639678575146       -2.68799504638455
H           -1.82642903621568       -2.86491182289101       -0.73852444177165
H           -0.49732415782891       -2.02870778623229       -2.49368037518168
H            1.50467606355600       -1.24308724604444       -0.94480048440407
H            2.60140545275246       -2.25762117235704        1.43686386857689
H            3.96631598625400       -0.44224276935798        0.68551395695044
H            3.88492284600754       -2.02542000367884       -1.13820403689991
48
 energy: -84.792636025184 xtb: 6.7.1 (edcfbbe)
C            4.49890081420483        3.03460864883845       -1.08760976917672
O            4.44624560382890        1.67923066494116       -0.68168660171887
C            3.17610410769441        1.14812729122655       -0.65739346806593
O            2.45550296419669        1.75887370933957        0.39545547968384
C            1.14372397216241        1.28842650563178        0.54561989522360
C            0.46570308832090        2.12638606776877        1.63955702394957
O           -0.03563507359192        3.34938739524655        1.17678531807920
C            1.14069029948044       -0.21530466776593        0.89575418727478
O           -0.21419299170299       -0.56407184739106        1.14079267601054
C           -0.80767622269895       -1.81592856164488        0.89303157108851
O           -2.04281189611580       -1.76735640198033        1.56800283675361
C           -2.88561174056084       -0.69430487983300        1.19021132299560
C           -4.13388875507597       -0.76935478005255        2.08153416772414
O           -4.99028180485394        0.33055149647942        1.87398939697533
C           -3.26615362440968       -0.76975949590135       -0.29752295909273
O           -3.92582220030679        0.39555756993931       -0.73063215818572
C           -1.99579818230097       -0.93939422546640       -1.13123670578876
O           -2.29298360554269       -1.20111902296279       -2.48269045576655
C           -1.19505867333063       -2.12686329384016       -0.58134099626735
O           -0.13677696240909       -2.45346540727364       -1.42997035995992
C            1.93094105363384       -1.01658573332256       -0.13342579402586
O            2.14429880410614       -2.34672609778107        0.28046731869342
C            3.29627563968335       -0.36193696437395       -0.41953529570313
O            3.86351110175462       -0.95425200303247       -1.55423070916402
H            3.91506288521053        3.66642513356219       -0.41421725010236
H            4.12341760729812        3.14608628342734       -2.11098596933948
H            5.54835099937425        3.31558396489471       -1.04742169539733
H            2.64470960263139        1.32290620970984       -1.61753884924208
H            0.59245469315040        1.41368785906939       -0.40585234939953
H            1.21371448629762        2.37640355912061        2.39339252134248
H           -0.32764669970480        1.52128264662548        2.09589546731710
H           -0.64870654771747        3.18798088286219        0.44997619140371
H            1.67720391472134       -0.32079765470929        1.86029411471508
H           -0.23399804094407       -2.64474495061618        1.32004094803705
H           -2.37290902376911        0.26383982925739        1.36275119277156
H           -3.81890994365669       -0.84735440780603        3.12688717178623
H           -4.71149118605202       -1.66034720775021        1.82754709001239
H           -4.58290456401741        1.12156760708858        2.24618825053435
H           -3.90398599509667       -1.65476954800134       -0.46051053782498
H           -4.66705542179234        0.55122759162656       -0.12419324406115
H           -1.39233027527402       -0.02115272036834       -1.05090605764817
H           -2.96564103985119       -0.56524882788901       -2.75404431479900
H           -1.87697977044714       -2.99179918509935       -0.50369772290171
H           -0.50067825439112       -2.45438226827385       -2.32719685291752
H            1.37700718879888       -1.10001595986507       -1.07129167124364
H            2.60755481062326       -2.34085003398199        1.12872809953624
H            3.95663798992645       -0.49275235632286        0.45581250785046
H            3.70791190110912       -1.90750374711134       -1.49009925617856
48
 energy: -84.790787977255 xtb: 6.7.1 (edcfbbe)
C            4.43369528876215        3.11046061619532       -1.06447262582443
O            4.38648033812061        1.72464688487254       -0.77858598892338
C            3.11168531365217        1.21001389876987       -0.69899196897481
O            2.48626813462888        1.73662511665499        0.45490920088494
C            1.17853787047664        1.27722150585615        0.65542356013395
C            0.59091259162897        2.03730281348308        1.85387068408668
O            0.08878722396204        3.30148362134309        1.51867222912862
C            1.15298878543391       -0.25092420712888        0.88066507404872
O           -0.21036900516925       -0.55472946393157        1.13039277702923
C           -0.82596752112469       -1.81167909291967        0.98710786583641
O           -2.06966555522859       -1.67354701115373        1.63555006570681
C           -2.87727476797462       -0.61785145692688        1.14761061228113
C           -4.13976866323485       -0.57759971654731        2.02085389549111
O           -4.95650878707973        0.52702706647022        1.70609203953592
C           -3.23759957409135       -0.81768598105573       -0.33370396909701
O           -3.85731536999928        0.32149688962356       -0.88039047322054
C           -1.96057831381935       -1.09730751415412       -1.12743837836135
O           -2.24637012990373       -1.47561151118052       -2.45322626585504
C           -1.20197542410661       -2.25042565795264       -0.45641331250467
O           -0.14207861479650       -2.68846545566426       -1.24784318441147
C            1.87852932831587       -0.98853893403726       -0.24199307641153
O            2.13279905150333       -2.33316328214069        0.08842687136461
C            3.22142862055500       -0.31474009462113       -0.59423090740138
O            3.68024528646013       -0.81858319677179       -1.81702907717488
H            3.91381153023937        3.68525432976931       -0.29468290198532
H            3.98469666646468        3.31861677847007       -2.04202444322260
H            5.48823044535399        3.37451494005361       -1.07946340188960
H            2.51112995005975        1.47267246140183       -1.59625867039799
H            0.56827100022374        1.48792510811195       -0.24364774390913
H            1.39070705731096        2.21553401492768        2.57425980049964
H           -0.18629971529251        1.41350768939748        2.31276203249161
H           -0.55903162642544        3.20793452990181        0.81034956417462
H            1.71723590318047       -0.45596988336275        1.81274746169361
H           -0.27628748601959       -2.60825174885919        1.49962514683898
H           -2.34032607802947        0.33795627037419        1.24154138390410
H           -3.84216938303849       -0.57566556810024        3.07418016926285
H           -4.74281768576969       -1.46828792417655        1.83401857324665
H           -4.53035451280075        1.33325443709578        2.01983005183672
H           -3.89829038013660       -1.69593258164215       -0.42734312196853
H           -4.60133875979481        0.55266574077685       -0.30234782804289
H           -1.33345316885665       -0.19146158974262       -1.12251439249623
H           -2.89096586052823       -0.84520437322927       -2.79600512657879
H           -1.91275441531754       -3.08283768368861       -0.30684703934511
H           -0.48653564855993       -2.75880716809253       -2.14962081927639
H            1.26013423574373       -1.02843291026084       -1.14211006143179
H            2.63920143847025       -2.36466792086656        0.91069513591522
H            3.95134709870840       -0.52113117172510        0.20779008022912
H            3.55896832523920       -1.77861296999908       -1.79670583875484
48
 energy: -84.789162362812 xtb: 6.7.1 (edcfbbe)
C            4.29821750334825        3.20414214456834       -1.08992379034400
O            4.27613837415528        1.79756091213344       -0.92972455779938
C            3.01621570088351        1.27288190429221       -0.74727869645503
O            2.52704106121672        1.69712610730305        0.50918708433688
C            1.23473810242442        1.24238509170083        0.79121866057841
C            0.78484681864365        1.89480151085745        2.10580505138235
O            0.45921340023126        3.24969200093098        1.96798847090622
C            1.16823803792944       -0.30040443537369        0.88027816532690
O           -0.20748304842494       -0.54501537985802        1.12493092955759
C           -0.85923582683248       -1.79117520493240        1.07991523345144
O           -2.11018219570832       -1.55797812826400        1.68593582922614
C           -2.88097057893418       -0.53718995333469        1.07829262012588
C           -4.15803540801283       -0.38185567255606        1.91702834826692
O           -4.94198621467289        0.70446761235389        1.47924865292697
C           -3.21858857368451       -0.87579194217901       -0.38321581784648
O           -3.80703280567246        0.21322088368127       -1.05234720373756
C           -1.93127332925485       -1.25360843480980       -1.11782874296241
O           -2.19513656987936       -1.74771118216154       -2.40932223244821
C           -1.21707935719849       -2.35504824094999       -0.32263662611788
O           -0.14971559411992       -2.89460709429928       -1.03400264912439
C            1.83604281473289       -0.97257194998158       -0.32224265737783
O            2.16590335460041       -2.31499810071510       -0.05948230357111
C            3.12950014606130       -0.25333095001487       -0.77001204505322
O            3.45250599639377       -0.66333975047786       -2.06944602504808
H            3.89388511225842        3.70344971545159       -0.20631109183814
H            3.72257443111645        3.50161697711515       -1.97363228428509
H            5.34346911845890        3.47105008157231       -1.22414710611393
H            2.31878211105787        1.60523190256269       -1.54642099184267
H            0.54717901439096        1.54818604189474       -0.02077011545795
H            1.61443557033601        1.85937360760114        2.81347545561222
H           -0.06347263243138        1.32175616609694        2.50191549493515
H           -0.18325630522824        3.35085963059446        1.25637109584835
H            1.73870092948375       -0.61197618619283        1.77754612983026
H           -0.34322397302135       -2.55024636368246        1.67853353294031
H           -2.32080267559395        0.41003665819672        1.08820214298636
H           -3.87983940063535       -0.28316131733424        2.97109309560634
H           -4.77923876580009       -1.27277166935136        1.80587589351422
H           -4.50188167870596        1.52795142133678        1.72035651311314
H           -3.89361516767490       -1.74800590521261       -0.40282546234537
H           -4.55421222896025        0.51645112966819       -0.51305191058654
H           -1.28534880538545       -0.36328574869557       -1.18102365290196
H           -2.81777640215239       -1.13900819282108       -2.82442290410017
H           -1.95494722406648       -3.15062096577639       -0.11138262529575
H           -0.46044537755791       -3.02553051808085       -1.94086333009788
H            1.14782775709524       -1.00589720555523       -1.17115563560460
H            2.71283094076553       -2.35748965896336        0.73550984983822
H            3.94242490202181       -0.51145861279473       -0.06962819577809
H            3.38406398286885       -1.62816411396235       -2.09212599532275
48
 energy: -84.787868429562 xtb: 6.7.1 (edcfbbe)
C            4.20606203693340        3.29874652261747       -1.05228263081964
O            4.17866368244746        1.88294310923881       -1.03971975882149
C            2.93606952281745        1.34949379344572       -0.77749462353195
O            2.58734724503042        1.64448757999047        0.55875874449154
C            1.31369072924756        1.18960540195191        0.90819628689802
C            0.99549514842386        1.72439427406794        2.31175832825448
O            0.76156231910151        3.10545823814484        2.33357289991164
C            1.18886620243226       -0.35422624490725        0.86042935220246
O           -0.19736476294114       -0.52619120454293        1.11023264563015
C           -0.90060778646977       -1.74345043762842        1.17644019927443
O           -2.14607013068388       -1.40135352024122        1.73632778781081
C           -2.88153116740368       -0.44109619345430        0.99917022406791
C           -4.16103694183249       -0.15356987725417        1.79859047370294
O           -4.91833696516325        0.88614394753590        1.22293123135220
C           -3.21426733029813       -0.94603311370855       -0.41484206038116
O           -3.77911582260030        0.06412192128591       -1.21498869775456
C           -1.92679675115294       -1.42862163219874       -1.08644746646625
O           -2.18450328633968       -2.06001421792708       -2.31717855154727
C           -1.24865582063409       -2.44664163949921       -0.16055852835360
O           -0.17004986611252       -3.07894932801903       -0.76661820455208
C            1.79067661932973       -0.94243761294250       -0.42600756784397
O            2.19244650317717       -2.28093595461152       -0.26801401474331
C            3.02381990044404       -0.16626397010751       -0.95634658426109
O            3.18792882445806       -0.44874109640585       -2.31884136359255
H            3.90637701336574        3.70273693018326       -0.08222337084103
H            3.54405671459409        3.69132108567166       -1.83255255612799
H            5.23515439802012        3.57359898525538       -1.26940918864719
H            2.16448794688005        1.76404888592992       -1.46209367952673
H            0.56851666727443        1.58548081060976        0.19180142250073
H            1.86261329310877        1.56143089125954        2.95376622523177
H            0.13295497163783        1.17066725696108        2.70460016790081
H            0.07956611088139        3.32057933143891        1.68705244549688
H            1.75690669712295       -0.77852933911140        1.70947641240237
H           -0.42142134274825       -2.45219122963515        1.86304650455957
H           -2.29412010016091        0.48460913851730        0.90201708313356
H           -3.88820286792664        0.06894614865690        2.83534514064943
H           -4.80095652100919       -1.03815201413797        1.79264196143744
H           -4.45634739759239        1.72241356370370        1.35338644016285
H           -3.90382766634869       -1.80327146945802       -0.33603913305980
H           -4.52641680784560        0.44022092483973       -0.72363223285927
H           -1.26441600845960       -0.56185606503531       -1.23983426005617
H           -2.78748749649467       -1.48983368383137       -2.80898267567354
H           -2.00815992078806       -3.20090124986910        0.11858298176894
H           -0.43179368138178       -3.27773462757826       -1.67577862124441
H            1.03468708487530       -0.95750725053030       -1.21668701818766
H            2.76379686298100       -2.35582467671514        0.50590911334395
H            3.91169844973920       -0.48692617582289       -0.38576283885978
H            3.18803654408239       -1.41019630649090       -2.41821489167150
48
 energy: -84.798111904586 xtb: 6.7.1 (edcfbbe)
C            4.29533790554866        3.37420543415797       -0.91439031087784
O            4.21140156064008        1.96575867779553       -1.02615555178118
C            2.95811020760983        1.45604821139971       -0.76575405355984
O            2.65500882436982        1.66220703932225        0.59670005213712
C            1.38609123853762        1.20606628810818        0.95613430530472
C            1.13446691892082        1.64280372310599        2.40676830239295
O            0.96436573756645        3.02677666670841        2.54318459633359
C            1.21422015988417       -0.32652166587453        0.79934316215059
O           -0.17946370276848       -0.46401735391615        1.07077814479259
C           -0.88470818607523       -1.65981429116606        1.27113262089264
O           -2.13207221712102       -1.25755254973445        1.78914380026565
C           -2.87232757913120       -0.39453201304628        0.94348111728084
C           -4.15452645673909       -0.02328988537912        1.70373172742407
O           -4.92356679177820        0.92628954933733        1.00249972749468
C           -3.20717279988954       -1.06400438763165       -0.40185819265595
O           -3.76706456442457       -0.15743793204104       -1.31783706481776
C           -1.91957010096819       -1.62559233820507       -1.00861318126917
O           -2.16606329415783       -2.40486609137432       -2.15402429529518
C           -1.25663353012676       -2.52309191541848        0.03892773735272
O           -0.20630638853489       -3.27550288591791       -0.50026851303269
C            1.73823679684434       -0.80810977917240       -0.56851969970795
O            2.18657511892504       -2.13806490513090       -0.52557328468323
C            2.98699744920889       -0.04115958846345       -1.06187298862460
O            3.11336310843404       -0.22015481569841       -2.44638040284106
H            4.04024161474082        3.70116479567029        0.09638360986359
H            3.62765501434427        3.86028990002059       -1.63520997245003
H            5.32807079270325        3.62880270934345       -1.13942150314303
H            2.18402044676185        1.94871570866002       -1.39517103762903
H            0.62458671288275        1.66985239492227        0.29900008441271
H            2.01294345978790        1.39208569578798        3.00302277124089
H            0.25937910488189        1.09944642793012        2.78666115678199
H            0.27900191009364        3.32212621991226        1.93315106049492
H            1.79648401732438       -0.84784846309848        1.57449598264016
H           -0.40770634809456       -2.28526820658825        2.03830854673408
H           -2.28924612188682        0.51546528893374        0.73673181998543
H           -3.88405521686932        0.32950677118614        2.70386575488539
H           -4.78314924335938       -0.90983789072999        1.80951500318811
H           -4.48600366371547        1.78434440592224        1.04820052064600
H           -3.89900397410150       -1.90442047861993       -0.22182110571744
H           -4.51280083124789        0.27965923965748       -0.87692339506665
H           -1.25620259106758       -0.78366399895463       -1.26115483128969
H           -2.76989918398912       -1.90475913830308       -2.71592260321842
H           -2.02164265371287       -3.22168620074273        0.41890148252256
H           -0.48478964154415       -3.52886735760803       -1.39352691614194
H            0.94621123402894       -0.67700616692254       -1.32285930845051
H            1.42094299617021       -2.72771500400710       -0.40330498336063
H            3.85650615628106       -0.45240700225947       -0.53069566273874
H            3.24375167549454       -1.16442421616160       -2.59932067278995
48
 energy: -84.799064370692 xtb: 6.7.1 (edcfbbe)
C            4.40740132106392        3.39635480160257       -0.77950512382894
O            4.23190357913885        2.01469031871725       -1.03232179854669
C            2.96470911495748        1.55213174413280       -0.75513042736589
O            2.75059249585665        1.60837048776725        0.63888251061036
C            1.47801483576049        1.18144365709706        1.01890561608228
C            1.32508864725848        1.47525755469726        2.51969972493939
O            1.23032053067150        2.84265469315316        2.80720754020587
C            1.20782750807964       -0.31758797202626        0.72075197245876
O           -0.18479108686069       -0.39932359446975        1.02048687651138
C           -0.90802289937244       -1.56012694401234        1.33687245692703
O           -2.14586873129400       -1.08481336842429        1.80773731185500
C           -2.88101965851351       -0.34479369652786        0.84564837689447
C           -4.16145920309712        0.14052364537144        1.54136564064438
O           -4.91586434971481        0.99651550077573        0.71511179382733
C           -3.22066068195394       -1.19216906780556       -0.39548981210696
O           -3.77755318331051       -0.41524587919793       -1.42510981749585
C           -1.94221634434239       -1.84520567575548       -0.93008701874441
O           -2.21125910298021       -2.79095046282671       -1.93660521026583
C           -1.27202021720473       -2.57714956387571        0.23268558988424
O           -0.20365850589744       -3.38464420076104       -0.17928350081044
C            1.59767996735827       -0.62838916778078       -0.74016809196151
O            1.91287491526156       -1.97492209387565       -0.96720848933261
C            2.87160037701703        0.10285378013797       -1.22313140266534
O            2.90177567593014        0.08111158984794       -2.62369658517733
H            4.22596313683946        3.62650425853000        0.27301857160659
H            3.73337149627554        3.99272408650872       -1.40543498623540
H            5.44027606787727        3.61679820070236       -1.03720187387015
H            2.19108893282610        2.16260039845523       -1.27169280374601
H            0.71041847543676        1.74609025260375        0.45629314664326
H            2.22166303563580        1.12620243755040        3.03424083602948
H            0.44605741520797        0.93343688828345        2.89311226398769
H            0.50383455023948        3.22180052363943        2.29962599298623
H            1.78887750992042       -0.96053338128530        1.39456327436887
H           -0.43708684931757       -2.09520554498807        2.17545084075420
H           -2.28975423555223        0.52245196259147        0.51505322111275
H           -3.89025555159711        0.62159431390075        2.48650518160565
H           -4.80270040568522       -0.71535668015930        1.76196027758956
H           -4.45851743371921        1.84153593172770        0.63245889024971
H           -3.91769058717574       -1.99502625159304       -0.10015379147935
H           -4.51807429588340        0.08525978125438       -1.04715165413717
H           -1.28013174561196       -1.05722614816766       -1.31925406635251
H           -2.79722890504429       -2.37028634167158       -2.57694558519977
H           -2.03196653205280       -3.22378330419587        0.70338767046388
H           -0.49804448800424       -3.83393611237871       -0.98641469129327
H            0.76432883316429       -0.30153086230986       -1.38753503757293
H            1.19457666599206       -2.54729681065544       -0.63541584198464
H            3.73862292496559       -0.42603146677783       -0.80303177290462
H            2.90697206647671       -0.84737359118369       -2.88957265442860
48
 energy: -84.803353707145 xtb: 6.7.1 (edcfbbe)
C            5.13186016524102        2.84612588894778       -0.40657518479820
O            4.58677845033201        1.59579877278922       -0.78587150435082
C            3.21506695198338        1.53107529575714       -0.69064085321886
O            2.85939747475814        1.57451878969710        0.67786072442028
C            1.49721965397442        1.39006762297996        0.94209760517772
C            1.29527509333450        1.61637971620814        2.44963621721500
O            1.45046351589920        2.95407086595911        2.83256560877387
C            1.02766744402938       -0.02674698677971        0.51326680672103
O           -0.33504608138845       -0.10955339443679        0.89504275927682
C           -0.91640956259571       -1.32216286562349        1.31292682684387
O           -2.17263277405476       -0.97107722283168        1.81924391848963
C           -3.04691270047333       -0.46061021298390        0.82032928042389
C           -4.34636911292935       -0.05467104186191        1.53019895605572
O           -5.24221396035892        0.59753088301848        0.66066091511586
C           -3.32027910997389       -1.50105879559791       -0.28295856055595
O           -4.05796567290643       -0.95525855289977       -1.34680232261128
C           -1.99214995206504       -2.02207432705855       -0.84870046633456
O           -2.18547865902644       -3.13485202993445       -1.69108341993640
C           -1.13340527363273       -2.48296019577653        0.32746210877665
O            0.07054903791032       -3.09552293360413       -0.06390133069782
C            1.24933734463160       -0.03327638158057       -1.01376895414084
O            0.85086553199512       -1.17372107953075       -1.72275310808482
C            2.73991449233643        0.22268108523917       -1.32685651816805
O            2.90717566797759        0.30153643313317       -2.71378008775634
H            4.89097167802549        3.07706111379662        0.63374106531178
H            4.75333128838138        3.64467321041955       -1.05494258219961
H            6.20779706183377        2.75103803602586       -0.52887070450491
H            2.73411905203125        2.38172951433472       -1.22175758573190
H            0.89185594734652        2.12361584892949        0.38154436953828
H            2.06382587824967        1.06275224008155        2.99136282445142
H            0.30149719795395        1.23940389912760        2.72541346784900
H            0.84510412000396        3.50273801427849        2.32070831019817
H            1.62283503922363       -0.80344025098403        1.00550557440074
H           -0.34456895793078       -1.71707150492839        2.17106393934049
H           -2.59010392818548        0.42408158955159        0.35177707555202
H           -4.09520604952754        0.56763246766747        2.39535719165738
H           -4.86280160752486       -0.94833281825883        1.88651934891307
H           -4.88517020436800        1.46351157360192        0.43072512301338
H           -3.86136621743619       -2.35422896668439        0.16166961748113
H           -4.83456119493691       -0.51106973089150       -0.97104246962024
H           -1.49067072473414       -1.21390593458800       -1.39800162280401
H           -2.83233470649502       -2.87799498486333       -2.35818292035359
H           -1.72522604415683       -3.21574787074601        0.90128846809413
H           -0.17402870176015       -3.74024270881419       -0.74450991507029
H            0.66696053748691        0.79535746975108       -1.44365905689239
H            0.88679555889563       -1.95027973751658       -1.13424977917284
H            3.34871333895029       -0.59513152206785       -0.90872139094409
H            2.34951875942488       -0.39238963845613       -3.09685427039622
48
 energy: -84.807020167933 xtb: 6.7.1 (edcfbbe)
C            5.22563520482805        2.72723555679304       -0.35098383340178
O            4.61354689381066        1.53308938481967       -0.80229170658612
C            3.24132076501142        1.52992948660153       -0.68867602268745
O            2.90681515847137        1.51276220985278        0.68575481323157
C            1.53807419742310        1.39500016697660        0.95886631480045
C            1.36007744890321        1.53981782660000        2.47879208977058
O            1.53282027298066        2.85238592298011        2.93430658546392
C            0.98609438341658        0.03887116554021        0.44897975346272
O           -0.38553294426744       -0.00661339483173        0.80951425516756
C           -0.93793369323842       -1.19498200499598        1.32146653199410
O           -2.20811346527808       -0.85734932493399        1.79594025133497
C           -3.09931717256171       -0.44513490359595        0.76775269655719
C           -4.40539330738406       -0.02073845720977        1.45396355385678
O           -5.32716439394643        0.52951020185863        0.54213263151434
C           -3.34327393793568       -1.57912257830616       -0.24471153019957
O           -4.12059290063186       -1.15739141674621       -1.33642092622118
C           -1.99740959826760       -2.07243695645836       -0.78959694846999
O           -2.14353069949432       -3.24546315508137       -1.55778386586107
C           -1.09535034807733       -2.41581933041624        0.39575204422627
O            0.14346692732430       -2.95151965081751       -0.00421948959360
C            1.19940204039181        0.07960660089189       -1.07582041209824
O            0.74367662582407       -1.03109277856779       -1.79878658179758
C            2.69615356413353        0.28407223512268       -1.39282176966128
O            2.85532375365800        0.43513077071609       -2.77532217056863
H            5.01593570074713        2.89677180288808        0.70760735546309
H            4.87414521173713        3.58572079261384       -0.93449075069035
H            6.29327501160354        2.59019474351641       -0.50373323852891
H            2.79609142713543        2.43198785344719       -1.16313133501073
H            0.97372180247000        2.19592913943614        0.44961905839073
H            2.13095068928821        0.94964852970159        2.97686333958223
H            0.36626052193765        1.15831639201532        2.74863630026222
H            0.91006734871527        3.42977953808876        2.47811920915595
H            1.53690098060186       -0.79300900595248        0.89987385803300
H           -0.36021281883111       -1.51331840912146        2.20605070044824
H           -2.66775791258666        0.41219429335390        0.22979351593205
H           -4.16749301605327        0.67913064708127        2.26190191317121
H           -4.89125910058468       -0.89672276403116        1.88857748735539
H           -4.99591854763308        1.38122242864505        0.23333192656731
H           -3.83569762249013       -2.41832319087888        0.27663635265136
H           -4.90574725344549       -0.70814283322075       -0.98533878904605
H           -1.54308318785107       -1.27724950597429       -1.39681580581351
H           -2.82111465427907       -3.06718730864765       -2.22018668988417
H           -1.62249821573830       -3.16430012840979        1.01009345414991
H           -0.06980239161597       -3.66449232054661       -0.62461858357947
H            0.64441897296154        0.93962885536115       -1.47737147587822
H            0.81250888022484       -1.82124153760198       -1.23231487435343
H            3.26900630091962       -0.58407166870132       -1.02855448728816
H            2.27850218079899       -0.22221527054357       -3.19285121027791
48
 energy: -84.809428936969 xtb: 6.7.1 (edcfbbe)
C            5.29088636727162        2.62871648864343       -0.29960440974296
O            4.62843211792864        1.48627255801246       -0.80989165742027
C            3.25803824933170        1.52968898422966       -0.68220618551658
O            2.93504482197318        1.45175708378817        0.69281869738999
C            1.56254615202654        1.39081361913403        0.97062588182584
C            1.39310910037899        1.45700070207402        2.49554240537326
O            1.69498180619273        2.71421839657356        3.03209249283142
C            0.94547643176344        0.09792464739449        0.38456186051833
O           -0.43463939672830        0.07886831830447        0.71902047153854
C           -0.96234439335024       -1.07451200762625        1.32648731290881
O           -2.24497125664895       -0.74699332319903        1.76888072038666
C           -3.14874418508541       -0.43116974649112        0.71849533683271
C           -4.46403007840719        0.00398422387870        1.37990683809028
O           -5.40836511960002        0.45144755587538        0.43567523641575
C           -3.35956647729474       -1.64392516541609       -0.20456289196660
O           -4.16478004288627       -1.33898403555137       -1.31469154100266
C           -1.99754702046392       -2.11192587060566       -0.72765308203534
O           -2.09675229850205       -3.33144125691364       -1.42872937527694
C           -1.06738832293222       -2.34939514063866        0.46314089890014
O            0.19362542879545       -2.82473437119959        0.05350903707528
C            1.16129168385274        0.17518221096953       -1.13468667911423
O            0.67025380498433       -0.91872280067859       -1.86201754585218
C            2.66200148836329        0.34500612869948       -1.44965663145878
O            2.82301932798499        0.56696884296965       -2.82290341863897
H            5.09472318563968        2.74848228932041        0.76836477346879
H            4.97088373292539        3.53104257941026       -0.83302508514234
H            6.35114454110170        2.45749427652797       -0.46828123054497
H            2.84396198802154        2.47245621347922       -1.10280037366188
H            1.04102465242705        2.24923744756908        0.50999173337755
H            2.09643964391406        0.76194145552593        2.95711423666849
H            0.36327186720537        1.16315912739002        2.74108031626876
H            1.15193669146234        3.38225707179406        2.59778244173263
H            1.45736023099383       -0.77644950258317        0.79912696580813
H           -0.38284685210327       -1.31609020921735        2.23241254073502
H           -2.74215488947159        0.39678161361361        0.11881850225519
H           -4.24477895754703        0.77231219504069        2.12874247770192
H           -4.91843337287909       -0.85051190260947        1.88550110596790
H           -5.10457005299393        1.28426885381159        0.05542237691962
H           -3.80957669851988       -2.46200237093149        0.38428013574417
H           -4.96126488227971       -0.89054705093527       -0.98900565934706
H           -1.58152138989688       -1.33305375221329       -1.38247384343564
H           -2.79557571035868       -3.22323429056079       -2.08431307539291
H           -1.54023940972097       -3.10103010427098        1.11578435439254
H            0.01139750682936       -3.58657807823131       -0.51654880194260
H            0.62576487171843        1.05396009838131       -1.51988693399803
H            0.75398319368928       -1.71444800223272       -1.30668715030661
H            3.20480645571331       -0.56134561795942       -1.13608582726012
H            2.24468054637846       -0.06414972277419       -3.27598425994055
