48
 energy: -84.820185542406 xtb: 6.7.1 (edcfbbe)
C            5.62315600000000        0.85586900000000        0.68798100000000
O            4.92822100000000       -0.21592500000000        0.08129500000000
C            3.64435900000000        0.08685300000000       -0.31355000000000
O            2.85258500000000        0.24997700000000        0.85300300000000
C            1.47797100000000        0.46620300000000        0.63232600000000
C            0.82643900000000        0.68136200000000        2.01348100000000
O            0.18861100000000        1.93170200000000        2.14193800000000
C            0.88049200000000       -0.72316900000000       -0.13876700000000
O           -0.47587900000000       -0.49247700000000       -0.47316900000000
C           -1.43742800000000       -1.37924200000000        0.01353400000000
O           -1.94073100000000       -0.98259600000000        1.25915000000000
C           -2.49414000000000        0.32560900000000        1.21059400000000
C           -2.89090600000000        0.74748400000000        2.63040600000000
O           -2.91918400000000        2.14887400000000        2.74117600000000
C           -3.67496800000000        0.39341500000000        0.23570800000000
O           -4.17211300000000        1.70523600000000        0.11748400000000
C           -3.20716100000000       -0.06444900000000       -1.15288600000000
O           -4.27617100000000       -0.15743900000000       -2.06375600000000
C           -2.55462300000000       -1.44391100000000       -1.04005500000000
O           -1.97990500000000       -1.85706200000000       -2.25231700000000
C            1.63725900000000       -0.89995400000000       -1.46154300000000
O            1.18649700000000       -2.02833500000000       -2.16567800000000
C            3.13915900000000       -1.05763000000000       -1.20359800000000
O            3.85005100000000       -1.01127500000000       -2.40872500000000
H            5.13372600000000        1.16745100000000        1.61443200000000
H            5.68999700000000        1.71082000000000        0.00559300000000
H            6.61987800000000        0.47937300000000        0.90434700000000
H            3.61565800000000        1.02829100000000       -0.90365900000000
H            1.32958000000000        1.37055800000000        0.01570300000000
H            1.61159400000000        0.56140100000000        2.76867200000000
H            0.05315200000000       -0.06805800000000        2.18680400000000
H            0.85491300000000        2.62541200000000        2.07341600000000
H            0.98539500000000       -1.63235400000000        0.46598500000000
H           -1.01609700000000       -2.38112300000000        0.17262400000000
H           -1.72531900000000        1.02549900000000        0.84908400000000
H           -2.18277900000000        0.30249500000000        3.33780000000000
H           -3.89486800000000        0.39189000000000        2.87467100000000
H           -2.00950700000000        2.46516600000000        2.64595800000000
H           -4.47275100000000       -0.28756400000000        0.57996000000000
H           -4.09804300000000        2.13958700000000        0.98013300000000
H           -2.45646400000000        0.65174200000000       -1.52132600000000
H           -4.79540300000000        0.65061300000000       -1.97093200000000
H           -3.31427100000000       -2.16739600000000       -0.70648700000000
H           -2.62649700000000       -1.66777400000000       -2.94507700000000
H            1.47843900000000        0.00847800000000       -2.06718700000000
H            0.22218700000000       -1.96427400000000       -2.25880000000000
H            3.32020600000000       -2.00531100000000       -0.67619000000000
H            3.46568000000000       -1.68404600000000       -2.98607200000000
48
 energy: -84.819603141869 xtb: 6.7.1 (edcfbbe)
C            5.59281898203458        0.86743146135681        0.71947722820405
O            4.91626896621617       -0.17041827408207        0.03794774982043
C            3.62084127658967        0.13130708847807       -0.31974815198883
O            2.83972681029575        0.18350729109359        0.86332430057078
C            1.45693703825492        0.38248033380057        0.67440245227491
C            0.82305823088298        0.50628491506488        2.07298337857254
O            0.29142244059194        1.78831128858401        2.32241092213977
C            0.88159205828038       -0.76544160105731       -0.17461083354868
O           -0.48400026738249       -0.57064091728399       -0.49328334165013
C           -1.44301352387884       -1.40149651863028        0.08566258689424
O           -1.93128165031081       -0.91228541757778        1.30300096139426
C           -2.47026528145286        0.39588570869907        1.18011871632706
C           -2.86634524497964        0.89254162497064        2.57682704153640
O           -2.89257304981480        2.29781204210199        2.61685160657365
C           -3.65302634515427        0.41997490594487        0.20550516640712
O           -4.12319021072014        1.73058040730637       -0.00101553369642
C           -3.20618376138248       -0.14462881205512       -1.14986016529450
O           -4.28600892146018       -0.28233907110764       -2.04213636828700
C           -2.57667928506756       -1.52539003180746       -0.94701052440612
O           -2.02626972683553       -2.02930688949245       -2.13544738861356
C            1.62357381790578       -0.82782056898031       -1.51449448852645
O            1.19662132523191       -1.92270619282662       -2.28281955112376
C            3.13429755604361       -0.95283313262918       -1.29175551236947
O            3.82166392640209       -0.78536760294250       -2.49995158107655
H            5.10062240862199        1.10173513747867        1.66707639886436
H            5.64167510907616        1.77068919592012        0.10071802664653
H            6.59703876338165        0.49510352988621        0.90654826072157
H            3.56340425713552        1.11472245163271       -0.83451330936863
H            1.28342565337012        1.32158282331504        0.11819480637808
H            1.59424179679930        0.24951884577404        2.80816599832413
H           -0.00988840447304       -0.18947544964822        2.17697661935697
H            1.01758388607236        2.42270224512515        2.33428558209358
H            1.02221018698442       -1.71281093149472        0.36244459525341
H           -1.02878275631104       -2.39345428694251        0.31305106483225
H           -1.69336661822663        1.06758650478321        0.78322584823183
H           -2.15925849333045        0.48419402132989        3.30566941083947
H           -3.87106172377534        0.55062430510708        2.83657281092545
H           -1.97804143075035        2.60524431947161        2.55493224969130
H           -4.46231820589846       -0.21854052489316        0.60062581478698
H           -4.05518374243563        2.21460466642291        0.83557726253697
H           -2.44648027212933        0.52896748037084       -1.57547701188831
H           -4.78604545382717        0.54212296903596       -2.00777148981203
H           -3.34336103649227       -2.21027838220510       -0.55378175042066
H           -2.68318261363742       -1.88395460137960       -2.82914646985678
H            1.42417999342015        0.11215752360213       -2.05717097642957
H            0.22595218241139       -1.92111862030930       -2.29941985836573
H            3.35512763212756       -1.93350526489930       -0.84618656446372
H            3.45152071632009       -1.42386400044234       -3.12349197690830
48
 energy: -84.818976447206 xtb: 6.7.1 (edcfbbe)
C            5.58374703008268        1.02245141515400        0.61769236195904
O            4.93745407073596       -0.02381405746208       -0.07869641877321
C            3.60417395469210        0.20073936190558       -0.34282750990628
O            2.89038526555302        0.10163780613195        0.87629538332631
C            1.48682830230003        0.23951490122357        0.79008359545610
C            0.97879342931283        0.12029634521615        2.23271647274257
O            1.21530661735969        1.29405420514469        2.96414244674757
C            0.89803921807111       -0.82209522696632       -0.15203095761259
O           -0.46580964766155       -0.60531418067315       -0.47531468086478
C           -1.45732398897709       -1.33243962766561        0.18020475612331
O           -1.93350119579804       -0.70737446703389        1.34002641385478
C           -2.51099168681183        0.56879008380656        1.09906186493072
C           -2.95254705789745        1.12919447593278        2.45938173738521
O           -3.41107138845539        2.45706830133840        2.35579442407745
C           -3.69276003182176        0.46316213510450        0.12136899087711
O           -4.21600423767795        1.72359536441059       -0.21562481807120
C           -3.21969234674173       -0.20339740531041       -1.17583526694884
O           -4.28569635043014       -0.42729017519580       -2.06581781960299
C           -2.58276712293198       -1.55346667913199       -0.84455106660229
O           -2.02185914346010       -2.15910788395518       -1.97865666674985
C            1.61201710017125       -0.77483377327663       -1.50989242586261
O            1.19690645026962       -1.83400355699971       -2.33231837526156
C            3.13366173810032       -0.85056999647186       -1.35563697243400
O            3.75960261647405       -0.58834387839813       -2.57996763411352
H            5.16219461431927        1.15127034666193        1.61837847091570
H            5.50310240784980        1.96537309343502        0.06523131737720
H            6.62800603498619        0.72903242151958        0.69314807138968
H            3.44426129113311        1.21014707126777       -0.77891178053742
H            1.23018195315026        1.23533706575613        0.38903246153124
H            1.48274602195448       -0.73852175373839        2.69481699632362
H           -0.09725479245008       -0.04696016429979        2.24802448743563
H            2.16615423998687        1.45768820350323        2.95263019205509
H            1.03109859602479       -1.81718010000289        0.29488279198891
H           -1.06913082948316       -2.30277718716115        0.52246615875880
H           -1.75519439061700        1.23551719062145        0.65310606138248
H           -2.12009154920815        1.04518367856025        3.16557216428560
H           -3.79132166274740        0.54160988260740        2.83944484601305
H           -2.65517137294712        3.03950218658569        2.21603394909857
H           -4.47456123183229       -0.16937216712993        0.57605388900820
H           -4.33706415723302        2.22415548194533        0.60722635118468
H           -2.46111560298338        0.44119835195033       -1.64637752568203
H           -4.79731035803624        0.39033942670504       -2.10326444903319
H           -3.34915198652261       -2.20469668480574       -0.39678015969262
H           -2.67513402312394       -2.08030285129539       -2.68673435648969
H            1.35909473868090        0.18967900292526       -1.98358712495990
H            0.22876114129276       -1.88741006076815       -2.28924580716185
H            3.41422240033589       -1.84278659228692       -0.97370752044810
H            3.38578390525932       -1.20448333998434       -3.22355328083304
48
 energy: -84.817983438619 xtb: 6.7.1 (edcfbbe)
C            5.54709696641159        1.05932619686336        0.66185849202025
O            4.91700847659552        0.04348536149035       -0.09247046051492
C            3.57314013838505        0.24534930127779       -0.31784742267257
O            2.88263376274799        0.01877963598334        0.89692426672698
C            1.47411854050929        0.13966865402210        0.84485610167623
C            1.00911263108568       -0.10684027661446        2.28573431640567
O            1.42870341735530        0.92698576328265        3.13381503827733
C            0.89497734334033       -0.85047787458987       -0.17734345834130
O           -0.47561714741230       -0.65848135050099       -0.48712354077899
C           -1.45840209845666       -1.32205504705472        0.24441735076202
O           -1.91291215805383       -0.60624799085963        1.35900396881889
C           -2.48783935030686        0.65165172240730        1.03590727251318
C           -2.90302412286190        1.30768276346746        2.36127601152369
O           -3.37844158270612        2.62039205646880        2.17383560006624
C           -3.68821603710737        0.48037977779357        0.09008020609359
O           -4.21418666212304        1.71415362356182       -0.33026796032029
C           -3.23918572189918       -0.28295503224777       -1.16104225614735
O           -4.31975461939413       -0.56425600354389       -2.01651862563206
C           -2.60542871474869       -1.61015950329475       -0.74091597067602
O           -2.07364394645039       -2.30193522717295       -1.83813945685169
C            1.59115695780342       -0.68688820589278       -1.53466061113271
O            1.19174117350181       -1.69718106006128       -2.42339817968685
C            3.11671290866030       -0.73252655103442       -1.40702881282374
O            3.71626640614015       -0.35466135549224       -2.61386987248939
H            5.13909741064861        1.11235407893859        1.67506624271427
H            5.43346560829049        2.03360810093853        0.17327344608210
H            6.59959216998576        0.78966191757797        0.70299730508528
H            3.37373924462403        1.28190318630107       -0.66438536302868
H            1.19979454730888        1.16321819075265        0.53568838346069
H            1.41922254378751       -1.07156719669013        2.61284653303119
H           -0.07776700083728       -0.14035788964385        2.34259657032469
H            2.38780187063877        0.99208624776142        3.05067194069907
H            1.05645521521827       -1.87499226251641        0.19015786235742
H           -1.06997853409725       -2.26608890806419        0.65307619735280
H           -1.73753415302710        1.27989147536235        0.52894367017988
H           -2.05425525418455        1.28077986320341        3.05272137282687
H           -3.72699635894498        0.74218920177844        2.80198168041624
H           -2.63546762502076        3.19774780923364        1.96284859306994
H           -4.46274213524549       -0.11382296443025        0.60459468453908
H           -4.33465870890877        2.26889370911683        0.45724077414514
H           -2.48408812199831        0.31968058649182       -1.68938630508162
H           -4.82647049943861        0.25214878854790       -2.10786952257603
H           -3.36763432602655       -2.21866054928018       -0.23000942123187
H           -2.74390838792996       -2.27422671186741       -2.53429785702956
H            1.30658821578427        0.30086462647937       -1.93732756909102
H            0.23282007443822       -1.81078173112976       -2.33521610891585
H            3.42891359673657       -1.74407961826310       -1.11055668773786
H            3.35799102338227       -0.93364334181142       -3.29925437428830
48
 energy: -84.816631533468 xtb: 6.7.1 (edcfbbe)
C            5.50410879754693        1.08211832228672        0.73268431264034
O            4.89430797781822        0.11151124945911       -0.09448458566616
C            3.54225817381016        0.28920650236288       -0.28777934797239
O            2.87399386307849       -0.06447237452734        0.90831399339881
C            1.46185184775701        0.03414571879276        0.88614444105429
C            1.03438881575476       -0.33789325822298        2.31261144865219
O            1.55073015102152        0.57767101671402        3.23935482405523
C            0.89302831684863       -0.87842662565839       -0.21219687410382
O           -0.48506854377431       -0.71078294948974       -0.50481169786553
C           -1.45168355827377       -1.31042977147521        0.30014252496296
O           -1.87771163765021       -0.50612873886956        1.36498265980743
C           -2.45222525722064        0.72732292733554        0.96217993128527
C           -2.82578741699022        1.48411579071588        2.24545781993325
O           -3.29847811026987        2.78312662752263        1.97433565968294
C           -3.67958428918467        0.49354429592006        0.06598669470604
O           -4.21101962490430        1.69530150546159       -0.43307118116334
C           -3.26814508657729       -0.36804176593783       -1.13275298752068
O           -4.37301625299879       -0.70889187771325       -1.93392863526838
C           -2.62953462114242       -1.66366450072690       -0.62731565486736
O           -2.14130828985994       -2.44528846696357       -1.68224171100871
C            1.57088481558918       -0.59070221605789       -1.55764757316505
O            1.18903758545270       -1.54022573286936       -2.51849601895477
C            3.09892744302550       -0.60688286264497       -1.44966316983619
O            3.67403672981865       -0.11743762527721       -2.62785306629240
H            5.10743154326727        1.04268023657687        1.75096383101207
H            5.35672167043014        2.08841282233255        0.32484029768483
H            6.56430857859533        0.84120302656880        0.74176851512969
H            3.30631994005127        1.34491674877549       -0.54103594063339
H            1.16781631079303        1.07587034409227        0.66989120550831
H            1.39883753283220       -1.35288813574935        2.52277379119290
H           -0.04949857234687       -0.31146072787026        2.41529850799043
H            2.50633218013304        0.60708895529735        3.10511492874472
H            1.08579474069170       -1.92528454440705        0.07070239229525
H           -1.05780250829365       -2.22286867139277        0.76950421573601
H           -1.71296799061284        1.30903434401715        0.38786855293271
H           -1.95819975465836        1.49945195143251        2.91357886993724
H           -3.64085010747046        0.95998109322463        2.74926418478344
H           -2.56000928246138        3.33738345667323        1.69625559892127
H           -4.44223687924076       -0.05389956491512        0.64591054358722
H           -4.30661638053073        2.30921111307700        0.31273028562804
H           -2.52559111790568        0.18626940351908       -1.72757405480064
H           -4.88090502476937        0.10006638571333       -2.07252865328330
H           -3.38002845527247       -2.22065593915843       -0.04469658006938
H           -2.83734340771157       -2.47104937307780       -2.35262970960753
H            1.25696700583663        0.41696317534631       -1.88176437361283
H            0.24099482942600       -1.70568699224439       -2.40977338926762
H            3.43907192114477       -1.63097241338596       -1.23925555764977
H            3.32745836985613       -0.65256589575278       -3.35367522647851
48
 energy: -84.815069964856 xtb: 6.7.1 (edcfbbe)
C            5.47188577996007        1.07696898643169        0.80794519274207
O            4.87039873137742        0.16427509475824       -0.08860729560827
C            3.51245970207966        0.32770125096836       -0.24993974868214
O            2.86743295990529       -0.15116534404434        0.91435363559176
C            1.45315440203650       -0.07191926066477        0.92036183148034
C            1.05832189522212       -0.56225153051142        2.32171598581584
O            1.66077831747186        0.23069486742173        3.30669735976411
C            0.89074108611582       -0.90144104172227       -0.24590480592487
O           -0.49583452856358       -0.76097812920502       -0.51629828991072
C           -1.43984823341930       -1.29442615940647        0.35929571705048
O           -1.83413716466171       -0.40239070085815        1.36587436030333
C           -2.41494828923793        0.79754110478473        0.88172757190228
C           -2.75030246459524        1.65409481537895        2.11156339127048
O           -3.22669002669290        2.93062337731259        1.75431682271142
C           -3.66786337592134        0.50201402397382        0.04075970535531
O           -4.20523723223824        1.66392727596564       -0.53980797770444
C           -3.29367661947254       -0.45765952328754       -1.09359069620125
O           -4.42149674141827       -0.85505890636302       -1.83446526383667
C           -2.64924778340893       -1.71226857046345       -0.49897238467255
O           -2.20709743627435       -2.58896502612523       -1.49651708135565
C            1.54303433827156       -0.48274063421493       -1.56911969615321
O            1.17378623663692       -1.35668486825628       -2.60387816473428
C            3.07287167487202       -0.46788490215241       -1.48366951579234
O            3.61614804143866        0.14359645104151       -2.61917087289901
H            5.08543365572678        0.95151787339995        1.82317983644876
H            5.30464135122863        2.10948604972296        0.48152251213387
H            6.53584093366684        0.85387344444296        0.78969433274896
H            3.24977991952356        1.39642139187652       -0.40169954540753
H            1.14335049351008        0.97999224442281        0.79484939844670
H            1.37430478460365       -1.61032486305664        2.41984841660820
H           -0.01699589072962       -0.48482177885227        2.47510604298801
H            2.60812321751405        0.24064565932451        3.11931342019843
H            1.11882888776498       -1.96219137402953       -0.05244620698902
H           -1.03645799306093       -2.16961990447762        0.88607032647827
H           -1.69038627693643        1.32829153631468        0.24272169556929
H           -1.86439306741306        1.71508334227272        2.75259117039029
H           -3.55247360583324        1.17498858991051        2.67700278398605
H           -2.49741451811126        3.45544254226838        1.40416411128953
H           -4.41770232236914        0.00960754935591        0.68319312094749
H           -4.28420598163317        2.33421502846448        0.15770459484165
H           -2.56486216583883        0.04046341060710       -1.75172607156770
H           -4.92819391733535       -0.05647337371051       -2.02696446463883
H           -3.38497834673752       -2.20633875017394        0.15541843094381
H           -2.92508772490828       -2.66105285378196       -2.13987018326065
H            1.19957605107420        0.54013156322398       -1.80379271984384
H            0.23767772587556       -1.57049199305915       -2.48648288026474
H            3.44144799429063       -1.49773467198045       -1.37384539637244
H            3.27951049140199       -0.33671732055630       -3.38673846878859
48
 energy: -84.813308219807 xtb: 6.7.1 (edcfbbe)
C            5.45240500729009        1.04163319119752        0.88121154109617
O            4.84823495251594        0.20116332480322       -0.08202482134812
C            3.48613817733380        0.35911943267982       -0.20908607718417
O            2.86431429112373       -0.23751417401968        0.91234353889388
C            1.44930525582579       -0.17047753262983        0.94600639560626
C            1.08031860959545       -0.76273770266938        2.31618379141125
O            1.76599208382802       -0.09472036067173        3.33782609115486
C            0.88825455396346       -0.91404424428832       -0.27833330579260
O           -0.50746955541552       -0.80695587829882       -0.52178428371538
C           -1.42347403507827       -1.27480582325659        0.41847228726281
O           -1.78882106241410       -0.30248187491608        1.36081315926562
C           -2.38022746181333        0.85687892290510        0.79824367640306
C           -2.68317894177278        1.80787639673944        1.96536816476042
O           -3.16699168087340        3.05437960613672        1.52283935975269
C           -3.65534322437605        0.50304904621564        0.01485987555015
O           -4.20073481321738        1.61837687239190       -0.64444209674715
C           -3.31497011201222       -0.54808539823212       -1.04645501227599
O           -4.46340511276599       -0.99765697904170       -1.72296429252161
C           -2.66116002529076       -1.75314337763094       -0.36567630192704
O           -2.26006987271584       -2.71958996338324       -1.29400372594026
C            1.50804077809455       -0.36401346573446       -1.56829768895210
O            1.14175706374345       -1.14947553634678       -2.67288281357816
C            3.03892075107844       -0.32240857951577       -1.50649535391758
O            3.54800020921688        0.40851340515644       -2.58592496886101
H            5.07821038115356        0.82967888236620        1.88658390016330
H            5.27364506921665        2.09606071882758        0.64298590516336
H            6.51775478546947        0.82992106338048        0.83349230333919
H            3.20669362057910        1.43330090222282       -0.25511822402808
H            1.13172590082678        0.88577128963613        0.90448150762324
H            1.33695601981913       -1.83179454957291        2.31248654670484
H            0.01915791322365       -0.63375945485538        2.52398106049450
H            2.70195174789774       -0.10098222465741        3.09874143212960
H            1.15512203430514       -1.97900235997546       -0.17650117166494
H           -1.00823036003674       -2.11024078933350        0.99546999384711
H           -1.67181285403067        1.33388154358213        0.10110842428771
H           -1.78132354880171        1.91499164630501        2.57758549527001
H           -3.47105842342655        1.37678857761615        2.58667689422894
H           -2.44907246889714        3.54449579307052        1.10524442958434
H           -4.39148419468840        0.06967477604657        0.71310990514062
H           -4.26620698929851        2.34079141709815        0.00034192748892
H           -2.60187739491063       -0.10994621117236       -1.76190787269354
H           -4.97103056590613       -0.21433537411217       -1.96842797337359
H           -3.37967448904279       -2.17911500934659        0.35307710339392
H           -2.99657227786558       -2.83549045478073       -1.90945017539554
H            1.13940824249991        0.66785919236969       -1.70628018539008
H            0.21698130718278       -1.40447309389632       -2.55490778462206
H            3.43032245336824       -1.34957473280875       -1.50358829904265
H            3.21457521454704       -0.00738485836030       -3.39149824912130
48
 energy: -84.811148540959 xtb: 6.7.1 (edcfbbe)
C            5.44777169567149        0.96993319883560        0.95402168683458
O            4.83103739255897        0.22448802337318       -0.07763921100424
C            3.46608312397916        0.38407860254224       -0.16373864845088
O            2.86801006929211       -0.32773529356433        0.90166714622398
C            1.45384168661408       -0.26338912714089        0.96767006818859
C            1.10696125290464       -0.94429961577530        2.30357544578244
O            1.88011291526357       -0.40925507041612        3.34023257675076
C            0.88568890372267       -0.91492496254348       -0.30596198967520
O           -0.51881106729141       -0.84651087689195       -0.52096791835968
C           -1.40628444751255       -1.25009763132791        0.47420660249835
O           -1.74976619792470       -0.20585853708628        1.34670410588966
C           -2.35209888249266        0.90561566777914        0.70493466983241
C           -2.61388437592787        1.95680763661193        1.79287701489817
O           -3.10811808121764        3.16271458014111        1.25915801789771
C           -3.65198634305827        0.49385632886763       -0.00614974284749
O           -4.21957571686741        1.55267015109403       -0.73611409688571
C           -3.34443550507920       -0.63997788397140       -0.98960390786207
O           -4.51353617826535       -1.14240443915544       -1.58903066926514
C           -2.66650911148841       -1.78603031064168       -0.23488154094660
O           -2.29500547847220       -2.82684988389923       -1.09145336138072
C            1.46666496105456       -0.23124822838534       -1.54924918360578
O            1.09185279506360       -0.91253999957363       -2.71835040921031
C            2.99823891625012       -0.16458981650392       -1.51570187945538
O            3.46819718691890        0.68782731685485       -2.52129003305018
H            5.08988153933664        0.65973364017261        1.93967774614488
H            5.26201866694120        2.04174100527307        0.82227855401736
H            6.51285805174460        0.76857068104558        0.86965996783783
H            3.17943410979488        1.45512526905626       -0.09489773368339
H            1.13865197129977        0.79371653393255        1.00620516391413
H            1.28786312790981       -2.02480349786291        2.20551999366325
H            0.06826085240045       -0.75834135047638        2.57412595881607
H            2.80030641938068       -0.43421930304147        3.04631218187549
H            1.19238332432922       -1.97427908227684       -0.30067483721335
H           -0.97953369932464       -2.04433906963577        1.09565319163489
H           -1.66322468695161        1.31534226399504       -0.05211849433799
H           -1.69182538833300        2.11232139091185        2.36351618481261
H           -3.38164557365035        1.58707129775005        2.47564897010961
H           -2.40777136341042        3.60216011781321        0.76257583710382
H           -4.36452788246479        0.11947740709921        0.74836926913096
H           -4.26654258488177        2.32521473485154       -0.15062286133549
H           -2.65704599958554       -0.26080567846090       -1.76171814680152
H           -5.03178567969935       -0.38141164753441       -1.87867644075196
H           -3.36219269507900       -2.14996997267641        0.53881071640956
H           -3.04792478770622       -2.98783661504691       -1.67623312975890
H            1.07733719186264        0.80208281200159       -1.58028443478811
H            0.17993130330978       -1.20886398633399       -2.60200865893159
H            3.40749347858256       -1.17796675113599       -1.63148707920826
H            3.13314774267906        0.34799597210776       -3.36106263346560
48
 energy: -84.808466119409 xtb: 6.7.1 (edcfbbe)
C            5.46496562603066        0.88385759328006        0.98997764503709
O            4.81912668153747        0.23861082454015       -0.09059563317008
C            3.45227000643160        0.40048342563663       -0.12156433940537
O            2.88543389911706       -0.41516759401940        0.88488565646366
C            1.47376250731070       -0.35722531308346        0.99801220453917
C            1.16265273112287       -1.12789551846987        2.29491576664180
O            2.02090352101976       -0.72590856733217        3.32389631136787
C            0.88232843475401       -0.91150927270710       -0.31132086277549
O           -0.52990584249283       -0.88163748726426       -0.49544827514796
C           -1.39961868824860       -1.21458727394443        0.53983619535604
O           -1.73401893148363       -0.10663850744116        1.33483468541306
C           -2.34081426152344        0.95344968239019        0.61532692880445
C           -2.58926603508367        2.08695408882287        1.62052422635375
O           -3.08964983174967        3.24815046522745        1.00067564281699
C           -3.64941149323804        0.49284338564976       -0.04880833076947
O           -4.22111548139898        1.49374507142963       -0.85352159755695
C           -3.35651432589376       -0.71519907591678       -0.94437947557492
O           -4.53426732354042       -1.25973198214389       -1.48733300896150
C           -2.67107849106502       -1.79972330001550       -0.11023723424378
O           -2.31517933536696       -2.90858200921951       -0.88328094274273
C            1.41491288954824       -0.10140060732016       -1.49981252796821
O            1.01227531702526       -0.67053059889860       -2.71872200697228
C            2.94609851024876       -0.01397846380365       -1.50705176189621
O            3.37227231748431        0.94458641238165       -2.43361369283562
H            5.13338177058764        0.48191117136456        1.95129243931822
H            5.27745203165286        1.96303316431446        0.96499388754889
H            6.52700194143411        0.69226279692737        0.85793816688135
H            3.16612818819942        1.45815225889741        0.06097508366257
H            1.16251075600871        0.69455861605789        1.12138996858946
H            1.26973392300057       -2.20595883071559        2.10351494799796
H            0.15461429648505       -0.90214281472969        2.64212334886957
H            2.91948214943301       -0.75653949008411        2.96942119350364
H            1.22310763228368       -1.95622599590377       -0.40621505325656
H           -0.97167977678987       -1.96575412765330        1.20815177350868
H           -1.65938272718085        1.30199354205920       -0.17834649424670
H           -1.66036082716476        2.28614393157092        2.16604736423375
H           -3.34846624385625        1.77263592326313        2.33957470003161
H           -2.39752096579824        3.64315607483341        0.45730735363249
H           -4.35521330737869        0.18117409947049        0.73972209394789
H           -4.26492559100459        2.30843181477498       -0.32803176139406
H           -2.67932494479985       -0.39914259543374       -1.75299115621662
H           -5.05421071747254       -0.52255980380300       -1.83058083951411
H           -3.35736273779630       -2.09656990038570        0.69998553262370
H           -3.07388647499981       -3.10978231242318       -1.44769327375065
H            1.01263179070168        0.92460603592881       -1.41873705706888
H            0.11486980497978       -1.00608038653912       -2.59921553358337
H            3.36358880247695       -1.00356479892293       -1.73947827556040
H            3.02166577077361        0.68329224592157       -3.29485995468137
48
 energy: -84.805530673364 xtb: 6.7.1 (edcfbbe)
C            5.47166033339580        0.85628877959174        1.00641323868072
O            4.80126678165135        0.29246955883333       -0.10474185111698
C            3.43147330519056        0.42647343405737       -0.07620171636000
O            2.91621585785384       -0.49426595174458        0.86502285311799
C            1.50969895271768       -0.47800938206594        1.04095603163252
C            1.27225986526430       -1.38158784267194        2.26912348947938
O            2.21932868015964       -1.12831901643866        3.26602467592152
C            0.87869638156522       -0.92205789556377       -0.29186986343550
O           -0.54045970985202       -0.91589624838772       -0.44160078222833
C           -1.40576188077493       -1.16163630432892        0.62040196524030
O           -1.73516870608134        0.01022721137829        1.32198524022050
C           -2.33784933320517        1.01081504989259        0.51923033078371
C           -2.59254976635524        2.21835559468690        1.43272694806302
O           -3.08435753719094        3.32985793899076        0.72183101805016
C           -3.64395630216998        0.50457715301074       -0.11648256896659
O           -4.19941895764822        1.44046345642078       -1.00656847144303
C           -3.35581838142889       -0.77643584062741       -0.90557489745674
O           -4.53506155141475       -1.35648256173690       -1.40683135914191
C           -2.68263374312597       -1.79016849587905        0.02215337748633
O           -2.33888350139474       -2.96785751221861       -0.64632073915425
C            1.35568829414726        0.00996021046652       -1.41568992127572
O            0.91326913420883       -0.44447601342506       -2.66863245744544
C            2.88291977569921        0.13051857299966       -1.47510288891745
O            3.25331639872527        1.17940419101813       -2.32468168395192
H            5.17214957356929        0.37400991128125        1.94086449256008
H            5.27212214712678        1.93143028178565        1.07405462883213
H            6.53131666152579        0.68960860321475        0.82924593293020
H            3.13132078994636        1.45520388912078        0.21539818397614
H            1.18351777775823        0.54941253032741        1.27653748050550
H            1.31718161400459       -2.43437000249346        1.95244909497315
H            0.30528559563714       -1.16475632931665        2.72330880095689
H            3.08683529137068       -1.13071376135621        2.83984499379167
H            1.23705423598146       -1.94417766253312       -0.49734334224492
H           -0.98619791292270       -1.85754192660536        1.34772466588060
H           -1.65217809150281        1.29852403170465       -0.29518053885572
H           -1.66833371136301        2.45715841781661        1.97013558414654
H           -3.35889261603397        1.96076476497169        2.16668479125525
H           -2.38523326253295        3.68368453622914        0.15923308529954
H           -4.35971587702736        0.26516970453476        0.68814191946825
H           -4.24202249026466        2.29538273175514       -0.54931462629328
H           -2.67301863062198       -0.53494530442300       -1.73474028353554
H           -5.04724397937097       -0.64773992110669       -1.81539964310376
H           -3.37237571028581       -2.00505643383707        0.85515883546488
H           -3.09641785930777       -3.20689070158693       -1.19737308471650
H            0.94142501448511        1.01577593176116       -1.21908876502088
H            0.02738380157751       -0.80850845397592       -2.54682991669626
H            3.30929512868829       -0.82397756329891       -1.81352371705756
H            2.87286505627555        0.99033062714556       -3.19207451822082
48
 energy: -84.803433872011 xtb: 6.7.1 (edcfbbe)
C            5.44505091473411        0.87767905455549        1.07616722203015
O            4.77017816751352        0.41555095246919       -0.07854547399341
C            3.39695558870039        0.48437365279457       -0.00632798571206
O            2.95032777074672       -0.55287806261898        0.84314103875603
C            1.55331633034120       -0.63875997493977        1.06714100592744
C            1.43287675131307       -1.74016120874613        2.14785232716555
O            2.44032450177888       -1.62264670131416        3.10865932450531
C            0.87989962718613       -0.94649810971731       -0.28287107243538
O           -0.54547955276595       -0.93658436461775       -0.39293997912161
C           -1.40052117270948       -1.07352223672448        0.69632637480468
O           -1.71013457750141        0.16940729500741        1.27862457949253
C           -2.33149790460289        1.08083201027898        0.38768836395877
C           -2.56704252311373        2.37962443684818        1.17182592510680
O           -3.07878869228864        3.40819439437631        0.35780758277221
C           -3.65050796083005        0.51274313365570       -0.16412225819499
O           -4.22505646473408        1.35101941259925       -1.13563416135544
C           -3.38013096095720       -0.84406519334710       -0.82218066073729
O           -4.57066577387039       -1.47007292627269       -1.23298642960458
C           -2.68650000016614       -1.75753300050223        0.19009464120544
O           -2.35399022790255       -2.99823149904001       -0.35927070594758
C            1.30414863309805        0.11708010388781       -1.31319773407273
O            0.82685386644825       -0.20783827229650       -2.59367562540278
C            2.82163572130835        0.30064944719301       -1.41232543912087
O            3.12202413863865        1.43889483737593       -2.16956001920390
H            5.18203209074035        0.28534071876331        1.95667649049203
H            5.21128010314918        1.93104245324887        1.26584311292159
H            6.50560192659084        0.76909023172872        0.86264074609876
H            3.06034493935640        1.46271539658405        0.39668267995564
H            1.17874241284663        0.32088102002394        1.45912046253746
H            1.47808022389051       -2.72294556952601        1.65565654611796
H            0.49810974499146       -1.64951448824941        2.70140680726417
H            3.27443792554518       -1.50935865024817        2.63406110559484
H            1.23187774581313       -1.93418046385017       -0.61779907504010
H           -0.97311619376272       -1.68248436791427        1.49216654982936
H           -1.66432317848012        1.28049756649140       -0.46747457253583
H           -1.63050675673352        2.67563544909671        1.65696389095747
H           -3.31435561988564        2.20270500418685        1.94802119670890
H           -2.39604236492025        3.69538077210118       -0.26024260339165
H           -4.34894926413928        0.36000510496894        0.67600152997286
H           -4.26235014833432        2.24863804542841       -0.76842754854731
H           -2.71678007629836       -0.69224270059985       -1.68761598313195
H           -5.09115873536452       -0.80752482385109       -1.70369547531384
H           -3.35948831564631       -1.88501514617584        1.05441835589294
H           -3.12076399014423       -3.29151019321892       -0.86980145457386
H            0.87050731902037        1.08178539540697       -0.99033350393626
H           -0.04668968339328       -0.60347109281634       -2.48251472291177
H            3.27258285053940       -0.59970116823759       -1.85174222671336
H            2.71764777211828        1.31697030109841       -3.03821914525034
48
 energy: -84.804320381383 xtb: 6.7.1 (edcfbbe)
C            5.25388294181961        1.13020102342272        1.24762039977681
O            4.66565200116855        0.71752493939937        0.02987151253133
C            3.29350297426544        0.60815946443802        0.06245679819218
O            2.96062085322917       -0.53045516771011        0.83039758783202
C            1.58782862129276       -0.85012439998622        0.97909542601811
C            1.65307777223209       -2.16405529579134        1.78600248065060
O            2.16787346978022       -1.94231946994594        3.06659913283539
C            0.89916692813979       -1.01689209792192       -0.38230938590809
O           -0.53265518287880       -0.98755385397295       -0.41192653475515
C           -1.32027245832112       -1.00511877164579        0.73810243921816
O           -1.58092855134354        0.29983675389666        1.20339958713651
C           -2.27059060235434        1.11705923260738        0.27251203858986
C           -2.46557018969259        2.48518029848382        0.94208069191715
O           -3.03847142787978        3.42977542704245        0.06910180755560
C           -3.61858348000688        0.49693482612473       -0.13402478563722
O           -4.25357419085384        1.23310603321231       -1.15012266352699
C           -3.38761106266321       -0.92222810777206       -0.66358540579799
O           -4.60091286652104       -1.57892052060194       -0.93682840253009
C           -2.63501532925401       -1.72802912940449        0.39637375086490
O           -2.33996510148630       -3.02481688945678       -0.03223827034538
C            1.28098458559060        0.14935649146134       -1.31582745445950
O            0.83680746530841       -0.09636077588882       -2.62683694510473
C            2.78219515552093        0.43871606926943       -1.36988316729010
O            3.01757223056733        1.62270061334366       -2.07829762114452
H            5.08964152810802        0.39269918910855        2.03787934533176
H            4.85151613660719        2.09843947345720        1.56596189739597
H            6.31842764142080        1.22256602037131        1.04639765814395
H            2.82678429962101        1.51044697365575        0.51227161052164
H            1.07830797641839       -0.06029629614352        1.55436315631384
H            2.29231141603330       -2.85688647812983        1.22014822013098
H            0.67432326836164       -2.62489123164190        1.91808887321427
H            3.01873098473829       -1.49909771393837        2.95923719631197
H            1.21638873306073       -1.96529951800317       -0.83651023202509
H           -0.84342246416345       -1.51018670690354        1.57842759594623
H           -1.66547184182180        1.23610667102142       -0.64197364274415
H           -1.50161500134983        2.82853846307422        1.33326727907217
H           -3.15837091394519        2.38160931045815        1.77978465059411
H           -2.39647210271523        3.66556461431206       -0.61116178432513
H           -4.26425600452274        0.43476186187786        0.75820249939029
H           -4.27597260634489        2.16273148986794       -0.87258974820592
H           -2.77523576423194       -0.86644428643853       -1.57668438973513
H           -5.14752617073768       -0.96437880978728       -1.44189649388446
H           -3.25142636841527       -1.75442712067738        1.31046997934262
H           -3.13457368306848       -3.36213361963774       -0.46723561109061
H            0.78724680782457        1.05674391657921       -0.92142609702501
H           -0.03421868944008       -0.50720957581812       -2.56276275372868
H            3.31143349861144       -0.40987407534345       -1.82523542207253
H            2.62843168941207        1.50923674040613       -2.95527282830965
48
 energy: -84.805821121996 xtb: 6.7.1 (edcfbbe)
C            5.35647046222595        0.93451219758388        1.25024784242766
O            4.70303932708857        0.66682778060271        0.02540875106252
C            3.33119897169157        0.58973047676542        0.11338438547867
O            2.99773456468737       -0.61513808271121        0.77425584936111
C            1.62175584269562       -0.90056403441506        0.94359887790093
C            1.63837831656958       -2.27127003277898        1.65086943714345
O            2.07667282247789       -2.15797740094246        2.97390552549616
C            0.89884888913667       -0.95008341964812       -0.40730181795152
O           -0.53257761581410       -0.96321182178077       -0.39878737927437
C           -1.28211513208115       -0.90975831130739        0.77720621636775
O           -1.56458501338946        0.42331741917785        1.14126868507984
C           -2.29812048851550        1.13968641358781        0.16171090217850
C           -2.50297754975068        2.56095825754783        0.70473186098812
O           -3.09995330541213        3.41124527320395       -0.24578085766138
C           -3.64201709688448        0.45795389013899       -0.14662226681724
O           -4.32220033228767        1.08781189023697       -1.20417494585688
C           -3.39432952886498       -0.99832171448351       -0.55574037471859
O           -4.60033847835219       -1.70185702985098       -0.72494985168656
C           -2.58646969052821       -1.69062972892546        0.54304608349028
O           -2.26937606587935       -3.01227293815635        0.21881173727829
C            1.24769928765667        0.31636793149350       -1.21471597936468
O            0.73802019796754        0.23190240627206       -2.52307909708333
C            2.74987442255218        0.59429391490988       -1.30268953238188
O            2.97415514557930        1.85147232708455       -1.87610608682075
H            5.19377667346562        0.12827833471277        1.97057229530080
H            5.00682513673123        1.88034759318810        1.67902386494825
H            6.41479438653167        1.00740918664296        1.01225965706291
H            2.91357290236665        1.45020785741697        0.67853126020240
H            1.15866926335897       -0.13148904866649        1.58250631917403
H            2.30606564569652       -2.92212888240688        1.06962002428739
H            0.64951139786223       -2.72903616691459        1.68235894998053
H            2.94661479373753       -1.74101100585066        2.95547868085322
H            1.21925033838639       -1.84066697447671       -0.96228945279877
H           -0.76470081807142       -1.33028175448011        1.63983008059168
H           -1.72212149579948        1.18685999440613       -0.77755338413621
H           -1.53824335156672        2.95127725694439        1.04692842960442
H           -3.18306490782424        2.52960246969876        1.55841889318052
H           -2.46990620801694        3.58844498470544       -0.95458707621055
H           -4.26051054774836        0.46224573742706        0.76685556702667
H           -4.34518021144227        2.03985608110293       -1.01743037082032
H           -2.81514100286234       -1.01237053744199       -1.49181646310945
H           -5.17762239536354       -1.14789107083286       -1.26465477710968
H           -3.17208970549779       -1.65216795780078        1.47673695093523
H           -3.06704280893934       -3.40603278937127       -0.15933496164569
H            0.78454488297236        1.17376320980314       -0.69244953083121
H           -0.10965830716120       -0.22715013543381       -2.47102444599443
H            3.24389368253144       -0.19971759967833       -1.87951922651721
H            2.54897161791297        1.84665151680847       -2.74347527827109
48
 energy: -84.807718035521 xtb: 6.7.1 (edcfbbe)
C            5.47421701868922        0.71056568035533        1.21333109416095
O            4.75048739748296        0.59223372666175        0.00466506987848
C            3.38275218243174        0.55564477954571        0.15773810954575
O            3.03163178363016       -0.69501409486850        0.71879187602199
C            1.65147008064660       -0.92884930522097        0.92210405408566
C            1.60384761288959       -2.33360099576545        1.55436689226834
O            2.06456115096587       -2.31715031144613        2.87499266811788
C            0.89956589987047       -0.86785546813201       -0.41141694116576
O           -0.52838204566176       -0.92380347286988       -0.38172122345809
C           -1.25514275631278       -0.79878635415306        0.80477418245679
O           -1.57225912695268        0.54898749981501        1.07135030353585
C           -2.34979511394766        1.16487822840680        0.05776656357618
C           -2.59428348595634        2.61517900296351        0.49808476057543
O           -3.23667856047218        3.37064410448115       -0.50162745557436
C           -3.67459163041431        0.41736261563620       -0.17039025076407
O           -4.39309799344264        0.94105219061443       -1.25997330858373
C           -3.38715710753831       -1.05852045614050       -0.46988108042488
O           -4.57305334846117       -1.80950435786098       -0.55754777508880
C           -2.53692355715058       -1.63628977202423        0.66246274571333
O           -2.18071874686680       -2.96863145755591        0.43734300868723
C            1.23106926231723        0.47028360085694       -1.10059762765434
O            0.66802281248985        0.52298926068355       -2.39019160661365
C            2.73570179298398        0.72693136327408       -1.21994894067899
O            2.97059556980201        2.03450574870932       -1.66194369042221
H            5.31639202289708       -0.15972459293100        1.85590300880691
H            5.18298942517476        1.61820449314048        1.75340295802610
H            6.52136235686121        0.77247453341375        0.92755252862625
H            3.02843866306345        1.37058559167812        0.82452925945744
H            1.24963877067151       -0.17071077608553        1.61321966543373
H            2.22466594938300       -2.98906074402698        0.92869108841291
H            0.58891954125585       -2.73203162191296        1.57529866608405
H            2.96006355077057       -1.95804592047783        2.86592634476259
H            1.22100449555731       -1.70036439617815       -1.04882197979075
H           -0.70610588227093       -1.13523136756752        1.68469689858703
H           -1.79414280509982        1.16337053065307       -0.89467269623123
H           -1.63779671021347        3.06205423123088        0.79037994517623
H           -3.25798407048316        2.62573623814019        1.36511798081649
H           -2.62463346765037        3.51457071469745       -1.23341578213151
H           -4.27735102239394        0.47322974150221        0.75189043171194
H           -4.44705056726558        1.90320590309652       -1.14537729961514
H           -2.82513302104075       -1.12896475546632       -1.41380240611915
H           -5.17703524759885       -1.31868156309005       -1.12825524968709
H           -3.10561469908311       -1.54247707364501        1.60260942063386
H           -2.97097556157216       -3.41762144703331        0.10859138883519
H            0.80176878381836        1.27720123066740       -0.47895937866692
H           -0.15229121968210        0.01389380894814       -2.36369405839176
H            3.18409053836027       -0.00886312939015       -1.90209494860354
H            2.51493798562909        2.13399455973712       -2.50776324760956
48
 energy: -84.809631837711 xtb: 6.7.1 (edcfbbe)
C            5.56474795188815        0.51352071704100        1.17044535705928
O            4.78698332383913        0.53142220446856       -0.01048905201500
C            3.42643717423852        0.52125968982118        0.20088082371432
O            3.05643293386659       -0.76375411856305        0.66469287577997
C            1.67547590655972       -0.95545084344535        0.90095218426265
C            1.56697152111226       -2.38511066803855        1.46171878803987
O            2.08483254886339       -2.46572469425975        2.75918058448206
C            0.90095358024273       -0.78677791067476       -0.40984859299791
O           -0.52199447399761       -0.88368966266697       -0.36627420030882
C           -1.23235420828131       -0.68750052341898        0.82233421719028
O           -1.58593816600700        0.66504704501789        0.99688554142480
C           -2.40442789924429        1.18365945667007       -0.03851682434297
C           -2.69083168266622        2.65169662758715        0.30799982928831
O           -3.37195102925778        3.31581260841270       -0.73025010566390
C           -3.70642033705991        0.37859681831956       -0.18817154756997
O           -4.46014290199941        0.80165205695948       -1.29752792481319
C           -3.37442634855717       -1.10474790020663       -0.38874623823881
O           -4.53585331720255       -1.89800003368051       -0.40366261281519
C           -2.48920258481979       -1.57195228312584        0.76760273823178
O           -2.09405685491845       -2.90566623368176        0.63503032751933
C            1.22420550537920        0.60266954777791       -0.98939450343394
O            0.63021925017038        0.76692263797432       -2.25743060244230
C            2.73118155044318        0.84411297328265       -1.12625488900743
O            2.98290094509689        2.18561530980341       -1.43903745427341
H            5.40856151602015       -0.41103143909443        1.73277093646259
H            5.32350681958954        1.37170975532963        1.80772880920972
H            6.60030159487502        0.57625641490708        0.84514416530338
H            3.12844987098715        1.28201705251932        0.95390199433341
H            1.33174290884446       -0.21634588006699        1.64208476064132
H            2.11493252477539       -3.04629412725712        0.77728736252119
H            0.52808953932035       -2.71441026817789        1.50982120056828
H            3.00100550805557       -2.16511044347805        2.72552176304463
H            1.22069650501680       -1.56123224491475       -1.11713833157228
H           -0.65642206198388       -0.94335269695227        1.71240600471768
H           -1.86770172546694        1.13796269527834       -1.00048616879982
H           -1.74552480852141        3.14764287927836        0.55332304338035
H           -3.34220560584071        2.69978995594185        1.18311953888011
H           -2.77325082829222        3.43273053539357       -1.47779333094598
H           -4.29548833451599        0.47945055306495        0.73919591853191
H           -4.54069746532200        1.76768935834736       -1.25052177179471
H           -2.82329248258230       -1.22415329266764       -1.33413578993604
H           -5.16465628970784       -1.46726419777891       -0.99573360785224
H           -3.04516438094531       -1.42603910654386        1.70867699068399
H           -2.87345531519149       -3.40107851056028        0.34955879417911
H            0.81799264074622        1.36031925439459       -0.29550282635171
H           -0.15972382829431        0.21116437386790       -2.27508340781075
H            3.14075813642780        0.17488329768080       -1.89610096586330
H            2.50780006309278        2.38107918452587       -2.25667983128002
48
 energy: -84.811271057767 xtb: 6.7.1 (edcfbbe)
C            5.63850923254204        0.34128146872828        1.12394626060848
O            4.81652408761112        0.48010727834496       -0.01834860170092
C            3.46533636854012        0.48731883669049        0.24686050559217
O            3.07494978766647       -0.82250811354482        0.61589532313350
C            1.69543738267299       -0.98366795485338        0.88117765256046
C            1.53370856522186       -2.43412452772321        1.36526822853317
O            2.13077856892490       -2.62222461646025        2.61688739342358
C            0.90337540506973       -0.70784606086764       -0.40123429325603
O           -0.51353854118694       -0.84290977432039       -0.35032452939888
C           -1.21541192624130       -0.57619146011887        0.83153364044794
O           -1.60510278614188        0.77378606949018        0.91674967152634
C           -2.46098285372096        1.19675206998984       -0.13168877725323
C           -2.78894942466962        2.67458327146397        0.12522230553036
O           -3.50249077149744        3.24917670423552       -0.94431625294250
C           -3.73826103137802        0.34331605941925       -0.20397475873642
O           -4.51967094228935        0.66690543020253       -1.32768014836816
C           -3.36199221005147       -1.13939565492016       -0.30858912855755
O           -4.49743724457250       -1.96715826793340       -0.24956124241231
C           -2.44588519314771       -1.49761379592847        0.86237852736159
O           -2.01336693413373       -2.82579398702132        0.81743273195828
C            1.22502780940974        0.71937858282129       -0.87479225727261
O            0.61285951462696        0.98388872398218       -2.11855356323754
C            2.73454265840193        0.94804924912402       -1.02034832808335
O            3.00607037183179        2.30922826628866       -1.20706064866953
H            5.47279797881214       -0.62099037959369        1.61554806524981
H            5.45168621202532        1.15114943230031        1.83782068841347
H            6.66200798165902        0.39857085971279        0.76176642144181
H            3.21883139447075        1.18783032012870        1.07330955096260
H            1.40286988686233       -0.27573684459728        1.67302063244295
H            1.98935447256521       -3.08818178648524        0.61001273878692
H            0.47929345206970       -2.69552357726534        1.46789997266519
H            3.05717571951761       -2.36392560863205        2.53726206510194
H            1.22034109145138       -1.42383036387922       -1.16928249666983
H           -0.61682901403010       -0.75303453468267        1.72652975870409
H           -1.94210350643291        1.10710411882205       -1.10017416404639
H           -1.85644595218114        3.21310646314054        0.32494182663488
H           -3.43144339971193        2.75930614285613        1.00414611711502
H           -2.91469554613556        3.33983532908906       -1.70389439009601
H           -4.31787421766382        0.48920046908920        0.72332793428728
H           -4.63154975430115        1.63075839469961       -1.34399410814574
H           -2.82036385781948       -1.30642549439249       -1.25223400876423
H           -5.14646445334121       -1.60115716603883       -0.86287164472925
H           -2.99140395520501       -1.30158925751901        1.80045029273371
H           -2.78187632469277       -3.36284749631056        0.58275261197202
H            0.83694878582211        1.42775320079923       -0.12229802857170
H           -0.14569926387745        0.39048684410719       -2.19293222722819
H            3.11209652309819        0.35115593311593       -1.86307603827481
H            2.51931273147484        2.59264311266259       -1.99142730489478
48
 energy: -84.812468189345 xtb: 6.7.1 (edcfbbe)
C            5.69384571678895        0.19479591481130        1.08360373483940
O            4.83950196649412        0.44903068672485       -0.01428369125229
C            3.49753042807382        0.45834512811389        0.29548915603581
O            3.09118208524197       -0.87004797121401        0.56778086950520
C            1.71471444193727       -1.01598442905375        0.85626249955180
C            1.51197806673083       -2.48446295699107        1.25828170197856
O            2.17827309925141       -2.77845559216638        2.45362699919605
C            0.90833416013634       -0.63538239488332       -0.39115041249717
O           -0.50240111189393       -0.80774792270259       -0.33583835127939
C           -1.20028728570937       -0.47042803626279        0.83175710652002
O           -1.62411528281382        0.87095281966991        0.82675812449158
C           -2.51414077339645        1.19831552981703       -0.22681336621334
C           -2.87078778834345        2.68295648987681       -0.06509334281653
O           -3.62299964916431        3.16550869018848       -1.15358400457608
C           -3.77001578468319        0.31157608353547       -0.20866414964271
O           -4.58711240512817        0.53991568431849       -1.33023993746295
C           -3.35173399066414       -1.16317789622796       -0.22564313675530
O           -4.45994486220004       -2.01909821861771       -0.09424229709510
C           -2.40675633631532       -1.41733409037525        0.94965358497814
O           -1.94612289182678       -2.73592922575144        0.98859963110952
C            1.22959534604285        0.82039922270887       -0.75901916785561
O            0.61068030694484        1.17833563820561       -1.97696270297872
C            2.74150456887674        1.04310876905606       -0.90489725623951
O            3.02913430349787        2.41240960470013       -0.96783790480861
H            5.52644639930005       -0.80568874925524        1.49118663759534
H            5.54327178918494        0.93896880234236        1.87349823616892
H            6.70659314652752        0.26985816759663        0.69518272917585
H            3.29219849317014        1.09135885342372        1.18528539954934
H            1.46201249664903       -0.35183809415917        1.69835210592460
H            1.88278713864699       -3.11250215401236        0.43742929756169
H            0.45308757936014       -2.69570331960138        1.41693358102825
H            3.10741000401595       -2.54903929036927        2.32942626962546
H            1.22211820969099       -1.28965390389895       -1.21413147929107
H           -0.58297237752916       -0.56772906344098        1.72700222697154
H           -2.01711933715224        1.05215782118326       -1.19986777986508
H           -1.94625233576332        3.25330097123730        0.07265910991866
H           -3.49374086518279        2.81456753013823        0.82211272035418
H           -3.05244366504632        3.22845248548720       -1.92886357407007
H           -4.33065037530996        0.50351635863854        0.72191765969993
H           -4.71898951560035        1.49803573690033       -1.41118169028153
H           -2.81945975797379       -1.37471882967577       -1.16584996337249
H           -5.13216667428030       -1.70765344716245       -0.71283895436459
H           -2.94029478655426       -1.16859400589352        1.88221942563147
H           -2.70383654268895       -3.30305171668802        0.79142870178466
H            0.85279624221667        1.47755454052922        0.04297607672091
H           -0.12785067947248        0.57040108144902       -2.10922275013245
H            3.09507411073663        0.52468970774325       -1.80806575337759
H            2.53212184272193        2.77570488728724       -1.71164793304669
48
 energy: -84.813168940834 xtb: 6.7.1 (edcfbbe)
C            5.72935349022256        0.09549499585920        1.08153933651262
O            4.86030840816805        0.44116592295699        0.02068767195602
C            3.52304111154065        0.43278502223799        0.35068671622804
O            3.10989472878856       -0.91054227036236        0.51814890972113
C            1.73579033248422       -1.06256130072727        0.81398140000364
C            1.50808583207336       -2.55087074749707        1.11045470147820
O            2.22510184866692       -2.95578579910850        2.24279670174441
C            0.91821699190612       -0.57494867854658       -0.38977501688845
O           -0.48737103217804       -0.77789605740034       -0.32759130653647
C           -1.18282471104882       -0.36667510117806        0.81831420481797
O           -1.63538266222138        0.96117634800411        0.71759192228000
C           -2.56322560439685        1.19030037644667       -0.32852651196508
C           -2.93796307701114        2.67827274777902       -0.26926694063006
O           -3.74133371699780        3.06521089310837       -1.35934065507040
C           -3.80067325899711        0.28743521053546       -0.20086697149246
O           -4.66153605064313        0.41978238123693       -1.30469137280690
C           -3.34802966916812       -1.17515707930310       -0.12964736117718
O           -4.43045270743258       -2.04519853174457        0.09219004401559
C           -2.36616318556058       -1.32626367659314        1.03319733644056
O           -1.88153061484966       -2.63111238797434        1.15193676270138
C            1.24255005322462        0.90155530525478       -0.64880409487301
O            0.62850345911154        1.34963438547368       -1.83934235884708
C            2.75620496662900        1.12268999692418       -0.78579728804762
O            3.05549925230985        2.49000819532718       -0.73477389440492
H            5.56608699070931       -0.93551061103609        1.40634387579585
H            5.59076535010283        0.77101075400293        1.93291381938246
H            6.73679284573109        0.20262181823265        0.68679469056213
H            3.33582455250079        0.99101821872438        1.29306102960313
H            1.50428017336279       -0.46339347406600        1.70938114521803
H            1.81474830995594       -3.12567005089589        0.22635351097695
H            0.45139401645941       -2.73660449731899        1.31133450080249
H            3.15135185752338       -2.73028766306497        2.09154026381113
H            1.22333653730978       -1.16317935068306       -1.26453466216482
H           -0.54822837391513       -0.38042832280227        1.70776889647149
H           -2.09766050594838        0.97335860378063       -1.30448414705188
H           -2.01785920501730        3.26919416618728       -0.21354272167044
H           -3.52682806884442        2.86897740903852        0.63038927523217
H           -3.20198955252009        3.08671467701304       -2.15871679909776
H           -4.33142750548515        0.53530474769184        0.73389085814586
H           -4.81534914386302        1.36702973935470       -1.44955047754125
H           -2.83593654481447       -1.43915105767381       -1.06794449124986
H           -5.12870474915444       -1.79001661837789       -0.52334752889233
H           -2.88036929732288       -1.02178292629320        1.96025708451108
H           -2.63362422017084       -3.22258157995665        1.01237657169697
H            0.87185421300454        1.50369244077518        0.19751373605534
H           -0.13603128022184        0.78095178313843       -1.99377844098851
H            3.09647990324325        0.68071118731706       -1.73374992701743
H            2.55502636929656        2.91951634646579       -1.43988799591960
48
 energy: -84.813549984366 xtb: 6.7.1 (edcfbbe)
C            5.75982003999533       -0.01844684573999        1.10118210794323
O            4.88898689903075        0.43069804467004        0.08128593154449
C            3.55325185257478        0.40318044323739        0.41747658921410
O            3.12911113381774       -0.94535010629160        0.46459207338218
C            1.75454780625681       -1.10977898431468        0.74978051145280
C            1.50922908126906       -2.61565945340595        0.90960925443733
O            2.27654335573470       -3.14436326030848        1.95493886868415
C            0.93200066107827       -0.50446028902204       -0.39817080444434
O           -0.46912470577121       -0.73467140751292       -0.32312125331768
C           -1.16559632835343       -0.25200713211006        0.79215969607645
O           -1.64895872044104        1.05359645272838        0.58028734483971
C           -2.61798011229835        1.16331067824117       -0.44897336930658
C           -3.01320972523527        2.64584910470945       -0.52286938816898
O           -3.87753051996130        2.91392674024172       -1.60161452811472
C           -3.83353506654946        0.26047519299523       -0.18429811828394
O           -4.74784346621048        0.28143800359012       -1.25152148212413
C           -3.34563131244727       -1.18187909958521       -0.01083203119103
O           -4.39761768161058       -2.05173818293796        0.32646926366564
C           -2.31848006791010       -1.21525233818725        1.12133594273452
O           -1.80212263723245       -2.49622510284716        1.32841978766368
C            1.27048800227932        0.98700526633617       -0.51776915200889
O            0.67011203641010        1.55858801499097       -1.65942750654820
C            2.78591302680679        1.19966973314941       -0.64645676335786
O            3.10207285920110        2.55332395008339       -0.47648654876844
H            5.58780692666270       -1.07303496418085        1.33211875993416
H            5.63218479555171        0.57800869177238        2.01128742497835
H            6.76637575324835        0.11444010292822        0.71204910164688
H            3.37670916505468        0.87533843425861        1.40795650894592
H            1.52887618658070       -0.59788005817668        1.69920392088216
H            1.75364387240109       -3.10717826873479       -0.04193125864907
H            0.46043185123934       -2.79458878532823        1.15294210631602
H            3.19525745385598       -2.90143112264590        1.78488594397991
H            1.22170646054409       -1.00906517975922       -1.32780310760682
H           -0.51530712884356       -0.16863001610120        1.66818130681091
H           -2.18962240140626        0.84782260880864       -1.41658054881926
H           -2.10158547592238        3.25084294154308       -0.57271722032761
H           -3.55888746636080        2.91817720252188        0.38302861901915
H           -3.38366727813634        2.86153632390650       -2.42848753444512
H           -4.32326904138525        0.58169457107872        0.75035792440726
H           -4.92952855776045        1.20908968907737       -1.47116289877287
H           -2.86336401895419       -1.51294774003557       -0.94367846298197
H           -5.12563972877079       -1.86327042156564       -0.27854586191485
H           -2.80793414800589       -0.84629831446937        2.03866931246468
H           -2.54603021117407       -3.11107769050048        1.26657088294731
H            0.91616293285330        1.51272171181735        0.38476491127805
H           -0.20639779747950        1.16556382037336       -1.74074503292472
H            3.11214513205625        0.83998107342742       -1.63313255864005
H            2.60548315646622        3.04895185770828       -1.13974464247937
48
 energy: -84.814960317636 xtb: 6.7.1 (edcfbbe)
C            5.82426108702911       -0.17874197668852        0.96020082479946
O            4.91274487124145        0.35670138541385        0.02074895718444
C            3.59799146076748        0.34573787238626        0.43147479853030
O            3.13024271150359       -0.98857675816024        0.40473842830783
C            1.75935385651861       -1.13904592292361        0.71759272701172
C            1.47328661300629       -2.64595868077370        0.75105072949193
O            2.28303743009885       -3.29504858217318        1.69106314856020
C            0.91940797989484       -0.41018998153365       -0.34573978345302
O           -0.47415841266704       -0.66724426698118       -0.25649544436060
C           -1.18211547462740       -0.12709887308846        0.81650803550029
O           -1.69451056098406        1.15021106735810        0.48424456760410
C           -2.64937550587686        1.12794692224297       -0.57286945485101
C           -3.10441805015138        2.57996910413886       -0.79167339524813
O           -3.94423325406371        2.70910373277846       -1.91317729717840
C           -3.84066590616407        0.21278064121965       -0.24573480752581
O           -4.73009713936970        0.09985704630814       -1.32751426031113
C           -3.31758456761107       -1.19103131829950        0.07642718561157
O           -4.35273133605443       -2.05193644212579        0.48148165904728
C           -2.31323447873142       -1.08242685216573        1.22292718167203
O           -1.76264794849641       -2.31967484020510        1.56383773516389
C            1.29139894953435        1.07981869770875       -0.26668551755995
O            0.60805595158409        1.87095329878739       -1.20912803531966
C            2.79611816873904        1.24876857084304       -0.51634944976051
O            3.17954812907305        2.57321140930929       -0.27382516275863
H            5.63566228239429       -1.24148814667647        1.13351805363014
H            5.76194269602749        0.36053185729287        1.91194365582486
H            6.81191563046690       -0.04506238784887        0.52567510092557
H            3.49625098864671        0.74637784344351        1.46329511722396
H            1.56782083819142       -0.71100298927664        1.71487675306030
H            1.64085102210650       -3.05246897413798       -0.25550086404028
H            0.43582995230840       -2.81190628374457        1.04589257320618
H            3.19619196483685       -3.04955983362158        1.49619261887361
H            1.18775482526474       -0.79907863495317       -1.33346760165290
H           -0.53874308679760        0.04608662769563        1.68619809986437
H           -2.18053574014344        0.73891059796846       -1.49283917085177
H           -2.22408630857416        3.22831810543412       -0.87423460287373
H           -3.69103100151695        2.90857128786211        0.06919121731379
H           -3.42918198142679        2.56749511108324       -2.71669369145057
H           -4.36231694175643        0.60631786076829        0.64332162275735
H           -4.94206517960635        0.99449945692125       -1.63777991188358
H           -2.80762008349085       -1.59656300232676       -0.81061905392432
H           -5.06654720201492       -1.95867020407411       -0.16128355312082
H           -2.82910804800459       -0.63958288941341        2.09208978782187
H           -2.48730298721967       -2.95984105425153        1.55882061568893
H            1.07445300399605        1.45285906679630        0.74763452493786
H           -0.31915525097191        1.86868090571604       -0.93990603732602
H            3.02924640098249        0.95434927922309       -1.54940498054247
H            2.63009646398502        3.13413706385114       -0.83653959389820
48
 energy: -84.815615202854 xtb: 6.7.1 (edcfbbe)
C            5.85342918225555       -0.28152253820264        0.83953997741725
O            4.91242978587800        0.33964625759979       -0.01436675225975
C            3.61672674575198        0.31864315874507        0.45411752929642
O            3.12515908568776       -1.00293849653274        0.34778119121849
C            1.76371852293125       -1.15420851254752        0.69730368987549
C            1.44360478654406       -2.65264087431833        0.62374929751818
O            2.29431713846092       -3.39486921924432        1.45111541755135
C            0.90246871564702       -0.32856127893065       -0.27373206260736
O           -0.48541273866036       -0.60972862627069       -0.16176500327594
C           -1.21132168129656       -0.02061648790277        0.87035765991997
O           -1.75438873459511        1.22227035581477        0.46048887187979
C           -2.66647514665475        1.10939620158176       -0.62850659835509
C           -3.15639655262460        2.52900390515272       -0.95475643455219
O           -3.94813680282225        2.55893561886010       -2.11753003806536
C           -3.84093455475224        0.17749504760673       -0.28807036248103
O           -4.68416353635923       -0.03151784152279       -1.39224430243953
C           -3.29258098415049       -1.18736395686017        0.14332965179575
O           -4.31847635215977       -2.04818038245178        0.57125061060402
C           -2.32753362793987       -0.97924004269927        1.31012487602422
O           -1.75104655186553       -2.17598318656301        1.74149571124018
C            1.29488769947022        1.14541579314629       -0.09669957597622
O            0.59743792863581        2.01374016401305       -0.95629618096413
C            2.79456961205659        1.30660828494029       -0.38643893048431
O            3.21196029783508        2.60064943784005       -0.05349032529262
H            5.63312276878944       -1.34490426786486        0.96448993717539
H            5.86578738361721        0.20419966308635        1.82154451868104
H            6.81933114288976       -0.15905541587409        0.35580752711979
H            3.56771206226059        0.64115041120688        1.51651863655106
H            1.61030740439741       -0.80239703460139        1.73077071398501
H            1.53474778700896       -2.97735980938655       -0.42166801847145
H            0.42323969347982       -2.81925270009840        0.97263139110626
H            3.19846454870511       -3.14264043710181        1.22569774033350
H            1.14356085782670       -0.64011925305758       -1.29666267488772
H           -0.58391819119449        0.21354165684714        1.73769507986452
H           -2.14589873718681        0.68430655878305       -1.50253096838462
H           -2.29391327548215        3.20032236040703       -1.04138139572810
H           -3.79197427417816        2.88974322902031       -0.14299302071196
H           -3.39185099961992        2.38495722827024       -2.88624734381467
H           -4.40812035598435        0.60977268938909        0.55402864074782
H           -4.90511420072740        0.83422052564107       -1.77079045329496
H           -2.74382869986362       -1.63479466330408       -0.69924292699437
H           -5.00945191111764       -2.02162209176665       -0.10186936829410
H           -2.88000239403486       -0.49880302387221        2.13546041718243
H           -2.45590868334390       -2.83781712503645        1.75468922224181
H            1.12405408419329        1.44772992301764        0.94942510198952
H           -0.32455626866919        2.00698913010981       -0.65914367125161
H            2.98421485671733        1.09310527696611       -1.44793696335433
H            2.65614999121675        3.21429032824507       -0.55156597158588
48
 energy: -84.815311346720 xtb: 6.7.1 (edcfbbe)
C            5.87203760564617       -0.35258594319700        0.77113316833116
O            4.91935528868951        0.34134533710197       -0.01065194911312
C            3.63369887895849        0.29541404481612        0.48290151688277
O            3.12584278989169       -1.00988097715228        0.28730440565799
C            1.77188735830610       -1.17207091784451        0.65812042426486
C            1.42485108466740       -2.65405757762406        0.47360626518398
O            2.28302698537038       -3.47361967670958        1.21571719071523
C            0.89458489571070       -0.25886790910787       -0.21504753700493
O           -0.48888231330718       -0.55995285922196       -0.07870634667030
C           -1.23663385959927        0.07756081060228        0.90617040064513
O           -1.80673082731470        1.28019710171669        0.42052337511898
C           -2.68504592254062        1.08490604309530       -0.68290403831535
C           -3.19649143012797        2.47240307458517       -1.10020501694568
O           -3.96979328046351        2.41836634916585       -2.27467517477872
C           -3.84526441556329        0.14660213558034       -0.31331231328646
O           -4.66118032660695       -0.14539802853421       -1.41928837161684
C           -3.27588559157088       -1.17779618734468        0.20842084782536
O           -4.29199783860565       -2.03534901421004        0.66544070400116
C           -2.33858640968985       -0.88303993483024        1.37998474756642
O           -1.73932855931904       -2.03970431620140        1.88344641408664
C            1.30845596316645        1.19387177112728        0.04660309772371
O            0.61542653048441        2.12196481830635       -0.75166273573196
C            2.80547891522884        1.35094894469379       -0.26429344325038
O            3.24988821941080        2.61275222115949        0.14711212224118
H            5.65165803309278       -1.42275416088452        0.80600259984872
H            5.90042650614575        0.04539059601058        1.79153711082774
H            6.83082997502849       -0.18873895836511        0.28524405221688
H            3.61005824095630        0.53670526924252        1.56749035332150
H            1.64628360216658       -0.90388928719773        1.72054739551444
H            1.48227511812631       -2.89615969814257       -0.59649981996576
H            0.41126292478510       -2.83021948937351        0.83699483095893
H            3.18544669994657       -3.21071871514822        0.99537073507441
H            1.10648573496824       -0.49498748092331       -1.26594180348268
H           -0.62942998523942        0.37322537785610        1.76883324392195
H           -2.13052433312969        0.62480621185327       -1.51691503046387
H           -2.34406803175890        3.15240088696720       -1.21310605327552
H           -3.85163475802546        2.86784225167167       -0.32064208783977
H           -3.39686083636700        2.21603709631040       -3.02400132977034
H           -4.43905979905611        0.61377513927685        0.49116776524687
H           -4.89171092903047        0.69215476480067       -1.85179959277022
H           -2.70051729654181       -1.66091946829994       -0.59586020680107
H           -4.97201893313322       -2.05820566244243       -0.01909343261272
H           -2.91812297717047       -0.37387548539037        2.16859857779620
H           -2.42698819396607       -2.71843369838228        1.92066148009312
H            1.16492544546499        1.43703870440586        1.11214589758428
H           -0.31532499240159        2.08907005477901       -0.47726778219864
H            2.96674228410712        1.20976904330194       -1.34261511712460
H            2.69114958276571        3.26667336094107       -0.29310545808521
48
 energy: -84.814269192748 xtb: 6.7.1 (edcfbbe)
C            5.88211054371093       -0.41771777184137        0.73006319844876
O            4.92945334653321        0.34454253725975        0.01470662355482
C            3.64787953622965        0.27053812198316        0.51510611027991
O            3.12303820210961       -1.00805342326437        0.21564586569223
C            1.77554273969321       -1.18692681572996        0.59964596418039
C            1.40443364831551       -2.64135636360210        0.28918896293919
O            2.26343130810243       -3.53583180424953        0.93737352669467
C            0.88707718562479       -0.18970555260771       -0.16313204470365
O           -0.49248163664663       -0.50426101242544        0.00407942890120
C           -1.26118589167041        0.18174465548946        0.93718359184608
O           -1.85617236200710        1.33661981028135        0.37209226380394
C           -2.70219549264520        1.05386619596708       -0.73576526796431
C           -3.23504668670712        2.40130085491119       -1.24588371506518
O           -3.98950219984142        2.25903733851853       -2.42527641481178
C           -3.84696612854634        0.11073821152058       -0.33156611887406
O           -4.63168696890021       -0.27057428810854       -1.43295483029182
C           -3.25735846965012       -1.16350356321126        0.28474082958009
O           -4.26258086137173       -2.01471215305993        0.77656271320016
C           -2.34955212312378       -0.77448145777234        1.45261678428502
O           -1.73189987642453       -1.88263036401354        2.03621729021767
C            1.32725673179930        1.23440274665189        0.18647231977702
O            0.64638163545146        2.22138308568253       -0.54964650799059
C            2.82329240637610        1.39034492334269       -0.13540209886811
O            3.29262384081237        2.61183209552975        0.36022614777194
H            5.65088874473310       -1.48509655914686        0.68332600155324
H            5.92420433816178       -0.10124451043274        1.77807428793702
H            6.83799828719736       -0.22566056383758        0.24890958549306
H            3.63603324344994        0.42056497754784        1.61609224854947
H            1.67325656104284       -1.01503324482789        1.68441549300145
H            1.43829762500601       -2.78710367711257       -0.79938120453027
H            0.39547608086891       -2.83595724486313        0.65501107963426
H            3.16554230765436       -3.26267582702496        0.72864454442023
H            1.06477297934770       -0.34322555606929       -1.23705600263040
H           -0.67520779832038        0.54303433053044        1.78887727963119
H           -2.11729252837421        0.55897754900994       -1.52767385477348
H           -2.39354631846027        3.08931615015421       -1.38778287019876
H           -3.90942680052916        2.83023936693684       -0.50123839569616
H           -3.40138508740547        2.02354436905764       -3.15276637278993
H           -4.46885568197686        0.61242640932991        0.42969086517349
H           -4.87736790354977        0.53306315134503       -1.91819217287739
H           -2.65546385691321       -1.68251064677962       -0.47661614274909
H           -4.92692645641558       -2.09893956460045        0.08160394230678
H           -2.95550540851249       -0.23214501443739        2.19806070018894
H           -2.40227221810232       -2.57634469072205        2.10037336127631
H            1.20354402923325        1.41404424644928        1.26712813829757
H           -0.29639200499491        2.16237679008717       -0.32033020805723
H            2.96455468813458        1.32742780695622       -1.22393512814903
H            2.73917756946632        3.30432193088443       -0.02404570291231
48
 energy: -84.812817088411 xtb: 6.7.1 (edcfbbe)
C            5.88486823617880       -0.48805830508715        0.71244929718914
O            4.94335056943569        0.34584037349352        0.06552673906125
C            3.66008336019086        0.24422984839199        0.55643417176700
O            3.11850644606959       -0.99494307280456        0.14309376877358
C            1.77306238509629       -1.19413534811805        0.52202689957627
C            1.38353699471969       -2.60552495500344        0.06916591573702
O            2.22723407452655       -3.57171093047644        0.62763684858287
C            0.88269711696273       -0.11829256736973       -0.12213236131450
O           -0.49251635790481       -0.44345452133160        0.07794933450103
C           -1.28133499466566        0.29136769410810        0.95434434306480
O           -1.89909601771203        1.38938486956049        0.30625796752117
C           -2.71982406131215        1.01321014044785       -0.79110183644281
C           -3.27831970269862        2.31086158756866       -1.39364297426128
O           -4.01731528535803        2.07450865289073       -2.56774167967538
C           -3.84643371175005        0.06901684824603       -0.34020327423886
O           -4.60312533095293       -0.40670276205859       -1.42441046618840
C           -3.23490327904336       -1.14413043223089        0.37096068661068
O           -4.22621539449784       -1.98566657893865        0.90581452577473
C           -2.35569257361507       -0.65227474656784        1.52204827012809
O           -1.72267336373401       -1.70018140198178        2.19330192187231
C            1.35148685840249        1.26734260729609        0.32404832598772
O            0.68985762848052        2.31477309703033       -0.34427391603683
C            2.84885880559048        1.42429167328270        0.00451919612955
O            3.33916984859873        2.59601013677094        0.59071507392141
H            5.64025180422513       -1.54428107308036        0.57252047881196
H            5.92893469956943       -0.26489262009070        1.78413038147546
H            6.84406935057003       -0.26705082793117        0.25074199118731
H            3.64764749974443        0.29594945513209        1.66625046977440
H            1.68088338292092       -1.13132261639210        1.61933323299866
H            1.41995305816388       -2.64350476325839       -1.02851377398476
H            0.37082241966923       -2.82181430903256        0.41033984726793
H            3.13390074163360       -3.29163601072953        0.45038905995932
H            1.02646279086699       -0.18025802833201       -1.21170014989126
H           -0.71611232739672        0.72236073787642        1.78665130587200
H           -2.11090271514911        0.48350868854646       -1.54115268874182
H           -2.45066163430697        3.00709067142519       -1.57160450090010
H           -3.96976687305732        2.77146876789851       -0.68445715761338
H           -3.41686415780733        1.80534086292115       -3.27308407123716
H           -4.49321708630899        0.60459249380828        0.37584541273605
H           -4.86589173710086        0.35641979447474       -1.96307714716431
H           -2.60839128497706       -1.69818978958689       -0.34445101913507
H           -4.87677775935292       -2.13492264956404        0.20875133241137
H           -2.98607195681360       -0.07236578287789        2.21739660468764
H           -2.37409068453090       -2.40835259889908        2.28688766552990
H            1.23825249571102        1.37463627253951        1.41561671397674
H           -0.26496082279685        2.23140088101686       -0.18294251675066
H            2.98143187457995        1.44516938975430       -1.08678570637715
H            2.79583348387206        3.32488715315919        0.26361156319212
48
 energy: -84.811241035388 xtb: 6.7.1 (edcfbbe)
C            5.87943717764111       -0.56983959663597        0.71163791941749
O            4.95948538774565        0.33985217976426        0.14018272643013
C            3.66944117575131        0.21359286409967        0.60674409134229
O            3.11152154470203       -0.96958781591175        0.06976882195670
C            1.76377789017809       -1.18689202445975        0.42744166329901
C            1.35694772408612       -2.53542890970431       -0.17662588006625
O            2.17463653072163       -3.57102870464641        0.28741617797294
C            0.88113520865422       -0.03971205715671       -0.09127332633577
O           -0.48813653549449       -0.37632385362944        0.13979095049284
C           -1.29744290928030        0.40528863277938        0.95506197175940
O           -1.93618418034217        1.43609638861372        0.22301820669770
C           -2.73727070978427        0.96027862588030       -0.84863807432293
C           -3.32388287626208        2.19604129040555       -1.54647535390794
O           -4.04914891970099        1.85736313733717       -2.70401650834658
C           -3.84362718555252        0.02186256304116       -0.33846283988388
O           -4.57675310949266       -0.55213180333329       -1.39090235262021
C           -3.20884433982959       -1.11903775789046        0.46572650251717
O           -4.18363013428309       -1.94478027724988        1.05296379009808
C           -2.35493267185356       -0.51933766381228        1.58402118183586
O           -1.70489080451223       -1.49540767451196        2.34159039652635
C            1.37927155724955        1.29502025479469        0.46034557002002
O            0.74530862471597        2.40410667726102       -0.13435889890250
C            2.88135066699220        1.45170350026426        0.16009167954025
O            3.38870430866104        2.55898200385530        0.84760174039633
H            5.61962839128943       -1.60276684656043        0.46532485426359
H            5.91385304037039       -0.45441160589711        1.80054365291330
H            6.84770890696301       -0.32097021149356        0.28434304590821
H            3.64495553303931        0.15846334534805        1.71604489023185
H            1.66995571779893       -1.24068969699049        1.52484915332001
H            1.41032108473452       -2.45772555146234       -1.27167739924986
H            0.33553402204371       -2.76821703566431        0.12451358321185
H            3.08874312388803       -3.29175419250260        0.15233880228673
H            0.99436869009760       -0.00141741332454       -1.18684798184257
H           -0.75262155324900        0.90784885047671        1.75955135300124
H           -2.10893080977441        0.39385508400892       -1.55462562617786
H           -2.51233740151882        2.89811500345633       -1.76944830287891
H           -4.03104931416214        2.68906731203755       -0.87571335700728
H           -3.43815408400264        1.54981817913835       -3.38414831183010
H           -4.51126152395200        0.59142758649533        0.33063679734735
H           -4.85679661488189        0.16281493054164       -1.98415016185107
H           -2.56113637634352       -1.70763526667925       -0.20159990925578
H           -4.82316205175330       -2.16165303167362        0.36349601494105
H           -3.00692799231740        0.09710165315113        2.22611854772995
H           -2.33562912222802       -2.21619868676627        2.47237634692317
H            1.26320381072284        1.32139059118591        1.55678633071743
H           -0.21737020279962        2.30341200492826       -0.06364202292241
H            3.01830650040663        1.56543127274464       -0.92497456625725
H            2.86252161218282        3.32400976801101        0.58073822510918
48
 energy: -84.809681867519 xtb: 6.7.1 (edcfbbe)
C            5.86562682937833       -0.66403599633032        0.72194591461457
O            4.97596879885786        0.32029981080825        0.23226639591529
C            3.67514638365925        0.17615738319423        0.66202879630245
O            3.10200273045980       -0.93229487719247       -0.00299012200788
C            1.74882679072999       -1.16079875321617        0.32226670811526
C            1.32429525247298       -2.42758304432067       -0.42907591266967
O            2.11197283698353       -3.52520592691758       -0.06787464999132
C            0.88155825489710        0.04731770205027       -0.06713204354077
O           -0.47962158177669       -0.30408714466724        0.19122452851031
C           -1.31228015354458        0.51926873083892        0.94080769092747
O           -1.97132884160021        1.47304109552514        0.12870166035870
C           -2.75432194975386        0.89574862849464       -0.90489959766830
C           -3.36942689692217        2.05842905863771       -1.69705304874676
O           -4.07959566405544        1.61389365819129       -2.82790734173298
C           -3.83917987443114       -0.03008098795279       -0.32922652024688
O           -4.55089729881354       -0.70155650052407       -1.33790230357624
C           -3.18050301825303       -1.08941478438069        0.56228610333295
O           -4.13700440850069       -1.89355760824153        1.20682376363016
C           -2.34993993709235       -0.38264102514461        1.63416972306044
O           -1.68051963919479       -1.27868973963955        2.46981694128218
C            1.40900032948558        1.31963208280226        0.59068963446104
O            0.81448564291857        2.48814829716278        0.06800247346113
C            2.91946692542857        1.46791755267290        0.32719506446637
O            3.43964131016820        2.49369300099786        1.12279491437341
H            5.59022975941728       -1.65972046665022        0.36417499230282
H            5.88024793389800       -0.66362797073732        1.81741991085601
H            6.84722282267412       -0.39347115349040        0.34054390993290
H            3.62803235249141        0.00908804710170        1.75913117639767
H            1.64481881484828       -1.33102159297269        1.40656628348784
H            1.39846722158745       -2.23358941845201       -1.50854227359760
H            0.29332439968131       -2.66903700163584       -0.17089900457028
H            3.03394141475213       -3.25432859002497       -0.15989994563751
H            0.96783233177780        0.18868807146643       -1.15788699631846
H           -0.78912147487098        1.09234323880742        1.71110193943310
H           -2.10814520445985        0.29354010297576       -1.56383144023458
H           -2.57535179862261        2.76280727215939       -1.96985158433571
H           -4.09261557551489        2.58223854289462       -1.06813938166370
H           -3.45773527699598        1.26723467016290       -3.47876640392769
H           -4.52540605722015        0.57107070950641        0.29169044105968
H           -4.84624864950840       -0.04111222922563       -1.98453532646663
H           -2.51378373704764       -1.70993947080609       -0.05555629177590
H           -4.76713334922634       -2.17804231014848        0.53338318313679
H           -3.02208612882141        0.26482972863429        2.22279531082324
H           -2.29057379374184       -2.00753194633170        2.64617037795595
H            1.27290311178299        1.26536528317273        1.68387915678671
H           -0.14760306340856        2.38545609682618        0.03153060034094
H            3.07460429404792        1.68030577349808       -0.74056932017139
H            2.94080363216783        3.29485003299406        0.91661603250619
48
 energy: -84.808222417219 xtb: 6.7.1 (edcfbbe)
C            5.84240965963154       -0.77832281240404        0.74530988105658
O            4.99210827435649        0.27797881976722        0.34356615356019
C            3.67670505146411        0.12668937356626        0.72356975272410
O            3.08982721426961       -0.88238502776801       -0.07444760891397
C            1.72766464367138       -1.11024135203713        0.20580786499393
C            1.28693531516756       -2.27439318403215       -0.68908950267404
O            2.03835762328466       -3.42663789652172       -0.43866225949530
C            0.88410497251146        0.14949948857935       -0.05085731331526
O           -0.46701557652743       -0.22024399310775        0.23116052679037
C           -1.32963716467182        0.63577683289033        0.90968549380544
O           -2.01126144674868        1.50053254809404        0.02299922562870
C           -2.77318429974350        0.81941574180368       -0.96147669513283
C           -3.42109580185687        1.89638096018655       -1.84349435934751
O           -4.11553438104168        1.34323586620302       -2.93561599056344
C           -3.83237732486764       -0.09088951483555       -0.31692286107139
O           -4.51921779755817       -0.86113878772763       -1.27092523049126
C           -3.14623274443857       -1.05612674531561        0.65651885920156
O           -4.08093383580078       -1.83553044381836        1.36084893827684
C           -2.34238647727366       -0.24136271594605        1.66993384872437
O           -1.64984749422194       -1.04690174245493        2.57617726415800
C            1.44299634396763        1.34488293152592        0.71557382768254
O            0.90861894788743        2.57405622281990        0.26463130837115
C            2.96543396412414        1.46755477651090        0.51061840561534
O            3.49154792309393        2.38813015843633        1.42251812338430
H            5.55284789384188       -1.72115991835438        0.27352867898079
H            5.82576150069541       -0.89759919722128        1.83420823684979
H            6.84098405224603       -0.49529540043190        0.42126774795159
H            3.59442416999986       -0.15840906379643        1.79369879578562
H            1.60216817364610       -1.39670753025938        1.26276731737637
H            1.38963613811396       -1.96369367455641       -1.73872633428090
H            0.24491641274848       -2.51516688667584       -0.47930185727919
H            2.96872470159389       -3.17295329757603       -0.48303761373600
H            0.94618206653322        0.39585013819495       -1.12518213241192
H           -0.83157190108569        1.28101276001050        1.63791932169710
H           -2.10712108454909        0.18686477682295       -1.57063934011361
H           -2.64761913177852        2.60002328797937       -2.17143220708892
H           -4.16057192826118        2.44701029808289       -1.25797232606733
H           -3.48261719058857        0.96119806312621       -3.55532204611748
H           -4.53919926841110        0.53604194846061        0.25333708969589
H           -4.83257371259846       -0.26256042471162       -1.96739840714077
H           -2.45859565359016       -1.70329035960377        0.09126005739650
H           -4.70006383419224       -2.18998610240671        0.71078452237686
H           -3.03669534299959        0.42981545313170        2.20376907126475
H           -2.23789183712199       -1.77882169805392        2.80630412980896
H            1.26499422939754        1.21242404830575        1.79587867286599
H           -0.04205728063837        2.49497020635904        0.11339609634269
H            3.15691981447978        1.78511970346625       -0.52477431961539
H            3.03103021895353        3.22534940881425        1.28172331508999
48
 energy: -84.807082661564 xtb: 6.7.1 (edcfbbe)
C            5.80462199921194       -0.90807444408216        0.73928998343495
O            4.99895610015498        0.21981228590157        0.45832411929867
C            3.67015229627176        0.06742195883271        0.78818594511681
O            3.07144908228858       -0.81255175906691       -0.14323854314005
C            1.70039501827671       -1.03113974644807        0.08869782080249
C            1.24544574943822       -2.07084049765058       -0.94285359877607
O            1.95972069724174       -3.26589959905800       -0.81634621990591
C            0.88416730653183        0.26813389625327       -0.02591222037005
O           -0.45591631738085       -0.12511443464689        0.26797872572450
C           -1.35583915161429        0.75246217564650        0.87068137389819
O           -2.05451475003987        1.51918159869658       -0.08730744754204
C           -2.78212803696724        0.73400537914132       -1.01860342641990
C           -3.45660344818683        1.71069441834567       -1.99241035248088
O           -4.11196860518985        1.04522566269232       -3.04537052789731
C           -3.81710414172638       -0.15806548000439       -0.31196372251923
O           -4.46631883053235       -1.02576625099233       -1.20705899987446
C           -3.11082633152922       -1.01772787000019        0.74256353621590
O           -4.02774269678273       -1.76673280859081        1.50139668665208
C           -2.34414948278334       -0.09712037575516        1.69190385253216
O           -1.63167344211984       -0.80362546943672        2.66335237307655
C            1.47246291864670        1.36193161451022        0.86168785659826
O            1.00691182008534        2.65530467886018        0.51682380549431
C            3.00630131966580        1.44642071791785        0.72535378830596
O            3.52832397065578        2.22791288293502        1.76122813012698
H            5.49738849919709       -1.77229954079822        0.14433749609281
H            5.75647949636072       -1.16466757558515        1.80315080935417
H            6.81961293493286       -0.62117581178403        0.47545213682630
H            3.55079699736983       -0.34573464201669        1.81181520158326
H            1.54806538008948       -1.43366646188020        1.10311765702273
H            1.37786387524651       -1.64374041087944       -1.94756176725725
H            0.19334374272859       -2.30456022713703       -0.78033297338890
H            2.89747854721383       -3.03648002366453       -0.81512424320994
H            0.92808223124028        0.62691626640685       -1.06924978370408
H           -0.88779198646225        1.46948526219766        1.54950417773905
H           -2.08810944890044        0.07746364563044       -1.56877548674744
H           -2.70527590236286        2.41557416807131       -2.36608493314951
H           -4.22573596271011        2.27719490983028       -1.46304955126056
H           -3.45534008427731        0.63298335837397       -3.61945803667873
H           -4.55141945252228        0.48767339771221        0.19955728494018
H           -4.78762039876841       -0.49686930216580       -1.95444291890171
H           -2.39707986737343       -1.68653428562071        0.23826062970136
H           -4.62757061077158       -2.19453582543483        0.87799194654905
H           -3.06577867110034        0.58932860915168        2.16668200004674
H           -2.19994381379143       -1.52979590183917        2.95336361935312
H            1.24083673031382        1.13775055439212        1.91625260904107
H            0.10318629414792        2.61553606193206        0.18378241364890
H            3.24596219257620        1.88284268102434       -0.25556588601936
H            3.09844302407085        3.09145862730097        1.71345880008230
48
 energy: -84.809529794261 xtb: 6.7.1 (edcfbbe)
C            5.79925874401267       -0.95433483034704        0.59317198057969
O            4.99564951651073        0.20331944990591        0.46914288767201
C            3.67380981103856        0.01762603220228        0.80823776854185
O            3.04231025824841       -0.72478375850297       -0.21666775545288
C            1.67031960432367       -0.94680065570740        0.01096945015224
C            1.19231715487500       -1.87190326262154       -1.11634850029429
O            1.89784926248834       -3.07859964439695       -1.12564754800144
C            0.86443353154770        0.36688549119593        0.03918932705236
O           -0.46309358767969       -0.05063273195832        0.30571988718546
C           -1.40564708421868        0.86408720550044        0.79827535029839
O           -2.09123451032016        1.50371754339651       -0.25351568658429
C           -2.79559083711765        0.60892786569501       -1.09821914744600
C           -3.47397729802599        1.46038111020662       -2.18049669319315
O           -4.10793955500485        0.67401496538612       -3.16196589106980
C           -3.82591035838062       -0.21727473645958       -0.30857229541420
O           -4.45245331117165       -1.18921796806975       -1.10949577823657
C           -3.11987155990872       -0.94440905378272        0.84077283870691
O           -4.03498502599254       -1.62853795471283        1.66234939270659
C           -2.38296939531671        0.08739156851080        1.69472906366007
O           -1.66883995646924       -0.50288004412392        2.74188159220051
C            1.48287949686616        1.28977033660579        1.09860516289866
O            0.96437537553665        2.60475152344773        1.09844040294980
C            3.01362807935545        1.39278813957562        0.94128882645700
O            3.55291984943490        2.04288982913286        2.05648643646727
H            5.47289776382280       -1.73798185693255       -0.09574469634286
H            5.77122577566292       -1.33779371149552        1.61881742745748
H            6.81058335656181       -0.64215405683125        0.34440255848174
H            3.57314775061420       -0.52614154157556        1.77062788660530
H            1.52300920009035       -1.44697750742096        0.98031503038406
H            1.31442924306541       -1.34366510426383       -2.07335097765923
H            0.14067475719633       -2.11364042675815       -0.96332835506620
H            2.83758844483525       -2.85807750004499       -1.11112070350272
H            0.91555775090186        0.86404772528708       -0.94501551016139
H           -0.94870095389190        1.67152982744434        1.37360394319753
H           -2.08684657149007       -0.09403993406619       -1.56757541564083
H           -2.72831967123435        2.13113375207414       -2.62193061653145
H           -4.25686317004700        2.07006589811560       -1.72481758239769
H           -3.43798034180341        0.20020807833484       -3.66923707899887
H           -4.57617965882213        0.46841887363352        0.12086967135115
H           -4.77597961808484       -0.74906206782424       -1.91126294959109
H           -2.38635985650675       -1.64898798066284        0.42033406346445
H           -4.61800624474259       -2.12782103454943        1.07747310354984
H           -3.12253137730107        0.80380324223537        2.08994366314021
H           -2.23643692045854       -1.19381198672806        3.10877767718033
H            1.25401975792283        0.88877955243740        2.09338746887186
H            1.00755290511379        2.96649225883408        0.20442248596628
H            3.24580682735176        1.95127308126010        0.01752704216421
H            2.98046942867855        2.79722206863079        2.25803493272685
48
 energy: -84.810609305282 xtb: 6.7.1 (edcfbbe)
C            5.76788144133672       -1.01401460783170        0.52918839844901
O            4.98622941365063        0.16478900379569        0.51602625243219
C            3.65832852967864       -0.02797075678868        0.82694910979625
O            3.02192372739178       -0.65305243172629       -0.27082099307506
C            1.64722086310491       -0.87910838120792       -0.06775164489387
C            1.15798530167072       -1.68469703205593       -1.27854620518692
O            1.85488396882379       -2.88905479929594       -1.41092317337139
C            0.85618743363621        0.43278108456523        0.09107066201142
O           -0.46379407376361       -0.00032265838108        0.36373284897325
C           -1.42527964492784        0.93995367302830        0.76456647184565
O           -2.09823101229262        1.48654257396739       -0.34551992493807
C           -2.77262817052397        0.51935741012447       -1.13280517750783
C           -3.44045653382220        1.27310622025379       -2.29136815003150
O           -4.03222417468632        0.40099045185619       -3.22555454599576
C           -3.80711923411319       -0.25993005426239       -0.30260426237204
O           -4.40227270284860       -1.30038845385266       -1.03884064285255
C           -3.11568217994187       -0.88431646036951        0.91392846319439
O           -4.03887070875340       -1.51705047382098        1.76730770704089
C           -2.41103254963740        0.22177694481245        1.70021309715522
O           -1.71080146462869       -0.27690697067420        2.80276136744450
C            1.49001514883233        1.26593438617631        1.21595560305533
O            1.00224554321657        2.59051094553886        1.29248845542690
C            3.02507072595474        1.34114596016051        1.09046570848120
O            3.56562561562716        1.86249338899302        2.27119363113721
H            5.43514568224252       -1.71825902946365       -0.23813270402799
H            5.72295306353027       -1.49854573860907        1.51051443876472
H            6.78695438459578       -0.69699163590327        0.32150158733416
H            3.53948331827874       -0.66203243203651        1.72989928216451
H            1.49319434850823       -1.46931135784392        0.84870037843377
H            1.27879754825472       -1.06552015560694       -2.17963720956697
H            0.10558286520378       -1.93488892638580       -1.14384004914358
H            2.79609294671367       -2.67762738401772       -1.37248378721378
H            0.88479050382639        1.01048160909089       -0.84873152533732
H           -0.98290584438941        1.79228547707551        1.28480528715045
H           -2.04388894447342       -0.20548191630768       -1.53318486790586
H           -2.69771316351166        1.92570455763065       -2.76374184360071
H           -4.24771319805438        1.89700304710509       -1.90213985840204
H           -3.33967995431318       -0.09387478961240       -3.67962221153200
H           -4.57650301207887        0.44448643114169        0.05731496090439
H           -4.70555770853441       -0.93068886526918       -1.88297338572780
H           -2.36340920791461       -1.60784848754207        0.56483018346476
H           -4.60443762217037       -2.06626793047354        1.21062157998130
H           -3.16812751553735        0.95502421212893        2.02489785088209
H           -2.28015477978073       -0.94055784511691        3.21460668748963
H            1.22815872938166        0.80801886733206        2.17713794793894
H            1.12029366890891        3.02408333030370        0.43745026300047
H            3.28491671610267        1.98235762299562        0.22967504534061
H            3.01851868941992        2.61587844886411        2.53490303215334
48
 energy: -84.811308397457 xtb: 6.7.1 (edcfbbe)
C            5.74477946311321       -1.05641432287924        0.46632342759756
O            4.98009112207674        0.13096200423142        0.54469053142605
C            3.64761808005416       -0.06650515412441        0.83205732781370
O            3.00720429566847       -0.58037159774246       -0.32013069682882
C            1.63138008378056       -0.81625325208768       -0.13604388715509
C            1.13281898817778       -1.50176167153176       -1.41479512284769
O            1.83375084227804       -2.68319406585994       -1.67257609195278
C            0.85088386717026        0.47881472391343        0.14966159976004
O           -0.46387174274710        0.03350929881377        0.42530999593025
C           -1.43914351277865        0.99621218832310        0.72788713969990
O           -2.08928609921673        1.45072716530835       -0.43523536026959
C           -2.74649298659541        0.42536821576270       -1.16043588237814
C           -3.39122204061269        1.08862265352422       -2.38561188900804
O           -3.96206899386047        0.14709208524737       -3.26368554530302
C           -3.79644689400054       -0.29175407196312       -0.29483966187970
O           -4.37334496577716       -1.38773052183473       -0.96167914146950
C           -3.12807532437624       -0.81790619871182        0.97946195760808
O           -4.06642540037703       -1.38926091759704        1.85929628817925
C           -2.44394236352759        0.34808666614736        1.69478559040377
O           -1.76836971293850       -0.06402888382189        2.84706259561637
C            1.49928881966754        1.22755352149871        1.32593537923756
O            1.02896785576420        2.55134367447587        1.47973365872342
C            3.03573105893320        1.28449534416356        1.21411460126856
O            3.58170584537517        1.69006587794462        2.43737798039325
H            5.40257375900726       -1.69472619886032       -0.35277718859863
H            5.69247462504270       -1.61438855688419        1.40744692923043
H            6.76836018337035       -0.73896067493906        0.28313954146646
H            3.51330631077882       -0.77673712350435        1.67389455028111
H            1.47759791447398       -1.48963459277485        0.72159134257341
H            1.23900200470894       -0.79685144003612       -2.25267762443271
H            0.08355226728130       -1.77170081579940       -1.29275485926254
H            2.77426135497624       -2.47201939071486       -1.61782947616489
H            0.85724565587288        1.12787062450059       -0.74247737886154
H           -1.00826840445882        1.88650560307863        1.19192899054682
H           -2.00924053886125       -0.32524368262024       -1.49123750643068
H           -2.63957962709389        1.70620064406390       -2.88978675867039
H           -4.20736142949097        1.73740115532710       -2.06079274806540
H           -3.25924599659682       -0.37598764584902       -3.66755039026897
H           -4.57497045282558        0.43493475023057       -0.00590911895696
H           -4.65997347408817       -1.08466009479968       -1.83763927201427
H           -2.36572501803854       -1.56160105299729        0.70182119514530
H           -4.61803700698176       -1.98202611306678        1.33425963654989
H           -3.20977066839664        1.10095329407224        1.94588709407761
H           -2.34730172093076       -0.69452115966582        3.29596839775067
H            1.21966968986152        0.71678421066003        2.25463409124537
H            1.20316803100018        3.04681358636132        0.66878303132155
H            3.31163758767558        1.99352280696971        0.41332435658237
H            3.05109144087600        2.43039517976737        2.76357250406302
48
 energy: -84.811453897836 xtb: 6.7.1 (edcfbbe)
C            5.73587515476938       -1.07262294526370        0.38565112368267
O            4.97909517266853        0.11069605007341        0.55189252231072
C            3.64584648586688       -0.09770289942618        0.82775452563285
O            2.99748772120231       -0.51088783513203       -0.36032291937883
C            1.62178227748714       -0.76018469755783       -0.18915079558369
C            1.11394463091323       -1.33002989514189       -1.51951209356001
O            1.82322833505281       -2.47475733001763       -1.89370690908677
C            0.85020428761047        0.50677401586360        0.21614287560980
O           -0.46326542599991        0.05578844604537        0.49015683362187
C           -1.44792354113181        1.03563138621430        0.68656995495924
O           -2.06665117578633        1.39758525332571       -0.52428767377354
C           -2.72158920352830        0.32680508432237       -1.18227162902348
C           -3.33141192808390        0.90195497431348       -2.46851220069207
O           -3.89880405862074       -0.09668033329538       -3.28326549560638
C           -3.79806404250944       -0.30929045562743       -0.28711680665407
O           -4.37711644907537       -1.44572251599791       -0.88006894281428
C           -3.15916676425822       -0.74398014216184        1.03553062946920
O           -4.11903181850592       -1.24203062327907        1.93649998361660
C           -2.47939923810388        0.46723798085732        1.67651199966913
O           -1.83390445102617        0.13567146469351        2.87065475102648
C            1.51242885401615        1.17232924325367        1.43444960401723
O            1.04761310449634        2.48486625801507        1.67099742774829
C            3.04841558338690        1.22368271351329        1.32107539934047
O            3.60499974495887        1.52395906910217        2.56996448068548
H            5.38535538811500       -1.65008067339900       -0.47411335040364
H            5.68552536142877       -1.69485969066473        1.28569735949845
H            6.76035640608279       -0.74895058832380        0.21907431232475
H            3.50769619923079       -0.87280103526672        1.60945530777982
H            1.47398274161589       -1.50705191788960        0.60689950906672
H            1.20032156569363       -0.55016653083418       -2.29057874610767
H            0.06956136476682       -1.62339196264172       -1.40950625667897
H            2.76218387788872       -2.26014504709085       -1.82587145570283
H            0.83971106628609        1.21897092025494       -0.62604799864832
H           -1.02665707461094        1.95903130743364        1.09215845971310
H           -1.98806669126906       -0.45537038801688       -1.43892348130345
H           -2.56034371323698        1.46836296361728       -3.00242728023915
H           -4.14386552228247        1.58496753641969       -2.21160032705143
H           -3.19574738388700       -0.65599900276329       -3.63481118987760
H           -4.57194911506492        0.44663326870652       -0.06956351162258
H           -4.64182852576580       -1.20709037437207       -1.78249955270345
H           -2.39770338698324       -1.51141696107417        0.82890556053860
H           -4.66783178037995       -1.86523775391122        1.44478503914405
H           -3.24397442609620        1.24214222609832        1.85413064670099
H           -2.42940116315956       -0.45429622387284        3.35191369778731
H            1.22889510013365        0.60662247332745        2.32913821636639
H            1.25550824795127        3.03739525727248        0.90585698120437
H            3.32854977242687        1.99184251177242        0.57820269993041
H            3.08512503091351        2.24179347782977        2.95757333382957
48
 energy: -84.810975887433 xtb: 6.7.1 (edcfbbe)
C            5.73057438510963       -1.07487331485663        0.28903496492252
O            4.98104092581301        0.09581969337692        0.54997462286787
C            3.64845695460455       -0.12586501267490        0.81861605052472
O            2.98962893714741       -0.43899926283077       -0.39430379763682
C            1.61390162207257       -0.70107456824073       -0.23641925166334
C            1.09901725084537       -1.14864173340678       -1.60973346410548
O            1.81149593767682       -2.24945692675652       -2.09365952475319
C            0.85258244574948        0.52811977389779        0.28562563334665
O           -0.46349456959862        0.07877516959590        0.55481570616854
C           -1.45430924130085        1.06658569816021        0.64066042235138
O           -2.03687426784174        1.33127582372379       -0.61205487011480
C           -2.69693444999058        0.22121803602361       -1.19549770352941
C           -3.26096122384319        0.69759392956274       -2.54168117742835
O           -3.82684632414618       -0.35553755284213       -3.28563981630002
C           -3.80719286107053       -0.31824200111473       -0.27917326502009
O           -4.39908250278257       -1.48602363966801       -0.79293704972499
C           -3.20299087928590       -0.65895609858921        1.08637025419833
O           -4.18916222665294       -1.06984130111698        2.00271360801298
C           -2.51598403267947        0.58768075309545        1.64688600100672
O           -1.90372094067103        0.33883980843735        2.87730802534982
C            1.52909701835529        1.10038613441811        1.54292573435208
O            1.06339544247546        2.38975407228086        1.87662262511221
C            3.06369067664057        1.15558341649073        1.42099476299850
O            3.63322288231474        1.35287005973347        2.68471902742370
H            5.37123096183365       -1.58422083511180       -0.60929817400367
H            5.68361554281475       -1.76316375817914        1.13984421198746
H            6.75546430679177       -0.74406581318959        0.13981033551157
H            3.51073765327524       -0.96033674464433        1.53662756837820
H            1.47150035840418       -1.51670723881661        0.49046125180160
H            1.17271148423150       -0.30053651055902       -2.30631387500820
H            0.05770779412464       -1.45874811508766       -1.51971935001608
H            2.74972647978485       -2.03613303987884       -2.01251287039721
H            0.83320395712750        1.30112341851391       -0.50022682749729
H           -1.04160477990280        2.02021810336768        0.98189863046339
H           -1.97450532975831       -0.59366497499375       -1.36584646087276
H           -2.46443062406427        1.20289564585114       -3.09889252408132
H           -4.06584819775364        1.41431047028655       -2.36519530886414
H           -3.12577610213387       -0.95207112998416       -3.57446758078500
H           -4.56821180903332        0.46851856312777       -0.13950905526253
H           -4.63348389937361       -1.31731583454706       -1.71927473602003
H           -2.45099018596265       -1.45220598393041        0.95625105557959
H           -4.74155187126317       -1.71750250881670        1.54795504618402
H           -3.27201927631868        1.38493336873712        1.74667197159143
H           -2.52087786374736       -0.20108558643836        3.38912128073737
H            1.25029063167768        0.47125839250380        2.39542999751900
H            1.28404197917356        3.00111775250383        1.16133622193589
H            3.34191638508696        1.97883866842955        0.73887532662643
H            3.11859803682383        2.03754879427887        3.13429095659166
48
 energy: -84.809971772010 xtb: 6.7.1 (edcfbbe)
C            5.72223445113639       -1.07089744754914        0.17637304973919
O            4.98432882389207        0.07685535536500        0.54832613011750
C            3.65199325845692       -0.15748966725644        0.80756466436899
O            2.98331819912693       -0.36085714554832       -0.42332619350260
C            1.60500417777213       -0.62587405451432       -0.28804608865011
C            1.09162442592254       -0.92819191045792       -1.70088214854903
O            1.78499592848313       -1.99141589919250       -2.28609121640136
C            0.85739540889403        0.55516552272382        0.35223992915758
O           -0.46482105064019        0.11435314949131        0.61365024443111
C           -1.46081580230300        1.09738046488191        0.58765727640242
O           -2.00583932684844        1.25449898445679       -0.69988229721090
C           -2.67069148167609        0.10498382030067       -1.19601935499815
C           -3.17700180602378        0.45548068573462       -2.60228584909876
O           -3.73101935181819       -0.65821239528664       -3.26206870652539
C           -3.82004462623869       -0.32384700269775       -0.27019662796469
O           -4.42729597174245       -1.51891570801615       -0.69516722238840
C           -3.25766092465276       -0.55648737442311        1.13530454642156
O           -4.27500502994038       -0.86051907529208        2.05900644878087
C           -2.55412630501064        0.71874801901072        1.60308867642223
O           -1.97770169657712        0.56425411082675        2.86492377205907
C            1.54801597781751        1.00809403243970        1.65024909117492
O            1.08154041237350        2.25639987724244        2.10743710694679
C            3.08099495746420        1.07167586610154        1.52165827213102
O            3.65963928621225        1.15863846376870        2.79382349607482
H            5.35248559523072       -1.49370027971563       -0.76179916971071
H            5.67570882294490       -1.83345140546970        0.96142060583904
H            6.74873959515487       -0.73557495859040        0.04986751589336
H            3.51304443333275       -1.04970806443839        1.45229257276398
H            1.45650757824322       -1.50878950516638        0.35420547269266
H            1.18620859586918       -0.01787887321601       -2.31065636501105
H            0.04392356210191       -1.22349207496718       -1.64954539799333
H            2.72676528093667       -1.80289561970916       -2.18690320530702
H            0.84001832678676        1.39231468037576       -0.36335792190566
H           -1.05655049662018        2.07940403575997        0.85407387904400
H           -1.96267222373974       -0.73726985419791       -1.25821909639827
H           -2.35210642500190        0.89453823632935       -3.17407978025883
H           -3.97683787823466        1.19525896054032       -2.52698560937713
H           -3.02845898665828       -1.28603060164117       -3.46968532609439
H           -4.56414786668306        0.48948283232388       -0.22203387807741
H           -4.62106391085643       -1.43450274088538       -1.64226266127932
H           -2.52365533177340       -1.37583900334301        1.09480935155553
H           -4.83327019559209       -1.53333109191498        1.65030905566028
H           -3.29616261396127        1.53565152239740        1.61514558404424
H           -2.62117005408547        0.08886805186219        3.40733744067518
H            1.27643468459795        0.30056983509690        2.44130584745539
H            1.29127451032242        2.93392159474903        1.45126418448114
H            3.35831852238571        1.94900756123522        0.91052222764309
H            3.13760112611392        1.78962215150559        3.30912227560873
48
 energy: -84.808967966769 xtb: 6.7.1 (edcfbbe)
C            5.69812932574305       -1.08676677523919        0.07637268932328
O            4.98418938734323        0.03521705801986        0.55676764967031
C            3.64855313709550       -0.19597861251177        0.80153782701643
O            2.97489003336139       -0.28694294705205       -0.44001843264866
C            1.58804515327295       -0.52407168596878       -0.33910245205441
C            1.08917692796828       -0.64987689664301       -1.78341925883524
O            1.67682969797189       -1.73420834324995       -2.44289400925726
C            0.86300302702401        0.60227757635583        0.41810523887238
O           -0.46768609938531        0.17537989624280        0.66681059337345
C           -1.47175098490904        1.13728440702028        0.53042894347630
O           -1.97786376639932        1.17891355305276       -0.78235301789722
C           -2.63605750940434       -0.01009103065712       -1.18889717419639
C           -3.09030372099480        0.20617126418947       -2.63939745074585
O           -3.62233330757197       -0.96562784981422       -3.21075275843475
C           -3.81770382748203       -0.34442212992098       -0.26552372958031
O           -4.42677632082724       -1.56621888690993       -0.60217266951802
C           -3.29474505236146       -0.45834288501250        1.16954522625679
O           -4.33784096114218       -0.67628602660850        2.08871431171695
C           -2.59531175167774        0.84960142772205        1.54291962113061
O           -2.05846752584010        0.80888828276985        2.82984185650460
C            1.56785496856234        0.90923789819607        1.75089556593022
O            1.10836445710939        2.09593312714850        2.35078927080775
C            3.09907855088100        0.98098865114358        1.61270296098156
O            3.68771469065676        0.96822243291066        2.88304949434754
H            5.32191993583210       -1.40849192481685       -0.89862368514007
H            5.63320300926310       -1.92064090636108        0.78379184317413
H            6.73194770620474       -0.76308092850485       -0.01651576825695
H            3.49570599898249       -1.13513253452759        1.37249410112688
H            1.40630768526063       -1.46750324923091        0.20030644753210
H            1.30726092469477        0.29155719244668       -2.30726729036305
H            0.01439603196021       -0.82239647154135       -1.78705929753791
H            2.63225477143263       -1.64634541842760       -2.33774962099739
H            0.85999478596659        1.50445723523984       -0.21183388573411
H           -1.08192376179805        2.14480483919499        0.71692232562266
H           -1.93619147467251       -0.86072655292592       -1.14276805882481
H           -2.24404623194564        0.59043728562471       -3.21933204031250
H           -3.89057289486834        0.94900859825658       -2.66287842389203
H           -2.91217734287344       -1.60533255046741       -3.34287090474455
H           -4.55318355552522        0.47696127950870       -0.30999032077433
H           -4.57523873960797       -1.57174750794252       -1.56122533450630
H           -2.56590508563891       -1.28187006615433        1.21979714667763
H           -4.89413616720980       -1.37411071822032        1.72126114507650
H           -3.33285133215361        1.66690935839834        1.45851008772375
H           -2.71451920175820        0.37576111292551        3.39219016987435
H            1.30538687233150        0.11720289668218        2.46077129666172
H            1.26426105701599        2.83839314888631        1.75326663576586
H            3.37525018088210        1.90098198860772        1.06789365216561
H            3.16386487763224        1.55161844955231        3.45044407385273
48
 energy: -84.810603712688 xtb: 6.7.1 (edcfbbe)
C            5.51558788574935       -1.17286968075298       -0.14636226566163
O            4.90141997798159       -0.07466218754248        0.49929745601549
C            3.55865013166279       -0.24203730726942        0.75058337220232
O            2.86102909577275       -0.16709711407041       -0.48099449925965
C            1.46489967410521       -0.30770817947017       -0.38263269439628
C            0.91650753912166       -0.24248774629645       -1.82460145682321
O            0.31825745998827       -1.44166840261007       -2.25674050401261
C            0.82679734333542        0.77026934832591        0.52264470741409
O           -0.51632666248785        0.38003276343106        0.74809598016763
C           -1.52453320806137        1.31849010510752        0.52849557483523
O           -1.97306960192211        1.26388583663701       -0.80699638785457
C           -2.42826468062572       -0.03723512796221       -1.15413856301813
C           -2.73664207631771       -0.07490330372106       -2.65527650400319
O           -2.67737498746819       -1.39442716560756       -3.13874318355366
C           -3.63356402108436       -0.45614739286232       -0.30593954933575
O           -4.02701573336967       -1.77906876496071       -0.58568285632741
C           -3.24362821181937       -0.37304691302316        1.17527232389730
O           -4.34403433574363       -0.60930701500483        2.02160605997650
C           -2.70176791809961        1.02706688896754        1.47576424990160
O           -2.28313394483920        1.15941631189108        2.80038773108270
C            1.56655174281320        0.84441463123189        1.86812005405086
O            1.17117661523499        1.93506043606078        2.66048376636473
C            3.09550955278476        0.87403370047676        1.69128078362254
O            3.71338935341304        0.70621190805801        2.93605188975980
H            5.08623831976561       -1.33589506263242       -1.13850077110623
H            5.40744767606150       -2.08458584094415        0.45193076300501
H            6.56783880383997       -0.91500350386976       -0.23628085589968
H            3.35484296215467       -1.22445964671988        1.22713411735215
H            1.21108191877935       -1.28401007592974        0.06481579141089
H            1.75193681776256        0.03634083460033       -2.47755543126657
H            0.14123994544546        0.52097541683720       -1.89880695601231
H            0.98951722858956       -2.13360994856716       -2.27299159871634
H            0.87499235332591        1.74553416965991        0.01835752073859
H           -1.17160277427947        2.34449688791624        0.68470365151436
H           -1.62604386656450       -0.76325011028312       -0.95378770208302
H           -2.02700008064619        0.57639945062735       -3.17785761235924
H           -3.74820315944641        0.28723275879866       -2.85333203429677
H           -1.76244063781976       -1.69830985462448       -3.04494332412067
H           -4.47237197163382        0.23748025953647       -0.48941358240264
H           -3.88493696819786       -1.94678814090907       -1.52980432353682
H           -2.44971409725449       -1.10959386170844        1.37253081902930
H           -4.79195640835827       -1.39470657405074        1.68482866855809
H           -3.49475314461660        1.76015853519771        1.24692087533656
H           -2.93384635826087        0.69911823189326        3.34676992186793
H            1.29330063359522       -0.04035826363795        2.45430288598796
H            1.25148785176166        2.75203778634679        2.15343983057722
H            3.39831412384271        1.83165596792168        1.23387617754715
H            3.21420641247211        1.23292103540685        3.57717223844846
