48
 energy: -84.838634883616 xtb: 6.7.1 (edcfbbe)
C            5.50732200000000        1.21249600000000        0.60159100000000
O            4.92257200000000       -0.05203000000000        0.31379700000000
C            3.66705300000000        0.01835800000000       -0.25075600000000
O            2.76292400000000        0.45461400000000        0.74239800000000
C            1.39810400000000        0.58805700000000        0.38535100000000
C            0.74256100000000        1.07288600000000        1.69894900000000
O           -0.09950800000000        2.18577600000000        1.55617600000000
C            0.84643900000000       -0.74476400000000       -0.16508000000000
O           -0.38676700000000       -0.62909900000000       -0.87449500000000
C           -1.49399500000000       -1.34319400000000       -0.38097300000000
O           -1.77847700000000       -1.11560300000000        0.96193600000000
C           -2.37118100000000        0.16503900000000        1.20977500000000
C           -2.65456600000000        0.27604100000000        2.71371400000000
O           -2.88610200000000        1.61168900000000        3.08574200000000
C           -3.64266300000000        0.39344200000000        0.38216900000000
O           -4.17233700000000        1.67922100000000        0.58686700000000
C           -3.28330400000000        0.26444700000000       -1.10291000000000
O           -4.40760800000000        0.39328900000000       -1.93713000000000
C           -2.68710400000000       -1.12391900000000       -1.32079000000000
O           -2.26225200000000       -1.34009600000000       -2.63583900000000
C            1.81782900000000       -1.29558900000000       -1.23555900000000
O            1.44063100000000       -2.58547900000000       -1.65126700000000
C            3.26759600000000       -1.36875600000000       -0.75633500000000
O            4.11931700000000       -1.72642500000000       -1.80828100000000
H            4.91364800000000        1.75397900000000        1.34100500000000
H            5.59470800000000        1.80950000000000       -0.31168300000000
H            6.49430500000000        0.99379100000000        0.99969700000000
H            3.65285600000000        0.72813700000000       -1.10668400000000
H            1.28313700000000        1.34742400000000       -0.40611300000000
H            1.56313200000000        1.28969000000000        2.39198700000000
H            0.14091900000000        0.26925900000000        2.12441400000000
H            0.42512800000000        2.96090700000000        1.31507300000000
H            0.74946000000000       -1.47222200000000        0.64934100000000
H           -1.24600900000000       -2.42305300000000       -0.40042400000000
H           -1.67030800000000        0.95757600000000        0.91880200000000
H           -1.81480700000000       -0.15725500000000        3.26852400000000
H           -3.55758800000000       -0.28251900000000        2.97112000000000
H           -2.07810000000000        2.12157300000000        2.92070000000000
H           -4.39503700000000       -0.37459800000000        0.63268800000000
H           -4.08559800000000        1.90707700000000        1.52898700000000
H           -2.53122300000000        1.02804100000000       -1.35621400000000
H           -4.89304700000000        1.18090200000000       -1.65568400000000
H           -3.45761400000000       -1.86461400000000       -1.04470100000000
H           -2.95664500000000       -1.00497000000000       -3.22223200000000
H            1.77888200000000       -0.60207900000000       -2.09124500000000
H            0.58531000000000       -2.52365600000000       -2.09755100000000
H            3.35130400000000       -2.07841600000000        0.07947200000000
H            3.78670400000000       -2.55488000000000       -2.18484500000000
48
 energy: -84.839097245330 xtb: 6.7.1 (edcfbbe)
C            5.43429791905846        1.31051516994828        0.59117388543254
O            4.90220880165908        0.04673727667512        0.21304711631485
C            3.62350112285279        0.09450674688431       -0.30172182899581
O            2.73839295077819        0.40294037784445        0.75379643784721
C            1.35013201515878        0.46816389263081        0.47336474209502
C            0.73013262691160        0.78926646079617        1.85349443567408
O            0.04274737342829        2.01310100856813        1.90129485733792
C            0.85400340590177       -0.85022362668231       -0.15918196252603
O           -0.39847711969622       -0.77471327555266       -0.83763515935736
C           -1.52362912954533       -1.40549303728207       -0.27842632684901
O           -1.80105098857605       -1.06272417327626        1.04090497929052
C           -2.35966086078543        0.24838638549767        1.19287038614497
C           -2.68915942516431        0.45702075266127        2.67878297747929
O           -2.83867143224102        1.82281815835062        2.97202841011995
C           -3.60067810932195        0.47665011538493        0.32103005259355
O           -4.05480073978871        1.80363993777536        0.41787543136285
C           -3.23713376666126        0.20746639860380       -1.14351295714338
O           -4.34918891742355        0.31856302597479       -1.99635189946809
C           -2.70814815524406       -1.22176841843185       -1.23618760579131
O           -2.29478842982869       -1.57288950212898       -2.52536212983545
C            1.81021885441221       -1.26383698130657       -1.30296630983278
O            1.49428905028737       -2.54531140729746       -1.78606973666223
C            3.28357462013117       -1.27181916857592       -0.89888781185967
O            4.10040532360606       -1.48721120391588       -2.01587960278103
H            4.84445277188152        1.75398918468813        1.39582547158662
H            5.45768390214286        1.98848820549717       -0.26782498548934
H            6.44541576069068        1.10944893961459        0.93471429174442
H            3.54096550459935        0.86526395193986       -1.09891087571021
H            1.14276104006326        1.28063352093682       -0.24259331172597
H            1.55318305848126        0.77326157879060        2.57626926731200
H            0.01947162536735        0.01052600801613        2.12786692353876
H            0.67554092126267        2.73898554909423        1.81911895038830
H            0.82913806255396       -1.64143004266310        0.60050027785600
H           -1.30927056251762       -2.49102838317873       -0.20998657831575
H           -1.62162154055060        1.00042991767797        0.88301897468779
H           -1.90413417679990       -0.00172397464063        3.28889633757214
H           -3.63840920904037       -0.02476042926006        2.92526044102607
H           -1.97642179315071        2.25154411358676        2.85348335983068
H           -4.40036796135164       -0.22385936863857        0.61838857494876
H           -3.97457201004949        2.09491199246801        1.34293769277496
H           -2.44690118914641        0.90927987921594       -1.45287539541060
H           -4.79627506937205        1.15098907655436       -1.79047875440965
H           -3.51051766730172       -1.89923616625602       -0.89651534142180
H           -2.97537860822243       -1.26355092716137       -3.14143292260731
H            1.68357363407535       -0.52001879228747       -2.10702368338351
H            0.59165236480341       -2.52292983144080       -2.13309480575350
H            3.45717733400585       -2.03722410369077       -0.12855567121128
H            3.80433780962383       -2.30577983051173       -2.44098460397672
48
 energy: -84.839292640469 xtb: 6.7.1 (edcfbbe)
C            5.32698268116242        1.44759526434911        0.54469918828698
O            4.85628643363665        0.17824369703428        0.10887247242419
C            3.55178666450044        0.17064131350631       -0.33836854681938
O            2.70330434039451        0.34770383886059        0.77534473911435
C            1.30032074347524        0.33847724645381        0.56350434586861
C            0.73134687207923        0.50960893538107        1.99013789005442
O            0.18938671365670        1.78450790012672        2.22494161591315
C            0.85471333197995       -0.95747245745770       -0.14834543657390
O           -0.41626689467031       -0.91967273076541       -0.79301887382273
C           -1.55761829677176       -1.46808234608304       -0.18555681600454
O           -1.83330305246042       -1.02838076424435        1.10470407011834
C           -2.32854394132566        0.31304019269977        1.17676704792379
C           -2.69556752698950        0.60530800255939        2.64124270818648
O           -2.75512511280151        1.98832517392574        2.87591486762666
C           -3.53180420911778        0.56345974643165        0.25935489541077
O           -3.89071702589420        1.92300281837445        0.25941315337649
C           -3.17209994716303        0.16722275422883       -1.17674679564152
O           -4.26943570220339        0.28230297048628       -2.04794146747457
C           -2.72995937412256       -1.29494416185824       -1.16113911458767
O           -2.33378545050874       -1.76124608490218       -2.41854548960631
C            1.78565338385658       -1.24238924713677       -1.34971214979954
O            1.52917276152037       -2.51199270313789       -1.89246679293145
C            3.27298531016927       -1.17631103710665       -1.00712950339386
O            4.05092905127731       -1.26923982628168       -2.16767367756639
H            4.77262012346802        1.78607763745497        1.42228499812913
H            5.23695065963775        2.18604560437312       -0.25817807246140
H            6.37315278845958        1.29831379710935        0.79792286691541
H            3.37643930455920        0.98274792961445       -1.07740191547454
H            1.00832261860256        1.18971208447510       -0.07398259288808
H            1.55274511752703        0.29703524785838        2.68309670105391
H           -0.06175743401370       -0.21526514125373        2.16546570761875
H            0.90399011345035        2.43483141671438        2.23848438792008
H            0.89967909219722       -1.79925243015182        0.55596883121165
H           -1.38440414634119       -2.55359814923644       -0.04339838866732
H           -1.54126184492991        1.01242168707058        0.86170037643398
H           -1.96870344766590        0.11744015867054        3.29777122224123
H           -3.68571438307792        0.20177903253102        2.86649627826659
H           -1.85031022196891        2.33460535337190        2.82499140226166
H           -4.38387560738917       -0.05748787250705        0.58663592281194
H           -3.82475337611768        2.26249246153396        1.16861437301521
H           -2.33828417419926        0.79537323079048       -1.52699932695525
H           -4.66391890501764        1.15480845095869       -1.91362000571711
H           -3.57025855826029       -1.89864770512192       -0.77785974592961
H           -2.99256392990269       -1.45876325196958       -3.06119574548085
H            1.57719437938150       -0.46439937688073       -2.10305553566200
H            0.60160449334259       -2.53943891118417       -2.16723037029000
H            3.52890712826703       -1.97359708854617       -0.29428569955548
H            3.79555943830608       -2.08294770069880       -2.62699396548345
48
 energy: -84.838894886660 xtb: 6.7.1 (edcfbbe)
C            5.20236401539678        1.57532762505726        0.52275964426407
O            4.79049524617229        0.30687159251703        0.02913195841452
C            3.46815417515271        0.24039692178285       -0.35608996968552
O            2.66627051929033        0.28283481329916        0.80405410099048
C            1.25767719012784        0.20569358643158        0.64731864694804
C            0.74383795813646        0.24708782249126        2.10245141299863
O            0.31885651603700        1.52866488326380        2.49201380763543
C            0.85351186918794       -1.05982066368796       -0.13981750592608
O           -0.43653984089686       -1.05965564429449       -0.74573242411497
C           -1.58952075737506       -1.52801067026404       -0.09563667583001
O           -1.86100497605775       -0.99766419863448        1.16044107577228
C           -2.28043769574141        0.36933601078601        1.15791291581843
C           -2.67474217508374        0.74168816767369        2.59754737142686
O           -2.67596046804013        2.13474930699253        2.77284191137856
C           -3.44214614240600        0.64694625931593        0.19482578416907
O           -3.69078760054452        2.02752544525396        0.09640197595802
C           -3.09734886324949        0.12473488098000       -1.20419019955384
O           -4.17856371030360        0.25059507350514       -2.09396882538567
C           -2.75428658339700       -1.35987671674255       -1.08231408444219
O           -2.39642897827739       -1.93845336946170       -2.30352668302857
C            1.74919537528299       -1.21927195596173       -1.38902516971153
O            1.55114729020346       -2.47199951453085       -1.99007799136621
C            3.24349129049832       -1.07463929746834       -1.10384584461405
O            3.97011036342960       -1.03800324325636       -2.30006534595491
H            4.67877271253792        1.81955395804151        1.44916275669455
H            5.01918940774515        2.35496196887413       -0.22333652839565
H            6.26870822149654        1.48231419184680        0.71005155342807
H            3.20277795480299        1.08642017589607       -1.02700479784709
H            0.89656258378570        1.08394166795769        0.08537294840580
H            1.56379141093007       -0.10694223689664        2.73701991562561
H           -0.10412929845152       -0.42394377447998        2.22560955555336
H            1.08920862066219        2.10857354446538        2.54840435564221
H            0.96893120133761       -1.94161529969216        0.50736872276473
H           -1.45742856349543       -2.60771329783380        0.11403357849886
H           -1.44350164021673        1.00900917957356        0.84327207935962
H           -1.98938094387686        0.25148097062265        3.29398285222781
H           -3.68845933246572        0.39262087632022        2.80758042866211
H           -1.75295009734207        2.42833081553525        2.79958815342342
H           -4.34626854327850        0.11868740297840        0.54441222309802
H           -3.65297992766032        2.41297647525842        0.98839023841152
H           -2.22063728494802        0.66837200044733       -1.58900214812778
H           -4.50662116783874        1.15807489521868       -2.03551442248880
H           -3.62906049828060       -1.87860588286270       -0.65480309459136
H           -3.03915348015276       -1.63950910214346       -2.96393748180618
H            1.46083717597377       -0.41750117221059       -2.08967329261720
H            0.61030246272180       -2.55817903118005       -2.20080822905723
H            3.58298257662305       -1.89850351067353       -0.45964679468158
H            3.75116340542840       -1.83786698879272       -2.80044840963287
48
 energy: -84.837876111330 xtb: 6.7.1 (edcfbbe)
C            5.12972445363351        1.63041873077705        0.54255824535703
O            4.74542427416542        0.38118274047249       -0.01768226178364
C            3.41218978952501        0.28717974885818       -0.35689544550354
O            2.65556047728513        0.21331985623679        0.83197293903689
C            1.24563236645628        0.09488283272030        0.71530305803666
C            0.78033917839495        0.02669910210031        2.18375094765556
O            0.46117829901732        1.29355399022545        2.69916674876059
C            0.86386934217248       -1.12979305212550       -0.14221360750489
O           -0.44593094465756       -1.16779334583279       -0.70164408266605
C           -1.60209959838952       -1.55851876632712       -0.00770545703924
O           -1.86410184248839       -0.93796587325640        1.20803906549004
C           -2.24040884375166        0.43762877966219        1.13295839506848
C           -2.64962782904199        0.87638820979855        2.54983263652924
O           -2.73806710451971        2.27619157743402        2.64140598972037
C           -3.38258384121456        0.69494991226511        0.13944815907437
O           -3.58169023714239        2.07308557954702       -0.05363538785692
C           -3.05103155937451        0.06950371309369       -1.21976008609514
O           -4.12334616470999        0.17997682364974       -2.12232576175447
C           -2.76479211107734       -1.41695758311200       -1.00290782439095
O           -2.43360066975107       -2.08417443408356       -2.18561540392137
C            1.71316216815126       -1.17166631376018       -1.43104252124681
O            1.54597817392603       -2.39276196701687       -2.10114433972785
C            3.21031619269154       -0.97908337602628       -1.19063156294010
O            3.88629435373591       -0.82416373448371       -2.40695840205672
H            4.63641255513876        1.79320242326301        1.50292224667153
H            4.88685008469329        2.44873632701848       -0.14265643943810
H            6.20570363319536        1.56821918827724        0.68150032408369
H            3.08731883990520        1.16714358082322       -0.95419464677969
H            0.84061285776980        0.99650507240468        0.22445475030304
H            1.59185162677394       -0.44087741756129        2.75297667638044
H           -0.11348554480083       -0.58739637813364        2.27638784508858
H            1.27192775835736        1.81436031472163        2.76712514526092
H            1.04878783890430       -2.04320276287034        0.44482925152267
H           -1.49911214018904       -2.62447983735420        0.27396600171677
H           -1.37930969016461        1.03886134759989        0.80741920348523
H           -1.93150973909984        0.47434960314510        3.26774456374667
H           -3.63952204931096        0.47737222070907        2.78393032454234
H           -1.84255865546897        2.63137617407274        2.72223466511103
H           -4.30671828808187        0.22275656860037        0.51539323641999
H           -3.59843776482581        2.50366697760836        0.81864855830039
H           -2.15277935897198        0.55385979498814       -1.63293856191017
H           -4.41677778106838        1.10126936707907       -2.12342818262871
H           -3.65637472512022       -1.87430411006248       -0.54176868628568
H           -3.06431069308837       -1.80004243780119       -2.86401910165052
H            1.36459290430479       -0.34214979419520       -2.06955060751332
H            0.59896896983352       -2.52228044992782       -2.25551274331561
H            3.60917767515770       -1.83129782413107       -0.62181003466198
H            3.68630433338981       -1.59773616513916       -2.95444377180277
48
 energy: -84.836924636173 xtb: 6.7.1 (edcfbbe)
C            5.08441111187013        1.66240706051574        0.59229150039775
O            4.70780190307275        0.44426714555413       -0.03650952390752
C            3.36501814639269        0.33304678100310       -0.32847154969351
O            2.66084687468506        0.13195579798894        0.87816054705741
C            1.25033490643266       -0.02056157388527        0.80315582174060
C            0.85249398566937       -0.25209642095874        2.27367763169914
O            0.72530032890569        0.95234143840607        2.98078760740695
C            0.87284511661673       -1.17762685950420       -0.14219222952605
O           -0.45173355060094       -1.24078195159469       -0.66429687391157
C           -1.60519078750712       -1.55312082164192        0.07038689699681
O           -1.84192532593947       -0.82947314635026        1.23360126652009
C           -2.20090966297081        0.54078716039338        1.05844388158229
C           -2.56177171694991        1.07929719231396        2.45468760098923
O           -2.84752240049632        2.45744261976529        2.42622447728914
C           -3.37344365419035        0.71643838397919        0.08010759287450
O           -3.59726022246826        2.07104641425523       -0.21826250150955
C           -3.06472762807086       -0.00666021649672       -1.23554022978028
O           -4.15041270750678        0.04412603959130       -2.12712892117794
C           -2.77785383950167       -1.47515285941314       -0.92110227900364
O           -2.46067879851211       -2.22122723757917       -2.05949784112989
C            1.67197196721264       -1.09159850171878       -1.46025893779660
O            1.51844210554038       -2.26492320904365       -2.21359672930435
C            3.17028159881949       -0.86565642991290       -1.25858357651828
O            3.79420669063421       -0.58638363913759       -2.48069524927013
H            4.63615938410280        1.74307375801015        1.58438435376459
H            4.78551148650814        2.51886397590067       -0.02010150645296
H            6.16732371621777        1.62404782106177        0.67484286569634
H            2.98724345837513        1.24793463098627       -0.83518005640723
H            0.80414699301115        0.91232540826263        0.42098105620345
H            1.62484195543363       -0.89281033634631        2.71576943105311
H           -0.11126413289665       -0.75292854809268        2.34042410761495
H            1.59049967210816        1.37921706029234        3.02824833709404
H            1.11623628951299       -2.12586176916330        0.36511874786181
H           -1.51693375598431       -2.59389245878711        0.43848007066490
H           -1.34556787816630        1.10296298375235        0.65572859748430
H           -1.74356461390321        0.85289402620130        3.14184812943602
H           -3.46565064529987        0.57369426533759        2.80298038176549
H           -2.01995850986970        2.95372280015753        2.46309935063367
H           -4.27952630264747        0.26363191139759        0.51748296290717
H           -3.66161899416877        2.55519469244137        0.62421133104761
H           -2.17227835857508        0.44563670757589       -1.69561688684782
H           -4.44577815205698        0.96336210939960       -2.18201288530487
H           -3.66569721589829       -1.89737591295415       -0.42098099893690
H           -3.09954190828486       -1.98493995011455       -2.74864990537282
H            1.27320293057525       -0.22967033780371       -2.02246799953363
H            0.57005647768060       -2.43328561078689       -2.31353697965517
H            3.61770808924352       -1.74741368355133       -0.77788643078605
H            3.61392654250953       -1.32628177560971       -3.07907039256386
48
 energy: -84.836105073111 xtb: 6.7.1 (edcfbbe)
C            5.00014805645286        1.71914071189187        0.66997031184017
O            4.65035036007653        0.52340195874272       -0.01485445890841
C            3.30471244503424        0.37819040059244       -0.27598674984076
O            2.64841796837663        0.04813242727654        0.92958006309978
C            1.24105836146347       -0.13980327250668        0.87753326941738
C            0.89444579253210       -0.50589820640568        2.33296874017341
O            0.93676767002665        0.61867506723435        3.16961373252848
C            0.87332345168538       -1.22605905333304       -0.15033027254078
O           -0.46351023245069       -1.31538247136546       -0.63905496522388
C           -1.60661557819571       -1.55449008324070        0.13591556198274
O           -1.80674237221024       -0.73416866015551        1.24123018166552
C           -2.15061169898929        0.62163010108602        0.96601536274078
C           -2.43112535405823        1.27768139011207        2.32997267777898
O           -2.71441011177049        2.65122630574612        2.20765863843560
C           -3.36435423645635        0.72832648889594        0.02942773791505
O           -3.60571211043561        2.05661523345536       -0.35891078688650
C           -3.09775494118877       -0.08928642708531       -1.23965253554233
O           -4.20996474501391       -0.10075300267715       -2.09909481299142
C           -2.80156937372973       -1.53378125289076       -0.83266893734885
O           -2.51571486564093       -2.35336091950830       -1.92796472763263
C            1.63012220090950       -1.01253920303594       -1.47768253327868
O            1.49879071795115       -2.13175271674522       -2.31245350233301
C            3.12522262099226       -0.74800512337008       -1.29549602226340
O            3.70417615546764       -0.34967084643904       -2.50642146351786
H            4.56213970683839        1.73889285284089        1.66981522954008
H            4.66975412622635        2.59568899020996        0.10379093143933
H            6.08458543151754        1.70818821498849        0.73873868474398
H            2.87351250574317        1.31405567530439       -0.69350249106837
H            0.76277467732238        0.81041105264325        0.59202914157553
H            1.61594790683326       -1.26673153027881        2.65548693931593
H           -0.11467084187681       -0.90539302537547        2.40619376099650
H            1.84044553912591        0.95997435563254        3.17543374865249
H            1.16967878480549       -2.19972879875957        0.27588154424684
H           -1.52729029207600       -2.56422914314057        0.58306235651623
H           -1.31008107338050        1.13143667745919        0.47123548455492
H           -1.57874352920019        1.09353591386213        2.98910781049996
H           -3.31724738042835        0.80938464870913        2.76561432476949
H           -1.88933840259555        3.15121365486142        2.16877978578036
H           -4.24958831855899        0.30668747681513        0.53478594791677
H           -3.63626361528222        2.60308607621808        0.44612601118014
H           -2.22030692115394        0.32746555003368       -1.75885080539526
H           -4.50831970192002        0.81252548384156       -2.20918380666425
H           -3.67792777516310       -1.91848636359549       -0.28420105815953
H           -3.17840001582239       -2.16608393494012       -2.60972734850293
H            1.18742348533031       -0.12655719160098       -1.96500770095139
H            0.55764624808200       -2.35005517730421       -2.37463561872730
H            3.61555025458072       -1.64871896189131       -0.89904954924734
H            3.52926998675544       -1.04463640726484       -3.15775376825681
48
 energy: -84.835357441984 xtb: 6.7.1 (edcfbbe)
C            4.93463277497372        1.72587155623092        0.78028920150213
O            4.59562055782525        0.58627159040991        0.00071223423855
C            3.24656795115328        0.42222531821571       -0.22789501096465
O            2.64184626363461       -0.03675595098949        0.96256641329736
C            1.23713673936445       -0.24701467783022        0.93190466822663
C            0.93264152864917       -0.72158453788924        2.36503991551521
O            1.06565388565467        0.32981447393904        3.28309240452744
C            0.87354889053944       -1.26238707872004       -0.16600879470047
O           -0.47739007329326       -1.38837592611633       -0.60910313542454
C           -1.59733088194388       -1.55825816477941        0.21383296941004
O           -1.75336218163003       -0.64356487581684        1.25128309116535
C           -2.09037739889845        0.68763492567769        0.87502144730356
C           -2.31068450257586        1.45404085007798        2.19142582209186
O           -2.56727370527154        2.82024862895916        1.97332770080703
C           -3.33574718400152        0.73492768402026       -0.02357771894388
O           -3.57532052645909        2.03054152138872       -0.51085492748490
C           -3.11916516200905       -0.18736440629531       -1.22884818016652
O           -4.25865506144302       -0.25609342705007       -2.04872705891711
C           -2.82341898084072       -1.59822934633972       -0.71527121611269
O           -2.58479470351244       -2.50623533096330       -1.75018741911574
C            1.57129706613246       -0.91335582057057       -1.49606064847030
O            1.44980234950053       -1.96520880441078       -2.41550298348967
C            3.06320702913691       -0.61099540377877       -1.34114548187432
O            3.58318477691078       -0.08249957309585       -2.52876275711779
H            4.53638356539844        1.63887982400389        1.79311472824526
H            4.55448103625594        2.63839090783650        0.31038416340898
H            6.02072861699185        1.74681007391496        0.80791119781898
H            2.77376113823603        1.37811870527629       -0.54260469934304
H            0.73688209947065        0.71267335213614        0.73246436218024
H            1.62921310455621       -1.53744461192869        2.59541870345799
H           -0.09219763443716       -1.07471976556460        2.45294239915091
H            1.98015997736541        0.64022505403479        3.25395901819659
H            1.23136804828374       -2.25008375862674        0.17262681194062
H           -1.51547556773619       -2.52916956858557        0.73833897684194
H           -1.26416028692763        1.14317397067736        0.30649773735802
H           -1.44325012440727        1.29331158211285        2.83810302032335
H           -3.19264321658095        1.04301717830729        2.68875672002829
H           -1.73501497466198        3.29554748054239        1.85683312300512
H           -4.20712430103956        0.36780869613276        0.54421491017118
H           -3.57137026511912        2.64248625630495        0.24576649980774
H           -2.25576286661894        0.17575920108290       -1.80835661268525
H           -4.55323271225262        0.64850660460806       -2.22222891079497
H           -3.68486101187536       -1.92545476979626       -0.10875623340954
H           -3.26833412918339       -2.36380217180408       -2.42223105714157
H            1.08255192455269       -0.00728851872896       -1.89541754583797
H            0.52156882231809       -2.23854879024739       -2.43981052415537
H            3.59666968356913       -1.52629506694563       -1.04732278821116
H            3.41804058992524       -0.72556015462460       -3.23367047532394
48
 energy: -84.834945246021 xtb: 6.7.1 (edcfbbe)
C            4.90494462319269        1.71011837085919        0.88547343299494
O            4.54875120161871        0.62542820418255        0.03790385820054
C            3.19414950151260        0.46366794543268       -0.15654796672555
O            2.64265779162579       -0.13010354492658        1.00008793775492
C            1.23880970120257       -0.34598642311967        0.99315716386535
C            0.97106177579591       -0.94600776617057        2.38647716095204
O            1.31282352011388       -0.03988452543066        3.39907867908879
C            0.86642549975209       -1.27686984389071       -0.17305834161726
O           -0.49638202116403       -1.44485427225710       -0.56580284485709
C           -1.58623312757211       -1.55090912947348        0.30423283793275
O           -1.70021678734513       -0.54506427422877        1.26208231971340
C           -2.03358112051918        0.74953846690351        0.77115438185657
C           -2.21370269772922        1.63756748251525        2.01523887195712
O           -2.45855540444428        2.98126852524216        1.68077001316851
C           -3.30352060709352        0.73449966722877       -0.09475768729803
O           -3.53264276415859        1.98232032698097       -0.69774970861813
C           -3.14089652665057       -0.30256660885519       -1.21166938377511
O           -4.30967825683183       -0.43374017934209       -1.98083619495384
C           -2.84409284949745       -1.66182956177632       -0.57461984693133
O           -2.65103518511055       -2.66818052295657       -1.52427891588839
C            1.49151463631867       -0.77849507488223       -1.49115176739657
O            1.36017867489074       -1.74064577342931       -2.50307257924661
C            2.98063355320052       -0.44460998506074       -1.36946671981217
O            3.42782981514545        0.23240225348337       -2.51077512240624
H            4.51804907736913        1.56235713951024        1.89564854497793
H            4.52572660863021        2.65300325440028        0.47915697856460
H            5.99137259860935        1.72250689334961        0.90096451514992
H            2.69660843980791        1.43899934516700       -0.34817339767490
H            0.72871106432839        0.62251523414288        0.89067914220414
H            1.55876571788383       -1.86931133826645        2.47177372822409
H           -0.08606501678756       -1.16519977294151        2.51925482336698
H            2.24991605338272        0.17562500820878        3.30051563086647
H            1.28683719869244       -2.26952273270792        0.06259523153274
H           -1.48855186093023       -2.47402585457301        0.90494580035772
H           -1.21703927117845        1.13817898772828        0.14074512274565
H           -1.33589015218815        1.52203368670761        2.65805070873487
H           -3.08910077405752        1.28678098700521        2.56714719683852
H           -1.62704372699288        3.42976583153109        1.48127865305519
H           -4.16429374603468        0.44152592167461        0.52922708915285
H           -3.51321876000888        2.66221363911816       -0.00203424938480
H           -2.29456672162547       -0.00917136344416       -1.85217757982398
H           -4.59205872230893        0.45219546613296       -2.24658104574212
H           -3.68747070805315       -1.91677507362073        0.08929850086050
H           -3.35302924290730       -2.57983418880826       -2.18664444504466
H            0.96001296752761        0.14554579487316       -1.78097859699069
H            0.45068545103638       -2.07074642388508       -2.48926522450681
H            3.55182295008793       -1.36965536181393       -1.20727722258973
H            3.26057859950342       -0.33607391103808       -3.27653542678866
48
 energy: -84.834832336582 xtb: 6.7.1 (edcfbbe)
C            4.88769335484739        1.65724617341803        1.00681439823080
O            4.50717946696874        0.66091518457950        0.06595280798592
C            3.14725550437136        0.50389486903093       -0.08993880472728
O            2.64849510554285       -0.21674404634334        1.01773239337951
C            1.24534856277448       -0.43132890080894        1.03514984074327
C            1.00016666092949       -1.13175081048836        2.38553393545446
O            1.50162847200278       -0.36940280353120        3.44826468649421
C            0.85896942878450       -1.27710100699180       -0.18903519177956
O           -0.51255187930170       -1.49385763116027       -0.52745678035922
C           -1.56734506646046       -1.54134638470144        0.38780339907357
O           -1.64676206951294       -0.45756898088282        1.26333016298902
C           -1.97587769558484        0.79297747440755        0.66606469112308
C           -2.10754210097882        1.79620258468244        1.82570907867086
O           -2.33013757396532        3.10843983113471        1.37423963930593
C           -3.27265091210161        0.72082556078273       -0.15707602573170
O           -3.50605169801582        1.91192149930393       -0.86384913030841
C           -3.16149025908868       -0.41556938642024       -1.17973106802881
O           -4.35789133114360       -0.59814874590627       -1.89361956433950
C           -2.85812024511524       -1.71516678857377       -0.43096874923911
O           -2.71340634857510       -2.80751678163031       -1.28938474494028
C            1.40698621662608       -0.63644679472166       -1.47887662742982
O            1.25943056947211       -1.50351459926178       -2.57180153731118
C            2.89158549111067       -0.26869430657271       -1.38659068894378
O            3.26480900854241        0.54755741044799       -2.46157209268705
H            4.52310716359698        1.41339051904253        2.00663861486342
H            4.50314828947884        2.63581569382432        0.70275824653721
H            5.97418374448083        1.66586618317086        0.99799167784162
H            2.63379559541561        1.48760973990344       -0.15391035909713
H            0.73501614341755        0.54174376225939        1.01571834849409
H            1.48276194213877       -2.11766359313246        2.35156244455735
H           -0.06595427023991       -1.24526272159016        2.57137644098287
H            2.44226882951787       -0.21827293523081        3.28282061341226
H            1.33716280817030       -2.26240964631136       -0.05801141217272
H           -1.44740618885144       -2.41489298902328        1.05283088329965
H           -1.17111065153398        1.10713055751928       -0.01943351320632
H           -1.21839557091174        1.72041007989151        2.45935049479399
H           -2.97702537512833        1.52034428412048        2.42706414859640
H           -1.49890813998801        3.50593406054017        1.08443616070752
H           -4.11616250155291        0.49879534031852        0.51773530624284
H           -3.45985848942019        2.65257169436273       -0.23488057017199
H           -2.33496204070690       -0.19443389955773       -1.87267867774269
H           -4.63703315128204        0.26391349948186       -2.23142069457503
H           -3.67841062562570       -1.89497243541540        0.28455438025825
H           -3.43827673506527       -2.76815609185324       -1.93154934030366
H            0.83780453889735        0.29327728473519       -1.65994278110487
H            0.37684469990341       -1.89727939516552       -2.52862788536195
H            3.49300266894465       -1.18815319821927       -1.35780713479767
H            3.09468762574408        0.05886649314451       -3.27978537182559
48
 energy: -84.834698139645 xtb: 6.7.1 (edcfbbe)
C            4.93917153534943        1.53498283270460        1.10426317830122
O            4.49471211175157        0.65480974120835        0.07929563279294
C            3.12660894304979        0.53149014553402       -0.02581237949265
O            2.66525584133092       -0.29181368001500        1.02551652781661
C            1.26115173366501       -0.49418090646832        1.06760049388755
C            1.02707897228934       -1.27069355657091        2.37747268270323
O            1.63305944337754       -0.62788537426327        3.46421991517967
C            0.85208258173609       -1.25367768536979       -0.20443500474114
O           -0.52247107459644       -1.52603580898619       -0.49027540022522
C           -1.54600409412213       -1.52243359843128        0.46000885132904
O           -1.60937776190591       -0.37567027040683        1.25486290304478
C           -1.94360134225625        0.82492953892553        0.56580384821247
C           -2.04048322824264        1.92400479584842        1.63846036809447
O           -2.25562735474460        3.19590134200081        1.08122980827765
C           -3.26160315508984        0.69627403223876       -0.21624262835521
O           -3.50623240205504        1.82640402184857       -1.01326866224881
C           -3.18639339837162       -0.52132454041971       -1.14449412071007
O           -4.40565730788778       -0.75531201463796       -1.80250158373562
C           -2.86208419268513       -1.75733230502525       -0.30238134239118
O           -2.74705252028818       -2.91722912490193       -1.07188921092652
C            1.32199747870358       -0.47943723589470       -1.44979334698557
O            1.13700646372550       -1.23906622434150       -2.61513281369882
C            2.80479461949657       -0.09502115760598       -1.38609735261785
O            3.11396139615810        0.84559076214399       -2.37670867126662
H            4.63509319109871        1.17651398987373        2.08957382227201
H            4.54414948175957        2.54238511743013        0.94056953356268
H            6.02315114618249        1.54414890523080        1.02923787628115
H            2.62740139176495        1.52270353927977        0.03651045780571
H            0.76061828439300        0.48320637987453        1.11880840128486
H            1.42514004225076       -2.28701175190239        2.25496210993306
H           -0.03561534715223       -1.31184890447159        2.60902635597995
H            2.56934821425814       -0.51150896039870        3.25198296375398
H            1.38028816023288       -2.22114870154720       -0.17830989637058
H           -1.40166480595081       -2.34762885764678        1.17742445063661
H           -1.15195239727011        1.07396904281915       -0.16046372447546
H           -1.14005871266978        1.89112383741012        2.25999787107963
H           -2.90072082634378        1.71285713539478        2.27797004595769
H           -1.42834897141527        3.54984579609999        0.72966787693961
H           -4.08797160257847        0.53786687051718        0.49669341303921
H           -3.44212280271866        2.61660056720109       -0.44982641720511
H           -2.38238499191679       -0.36067431312790       -1.87908665871087
H           -4.69253891148410        0.07717277516652       -2.20236361125389
H           -3.65907211962075       -1.87409233763187        0.45164967487601
H           -3.49062402106871       -2.92753631321250       -1.69355061791706
H            0.73178568744190        0.45267385141819       -1.51624953918600
H            0.28458208640347       -1.69149560065691       -2.54915676828207
H            3.41701330509608       -1.00134284445631       -1.49370300463856
H            2.92421220307173        0.44594193205352       -3.23758226927441
48
 energy: -84.834068807544 xtb: 6.7.1 (edcfbbe)
C            4.96835504818512        1.46587045332027        1.15815366166965
O            4.48758483957685        0.65871925827451        0.09008713553323
C            3.11684288185155        0.54205503111592        0.02566869177913
O            2.69357874064481       -0.36189992997347        1.02654131737264
C            1.29115363973412       -0.56328067849218        1.09834233594568
C            1.07551988944986       -1.41587612316379        2.36342631963321
O            1.79236432362114       -0.90597121032681        3.45263882681866
C            0.85029355974476       -1.23478355227725       -0.21161323910915
O           -0.52443426081064       -1.54850572415205       -0.44995417189654
C           -1.52574712125208       -1.48342330441109        0.52190808687871
O           -1.57972659295250       -0.28534645414560        1.23822392652748
C           -1.93096611898286        0.86884460686177        0.48271871593355
C           -2.02213840242991        2.02879064811177        1.48992020322097
O           -2.26948761628694        3.26193007396310        0.86388656801700
C           -3.25762980887005        0.68716326614564       -0.27361559010504
O           -3.50913459448944        1.75960913773894       -1.14484304009332
C           -3.19596643320520       -0.59161578375967       -1.11686368617856
O           -4.42605528216915       -0.86808164797099       -1.73680601632019
C           -2.85669722649292       -1.76800441319031       -0.19835981116572
O           -2.75477680060063       -2.97808971543314       -0.88880777671554
C            1.26001692329065       -0.35912561752639       -1.40846723937384
O            1.02813297912662       -1.02453655313201       -2.62263438254013
C            2.74410098050991        0.02515404198669       -1.36822310120975
O            3.01677480989019        1.04316884808993       -2.29077448620448
H            4.67413403369970        1.05404876486270        2.12543882018665
H            4.59058776832082        2.48858875930285        1.06325649936832
H            6.05071499858977        1.45889760151176        1.06296414209507
H            2.62085640998813        1.52384133113368        0.18491764733126
H            0.79630604330980        0.41147375655035        1.22105885818191
H            1.37844438145366       -2.44981704601918        2.14895029745188
H            0.02758886028416       -1.38822525921886        2.65798671102923
H            2.71659739119001       -0.81912098164178        3.18110275018898
H            1.40600834182799       -2.18448571144905       -0.27982938864743
H           -1.36864481003513       -2.26062986836362        1.28632117044312
H           -1.14965596324017        1.08091859059263       -0.26565015010713
H           -1.10749246277704        2.04743713510061        2.09119170861770
H           -2.86422874306166        1.84350580674559        2.16071885476021
H           -1.45815017583749        3.59965371723167        0.46281977921834
H           -4.07607649040812        0.58033285949331        0.45755556239235
H           -3.45803709059397        2.58563099425506       -0.63416086314626
H           -2.40450735248227       -0.48145546840597       -1.87390294763614
H           -4.71498506825834       -0.06701306619659       -2.19509316749212
H           -3.63980116398365       -1.83255892537123        0.57610637944886
H           -3.51581516879838       -3.03697558300019       -1.48595279962677
H            0.66804324739695        0.57357004676802       -1.37923695851413
H            0.20437865911757       -1.52488620523437       -2.54002424764860
H            3.35282027259306       -0.86752666400419       -1.56970588559167
H            2.79895669461784        0.71202561904700       -3.17390199509187
48
 energy: -84.833105409092 xtb: 6.7.1 (edcfbbe)
C            4.99166395211472        1.41625447867805        1.21213867607079
O            4.48766089538323        0.68060998019678        0.10388606437365
C            3.11714953558670        0.54640805920619        0.07550788244661
O            2.74111716264616       -0.43252278265681        1.02276149784659
C            1.34520597048917       -0.66246261247599        1.13149053393511
C            1.19701913383010       -1.62017988442534        2.32912743610729
O            1.94832074646538       -1.18569325301002        3.42787380676989
C            0.85875342922635       -1.23270163843527       -0.20963769035663
O           -0.51994740929949       -1.56089241859228       -0.40587356721125
C           -1.50740836646066       -1.41085665356463        0.57240009232601
O           -1.54794698049417       -0.16150574277405        1.19583759212205
C           -1.94727259345175        0.93684384274454        0.38280395612668
C           -2.03519265398494        2.15236625122950        1.32275872277885
O           -2.32775383725285        3.34075626152017        0.63353932213738
C           -3.29002803120605        0.68602380731291       -0.32316425295852
O           -3.58469636335571        1.69754011793393       -1.25167275417834
C           -3.22491160488012       -0.64169301082929       -1.08610639175906
O           -4.46276491544185       -0.97536714582272       -1.66089969648379
C           -2.85072133995719       -1.75127024582031       -0.10107429996765
O           -2.75278674230366       -3.00298359281106       -0.71272320729293
C            1.21988186815532       -0.26653039610393       -1.35123848778173
O            0.93814278678735       -0.84035053165166       -2.60125258165903
C            2.70369080284284        0.12186910103643       -1.33791819266535
O            2.93959478112694        1.20202781580267       -2.19781257276721
H            4.73698022381181        0.92969359716914        2.15562051806829
H            4.59459228450486        2.43608737221157        1.20530494021264
H            6.07020372972224        1.43603968523562        1.08159540505897
H            2.61319442889112        1.50631390265174        0.31996970939858
H            0.83786429384086        0.28842850691995        1.35330446088780
H            1.50850800821332       -2.62687092802559        2.01861907846460
H            0.16261170993439       -1.64172319422777        2.66887968135665
H            2.85769023257028       -1.05253895172134        3.12666246281709
H            1.41557390409473       -2.16879272091558       -0.37653305952180
H           -1.34437461373023       -2.12660273991537        1.39198767815002
H           -1.19364041303934        1.12215780060827       -0.39948488224419
H           -1.10372427395828        2.22572817592686        1.89299299303385
H           -2.85292884577658        1.98963911565047        2.02874105952142
H           -1.53513740829075        3.67193002070828        0.19140833193672
H           -4.08719067283573        0.61066875680887        0.43500188160559
H           -3.53838812298315        2.55442212001159       -0.79416580917720
H           -2.45124442180503       -0.56859168436539       -1.86569316842968
H           -4.77509470968538       -0.20822607078105       -2.16020532620637
H           -3.61662387619789       -1.77161991121147        0.69313401653683
H           -3.52008182939502       -3.10047776513158       -1.29677165530223
H            0.63285344283834        0.66124105236287       -1.23026153002746
H            0.14011392037328       -1.38010427390642       -2.51259242649738
H            3.30970473660436       -0.75041832172338       -1.61959358628703
H            2.70176901288768        0.92792148002901       -3.09518865430974
48
 energy: -84.833820807335 xtb: 6.7.1 (edcfbbe)
C            4.81330291074968        1.56324509157767        1.35990082903577
O            4.37804546892536        0.92715520220983        0.16485078869487
C            3.03342239692726        0.62840789111752        0.12698138486204
O            2.78464228223109       -0.44603010741295        1.00859745099696
C            1.43761367793461       -0.87962832265259        1.10365208333892
C            1.49820478826176       -2.06564707004820        2.08598009146330
O            1.65963939100247       -1.64906967401321        3.41247085513542
C            0.90461363590013       -1.30844979450495       -0.27128813769699
O           -0.49577308030955       -1.59195921128332       -0.38349421536568
C           -1.42389591559742       -1.29017534575841        0.62280457815042
O           -1.39139239059134        0.02808595658461        1.09330136546665
C           -1.90235160739755        1.03624714655870        0.22490583099217
C           -1.91936352094097        2.33755344934402        1.04680449235599
O           -2.31193366942606        3.44777161189972        0.28082436093927
C           -3.30332565303470        0.70315890910939       -0.31217657731792
O           -3.71077047863265        1.61972418274392       -1.29467960564598
C           -3.28277120647406       -0.68871655546612       -0.95263415633713
O           -4.55860819711960       -1.08391106572011       -1.38793478572221
C           -2.81333946287028       -1.69329554404003        0.10046332320578
O           -2.75542827592266       -3.00099352047635       -0.38652939941786
C            1.21441935397274       -0.24639566906597       -1.34111987480073
O            0.95469810715298       -0.74518719169078       -2.62882885545724
C            2.66888112847965        0.23349716600901       -1.30740553521675
O            2.83260236225923        1.35679482729344       -2.12809978595723
H            4.68109697419222        0.90583101754582        2.22131256924162
H            4.26378866838168        2.49633441569891        1.51974308143381
H            5.86870186923568        1.77349663519447        1.20899922302995
H            2.41853728082969        1.50484260208251        0.42840135044645
H            0.81277091650866       -0.07524170946842        1.51719438546577
H            2.32987524504472       -2.70910669192542        1.76905973350112
H            0.57484935050892       -2.64459729513137        2.05426889142913
H            2.49245372324029       -1.16350409039573        3.47975252354900
H            1.41469681226673       -2.23736986183876       -0.56373102299010
H           -1.21369044226043       -1.88545500495095        1.52467756185098
H           -1.24241833336137        1.15780693033381       -0.64898209998632
H           -0.93388276458977        2.47997105635464        1.50116489107924
H           -2.65294952524836        2.23468438600584        1.84988367686418
H           -1.57756121774791        3.74720786698745       -0.27131727263540
H           -4.01949088649148        0.68931978230824        0.52624565028547
H           -3.62570378863860        2.51661834469573       -0.92769731706073
H           -2.57687755886455       -0.68571317923439       -1.79719750839378
H           -4.92706225373142       -0.36520677330194       -1.92026004332317
H           -3.51037109631931       -1.63461613705833        0.95442290312511
H           -3.56541972650008       -3.15604043502851       -0.89591573975681
H            0.58158966302527        0.63701408951582       -1.15099308714172
H            0.16033458168594       -1.29528612833611       -2.58699942042896
H            3.33620693196343       -0.58416450524455       -1.61355434105528
H            2.59939450571432        1.10098703289540       -3.03234110488193
48
 energy: -84.836548566828 xtb: 6.7.1 (edcfbbe)
C            5.13233345763081        1.17871698323804        1.33875911382579
O            4.55086812514829        0.76498956701101        0.10781872058812
C            3.18262876691336        0.60478564525302        0.15023470311278
O            2.89095499175050       -0.53254475767732        0.93735269231783
C            1.52116206754280       -0.86937171407347        1.05264197534655
C            1.46807521744846       -2.09932336007410        1.99099530578344
O            0.74363326216491       -1.87409451457499        3.16948314996892
C            0.95180621338688       -1.17223207461764       -0.34189844082257
O           -0.42432830343055       -1.54235784548607       -0.41169248702803
C           -1.30985420504423       -1.20403153024029        0.62807461293562
O           -1.29418191286995        0.15389476690183        0.97484082178454
C           -1.94096346348400        1.04777978324888        0.06953190953738
C           -1.90498743004611        2.43183307619526        0.74071615142339
O           -2.42804850855949        3.44244221623798       -0.08261016003757
C           -3.38045023636016        0.61438692541812       -0.24733642639920
O           -3.97172249875495        1.43164853415695       -1.22419756707582
C           -3.35455002167311       -0.81689689316774       -0.79353095008652
O           -4.64715090463656       -1.30633926200066       -1.04683622613163
C           -2.70877895132005       -1.71997394226184        0.25751037370477
O           -2.60312800173212       -3.04805815848385       -0.16506926729942
C            1.18815153178714        0.04518198834760       -1.24743824391189
O            0.75227148820884       -0.20062484885571       -2.56240447527961
C            2.67165020910829        0.43175400301001       -1.28521422728772
O            2.84691140671854        1.64832483856741       -1.95711142823536
H            4.95059259371707        0.43807835552783        2.12014191204314
H            4.72678438559819        2.14814127959682        1.64552179387903
H            6.19766068353072        1.26474465898942        1.14306712566022
H            2.68838500048285        1.49638598658055        0.59625704959120
H            0.96166822057193       -0.03259373013756        1.49754680420700
H            2.50424065948997       -2.38614825500115        2.20394056035613
H            0.97392186157997       -2.93229168447836        1.48613190689942
H            1.22476275660671       -1.25221536483300        3.73097544393327
H            1.49863534680910       -2.02619889835553       -0.76342953893338
H           -1.00230012803510       -1.70555484885046        1.55731158550923
H           -1.40158933522897        1.08465945372025       -0.89024995430170
H           -0.87591118230613        2.64713321631444        1.04701126532402
H           -2.52883674796872        2.40396235619175        1.63710760310920
H           -1.79271284084248        3.66710433882709       -0.77551552073763
H           -3.97586840461271        0.62525779507248        0.68088574262425
H           -3.87171446481635        2.35941480871331       -0.94911123820365
H           -2.75453600373973       -0.83802828457041       -1.71650412582341
H           -5.12082573117161       -0.63877179837177       -1.56229778754304
H           -3.32563919899526       -1.65905042923110        1.17087357419782
H           -3.45444685028122       -3.29448715541948       -0.55700196361475
H            0.64444737188110        0.90899392533083       -0.83171850567225
H            0.04555656250880       -0.86041673653358       -2.52467816721256
H            3.25357296089354       -0.37106677632401       -1.75965442608259
H            2.50185115915998        1.54305300261250       -2.85574682287292
48
 energy: -84.838440336643 xtb: 6.7.1 (edcfbbe)
C            5.24836536224123        0.98605727108360        1.33275423495624
O            4.57868086720882        0.71262414253548        0.10789121476056
C            3.20997044293967        0.59352462007674        0.22060395562459
O            2.92352243670891       -0.59921653962693        0.92463015112003
C            1.55260261172614       -0.92004694029094        1.06499911774992
C            1.49396073937536       -2.22136809379524        1.89799587903062
O            0.93216242759526       -2.03803670534657        3.16899614364857
C            0.92874931771746       -1.09456711727344       -0.32853495258501
O           -0.43317227953939       -1.50713959670872       -0.36144004075249
C           -1.30550965328679       -1.11987546259774        0.67379191841981
O           -1.31014181742334        0.25736478806533        0.92755650640196
C           -1.97517257143109        1.06711793683804       -0.04486422892643
C           -1.95617361637241        2.50296877777923        0.50656936799729
O           -2.47301048508677        3.43362144261953       -0.40969933798188
C           -3.41049806727883        0.59194952005881       -0.31626642804442
O           -4.01268836967569        1.31910726478533       -1.35580060556868
C           -3.37553189881071       -0.88025437126296       -0.74121748547750
O           -4.66667082405095       -1.40237021584573       -0.92904542560775
C           -2.70111904883682       -1.68511506340665        0.36958033622726
O           -2.57866154837698       -3.04135561032512        0.05555075578498
C            1.11964008538915        0.21811742812665       -1.09744576994106
O            0.57034934649281        0.15456604499296       -2.39283668949438
C            2.61040007142873        0.57260282880553       -1.19165478480116
O            2.77733178474972        1.84646509652410       -1.75048064227741
H            5.10242688553660        0.17037400011944        2.04390784144149
H            4.88514417656759        1.92352187925139        1.76595069852599
H            6.30016283508756        1.07643550938415        1.07548388268588
H            2.77686018517646        1.45734707471080        0.77239738400816
H            1.02660414583964       -0.11081850953528        1.59547809893409
H            2.51512139408676       -2.61426679629794        1.96034617597036
H            0.86594251536840       -2.95789121617466        1.39139580350501
H            1.53739820995959       -1.52318623017372        3.71836609401295
H            1.46861947850407       -1.89233736975577       -0.85513091005975
H           -0.96821663401940       -1.55581386111584        1.62619864685132
H           -1.44309633198879        1.03180489487834       -1.00783711440469
H           -0.93288259219138        2.75226115760454        0.80669928476974
H           -2.59261208446877        2.55037177493778        1.39325648816459
H           -1.83066711306895        3.59484203392554       -1.11388719096865
H           -4.00374169472778        0.67476607676653        0.60995857371189
H           -3.90199217937027        2.26778797822507       -1.17017597963653
H           -2.79092189518838       -0.97284833131365       -1.66938470221490
H           -5.15214359621742       -0.79264438827124       -1.50174126547181
H           -3.30495574015794       -1.55850472214232        1.28486274004200
H           -3.43247919705283       -3.33495954862400       -0.29591013387109
H            0.63811563144294        1.03489658108484       -0.53795789245477
H            0.00087821984872       -0.62560880635891       -2.44384644601626
H            3.14339214409167       -0.18892388455344       -1.77893771591348
H            2.34565889121477        1.84664787935320       -2.61764161354700
48
 energy: -84.841594971946 xtb: 6.7.1 (edcfbbe)
C            5.34897065385393        0.78512730664381        1.30575528976957
O            4.58753515565959        0.66106235038468        0.11132227445557
C            3.22433362860003        0.57015183964897        0.30189290823001
O            2.93837146578572       -0.67235945088004        0.91183933235651
C            1.56523365528359       -0.96977265567037        1.07986953559145
C            1.50093996327751       -2.33029128039802        1.80424995303934
O            1.31735303045871       -2.20558661418004        3.18799325952381
C            0.87059293562072       -1.02286695538029       -0.29376596126453
O           -0.48082403803040       -1.45648281722159       -0.26143634829786
C           -1.34110414143677       -1.00968870732511        0.75673213022172
O           -1.37558820025666        0.38019554627786        0.91298072174327
C           -2.04285692420338        1.09335695716964       -0.13447001340771
C           -2.05730785053120        2.57180028378090        0.28725046453763
O           -2.57049164579527        3.40730777671697       -0.71899252185154
C           -3.46673608909788        0.56915508948369       -0.37402613981099
O           -4.07882471593772        1.19801598328173       -1.47075362818673
C           -3.39798611029366       -0.93151697534055       -0.67636801455894
O           -4.67589480880640       -1.49321141920263       -0.84533296582110
C           -2.72793227742109       -1.62320488898758        0.50937469340406
O           -2.58602948078187       -3.00174726345840        0.32799033921351
C            1.05298254285861        0.35332931855834       -0.95415202948615
O            0.42303583647699        0.46004833845112       -2.20516601706819
C            2.54966071729180        0.69142537844921       -1.07030144941666
O            2.71331635994294        2.00999924978820       -1.51764102068394
H            5.26182787717909       -0.11602941109948        1.91579894909842
H            5.01961518202944        1.65518585960695        1.88229564609168
H            6.37740530970832        0.91999010193346        0.98153857369027
H            2.85383461363294        1.39281151883377        0.95261842404775
H            1.08401316215962       -0.19310084039583        1.69489733397538
H            2.42488323999625       -2.87110636226213        1.56842367037315
H            0.65090878935194       -2.90629329972901        1.43241934653436
H            2.10989297060944       -1.81761571901393        3.58083949949323
H            1.36977061015180       -1.78378530109778       -0.90762777271832
H           -0.98412247939413       -1.37009288338166        1.73509334844327
H           -1.49628913121513        0.97854969651546       -1.08234873361263
H           -1.04426385762684        2.86727324148376        0.58141123714137
H           -2.71173924926680        2.68986420743971        1.15431353104556
H           -1.92757583990771        3.48568134673957       -1.43667968319508
H           -4.06846813311133        0.71523141510013        0.53955983669531
H           -3.96668362663056        2.15965719309182       -1.37206938035461
H           -2.78923665704509       -1.08810303318706       -1.57983666308398
H           -5.16312179051991       -0.93295886445521       -1.46532818974427
H           -3.33760419924635       -1.41916366919600        1.40703198476634
H           -3.41905931294941       -3.33213064088051       -0.04054341387100
H            0.59610437227176        1.12143416396628       -0.32100523433397
H            0.65329587988002       -0.30145231535614       -2.75440696253199
H            3.05152052201325       -0.01600817907912       -1.74915365096671
H            2.16434304790315        2.12790999214042       -2.30860255261611
48
 energy: -84.842526113474 xtb: 6.7.1 (edcfbbe)
C            5.39056942038992        0.69732662089209        1.33104090988602
O            4.59908463217550        0.66182333223128        0.15040780327128
C            3.24197626453986        0.54747632040839        0.36851862474414
O            2.97384910080980       -0.74161230527907        0.88187072961620
C            1.60327423459230       -1.03123771193313        1.07677765657481
C            1.53325487358877       -2.43766761364157        1.69713285012726
O            1.66114948729582       -2.42101319852772        3.09245057160331
C            0.85174948284690       -0.97116527008804       -0.26749686462250
O           -0.49388195269138       -1.41471333847819       -0.18788203248424
C           -1.35210976288027       -0.90278987783351        0.80232585358558
O           -1.41161318350143        0.49099187326662        0.87014752265158
C           -2.09306171436352        1.12644910684591       -0.21772240149640
C           -2.14525437195247        2.62591604871490        0.11794436388077
O           -2.66657627816468        3.38767604130473       -0.94158936990584
C           -3.50378694409941        0.55760425692600       -0.43208194026808
O           -4.11408902963175        1.09769893486080       -1.57638632089676
C           -3.41109508627649       -0.96002316790381       -0.62460762107334
O           -4.68054682110255       -1.55210339406671       -0.74893264230212
C           -2.73109260692346       -1.55174948953877        0.60871495482707
O           -2.57186911152954       -2.93798236232226        0.53248809096708
C            1.03533299591814        0.43275218351868       -0.86157257448812
O            0.41101166722070        0.59040734344386       -2.11152357807302
C            2.53329715498977        0.77205472802893       -0.97296646955769
O            2.69617787000967        2.11903009203712       -1.32537154268846
H            5.32084360392319       -0.24828349298368        1.87191735755516
H            5.07412298934232        1.51917815761324        1.98073225119090
H            6.41025264723638        0.86041028059351        0.99256579693980
H            2.88440753157389        1.31236796001774        1.09258626743923
H            1.16414286158356       -0.29405097586172        1.76824680030311
H            2.31914728551838       -3.04468907743254        1.23178944638067
H            0.56213804456385       -2.88678203170743        1.47950972149211
H            2.54329344264572       -2.10085025893492        3.32110757295100
H            1.30997416699401       -1.70353795198979       -0.94602235963697
H           -0.98108351647870       -1.19399387874218        1.79965254183329
H           -1.53622193599771        0.97385788847251       -1.15370394806580
H           -1.14214199484180        2.96138684860953        0.40229215444411
H           -2.81122274604313        2.78062213589412        0.97024818960257
H           -2.01654641731549        3.43585918063908       -1.65548340786826
H           -4.11835696830206        0.75745098672509        0.46271239735448
H           -4.02337779213685        2.06606634900903       -1.54049671315481
H           -2.80063687392318       -1.17527839359986       -1.51462875066638
H           -5.17491343220945       -1.05159481012002       -1.41271576639710
H           -3.34168883626153       -1.28760999226156        1.48990753891734
H           -3.40413266868845       -3.30450273179276        0.19815853027278
H            0.57773693978870        1.17470636607080       -0.19910763401814
H            0.65619214974661       -0.14181683604678       -2.69422277016076
H            3.01758897467473        0.11414061165448       -1.71215549729008
H            2.15473318187428        2.29178911344825       -2.11109235093898
48
 energy: -84.842422524979 xtb: 6.7.1 (edcfbbe)
C            5.43998881539366        0.62690474188037        1.34322740909342
O            4.62334505440250        0.64264968709384        0.17961466859805
C            3.27221543328185        0.51018895734719        0.42040003413956
O            3.01185241721819       -0.81491942190377        0.83736826075328
C            1.64436858035784       -1.08997125942257        1.06726806063547
C            1.55517094857443       -2.53035033630319        1.59399023745447
O            1.90549532593631       -2.62835511508000        2.94735511178526
C            0.83457433146373       -0.91759352149903       -0.23457869637241
O           -0.50504840707534       -1.36526002144438       -0.10481896089468
C           -1.36545686237291       -0.79309845346211        0.85111090635408
O           -1.45440259873430        0.59857084095180        0.83376466585711
C           -2.14822968983694        1.15823099081669       -0.28714031260827
C           -2.24721406282184        2.67000622591131       -0.02665079153569
O           -2.77229764383945        3.36123880935961       -1.13183931998804
C           -3.54075591343212        0.54022637916041       -0.48282933890136
O           -4.14375633030514        0.98996007481534       -1.66949989040419
C           -3.41262858476770       -0.98432753824685       -0.57283311800822
O           -4.66738348666209       -1.61122820289592       -0.67085799102363
C           -2.73355826588284       -1.47731083414934        0.70384618707385
O           -2.55354118347975       -2.86287457134144        0.72850990514280
C            1.02975204684089        0.50689661097556       -0.76989852447558
O            0.40845284113095        0.71562138072975       -2.01463240722171
C            2.53195977735654        0.83243189679200       -0.88344465652223
O            2.70834446120633        2.19672892065769       -1.15213899255041
H            5.37953111790482       -0.33994059619221        1.84639428351502
H            5.14009098928321        1.42192957751812        2.03297516920717
H            6.45266705107439        0.80180594932160        0.98991346375402
H            2.93141190505216        1.21610480812116        1.20908393379340
H            1.25561059122146       -0.39294862475910        1.82837179043043
H            2.20218255045530       -3.15885629186994        0.96978707124644
H            0.52544039550068       -2.88396432080509        1.51052665389149
H            2.83170782323212       -2.37169936388126        3.04698197888014
H            1.24518394871532       -1.62178744893495       -0.97253267282433
H           -0.98374511835662       -1.01418287360405        1.86362249860709
H           -1.57664786435752        0.97915642072467       -1.20891636076347
H           -1.25825292485007        3.04670629832867        0.25418248102146
H           -2.93065750933145        2.84907318850775        0.80683857989835
H           -2.10948939566812        3.39393279125290       -1.83467734266588
H           -4.17501166212683        0.78355575890919        0.38704881121268
H           -4.08715190832614        1.96105012239272       -1.68985178991982
H           -2.78676379431153       -1.24432158880302       -1.43999167642650
H           -5.16410861279290       -1.16718985333489       -1.37187051725903
H           -3.35235766593491       -1.15955961931522        1.56135065334965
H           -3.37226643228977       -3.26564187083034        0.40228544494412
H            0.57962014363674        1.22954644286669       -0.08180252443050
H            0.67387928657201        0.02093351185939       -2.63391220580387
H            2.99071482292189        0.21695238864686       -1.67413334379253
H            2.16716621428049        2.42497355202233       -1.92348287295940
48
 energy: -84.841224824181 xtb: 6.7.1 (edcfbbe)
C            5.49264299074169        0.54296291736214        1.36212700413356
O            4.65381431852292        0.62488597500549        0.21734268677722
C            3.30779217373666        0.47702141742979        0.47606646732267
O            3.04791308933246       -0.87646262942924        0.78927204818195
C            1.68466980196708       -1.14526816632352        1.04611291603476
C            1.57727285218042       -2.61926972947336        1.46040408801293
O            2.09235274216494       -2.84908691620445        2.74284579684241
C            0.82232165922792       -0.85447294647715       -0.20188139403766
O           -0.51208673594758       -1.30081610008393       -0.01794386025827
C           -1.37680900322436       -0.67169838691115        0.89777409324358
O           -1.49873926240479        0.71128364905522        0.78794188187652
C           -2.20889733971000        1.18223078933446       -0.36212014542632
C           -2.35489749915485        2.70264326927137       -0.18810195532019
O           -2.89489489739295        3.31387518794827       -1.33283038595490
C           -3.58160794138866        0.51236924790710       -0.52470244448623
O           -4.18326130897552        0.86413307899322       -1.74503010939143
C           -3.41399776344851       -1.01079020336822       -0.50619165871446
O           -4.65155324124297       -1.67584491452966       -0.56502434113621
C           -2.73043241095158       -1.39382897666095        0.80548472383497
O           -2.52298357634942       -2.76954944635842        0.93423786384680
C            1.03518957397569        0.58994956033625       -0.66984677860454
O            0.41884360349402        0.85832430291939       -1.90624641948743
C            2.54182318493017        0.90032499516443       -0.78264614323076
O            2.73589193340184        2.27670718288155       -0.96117961986724
H            5.43681384087114       -0.44891637600798        1.81441726671542
H            5.21014484292115        1.30103847834565        2.09921574326417
H            6.49927248709902        0.73226834518703        0.99919667721381
H            2.98653705198092        1.11810891750559        1.32556043183523
H            1.34154962766564       -0.50580819109564        1.87720330709990
H            2.10101093265764       -3.22453236422756        0.71062353792039
H            0.52524312345818       -2.90965971273820        1.48553251331885
H            3.03128813515382       -2.62145315556017        2.73859059387819
H            1.17781852483419       -1.52356188036209       -0.99993980041492
H           -0.98386682211673       -0.81404738951254        1.92115582783260
H           -1.62668819489953        0.97113122702641       -1.26993406034167
H           -1.37857135451467        3.12239242562980        0.07384518578632
H           -3.04744177092601        2.90784343449750        0.63178376300296
H           -2.22493153728787        3.33767098759890       -2.02911078469536
H           -4.23160541856367        0.79792741159665        0.32030809583925
H           -4.15684154007921        1.83322004272647       -1.82705214805091
H           -2.77543004833334       -1.31619667547461       -1.34891670223269
H           -5.15251063956212       -1.30203826745775       -1.30296128709516
H           -3.35722571743081       -1.02474311684671        1.63611617429917
H           -3.32813103792703       -3.21244537963058        0.62666062830004
H            0.59324014415132        1.28956480678318        0.04633886373711
H            0.70427126701493        0.20595765469521       -2.56201913222200
H            2.97563461797307        0.33338725006714       -1.62257167385749
H            2.20005349489308        2.56326297037565       -1.71642336662338
48
 energy: -84.839385184241 xtb: 6.7.1 (edcfbbe)
C            5.53958933407133        0.44348169003325        1.39853838581082
O            4.68308580521182        0.62846709423503        0.27933647548773
C            3.34078284826888        0.45838072024895        0.54521705583181
O            3.08072683019574       -0.91756615086970        0.73233131251111
C            1.72306753231449       -1.19790287732378        1.00130787921822
C            1.60898979350031       -2.70427827847965        1.27218975390947
O            2.23233029655081       -3.07566769211214        2.47059531099243
C            0.81446902207276       -0.77921643333193       -0.17821172625683
O           -0.51415014708057       -1.22250659115715        0.06559798916344
C           -1.38376093135673       -0.54379024724833        0.93800072832299
O           -1.54403170391372        0.82307204018832        0.72823627110179
C           -2.27119175976299        1.18377234551644       -0.44884046913206
C           -2.44197096531806        2.71032545748637       -0.40539481880269
O           -2.98362632400137        3.21147361954218       -1.60182578327280
C           -3.63149689577738        0.47711187229364       -0.54049727671867
O           -4.25769242258944        0.72429510630136       -1.77426635590008
C           -3.42970251869227       -1.03645724120233       -0.40926815677892
O           -4.65270395231789       -1.73059974647270       -0.39808049307271
C           -2.71953211467319       -1.30487683057808        0.91696603613715
O           -2.47557591588101       -2.66227249793361        1.14139705860245
C            1.04652724456993        0.68870972844928       -0.55412638152368
O            0.43511034832953        1.03968657749752       -1.77272106935648
C            2.55620312128160        0.99331131475332       -0.65749590958355
O            2.76112295406557        2.37810801720123       -0.72379422773272
H            5.49297383613538       -0.58614472815727        1.75811649386731
H            5.26715304898147        1.12877645684071        2.20723167459841
H            6.54020192209778        0.66913018918236        1.03961077787026
H            3.03508040389234        1.01811092069532        1.45577520271943
H            1.41220270741536       -0.64353736797722        1.90361284407929
H            2.04329581516672       -3.24123098319821        0.41992231688905
H            0.55424178102295       -2.96950503991220        1.36690069002185
H            3.17179897329311       -2.86135570721901        2.40153446823707
H            1.10756382727983       -1.39717437184026       -1.04073549238332
H           -0.97707568864092       -0.59735467435004        1.96558824065924
H           -1.68974167788324        0.90774628349813       -1.33925073046504
H           -1.47296936897587        3.16403301023235       -0.17688855217513
H           -3.14267994858214        2.97494002103810        0.39015865408949
H           -2.30850726469453        3.18416754030362       -2.29307223417989
H           -4.27532175105872        0.81243982777999        0.29107366584359
H           -4.23383462321295        1.68319573984493       -1.93861167535051
H           -2.79641283554680       -1.39197793004589       -1.23644455345383
H           -5.17489945016175       -1.41930701706589       -1.15017836221346
H           -3.34553166835149       -0.89198246472977        1.72726980724368
H           -3.27391880115909       -3.14502584256286        0.87940861717490
H            0.61123383357388        1.34999104462978        0.20128853729293
H            0.73790662045410        0.44211716945666       -2.47246822147803
H            2.97262485225945        0.49525025439132       -1.54861721754587
H            2.22804692529154        2.72963127317622       -1.45293255289329
48
 energy: -84.837471035736 xtb: 6.7.1 (edcfbbe)
C            5.59521094298190        0.31260003658402        1.42454019673432
O            4.71986520163963        0.61576964662397        0.34638872810277
C            3.38113123732892        0.43083890296527        0.62115462391396
O            3.10692820238625       -0.95390542832524        0.66004603208594
C            1.75271069147923       -1.24290326474953        0.93301386518923
C            1.62288095654087       -2.76844908826023        1.04207622588750
O            2.31811674676422       -3.28092868143628        2.14533807263853
C            0.80726852421367       -0.68935301443867       -0.16130318719846
O           -0.51327246052951       -1.12960377831077        0.14420221009871
C           -1.38884611411163       -0.40616564162443        0.97010732974667
O           -1.58869722504079        0.93318876458822        0.64841786529315
C           -2.32824757885727        1.16313868457368       -0.55185994275310
C           -2.51957674053214        2.68365573198587       -0.65941249471994
O           -3.09889467873564        3.05724467353842       -1.88500676148247
C           -3.67650888123260        0.42775100871744       -0.55866839316976
O           -4.32577301472580        0.55037557522533       -1.79921131862974
C           -3.44132883816452       -1.06392087905117       -0.29631912193676
O           -4.64890900177198       -1.77836048181516       -0.20163527443946
C           -2.70378927875210       -1.20034959295802        1.03511661963691
O           -2.42095208658908       -2.52720622428945        1.36932517012374
C            1.06523957921425        0.80300736224702       -0.40392562579460
O            0.45125877274958        1.27744003975674       -1.57802355135151
C            2.57808194728523        1.09900683209648       -0.49904031529012
O            2.79887991809220        2.48071147075846       -0.42060400325586
H            5.53664404594383       -0.74518798085204        1.68812817668830
H            5.35187806732103        0.92385326288154        2.29926339831531
H            6.59246310081625        0.55408092007412        1.06657283558420
H            3.10098384718143        0.89019583168831        1.59380620718936
H            1.47258736800942       -0.78873583494262        1.89910929511510
H            1.98768805647904       -3.21386009904045        0.10794412469004
H            0.57091211006945       -3.02407000787070        1.18079668125968
H            3.25286368365628       -3.06095071520257        2.03892038813943
H            1.03358419969019       -1.23096277487630       -1.09185912532576
H           -0.96695210591682       -0.36169736783730        1.99300897397484
H           -1.74828933463457        0.80559570776106       -1.41374741909992
H           -1.54989973687803        3.16465539246600       -0.50465402930434
H           -3.20275378184951        3.01742377870419        0.12528058822852
H           -2.43501157990984        2.98993480887016       -2.58408609630976
H           -4.31399213789957        0.82517546072411        0.24995011715960
H           -4.32116420046225        1.49083383236309       -2.05030046110762
H           -2.81418452479088       -1.47939264585182       -1.10007220682422
H           -5.19018417269357       -1.54480057582189       -0.96822686984056
H           -3.32802850306368       -0.73524971415768        1.81797256748625
H           -3.21398344608888       -3.04869936387428        1.17347036611551
H            0.64678954446156        1.39956504377725        0.41242868121520
H            0.77171119040036        0.76720558442622       -2.33692249450007
H            2.97250539942400        0.69569084608871       -1.44660997085728
H            2.25105702873162        2.91580856265706       -1.09140666248330
48
 energy: -84.835738938937 xtb: 6.7.1 (edcfbbe)
C            5.63630734451488        0.19326235108777        1.43963786162726
O            4.74743902901229        0.60384577202549        0.40904608281934
C            3.41178486193700        0.40044498032771        0.68540595700214
O            3.12358833420160       -0.97763125676124        0.57847012065671
C            1.77384112207024       -1.28059483104370        0.85634589315496
C            1.62828237011324       -2.80783467096526        0.80877588721467
O            2.36500195971399       -3.44125327944229        1.81827735050810
C            0.79610536617038       -0.60679038950436       -0.13869625247201
O           -0.51297613753428       -1.04279117098119        0.22834833241224
C           -1.39391397717273       -0.27476595142108        1.00368325350256
O           -1.62694408697976        1.02757584214137        0.57161316226800
C           -2.36252822623078        1.13403767732331       -0.64628549262419
C           -2.57618642828372        2.63617138223919       -0.88751079395002
O           -3.20364616765204        2.89430247338266       -2.11979124222978
C           -3.69870113744067        0.37849713180479       -0.58466413928580
O           -4.35117675089368        0.37524896263030       -1.82948449066719
C           -3.43883377354014       -1.07925069076123       -0.18867012026767
O           -4.63576031842275       -1.79898340243921       -0.02324160895348
C           -2.69212109026372       -1.08737923521801        1.14478236379908
O           -2.38137229739496       -2.37595972893351        1.58736025120636
C            1.08029941114833        0.89704874909364       -0.25416109136301
O            0.46191196430682        1.48518909872631       -1.37268808338648
C            2.59484455426207        1.18629520243235       -0.34378425576281
O            2.82947312392943        2.55160477961114       -0.13261734665246
H            5.56906429236534       -0.88359588351212        1.60633000355212
H            5.41448562877364        0.72428330749988        2.37075142011872
H            6.63049735487121        0.45597992386542        1.08829102268852
H            3.15152389799174        0.75450565410518        1.70618665452490
H            1.52317046615111       -0.92960751788684        1.87224448905763
H            1.94475579389904       -3.15565880857931       -0.18279124186738
H            0.58005887306947       -3.06446939407396        0.96990400263976
H            3.29616170973369       -3.21235801130684        1.69883694586122
H            0.95540812935581       -1.06582705696508       -1.12573259672068
H           -0.96492535911068       -0.13724263048640        2.01564301313078
H           -1.77410192014613        0.70578601113133       -1.46993873433375
H           -1.60642596643328        3.13438845958693       -0.81088110502515
H           -3.23543849038161        3.03077331460726       -0.11074474897417
H           -2.55917918859027        2.79683026483281       -2.83282997047806
H           -4.34139595132596        0.83783197550900        0.18591916188120
H           -4.38020104216605        1.29229686232238       -2.15480837058739
H           -2.80973327197553       -1.55633364869382       -0.95596639093562
H           -5.18243997863843       -1.64370829721644       -0.80573097504125
H           -3.32154977230429       -0.56997332526633        1.88968093233638
H           -3.16597175936827       -2.92684677790375        1.44568028880643
H            0.67983668672509        1.42485108452796        0.61674224011378
H            0.79764238516488        1.06567457811483       -2.17914830011526
H            2.96875261294361        0.87719283570885       -1.33446884564647
H            2.25528674980924        3.05493190001151       -0.72983644831173
48
 energy: -84.834225880610 xtb: 6.7.1 (edcfbbe)
C            5.65706188386022        0.07009423903939        1.44792287631108
O            4.76225503795940        0.58710785864225        0.47174287862834
C            3.42767514206476        0.36883182824605        0.74180573146676
O            3.12218573888792       -0.98611610131363        0.48884325860302
C            1.77779273358753       -1.30536293328998        0.77193180140140
C            1.61259283567316       -2.81585372721160        0.55630867872664
O            2.39959083885747       -3.56604546845761        1.43931210171971
C            0.77379674385778       -0.52009271776939       -0.10713751253413
O           -0.51972156244625       -0.94615939076391        0.32914787815912
C           -1.40316716813402       -0.13547291717256        1.05429472406443
O           -1.66834275528511        1.12020639896384        0.51566193695385
C           -2.38093485741934        1.10043110391320       -0.71825512320128
C           -2.63122284204295        2.57014387695470       -1.09056024831926
O           -3.25613144006248        2.70529805950662       -2.34403855562462
C           -3.69884244148497        0.31665087368675       -0.61285388203826
O           -4.32180368299292        0.17898979293648       -1.86522423704082
C           -3.41667650990960       -1.09009608581690       -0.07273033268231
O           -4.60244142759520       -1.81362415214752        0.14813918419996
C           -2.68777780215085       -0.95515458191872        1.26419784396175
O           -2.36165061037480       -2.18901528019339        1.83335030957540
C            1.09015062256405        0.98296818612305       -0.11955007325022
O            0.47990172079001        1.65385802857220       -1.19555856409444
C            2.60725638014588        1.26707899086873       -0.18741090640727
O            2.85483141201298        2.59969287798893        0.16833076348299
H            5.56987126338349       -1.01575926622293        1.52113173214777
H            5.45959579232103        0.52164049882867        2.42531007706364
H            6.65131414643276        0.34326772362432        1.10498585260542
H            3.18309016305854        0.61268015716946        1.79781715494354
H            1.55970317093690       -1.06884592311389        1.82733697037397
H            1.86804586318072       -3.04769350062845       -0.48586402397850
H            0.57246650911665       -3.08290479194661        0.74800197511811
H            3.32241265939585       -3.31349675141555        1.30341193467969
H            0.85784273615193       -0.89843279035032       -1.13730508090304
H           -0.97137570165306        0.08995081878722        2.04848729939805
H           -1.76546990939910        0.61773724964554       -1.49153676516814
H           -1.67519965009945        3.09794637621077       -1.04843140041469
H           -3.30751419524608        3.01015160838605       -0.35396410586300
H           -2.60237576018931        2.58147264671089       -3.04407550678520
H           -4.36973851480602        0.83055320401210        0.09677506546816
H           -4.37373445407397        1.06197730968670       -2.27185930057851
H           -2.76830789878766       -1.62744634106246       -0.78181363447239
H           -5.13610000390001       -1.75741767708753       -0.65626329348488
H           -3.33407316072706       -0.37821914993319        1.94847871414025
H           -3.13561790848853       -2.76415471086009        1.73710241332001
H            0.69503456186315        1.45576043537025        0.78473965329407
H            0.82603906817548        1.29745473105920       -2.02755260325631
H            2.97149145535028        1.06478915862446       -1.20879282543769
H            2.28622269813974        3.17062484671175       -0.37030676063679
48
 energy: -84.832836806519 xtb: 6.7.1 (edcfbbe)
C            5.66773046428822       -0.06400535726860        1.45229902136376
O            4.77603322254036        0.57113387658209        0.54541645769446
C            3.43966939015677        0.34316429019074        0.79736801451713
O            3.11449509971206       -0.97429662690327        0.40768153043600
C            1.77259098873557       -1.30878649841371        0.68343001019084
C            1.58502667993029       -2.78341153582592        0.30321829020095
O            2.37620148684870       -3.63667597824977        1.08262914392884
C            0.75445632380727       -0.42296543592328       -0.07374167160763
O           -0.52006025665539       -0.84505185792408        0.42343760425280
C           -1.41392186138856       -0.00191940242091        1.09550090827517
O           -1.71372945078633        1.19874536863911        0.45867999134338
C           -2.39814860037105        1.05553524178133       -0.78093625504617
C           -2.67848223961837        2.48087251185833       -1.28263377935462
O           -3.28518872434069        2.49232376385574       -2.55250922340790
C           -3.69829127799377        0.24951534470740       -0.62612146368415
O           -4.30176348071816       -0.01072612218897       -1.86844694577187
C           -3.39123861421350       -1.09778784261199        0.03816153127501
O           -4.56307887036131       -1.82747936422178        0.30760405797323
C           -2.68187091636367       -0.83127254358901        1.36642296109709
O           -2.33583859851808       -2.00303411858357        2.04405795396680
C            1.10757317586684        1.07103329616981        0.01056242034836
O            0.50865896003235        1.81998824941589       -1.01970488513890
C            2.62874634855049        1.33790369117088       -0.03672831311763
O            2.89829301918704        2.62791468669178        0.43932956058693
H            5.57412653220763       -1.15019822869802        1.39509831712818
H            5.47339156671170        0.26838807408489        2.47671474622783
H            6.66358199537604        0.24214751343515        1.14368271425103
H            3.20077036256286        0.48096926833748        1.87348678205429
H            1.57836790477558       -1.19028119128253        1.76269941456902
H            1.82193985778867       -2.89999633252112       -0.76266945688611
H            0.54508031857622       -3.05846518399450        0.48269815183175
H            3.29861112850448       -3.37008567066491        0.97337366398046
H            0.76873426235885       -0.71639823884033       -1.13536777324322
H           -0.98728238668373        0.30695164401150        2.06803996004645
H           -1.75608167205425        0.52308852745550       -1.49892105741308
H           -1.73729031467847        3.03639824556510       -1.26738217900966
H           -3.37936230566848        2.96262018016512       -0.59689534206733
H           -2.61859025335514        2.32793273626401       -3.23188174678829
H           -4.38993547304979        0.80652184839383        0.02899305537589
H           -4.37083270523289        0.83290249908728       -2.34921233902703
H           -2.72204911726205       -1.67893393300907       -0.61482009240379
H           -5.09029747015656       -1.84771191543310       -0.50284658849242
H           -3.34808800131585       -0.21150526848692        1.99162908221511
H           -3.09286010143193       -2.60515291183525        1.98516084115582
H            0.71944124873415        1.49178668843246        0.94303608330367
H            0.86544858345715        1.52629393621460       -1.87130139639882
H            2.98677998577078        1.22435081892048       -1.07389874679322
H            2.34853469568007        3.25765388317017       -0.05090891538911
48
 energy: -84.831615359996 xtb: 6.7.1 (edcfbbe)
C            5.68359572022183       -0.20624704940115        1.42719388036710
O            4.79900137706181        0.52650098002806        0.58958050212919
C            3.46031875213545        0.30921513462634        0.83837194359099
O            3.09614561610369       -0.95754101146264        0.33174774444119
C            1.75467608439790       -1.28894899388941        0.61158995477321
C            1.52198852261367       -2.71451410085751        0.09435355164347
O            2.32662358184888       -3.65461377815624        0.74985426727176
C            0.73775639403410       -0.31274091429920       -0.02455343553518
O           -0.51854854209861       -0.73389764430145        0.51770227934320
C           -1.43645409964444        0.13051750031604        1.12737190982943
O           -1.77058638658971        1.26770220643808        0.39877928933273
C           -2.41684327187034        1.00631413094130       -0.84007826451437
C           -2.73355626587026        2.37894343252363       -1.45465614161666
O           -3.30331598457180        2.27332432566403       -2.73691863307449
C           -3.69235543559030        0.16827338095497       -0.65034659318263
O           -4.25448265407350       -0.21241658462668       -1.88097607152495
C           -3.35784298838874       -1.10932345780029        0.12914578695823
O           -4.51254490922286       -1.85144357765593        0.43601046495299
C           -2.68365957043629       -0.71532640879900        1.44463413291269
O           -2.31529618214514       -1.81830152576436        2.21906104236969
C            1.13712260413551        1.16188792189099        0.15745256701386
O            0.54504943725780        1.99642594840325       -0.80921530309760
C            2.66413287516609        1.39571860375158        0.11176881910361
O            2.97310629811417        2.62997507052151        0.69888220866412
H            5.55349397716294       -1.28109276984101        1.28679421284207
H            5.51637743976631        0.05006604118301        2.47800334261224
H            6.68408462144935        0.09178508602609        1.12561948007940
H            3.23765348631116        0.35145656729354        1.92567568265793
H            1.59089237877927       -1.27252563195883        1.70183709287625
H            1.71302381757335       -2.72821787398882       -0.98712932244238
H            0.48497612150730       -2.98909780015820        0.29005129782393
H            3.24825979562531       -3.38669729909539        0.63699132566828
H            0.69530122773463       -0.51762859327480       -1.10712729460693
H           -1.02909605525928        0.52119808408660        2.07686329662945
H           -1.74077090267656        0.44290454321623       -1.50194723585377
H           -1.81478713165406        2.97152415532386       -1.45309501727148
H           -3.47096276774833        2.88252570495284       -0.82532754988252
H           -2.61333974160821        2.08202988789944       -3.38515889726530
H           -4.41856682261932        0.75134280233043       -0.05857097663637
H           -4.34718529331834        0.58763183407100       -2.42732892429166
H           -2.65814300746062       -1.72010322864753       -0.46187891112959
H           -5.01895063807078       -1.95985375534455       -0.38068269923821
H           -3.38035216816097       -0.06964057903442        2.00708986393924
H           -3.04931999969547       -2.45033698013954        2.19063608460178
H            0.77097377376257        1.52502879761788        1.12251721443010
H            0.88954479050276        1.76095142451898       -1.68360218350527
H            3.00503111656866        1.36938273062684       -0.93689746362150
H            2.44783190658050        3.31787789177514        0.26339580120973
48
 energy: -84.831904470036 xtb: 6.7.1 (edcfbbe)
C            5.81804290913638       -0.42360145276182        0.98019167463211
O            4.85876203590112        0.43842277007539        0.38143424574603
C            3.56673238531152        0.26064866871055        0.82749482443590
O            3.04950447579307       -0.93543101623310        0.28219710775570
C            1.71572939820647       -1.18648618852413        0.66294718663707
C            1.35331960630565       -2.57606454507326        0.11906337693532
O            2.13913502770605       -3.58746395623369        0.68492172503365
C            0.73050185280949       -0.11581138579244        0.13419057002857
O           -0.53305706497240       -0.56279961661070        0.62225737573767
C           -1.53117911200095        0.29394380718508        1.10831224057183
O           -1.87222166762953        1.34087709822428        0.25500369278769
C           -2.44597670158705        0.93204315577654       -0.98156625429812
C           -2.83462536189469        2.22008697108170       -1.72729741573209
O           -3.29280956235311        1.96526017303118       -3.03196580076217
C           -3.67376053573770        0.02518452745740       -0.78220153983609
O           -4.12945616735501       -0.50424495856679       -2.00160956682367
C           -3.31223745326575       -1.15074877821729        0.13300923814669
O           -4.43849296143211       -1.93180839341531        0.44777417944366
C           -2.74377015485599       -0.59118441761819        1.43797528415613
O           -2.35817152944676       -1.59046646739449        2.33519901591055
C            1.22128427456139        1.26006734214098        0.61875966378672
O            0.55580619484463        2.36271859846875        0.05897324226655
C            2.73097891927742        1.45067620604576        0.35093718457833
O            3.18123674519670        2.59975264711462        1.01325829124108
H            5.62413044549031       -1.46508717188410        0.71643783892195
H            5.80750119547367       -0.31148981671806        2.06873845847090
H            6.77949568781618       -0.10985372258542        0.58254919192823
H            3.52543403494712        0.20785899953068        1.93664469010055
H            1.63403210456322       -1.19846520170433        1.76105462466880
H            1.46571846958279       -2.56143944030540       -0.97311337281409
H            0.31770344794416       -2.79284485525685        0.38109638353095
H            3.06648935969443       -3.37403324716693        0.51652304523411
H            0.71541788020517       -0.13215789535045       -0.96633003688083
H           -1.19584266178360        0.79776296458555        2.02991014509160
H           -1.70792584226394        0.36053753447793       -1.56824407017834
H           -1.98219254239625        2.90516344828269       -1.71373231902295
H           -3.66005434014541        2.69790561162805       -1.19478217129131
H           -2.54489268532457        1.76546369570143       -3.61023516883393
H           -4.47224703931451        0.60688969240640       -0.29108544825180
H           -4.25488234388536        0.23320727279033       -2.62354529701408
H           -2.54371495857969       -1.76822024868366       -0.35667839969547
H           -4.88198557525130       -2.15939148144636       -0.38086966320857
H           -3.50934330167944        0.05882515821686        1.89578720578957
H           -3.05651920838508       -2.26221576479120        2.33676535721430
H            1.05514754271469        1.33564971777312        1.69958353921588
H            0.62158678707505        2.32213282175465       -0.90509657860867
H            2.90082546108521        1.54011249479835       -0.73566416203318
H            2.54084339704359        3.31011327341877        0.84851081906139
48
 energy: -84.839254445603 xtb: 6.7.1 (edcfbbe)
C            5.81155443910994       -0.47205000560831        0.70411226258250
O            4.83126552267438        0.47170959798899        0.29206986951052
C            3.57096495843153        0.25845647931418        0.80819559896068
O            3.01141134527880       -0.88711671314855        0.20095146625470
C            1.69756846319293       -1.15657149758269        0.63249952156258
C            1.29088616325252       -2.50220337176931        0.01603817497121
O            2.07800829841766       -3.55887728621826        0.48986439486976
C            0.71407993885782       -0.03896969525436        0.22926101849680
O           -0.54023979085741       -0.49599005812024        0.74165032782736
C           -1.54708134880288        0.38356391031140        1.14488429648946
O           -1.86775043720059        1.36317430933055        0.19145580867589
C           -2.36999206516711        0.84461281155350       -1.03989622093552
C           -2.68370809113075        2.05987025645493       -1.92951928220132
O           -3.11376385237626        1.67906869744874       -3.21190394300645
C           -3.61781984498725       -0.02575333747689       -0.81577840419788
O           -4.02671953418111       -0.66175240980147       -1.99874915085308
C           -3.30721533338607       -1.11982043425618        0.21500986518555
O           -4.45520282204739       -1.85730117405690        0.55089178812455
C           -2.78149192230558       -0.46217225057151        1.49297495384660
O           -2.44075199607394       -1.38855793645754        2.48070694608847
C            1.22714125939520        1.30072251749948        0.78214626163396
O            0.62695678500226        2.43108771865595        0.19446947650993
C            2.72998584619385        1.49951917391419        0.50008796637001
O            3.22325500086970        2.55127032687518        1.28153681984662
H            5.58659974070611       -1.46408688899514        0.30759101657338
H            5.86834465367281       -0.51561772130718        1.79599198507182
H            6.75180631239866       -0.11083771471045        0.29588398535809
H            3.60523159369997        0.10919537285124        1.90933252408873
H            1.67264240228228       -1.24309226131592        1.73059200942390
H            1.36516647555373       -2.42019889363881       -1.07634462593226
H            0.26204435585577       -2.72077917780264        0.30252371975423
H            3.00305801663791       -3.34825157870225        0.30708081250118
H            0.66345718251187        0.03331639981607       -0.86730346613543
H           -1.24481507912966        0.95344331479474        2.03842979854479
H           -1.60538261403169        0.21352516764854       -1.51767724524794
H           -1.80100863433003        2.70589310396434       -1.97015922690155
H           -3.50370883930049        2.62409984252029       -1.47918628641017
H           -2.35559378164083        1.40767614439493       -3.74563984514428
H           -4.42811223700279        0.60639685639741       -0.41502818357321
H           -4.11557105578613        0.01481039254994       -2.69241548925290
H           -2.52922169718723       -1.78432676307297       -0.19111986852609
H           -4.86494553666004       -2.15957648714850       -0.27115796566511
H           -3.55656406412274        0.22894402467966        1.86727403055241
H           -3.14109607986178       -2.05786955006035        2.50607226990047
H            1.08346719213285        1.30512471980694        1.87599661287544
H           -0.34203059576116        2.34393176752872        0.22628565529090
H            2.85186956959252        1.71684065336488       -0.57121147249395
H            2.71302258580052        3.34551426924574        1.06471362911152
48
 energy: -84.839938506817 xtb: 6.7.1 (edcfbbe)
C            5.79442799576230       -0.52713812878885        0.75714027946073
O            4.84399041333677        0.46626988899713        0.39333917805370
C            3.56578859286866        0.23829658743212        0.85603143722928
O            2.99565999741778       -0.82888066478874        0.12678317339069
C            1.67746465392818       -1.12801647945950        0.52315187933304
C            1.24717153688023       -2.37978978423993       -0.25412534146742
O            2.00572932489354       -3.50460271971525        0.09031066171748
C            0.70994935009492        0.04224771616786        0.26241086573226
O           -0.52694571226897       -0.42601308058651        0.80142396190402
C           -1.54393120875364        0.47475509830812        1.13108169568309
O           -1.85390327038471        1.37416017985631        0.09868587044433
C           -2.36220617008276        0.76316865583277       -1.08623846524934
C           -2.67891901857270        1.90735314160499       -2.06482271991953
O           -3.09942710428495        1.43079981024007       -3.31792355252895
C           -3.61080212796566       -0.08548131556636       -0.79427945243163
O           -4.02606702577139       -0.80471419108587       -1.92610718816849
C           -3.29749704073531       -1.10140307717159        0.31248409580639
O           -4.44246753508928       -1.81728069192855        0.70081804375741
C           -2.77581503292304       -0.34823299967377        1.53784225767221
O           -2.43096528422327       -1.19638083809692        2.59226478851356
C            1.25039646467595        1.33093957736786        0.90108093973196
O            0.66498376280036        2.50277844449608        0.37994488138108
C            2.75917727683505        1.52248752540969        0.64680823341862
O            3.27074970591648        2.49333701040135        1.51691532581572
H            5.55223976475231       -1.48542479326263        0.29368835201154
H            5.83168547334885       -0.64247815098021        1.84467474802957
H            6.74973929818964       -0.16418832043949        0.38756982802745
H            3.56660000258935       -0.01652506164420        1.93800917541859
H            1.64913655264571       -1.34693801786252        1.60250980114414
H            1.33131905996275       -2.16737365791710       -1.32822450791359
H            0.21171258131019       -2.60879632675288       -0.00100127400451
H            2.93674688467411       -3.29718328807580       -0.06393998649512
H            0.61537830245176        0.21017630801082       -0.82119307265263
H           -1.25187417712039        1.11071039315130        1.98186985583378
H           -1.60148452652351        0.09486783503676       -1.51789460068960
H           -1.80105159522556        2.55571088702589       -2.14720498523114
H           -3.50511879114632        2.49733337261504       -1.66086711925152
H           -2.33689761806792        1.12927597172803       -3.82931785417678
H           -4.41840815390318        0.57572509538681       -0.43694031248138
H           -4.10676674865673       -0.18186334055142       -2.66939556335072
H           -2.51662318470809       -1.79092459155599       -0.04360044860628
H           -4.85335134756401       -2.17628868209174       -0.09765102604793
H           -3.55517416859217        0.36423236315718        1.85962604820431
H           -3.12523363492378       -1.86837811187728        2.66452724655531
H            1.09655196650279        1.26919021792977        1.99205221718470
H           -0.29712075160325        2.39484513983620        0.29922841390687
H            2.89562411953353        1.82474693638012       -0.40196769695678
H            2.79582899033412        3.32088277983008        1.35390612680985
48
 energy: -84.840096944566 xtb: 6.7.1 (edcfbbe)
C            5.77069036133617       -0.58602669730422        0.74516287766930
O            4.84639503406840        0.45473118616483        0.45324818858983
C            3.55986791040593        0.22056774569360        0.88855753630150
O            2.97002153594646       -0.76526317354610        0.06537996225884
C            1.65011207113317       -1.08408931908054        0.43999259306090
C            1.19129065745655       -2.23555912646027       -0.46516046184765
O            1.93142606903615       -3.40395181508774       -0.25327696544246
C            0.70251955496447        0.12251922668078        0.31900301270075
O           -0.52055072499572       -0.35649819795331        0.87488441381958
C           -1.55238654106696        0.55624678255238        1.12254288752471
O           -1.84293567602173        1.37385100487474        0.01975159086417
C           -2.33915848958620        0.67842829010050       -1.12288295889551
C           -2.65443659564320        1.75224676138927       -2.17889366919651
O           -3.06482849320508        1.19168449507216       -3.39985846427601
C           -3.58685708237423       -0.15568909323911       -0.78766526152023
O           -3.97976172294441       -0.95744451857022       -1.87082578965961
C           -3.28499416891448       -1.08706085617341        0.39372612184918
O           -4.43175119753251       -1.78029545448775        0.81590858710201
C           -2.78731047818029       -0.24176580470834        1.56735513038542
O           -2.45739168866881       -1.00655373532846        2.68836196083763
C            1.27291161962301        1.35542962649588        1.03265660301852
O            0.69522877621825        2.56529115469032        0.58845176913465
C            2.78412813618415        1.53690842168712        0.78590422093291
O            3.32162508830716        2.42427362635864        1.72674331610759
H            5.49924134088842       -1.50554165580739        0.22296360375350
H            5.81061258144944       -0.77227840028112        1.82278985420016
H            6.73371496143234       -0.22641305871879        0.39281548931987
H            3.54607125916124       -0.12694761247788        1.94401077167188
H            1.62693725160915       -1.41857048883322        1.48955954353926
H            1.27183896775497       -1.90858884628503       -1.51058519309855
H            0.15363339032507       -2.47388030536852       -0.22923344548568
H            2.86479279386220       -3.19716558007293       -0.39393284973000
H            0.57067084772254        0.37824153438609       -0.74382139196280
H           -1.28033172022451        1.25071477474097        1.93294157539719
H           -1.57228120079013       -0.01468124726509       -1.50217969485052
H           -1.77953006037907        2.39863732827713       -2.29866739370435
H           -3.48566964076271        2.36392875457698       -1.81999145614484
H           -2.29820122090278        0.86028675792555       -3.88594893092175
H           -4.40385465179885        0.52343557414107       -0.49068414958762
H           -4.06457097860210       -0.38902586314400       -2.65589253814857
H           -2.49478462916717       -1.79548684368773        0.10109181973592
H           -4.82726153140683       -2.20124125117765        0.04027151574288
H           -3.57521992797982        0.48849025238041        1.82148718009472
H           -3.15458924023194       -1.66963553396235        2.80270938129001
H            1.11883558044485        1.22988205489930        2.11809771856056
H           -0.24378793474533        2.44356932681744        0.38137786382110
H            2.92418287004277        1.91737631067476       -0.23677758913500
H            2.86569777286758        3.27290810905500        1.63201535084159
48
 energy: -84.841656408923 xtb: 6.7.1 (edcfbbe)
C            5.75185420756249       -0.47859627935363        0.32552732313642
O            4.76952237421143        0.54658461905204        0.24720496980236
C            3.56169766094002        0.23645614920216        0.83505712203867
O            2.88153433858235       -0.69140711816626        0.01196356011402
C            1.59584463584103       -1.03684655331903        0.47889857470173
C            1.06356901648635       -2.12994659693341       -0.45837999071732
O            1.80343577177305       -3.31401073029046       -0.36776866903905
C            0.65934734932235        0.18445917293634        0.50367437554031
O           -0.57635343795541       -0.30053511763509        1.00486266110603
C           -1.62462075927122        0.63177077963210        1.11239193209004
O           -1.82600055396500        1.34596807148445       -0.07589916160209
C           -2.27093973381688        0.55252334797500       -1.17383169042369
C           -2.49559484155194        1.52252401795527       -2.34684235230900
O           -2.86364894973076        0.85852818046624       -3.52925101664887
C           -3.55811187069766       -0.21949812937998       -0.83821841217530
O           -3.92379597415241       -1.10213358140189       -1.86785634864192
C           -3.33932138144945       -1.05327098182849        0.42978377375652
O           -4.52118106651432       -1.69291613216600        0.84210568549573
C           -2.88751452923624       -0.12075502633547        1.55404177891865
O           -2.62233656776558       -0.79868213357373        2.74730161187934
C            1.29977518705833        1.26191326612106        1.39529540078052
O            0.60840675753435        2.48772111057387        1.42994132400008
C            2.75659440938391        1.53349914839366        0.97076552046747
O            3.39051366599547        2.34064374233586        1.92447225913171
H            5.43385733975492       -1.36561721185777       -0.22579793125789
H            5.94717643980631       -0.74318584947549        1.36923274629062
H            6.64657396773128       -0.05869637495283       -0.12620346740597
H            3.70327730617633       -0.20387504818609        1.84490952698863
H            1.65680659609294       -1.43784444256848        1.50217521303417
H            1.07579192943038       -1.74196079119524       -1.48586611320870
H            0.04191552743449       -2.37429907815155       -0.16565336670920
H            2.72768961397224       -3.10598139268862       -0.55788886946065
H            0.53776033171406        0.58542718904928       -0.51346854594478
H           -1.38581175529779        1.39759912112651        1.86352058053385
H           -1.50192582907506       -0.19188201811042       -1.43781310341864
H           -1.59398996831568        2.12727893597030       -2.48547072305892
H           -3.32074983464784        2.19249073393525       -2.09457422725378
H           -2.09113050427573        0.42781654606378       -3.91862263662706
H           -4.36815323767049        0.50287036400870       -0.64087900568852
H           -3.95270777879585       -0.60123498716745       -2.70162961244735
H           -2.54920287970221       -1.79624017418323        0.23984348787613
H           -4.88791463826155       -2.15759761513739        0.07729332998126
H           -3.67917480637781        0.63238126209198        1.71128596057421
H           -3.34022751660698       -1.43460067704589        2.88514863402756
H            1.29675670872094        0.90154770375703        2.43131736322653
H            0.41440834225722        2.78718552298668        0.53093760052776
H            2.76580142769969        2.02402278313577       -0.01706754535430
H            2.79049833803458        3.07039688991499        2.14351474107406
48
 energy: -84.842463219058 xtb: 6.7.1 (edcfbbe)
C            5.72412655263930       -0.52023865819607        0.28919438589662
O            4.77515591625010        0.53866845465482        0.29884914254982
C            3.55641087149895        0.21831580251693        0.85809180550376
O            2.84564087332834       -0.60627953914490       -0.04495241414939
C            1.55468420181327       -0.96320731291393        0.39968083085037
C            0.98854469302229       -1.94627227119460       -0.63384659120138
O            1.68946037951520       -3.15657074036858       -0.65720206956920
C            0.65269203475886        0.27300542322907        0.55693875416798
O           -0.58026811965083       -0.21108374233838        1.06635558853158
C           -1.64774587592602        0.70656008544318        1.08441723590294
O           -1.83858487076174        1.33504568720748       -0.15204587854592
C           -2.25280016854674        0.46556372018279       -1.20350493903004
C           -2.47253446651055        1.35637652265885       -2.43858612085675
O           -2.81359552025268        0.61408422013489       -3.58182110131096
C           -3.53304358747987       -0.30474659140161       -0.83889711061334
O           -3.86306600929181       -1.26196169758171       -1.81243721631387
C           -3.32728976243917       -1.04583228917439        0.48746546518015
O           -4.50918253727676       -1.67058886023093        0.92220775226787
C           -2.90825995666256       -0.03283169905861        1.55344351214625
O           -2.65924544002637       -0.62551660160768        2.79452098589349
C            1.33235529201874        1.26811018973615        1.51399809557664
O            0.66769315542912        2.50455470404272        1.62447156453058
C            2.79699359510909        1.52543307249868        1.11204789572670
O            3.46158919247224        2.22137224034037        2.13035258293528
H            5.37691299213647       -1.34874944852081       -0.33121397006745
H            5.91257093510836       -0.87505355141688        1.30712097326370
H            6.63120442692812       -0.09362358609662       -0.13059301766473
H            3.68084094370988       -0.31646410630148        1.82342142471423
H            1.61481149786549       -1.46324753119324        1.37877145163416
H            1.01528363132151       -1.46347138546738       -1.62028897229205
H           -0.04045175514007       -2.18624942712279       -0.36301937761130
H            2.62056934287857       -2.96169517690232       -0.82665507140276
H            0.50486261789029        0.75627229198280       -0.41967939240453
H           -1.43350475781431        1.52620884027385        1.78542987538376
H           -1.46664952428814       -0.27924392948841       -1.40796128228513
H           -1.57669539700479        1.96427972657050       -2.60034381868851
H           -3.31058424336839        2.02879345126903       -2.24146693745529
H           -2.02999800441029        0.17009067422357       -3.93184422263946
H           -4.35878186090900        0.41464699506297       -0.70697625298830
H           -3.89159853262859       -0.81795199628153       -2.67762664628898
H           -2.52515435584463       -1.78996982116488        0.36429342638427
H           -4.85491633176466       -2.19476008178970        0.18671157596114
H           -3.71219322106851        0.71830639283790        1.64424721486472
H           -3.37432523641179       -1.25780911304980        2.96103798993533
H            1.31139533230769        0.84106207175737        2.52393322587236
H            0.55283164100429        2.89700851447227        0.74765635634366
H            2.82394430549045        2.10007736993871        0.17086869678031
H            2.88989594851260        2.94957731656346        2.41891889601983
48
 energy: -84.842402733630 xtb: 6.7.1 (edcfbbe)
C            5.70450706415114       -0.54627638696239        0.23992330939413
O            4.77910895010605        0.52937621667709        0.33042610945666
C            3.55699667777917        0.19921821018268        0.87636109117603
O            2.81610342209866       -0.53525742243995       -0.07909901324126
C            1.52263280176931       -0.89966566491073        0.35488151428411
C            0.92847866456692       -1.79563490270549       -0.73893722479295
O            1.61496046353519       -3.00807634917486       -0.86424583787346
C            0.65559714845843        0.34267568926427        0.62131877418582
O           -0.58535068097692       -0.12643491650736        1.12634254477602
C           -1.66555904715945        0.77312738670949        1.03781197761602
O           -1.83260396127024        1.31243876419249       -0.24178692689834
C           -2.24106643924291        0.38800124796639       -1.24757533679957
C           -2.47727786245205        1.21992325387788       -2.52096539740789
O           -2.82700374188319        0.42404697320639       -3.62486037320424
C           -3.51152550656461       -0.38063809603448       -0.84692875156583
O           -3.81438815677602       -1.39981611034400       -1.76479827796258
C           -3.30970236396393       -1.03533819038584        0.52437711086317
O           -4.48473745303103       -1.65769446423063        0.98072222365062
C           -2.92851714128586        0.05231937513580        1.52908653742874
O           -2.70359204120934       -0.45184230616621        2.81274719269579
C            1.37000054380101        1.25650727035859        1.63242774143372
O            0.72778393289964        2.49521185218211        1.82220387193579
C            2.83702441079656        1.50396202534267        1.23729973603519
O            3.53144538614849        2.10195590261483        2.29759426302629
H            5.33934050650353       -1.31852344792507       -0.43982540113829
H            5.88587717542602       -0.98004539044493        1.22809830003171
H            6.62050815885390       -0.10948337601312       -0.14892402803223
H            3.67496965986725       -0.41085005037821        1.79669580289398
H            1.58697683461093       -1.47292853400339        1.29331353200300
H            0.94650107599066       -1.24043559803420       -1.68662362909265
H           -0.09796802449612       -2.04750179613037       -0.46877669613436
H            2.54480737094190       -2.81114910658327       -1.03830416541839
H            0.49931813198706        0.89449361574405       -0.31702539856127
H           -1.47912019856858        1.64455007384221        1.68357468828256
H           -1.44581785761589       -0.35344012199303       -1.42223791432484
H           -1.58597604731688        1.82356467249183       -2.71859152645223
H           -3.31656365222555        1.89696591632019       -2.34557496452628
H           -2.04246333246169       -0.01877436142173       -3.97409079960505
H           -4.35128146127740        0.33023283542007       -0.76733313999940
H           -3.85426360694017       -1.00465003028973       -2.65297551458272
H           -2.49024748806263       -1.76793282468398        0.46029499145815
H           -4.81066841934698       -2.23002820269833        0.27252214248942
H           -3.74279593335766        0.79763380091493        1.55022914072713
H           -3.41223831072317       -1.08530536440752        3.00125997960150
H            1.34106381450978        0.76759411579192        2.61346219618323
H            0.67042786008734        2.96725480888677        0.97896596612495
H            2.87299339781056        2.14683346770235        0.34139551386922
H            2.98330610907403        2.81983014802572        2.64962837081894
48
 energy: -84.841285621111 xtb: 6.7.1 (edcfbbe)
C            5.68164456740012       -0.57160276883178        0.18413909035581
O            4.78539123467824        0.51839519198856        0.35906846740692
C            3.56124778549511        0.18177933651465        0.89622872593906
O            2.79288138711898       -0.46599821869462       -0.09913647822410
C            1.49840107715901       -0.83955143115461        0.32729063159996
C            0.88983477899161       -1.66420589922751       -0.81163567223495
O            1.60127609601278       -2.84744193666547       -1.03998718462190
C            0.66483080474860        0.40157758899375        0.68872670538848
O           -0.59092796890783       -0.04266962100142        1.18052155711589
C           -1.67671071626218        0.83168157460528        0.97740381586165
O           -1.81235940562248        1.27823448558465       -0.33939025148801
C           -2.23987462053973        0.31369508653061       -1.29851629063499
C           -2.49870212310136        1.09531989996104       -2.59973278863292
O           -2.86214591311901        0.25393074472917       -3.66485379308528
C           -3.50308019273930       -0.44276756427675       -0.85473982490580
O           -3.79212818561944       -1.51325672812668       -1.71695399154841
C           -3.29746018367732       -1.01692555297469        0.55105780219222
O           -4.46280550398783       -1.63595094381364        1.03524872582419
C           -2.94548504477006        0.13615958930312        1.49107624207829
O           -2.74449192244689       -0.28077572547646        2.80911863382729
C            1.40873299498985        1.23359326118496        1.74763295789757
O            0.78664333972488        2.46780014482941        2.01569936278098
C            2.87734481747542        1.47501831460121        1.35626338246387
O            3.59725210371165        1.98011194404303        2.44772817341122
H            5.28794939137021       -1.28871804765006       -0.53904911163137
H            5.86532536463249       -1.07376806469957        1.13893895619249
H            6.60305102814021       -0.13282641071734       -0.18927705396368
H            3.67320645442290       -0.49404781490168        1.77019544671823
H            1.56951086827375       -1.47190041771860        1.22709860308137
H            0.87269927374823       -1.04290722324308       -1.71755659390843
H           -0.12227195117327       -1.96148637083649       -0.53401927427401
H            2.52443579496754       -2.61335792865858       -1.20456859631621
H            0.51511576579204        1.01294761582343       -0.21342666311335
H           -1.51722042317434        1.75208568450367        1.56138284601012
H           -1.44768688717581       -0.43187277733627       -1.46063920958030
H           -1.61284287108582        1.69331686692291       -2.83437216783262
H           -3.33801165363654        1.77591974151372       -2.43868851331968
H           -2.07998819319039       -0.19431773621400       -4.01246107598082
H           -4.35155773057681        0.26105922321735       -0.81592196901125
H           -3.84538992381918       -1.16342884659547       -2.62332199159324
H           -2.46265479209297       -1.73460889105948        0.53437813497412
H           -4.77448051930528       -2.25127224643090        0.35723818806977
H           -3.76523561223835        0.87459940018749        1.44730382470829
H           -3.44559335167359       -0.91570823408173        3.01999590333442
H            1.37395660699314        0.68574465762426        2.69659175560898
H            0.76463156493304        3.00394899784513        1.20981916248878
H            2.92078917276398        2.17784874300852        0.50687560370257
H            3.07295424783252        2.68659391263559        2.85471010290745
48
 energy: -84.839028016800 xtb: 6.7.1 (edcfbbe)
C            5.67212751136552       -0.57711643086449        0.13497587485142
O            4.80150544062160        0.51615328621468        0.39712071370397
C            3.57469386155166        0.16740940602026        0.92018019556014
O            2.78596999045426       -0.39560733904619       -0.11008038489998
C            1.49001385542430       -0.78003772421236        0.30527884747075
C            0.86769862735924       -1.53694065908944       -0.87043311963890
O            1.59481317387295       -2.68830039314115       -1.19326007669177
C            0.68500084129099        0.45312975912081        0.75205721195582
O           -0.58904856724597        0.03850922218641        1.22369194194917
C           -1.67541527468676        0.87560205468857        0.90138396817907
O           -1.77607411992057        1.22058486937301       -0.44737401086929
C           -2.25260109333181        0.22943862081022       -1.35541235165984
C           -2.52817216163535        0.96628389289635       -2.67956888408221
O           -2.91234217642612        0.08636809508682       -3.70555306741818
C           -3.51828994288208       -0.48840787252640       -0.85959779289805
O           -3.82321740411796       -1.59877014744369       -1.66409152805112
C           -3.30170743301419       -0.98966486333654        0.57157663682300
O           -4.46145775019165       -1.58685397255987        1.09425772477717
C           -2.95170670477495        0.21526011195367        1.44457384074522
O           -2.76291065232734       -0.12266647359901        2.78661268969381
C            1.44955595743741        1.20082707989941        1.85719098131145
O            0.84681059896200        2.42489042490031        2.20115236306150
C            2.92128598068920        1.43891132956140        1.47562942914755
O            3.65836598681475        1.84841062667148        2.59542260091377
H            5.26127278871612       -1.22602512217881       -0.64100899269189
H            5.84509702163834       -1.15672183060482        1.04691931895415
H            6.60312731331480       -0.13194579838267       -0.20568308200843
H            3.67973248387291       -0.56937286145654        1.74452819478247
H            1.56596437844428       -1.46455804334400        1.16656593192845
H            0.81586142489041       -0.85800747130082       -1.73260580447723
H           -0.12980664630125       -1.87445975128388       -0.58584990484463
H            2.51194985438193       -2.42722220596015       -1.35086536240494
H            0.55416528555829        1.11973423271767       -0.11380662542755
H           -1.54004481654754        1.84390771522871        1.41234203651061
H           -1.48299194786144       -0.53819176447265       -1.51407953921779
H           -1.64230754237521        1.54907064188953       -2.94933958927749
H           -3.36123663177500        1.65763040298123       -2.53260413102318
H           -2.13736735870846       -0.37896603539284       -4.04689871247586
H           -4.36188401287060        0.22202437183513       -0.84885610771316
H           -3.88993996957361       -1.29365831176899       -2.58537286256930
H           -2.46347309900680       -1.70355866755085        0.58811070165996
H           -4.77667551521209       -2.23490673915006        0.44902912266394
H           -3.76934537186985        0.95170488619770        1.35125384478182
H           -3.45783792361986       -0.75475324498886        3.02528841719208
H            1.40574685682010        0.59638673122638        2.77042006895133
H            0.84140966335347        3.01249505849568        1.43176301299156
H            2.97604786973463        2.19942933682894        0.67810403398703
H            3.15763818047499        2.54254616932749        3.05039653261267
48
 energy: -84.835946420740 xtb: 6.7.1 (edcfbbe)
C            5.67963897846857       -0.56484065358196        0.10113166344219
O            4.82654582284409        0.51918346682244        0.44610619076833
C            3.59559289819968        0.15195530338548        0.94577734973815
O            2.79298622960860       -0.31593933853202       -0.12062285051393
C            1.49489051390086       -0.71709871421012        0.27478074250630
C            0.86458175768055       -1.39303198779201       -0.94379552350707
O            1.62784642169721       -2.47736889401161       -1.39138695816466
C            0.71251033778547        0.49819651457890        0.80501046636703
O           -0.58112233912654        0.11745576112996        1.25304673053388
C           -1.66066085176494        0.90474331681803        0.80892138722975
O           -1.72215595584852        1.12818776907024       -0.56761731111593
C           -2.27596493637272        0.11788508886214       -1.41015068555049
C           -2.55022342371949        0.80020031712414       -2.76377717359083
O           -2.97649930515368       -0.11767008434273       -3.73868820938152
C           -3.55939457603819       -0.51871557256035       -0.85434060014289
O           -3.91826925389876       -1.65888412653894       -1.59198161736367
C           -3.33099924060298       -0.94502031610192        0.59845174166474
O           -4.49237231962520       -1.48909101895414        1.17218560960140
C           -2.95049949909410        0.30513950744138        1.39094390875218
O           -2.76923794564619        0.05143124193563        2.75209136746197
C            1.48931933647472        1.14662199689670        1.96375557541898
O            0.90502193425987        2.35013391083141        2.39687868020611
C            2.96612897595671        1.38647591708954        1.60258497932524
O            3.71041720829778        1.68747870884040        2.75159371904399
H            5.26255201898200       -1.14224803972346       -0.72615012253662
H            5.83673223294342       -1.21870555773981        0.96426043324102
H            6.62040980002721       -0.11055259655856       -0.19800689801057
H            3.69059242681619       -0.64864743152037        1.70969402180001
H            1.57315057680507       -1.45657679115279        1.08948012064354
H            0.75065246745966       -0.64400305740109       -1.73923561823564
H           -0.10494093424314       -1.80096482537628       -0.65530129973768
H            2.52928180106521       -2.16271955942236       -1.54246738648567
H            0.61161851890044        1.22437513377386       -0.01606128714295
H           -1.53913035687464        1.92063955540126        1.22666160005459
H           -1.55325438619829       -0.69565406744544       -1.55425648246345
H           -1.65079821798015        1.34059404574396       -3.07403132887238
H           -3.35973144767537        1.52350686152441       -2.64081031442271
H           -2.22131051098977       -0.62660807961705       -4.06219305000581
H           -4.37715142999369        0.22114933949964       -0.86950417568562
H           -3.98724748914023       -1.40234351835148       -2.52783767593961
H           -2.50472088008243       -1.67144395892047        0.64543083747742
H           -4.83246851906821       -2.16451001003080        0.56894537619546
H           -3.75348081530967        1.05053649800838        1.25039111915810
H           -3.47944905448844       -0.54730903274441        3.02891686374265
H            1.43234395698350        0.47683115511327        2.82926267729762
H            0.90789428278614        2.99234721704543        1.67268983745924
H            3.03660517833674        2.20830020315090        0.87000634929025
H            3.23377084373601        2.36657299881666        3.25270152888761
