48
 energy: -84.814152216244 xtb: 6.7.1 (edcfbbe)
C            5.52153700000000        1.09190700000000        0.69769700000000
O            4.90686800000000       -0.11217700000000        0.28276400000000
C            3.65374400000000        0.04652900000000       -0.26453400000000
O            2.76600100000000        0.40618400000000        0.78020300000000
C            1.39691600000000        0.55594800000000        0.46636000000000
C            0.75054600000000        0.93334200000000        1.81680500000000
O           -0.00601300000000        2.12212400000000        1.78453400000000
C            0.84345100000000       -0.73822400000000       -0.16184000000000
O           -0.43037200000000       -0.59753600000000       -0.78236500000000
C           -1.48228100000000       -1.37637000000000       -0.28047900000000
O           -1.80455800000000       -1.09169800000000        1.04678200000000
C           -2.38114500000000        0.20557600000000        1.19602800000000
C           -2.67837200000000        0.44826000000000        2.68108800000000
O           -2.78020600000000        1.82526400000000        2.94701200000000
C           -3.64010800000000        0.39033400000000        0.33991300000000
O           -4.14996700000000        1.69692500000000        0.45077700000000
C           -3.27545100000000        0.14551800000000       -1.12904100000000
O           -4.40024300000000        0.21255500000000       -1.97114000000000
C           -2.67164800000000       -1.25244000000000       -1.24010700000000
O           -2.22777400000000       -1.55133700000000       -2.53385500000000
C            1.76374800000000       -1.15326600000000       -1.32969300000000
O            1.35960500000000       -2.38097700000000       -1.88161500000000
C            3.22873500000000       -1.27364100000000       -0.91221100000000
O            4.03658100000000       -1.50427000000000       -2.03117900000000
H            4.94926600000000        1.57069500000000        1.49669400000000
H            5.62293000000000        1.78633500000000       -0.14410600000000
H            6.50608900000000        0.81243000000000        1.06434300000000
H            3.65059100000000        0.84225800000000       -1.04004300000000
H            1.25609900000000        1.37193000000000       -0.26359600000000
H            1.56625000000000        1.01497300000000        2.54470800000000
H            0.07568900000000        0.14226800000000        2.14189100000000
H            0.58000000000000        2.85702500000000        1.56927600000000
H            0.81818700000000       -1.53248000000000        0.59265900000000
H           -1.16938500000000       -2.43574200000000       -0.24981600000000
H           -1.66064100000000        0.96257600000000        0.85533900000000
H           -1.89444600000000       -0.02122900000000        3.28635700000000
H           -3.63670800000000        0.00290600000000        2.95912400000000
H           -1.92192900000000        2.22680600000000        2.74172600000000
H           -4.40639300000000       -0.34471200000000        0.64189800000000
H           -4.00994900000000        2.00538600000000        1.36046800000000
H           -2.52495600000000        0.88939900000000       -1.43898200000000
H           -4.89833800000000        0.99709200000000       -1.71050100000000
H           -3.43641800000000       -1.98063800000000       -0.92169100000000
H           -2.90682400000000       -1.22788400000000       -3.14065900000000
H            1.68973300000000       -0.36237200000000       -2.09522200000000
H            0.44436700000000       -2.28011700000000       -2.17812500000000
H            3.34231000000000       -2.07625600000000       -0.16964300000000
H            3.66488300000000       -2.26918300000000       -2.49052000000000
48
 energy: -84.814534689554 xtb: 6.7.1 (edcfbbe)
C            5.47658853500701        1.13879829069496        0.71145519733499
O            4.89464566557535       -0.05081359187664        0.21633718003417
C            3.62341143600772        0.10128459405120       -0.29092196361986
O            2.74865685636666        0.34751640166764        0.79583845936225
C            1.36510443929333        0.45705735389356        0.52705092710729
C            0.73891487431985        0.71849456471214        1.91269863286245
O            0.12047883280896        1.98136535704390        2.02326459447694
C            0.85387724653545       -0.81716862082316       -0.17403601324301
O           -0.43737930487917       -0.72040841346909       -0.76373368179758
C           -1.50250648405820       -1.42076503849705       -0.18529487674649
O           -1.81652466847150       -1.02729293865449        1.11564614653234
C           -2.37195758873336        0.28607746362658        1.17970587600272
C           -2.70290489136462        0.60897423185339        2.64412342790160
O           -2.75375931128653        1.99886427567637        2.84562262605156
C           -3.61071818521645        0.45151852228350        0.29121519563855
O           -4.06987325454510        1.78130853886431        0.30367132195759
C           -3.24647924499133        0.08452666537578       -1.15147340313875
O           -4.36466719327291        0.12377374767136       -2.00415232912285
C           -2.69092442533174       -1.33809529869365       -1.15135840527369
O           -2.26073958678468       -1.75017058596211       -2.41799594116255
C            1.75495424827687       -1.10829376913678       -1.39249107664335
O            1.39088988374627       -2.31606132082897       -2.00908555377592
C            3.23680291037708       -1.18345404779174       -1.02777880512530
O            4.01790994311394       -1.28614551428455       -2.18426491612057
H            4.91283765298310        1.52788379069346        1.56344747345927
H            5.52583971716625        1.90289099524788       -0.07251101568871
H            6.48195194694348        0.86945230869377        1.02574228831975
H            3.57306244717354        0.95156780447065       -1.00427869084116
H            1.17110437248344        1.31220264531547       -0.14364549997367
H            1.54379264228088        0.61646225610441        2.64964831542721
H           -0.02453673233319       -0.02701019626200        2.12839460846347
H            0.79555503142777        2.66255781110263        1.92232101482965
H            0.89278746192124       -1.66094893053344        0.52614763862500
H           -1.21646183357766       -2.48266925917362       -0.07032372844806
H           -1.62796092143660        1.01245135977319        0.82060041535673
H           -1.95951297497689        0.13597156629182        3.29471126948469
H           -3.68775840763098        0.21604204259016        2.90827697630939
H           -1.85878485431292        2.34276034065744        2.70312442058755
H           -4.40772995445311       -0.23035400793359        0.63587365634630
H           -3.94196691316947        2.14169262822937        1.19564717431751
H           -2.46961925153733        0.77631001956752       -1.51225609000684
H           -4.83558082432480        0.94406953882780       -1.81239505826510
H           -3.47815717185302       -2.01329005583151       -0.77649357618893
H           -2.93252265146620       -1.45513728094773       -3.04714855083467
H            1.61761416373037       -0.27401844931974       -2.10163616737688
H            0.44759011109593       -2.26127998302663       -2.21967667775174
H            3.41266700357695       -2.03458559248792       -0.35457695515874
H            3.67199020112048       -2.03391623135508       -2.68955284968342
48
 energy: -84.814429584917 xtb: 6.7.1 (edcfbbe)
C            5.37072347534440        1.29431189852601        0.65805618305015
O            4.85242026073212        0.09539676235280        0.11750238164483
C            3.55027695508559        0.18039060169221       -0.32317033786994
O            2.71308034149843        0.29495769149778        0.81294865728579
C            1.31298534046034        0.32072216011422        0.61294913637497
C            0.74304535249650        0.43612692215657        2.04016548417528
O            0.28677712934957        1.73627075149443        2.34291748000008
C            0.84992335982803       -0.92806178254225       -0.16424689760009
O           -0.45457381734097       -0.86560149539590       -0.72772766127714
C           -1.54111794773984       -1.48150554398074       -0.09827562704519
O           -1.85516226889858       -0.99163906590772        1.16908860639091
C           -2.33947244747978        0.34988161759194        1.15482625073482
C           -2.69603374891945        0.75636635843170        2.59394861151627
O           -2.63480549682711        2.15155268798954        2.74497769405700
C           -3.54323710408320        0.53866571919060        0.22442664025367
O           -3.90531304689188        1.89569143212274        0.14033525677660
C           -3.18568239983624        0.04830586294945       -1.18259589892256
O           -4.29021279634095        0.09700242237587       -2.05254412285087
C           -2.72058801010409       -1.40380368930477       -1.07741031648902
O           -2.31243765331106       -1.92641716600044       -2.30963193154821
C            1.72517474627580       -1.09589093526061       -1.42305537634402
O            1.41978153792243       -2.29429734844661       -2.08690833170476
C            3.22203823833582       -1.08649252204354       -1.11664383745732
O            3.95997042866661       -1.07314595541968       -2.30541897353796
H            4.83043809052282        1.58449861027119        1.56327281254252
H            5.31622165798775        2.10713148407672       -0.07497121669299
H            6.41026995349544        1.08642456403515        0.89957960435179
H            3.40411712322568        1.06402544094040       -0.98068837934862
H            1.03000294967927        1.20850075448348        0.02055494761513
H            1.54090200649394        0.13514573554990        2.72856083616238
H           -0.10233389077441       -0.23592560466118        2.17216777521764
H            1.04436838647572        2.33243669877231        2.32592267955006
H            0.94731282466667       -1.81520982739852        0.47614868588635
H           -1.29828073477574       -2.54359537509482        0.08899986791186
H           -1.54473061463551        1.01827891879715        0.78999806179268
H           -2.02047900747478        0.24766799740110        3.28875862753722
H           -3.72025333726550        0.45710310043573        2.83020733395287
H           -1.70033177899660        2.40235081846256        2.69370272007940
H           -4.39310398023466       -0.06069005602282        0.59533425358551
H           -3.78453726158564        2.29986669816858        1.01361309127627
H           -2.36262222179803        0.66231666843730       -1.57939731633470
H           -4.70620252214167        0.95935364835465       -1.93175178269251
H           -3.54800014338674       -2.00226714867918       -0.66166788666947
H           -2.96565210903816       -1.63863098649598       -2.96142405540928
H            1.50501388826782       -0.23923197807037       -2.08312116219322
H            0.46351935612364       -2.30514141046008       -2.23747137760689
H            3.48211649291822       -1.95799188298142       -0.49897691064833
H            3.64468542774982       -1.81520828643578       -2.83838124658622
48
 energy: -84.813585114717 xtb: 6.7.1 (edcfbbe)
C            5.24447898179152        1.43144427172435        0.64732888004568
O            4.78671793561510        0.23437832331362        0.05116971782349
C            3.46340278299869        0.25384365943995       -0.32995015731175
O            2.67142239286629        0.23093614539977        0.84263229744858
C            1.26450529379079        0.18891656416323        0.69422526098125
C            0.75286757883464        0.17760243891098        2.14571894426808
O            0.44470994567973        1.47423990044940        2.60697874672022
C            0.84004420939718       -1.02395219635386       -0.15854913323922
O           -0.47831122321228       -1.00012424181074       -0.69230082384167
C           -1.57771293583546       -1.53839169967293       -0.01719373760129
O           -1.88854753278737       -0.95783816206998        1.21170029000460
C           -2.29255878604912        0.40494335419676        1.11843051315707
C           -2.64608218609612        0.90556671365357        2.52982621549903
O           -2.43235787092085        2.28922873940281        2.63639938292691
C           -3.46733829583590        0.61081351295990        0.15533873570134
O           -3.72998093414036        1.98125700485351       -0.02657073950730
C           -3.13286876701827       -0.00064929710815       -1.20950136955167
O           -4.22892837002685        0.05174042538593       -2.09005042660232
C           -2.75459975453910       -1.46832051273001       -1.00247263507595
O           -2.38304261367028       -2.09476326162185       -2.19650181215019
C            1.68131549459488       -1.06755226350998       -1.44944216495752
O            1.42858064841652       -2.24569710792351       -2.16813055146292
C            3.18563767180065       -0.97878356035692       -1.19322027321888
O            3.87422767235049       -0.84208963599404       -2.40333406423238
H            4.72229596807217        1.62868222509086        1.58759329758989
H            5.10698694986638        2.28133220999986       -0.03078713383593
H            6.30419694491071        1.28205969275069        0.83903055407235
H            3.22671201703515        1.16605236201440       -0.91839010416710
H            0.91563706851908        1.10163434790501        0.17887084926776
H            1.53770752088962       -0.27717596474474        2.76065619067252
H           -0.15373159871138       -0.41598104876978        2.23765990248700
H            1.26116200785988        1.98727844223627        2.61637648052248
H            0.99895944850708       -1.94612682934503        0.41947928075713
H           -1.37283333414389       -2.59394479196470        0.23694927061253
H           -1.45291338992848        1.00570190987255        0.73680749563742
H           -2.05284816464254        0.35091526144261        3.26274363571669
H           -3.70422866317778        0.72997521481558        2.74049293851591
H           -1.47427891508110        2.42677757560476        2.67233012810171
H           -4.36169077547846        0.09966027094198        0.55265168867081
H           -3.60364006827981        2.43374852591898        0.82053183567975
H           -2.27311265207438        0.53352517365327       -1.64203125142455
H           -4.58617988914013        0.94695694639012       -2.04358806023744
H           -3.61311298326937       -1.98737283758958       -0.54557217499084
H           -3.02240223432715       -1.81483923015972       -2.86542080433996
H            1.38588889635560       -0.19229787719830       -2.05373690669279
H            0.46872158430254       -2.32149009336357       -2.26884641015805
H            3.52342874461545       -1.86861224652577       -0.64322040915866
H            3.59369515437186       -1.57321240638958       -2.96962834082574
48
 energy: -84.812336081119 xtb: 6.7.1 (edcfbbe)
C            5.14075955636667        1.55805486752934        0.66077766333120
O            4.71941065955685        0.36456005718119        0.03160031820563
C            3.38573038661332        0.33386875104332       -0.31037533993855
O            2.63216316692410        0.20367167139864        0.88043200167969
C            1.22383657557648        0.09347122362765        0.77106473180549
C            0.78271160832569       -0.06410083589076        2.23465264524260
O            0.72926056261672        1.18248324508186        2.88896667262037
C            0.82860280789075       -1.07382182652414       -0.15392209243905
O           -0.49759849986723       -1.08590088119963       -0.66833978051589
C           -1.60386452889488       -1.53969650463316        0.05484513795517
O           -1.90462216259498       -0.84590362492046        1.22536996843165
C           -2.28162995155982        0.51579072163758        1.03135980854583
C           -2.58640014885076        1.12042474863306        2.42010586059165
O           -1.91427669915015        2.32845146332408        2.63407312763706
C           -3.46640839356120        0.64738564367110        0.06686876977379
O           -3.72648274672421        1.99543445325955       -0.24507758299067
C           -3.14749991745145       -0.08031833686021       -1.24438438477649
O           -4.24796785120592       -0.08461774987181       -2.12038464164800
C           -2.78470785246806       -1.53249255239124       -0.92846178379833
O           -2.42958682088418       -2.24924337832390       -2.07531378486423
C            1.64184122362691       -1.01197032928050       -1.46124416700692
O            1.42980153291640       -2.16426855624788       -2.23257764139652
C            3.14582065532564       -0.86586025079826       -1.22932978389143
O            3.80198041021606       -0.63966185621941       -2.44377455070414
H            4.65205656081049        1.68840226668924        1.63043297428344
H            4.93046353691599        2.42747837327306        0.02775172929507
H            6.21418194879501        1.45698640667104        0.80103475250731
H            3.08384860750474        1.26199890581378       -0.84091752391845
H            0.81362565983206        1.02662502375872        0.34671347866814
H            1.50773335217499       -0.72600690264584        2.72280194410642
H           -0.20930490232124       -0.50215858479422        2.30868902674139
H            1.61060737786925        1.57255481133454        2.85004612133803
H            1.03764467017610       -2.02257471541141        0.36470160024118
H           -1.41855068906582       -2.57162724950630        0.40306563972369
H           -1.43904310082466        1.06733347365521        0.58761935594569
H           -2.32653705085856        0.37116717120442        3.17625484185422
H           -3.65495213951542        1.33718117691634        2.51421565838545
H           -0.97441459432532        2.13019673670070        2.78339848663526
H           -4.35904134014332        0.17984686879385        0.51723701973500
H           -3.59188040622047        2.53416616704759        0.54428434499002
H           -2.28428321715735        0.40790110198116       -1.72243798192427
H           -4.58841004531281        0.81765913799447       -2.15269815270438
H           -3.64645295038976       -2.00479361893854       -0.42876941945113
H           -3.07434935025835       -2.01632615649306       -2.75704958241261
H            1.29354131173692       -0.12303226839824       -2.01539909463536
H            0.47326222704717       -2.29736072358240       -2.29543405403517
H            3.53456982064928       -1.76499301401147       -0.73009361872598
H            3.54481210681531       -1.35636861484968       -3.03889566484438
48
 energy: -84.811385818271 xtb: 6.7.1 (edcfbbe)
C            5.06570575354657        1.59558481201679        0.75843292661280
O            4.66618303113095        0.44841245581907        0.03581163033999
C            3.32436501269008        0.39812465357239       -0.27034333207691
O            2.61320034317742        0.13577684902509        0.92413024256138
C            1.20517577036459       -0.00666848307364        0.84196384353289
C            0.82036390988492       -0.30301393975436        2.29995073320485
O            0.90053453739930        0.86257725285543        3.08522513760361
C            0.82328837631352       -1.11091620402691       -0.16066991430000
O           -0.51297087790198       -1.15543819059037       -0.64914237394980
C           -1.61082773224030       -1.52716267763035        0.12938633020615
O           -1.87776913581069       -0.71584796450588        1.23069220668633
C           -2.23671769339810        0.62860745906798        0.91719859916634
C           -2.46609306272115        1.36197440614007        2.25781345482343
O           -1.49610766742075        2.33216310456122        2.52073867486262
C           -3.45934249945972        0.67543322495744       -0.00910661021030
O           -3.72779245932415        1.98225298657771       -0.46086329428455
C           -3.18979697279130       -0.18191668971145       -1.25246555486441
O           -4.32194601798432       -0.26486514148785       -2.08283661687559
C           -2.81653116613251       -1.60048417973353       -0.81989285323507
O           -2.49563632947945       -2.41422612608373       -1.91017273353633
C            1.59542491656836       -0.92229755725230       -1.48074287083212
O            1.41087973143009       -2.02682615740582       -2.32542594123634
C            3.09926078415201       -0.72606755994914       -1.28356236118029
O            3.70017555626079       -0.36466711084054       -2.49400146696701
H            4.60511455820847        1.62011694216487        1.74997082612830
H            4.80488618517942        2.50992133227357        0.21397651114794
H            6.14594983719520        1.52256097928504        0.85764850579884
H            2.97371724907539        1.35677950445671       -0.70824359981125
H            0.76051500002632        0.94756417552379        0.51296458321884
H            1.51296708101243       -1.06737148455409        2.67232472186140
H           -0.20157584319658       -0.66471806854516        2.38260771316146
H            1.79744116277278        1.20884104539198        3.00194134400651
H            1.08672801682639       -2.08521343067801        0.28217536090477
H           -1.43011964289880       -2.52280255072888        0.57277299132936
H           -1.40761105714296        1.11790966781318        0.38461269193172
H           -2.50942232514255        0.60161704228077        3.04631336264467
H           -3.42635042027926        1.88783233943898        2.24192041327159
H           -0.66399090206300        1.89429666435733        2.77512357926734
H           -4.33646853044576        0.26639019410740        0.52048424025618
H           -3.55311285223771        2.61093818573988        0.24921861023438
H           -2.34498767251803        0.25632625458429       -1.80631861845890
H           -4.65778115273487        0.63258821917794       -2.19639729806226
H           -3.66428671679939       -2.02412615528630       -0.25646750610418
H           -3.16781420168651       -2.24973908734753       -2.58537263039366
H            1.19379039690283       -0.01325824630428       -1.96192007759762
H            0.46238585223710       -2.21638604404862       -2.34925849237416
H            3.54369691908052       -1.64676748231818       -0.87943225881827
H            3.46330391236776       -1.04381328113933       -3.13927977815452
48
 energy: -84.810670904522 xtb: 6.7.1 (edcfbbe)
C            4.97524466166175        1.65483588159135        0.83695593572334
O            4.61161973633799        0.54187531039932        0.04498273758180
C            3.26539545604006        0.44640851165745       -0.22886049981891
O            2.60264668471654        0.05771258172363        0.95867979613609
C            1.19763882459018       -0.12278085000710        0.89736775733713
C            0.85969220125558       -0.54930734512117        2.33553435533324
O            0.96685652173369        0.54441006578297        3.21391493984261
C            0.82769184301187       -1.15922490919494       -0.17816749045827
O           -0.51909794103824       -1.22205374101862       -0.63860117331158
C           -1.60154866795364       -1.50153549983456        0.19593113682220
O           -1.81642806821616       -0.58112137276969        1.22115098541642
C           -2.16844261318015        0.73509010764274        0.80093634941054
C           -2.32445739762402        1.57225939411149        2.08728029153758
O           -1.17054205256168        2.28366045506795        2.41847176820936
C           -3.43273904765689        0.71355121507158       -0.07096569085712
O           -3.71281184359802        1.96867201422904       -0.64548583249084
C           -3.21840350236570       -0.25716612846625       -1.24006185012136
O           -4.38229560424368       -0.40014494373252       -2.01650202752942
C           -2.84098640780162       -1.63747274863349       -0.70149693779856
O           -2.57194602774463       -2.54435866666716       -1.72988638779529
C            1.56233726658700       -0.85414675915646       -1.49709401944728
O            1.40382358701148       -1.90934709964666       -2.40819799438807
C            3.06197358080477       -0.60919041437299       -1.31784642332900
O            3.61771628922036       -0.13626861819657       -2.51127187029933
H            4.54221924877969        1.58737653250841        1.83889512606241
H            4.65441326244444        2.59032693909023        0.36532658543359
H            6.06020289750668        1.63004756950256        0.90378239520762
H            2.85536803951375        1.41637211880851       -0.58205590379040
H            0.71795727668018        0.84018565227221        0.66017484275527
H            1.56244085302828       -1.34264879040858        2.61793660867620
H           -0.16144323912050       -0.91213315379353        2.42230593609909
H            1.85837777766231        0.90324139089415        3.12291947150259
H            1.13405818661926       -2.15324555705102        0.18787264660778
H           -1.42749802476967       -2.45534138045657        0.72527671266910
H           -1.35954454765304        1.16431322884519        0.19104732841122
H           -2.63029093685872        0.89024108622225        2.88986196837028
H           -3.11062946254107        2.32322037945086        1.95560666932141
H           -0.49005488892383        1.67300830262203        2.75607069206927
H           -4.28856321251455        0.36665340299228        0.53192366180148
H           -3.60235707130842        2.66256759939089        0.01424257197075
H           -2.39249707824480        0.12210050537871       -1.86176636970345
H           -4.70805989597598        0.48794175691243       -2.20714029143468
H           -3.67142798252750       -1.99992986624571       -0.07289620909491
H           -3.26920829266067       -2.42959438923461       -2.38986013144228
H            1.11567234275441        0.06688972926063       -1.91156147548559
H            0.46699137670177       -2.14939136011844       -2.41092749060652
H            3.55272811885979       -1.53728805056483       -0.99207734256141
H            3.39820873133143       -0.77927414474798       -3.19824281473928
48
 energy: -84.810116079806 xtb: 6.7.1 (edcfbbe)
C            4.92680441573540        1.65118903992816        0.92808400221866
O            4.57051594992950        0.59437281196779        0.05935994891153
C            3.21965317720955        0.48215896298150       -0.18370952744509
O            2.60227263971051       -0.02430973912757        0.98368870147045
C            1.19912219094970       -0.22367539893557        0.93706786132583
C            0.88933895907104       -0.74727532395478        2.34958559990351
O            0.97677528468293        0.29312142380431        3.29114259994232
C            0.83449914430453       -1.19336150370059       -0.19953641157887
O           -0.52583838878186       -1.28663348715238       -0.61786537442153
C           -1.58289367440954       -1.47961214196628        0.26979568655380
O           -1.74891174865297       -0.46402361763274        1.21261850987474
C           -2.09285253955304        0.81424360732998        0.68428427665134
C           -2.18259092117798        1.76048433030881        1.89560047931726
O           -0.93517802752447        2.21894379658555        2.31906528717239
C           -3.39570198262056        0.73326090637478       -0.12786994225185
O           -3.69796215930580        1.93207855766920       -0.80245191164445
C           -3.23148531163659       -0.33594212533402       -1.21634556223257
O           -4.42224879782532       -0.52772889048045       -1.93960975984098
C           -2.85434969731649       -1.67042315130734       -0.57227154432755
O           -2.63578015767056       -2.66775891210959       -1.52545844164708
C            1.51634634684236       -0.76405948261019       -1.51073653976839
O            1.36483403638872       -1.75151552880069       -2.49643060975661
C            3.01274419670825       -0.48297938291656       -1.35357837225215
O            3.51514843460446        0.10876262909409       -2.51746657171166
H            4.52263020751926        1.49300954941226        1.93186368019233
H            4.56912513138007        2.61154306297166        0.54032632019744
H            6.01346764183941        1.65137462316837        0.96555965763228
H            2.77276154814037        1.46574049329131       -0.44163888691149
H            0.70177272597596        0.74441205725154        0.77295336088425
H            1.61452238366374       -1.53873075665369        2.57603588638483
H           -0.12150380618666       -1.13883188901944        2.42810447090145
H            1.85608572467529        0.68364772625576        3.21182379744141
H            1.19269834378281       -2.19676152834722        0.08519644712512
H           -1.40950935911751       -2.38780924490621        0.87308855593713
H           -1.30196857540441        1.16954137059106        0.00694363057457
H           -2.71557757328830        1.23208289863097        2.69609544721622
H           -2.74848832858273        2.65755960059512        1.62554241321810
H           -0.43128649783975        1.49185296038069        2.72835946222086
H           -4.22478962625277        0.44320176151721        0.53799477278947
H           -3.74609171789338        2.66018992610408       -0.17393518159596
H           -2.42261314370287       -0.02257056101765       -1.89411126678682
H           -4.73536505844475        0.34465450681927       -2.20820933241987
H           -3.66804455777213       -1.96196996905948        0.11296366094666
H           -3.35365830007095       -2.59849247764126       -2.16947583400966
H            1.02953903491471        0.17066311484118       -1.84170385550167
H            0.44345084590043       -2.04286678012503       -2.47301271978529
H            3.54225359710696       -1.41839918321415       -1.12395401318768
H            3.29832894665209       -0.48236269692706       -3.25028982128815
48
 energy: -84.809158712953 xtb: 6.7.1 (edcfbbe)
C            4.91973924575426        1.58702112069272        1.01478478818846
O            4.54302818800456        0.61222038629937        0.06261335210510
C            3.18543554156908        0.50706193227935       -0.14310646270051
O            2.61037718835469       -0.10569441593513        0.99478309783032
C            1.20623839002663       -0.30203080189385        0.96506394554663
C            0.90935577041667       -0.87404260855229        2.36045958544526
O            0.96650926164339        0.14435073912479        3.32752197326004
C            0.83698464071994       -1.20827563273439       -0.22089124087841
O           -0.53603149549019       -1.35053122870098       -0.58707058866765
C           -1.56581275218003       -1.47415692932091        0.34193021002418
O           -1.70505690857981       -0.38733877584171        1.20753434493586
C           -2.03108921720453        0.85133535412505        0.58644988102389
C           -2.07307407834531        1.88750413226883        1.72248837966207
O           -0.80588924493217        2.18677152302863        2.22413178816841
C           -3.35577046060041        0.73334272808971       -0.18429386774432
O           -3.66211004029243        1.88485042269617       -0.93564878385018
C           -3.23305561903371       -0.41770255630927       -1.19204699185600
O           -4.44377006304924       -0.64408370662056       -1.87080623240545
C           -2.86103061048841       -1.70627142033675       -0.45578290696808
O           -2.68239495655849       -2.77681960041159       -1.33471533738404
C            1.45207313595786       -0.65484512225720       -1.51658217825809
O            1.28574367254737       -1.56090647521130       -2.57560255221567
C            2.94768842523779       -0.35098233365686       -1.38889027888561
O            3.39196639651544        0.35746064288974       -2.51063826046405
H            4.55348686101415        1.32866588587282        2.01227685652643
H            4.53821634757880        2.57468258863814        0.73271778667631
H            6.00699418512074        1.59845328125003        1.01400257301260
H            2.72200228586411        1.50477831399784       -0.29749319787507
H            0.71096556032282        0.67430094686498        0.85050288016670
H            1.65387594305338       -1.65293098921347        2.56747416020095
H           -0.09072224101072       -1.29264089911178        2.43065196271602
H            1.83500915956662        0.56049546852291        3.26195282746996
H            1.25388086735479       -2.20932394129776       -0.01943155928643
H           -1.39096804160778       -2.34074962501235        1.00102560047162
H           -1.24677027144852        1.13229389937814       -0.13237668027178
H           -2.73789908408535        1.50582636927557        2.50871767632947
H           -2.47024625807838        2.83394306089935        1.34303096209392
H           -0.43764942328535        1.41154365276934        2.68392127262015
H           -4.16930664040270        0.50307362356184        0.52236721855713
H           -3.75909188570383        2.64221814457831       -0.34925375253250
H           -2.43647726206099       -0.17014126805088       -1.91022240848542
H           -4.74670399884606        0.20949392114379       -2.20393502411419
H           -3.66282834800525       -1.93015845754808        0.26804939056803
H           -3.41452434928373       -2.74462367909960       -1.96541496030482
H            0.93299160296889        0.29188860753337       -1.75175971236467
H            0.38492408855841       -1.90617606873752       -2.52079046426027
H            3.50429627672964       -1.29100266790677       -1.26763925192414
H            3.16649117294061       -0.17215159607303       -3.28657678721970
48
 energy: -84.807454500075 xtb: 6.7.1 (edcfbbe)
C            4.93527759566109        1.49080007286576        1.09103460112964
O            4.52513703431850        0.61617181251947        0.05860716216289
C            3.16067940477586        0.52560332556219       -0.10447118859104
O            2.62557697299067       -0.18393631260537        0.99600975060527
C            1.21914826838268       -0.36738365765453        0.98863095859475
C            0.93437674647728       -0.96911279344895        2.37260647020875
O            1.00295832070353        0.03448860734844        3.35370301233892
C            0.83503706817541       -1.20727789986012       -0.24029089673748
O           -0.54597825266669       -1.40527179637646       -0.55456696975982
C           -1.54954913699753       -1.46805938134624        0.40669221408076
O           -1.67722903327409       -0.32353151176972        1.19670463980932
C           -1.98678464371526        0.87319991312749        0.49470990605518
C           -1.99576161456658        1.98094811318928        1.56126735463742
O           -0.73590689929543        2.18173120359487        2.12885275631337
C           -3.32382594918361        0.72352224929029       -0.24759725245117
O           -3.62541599857638        1.82537226885231       -1.07202392404616
C           -3.23380883059080       -0.49968346757016       -1.17049255233871
O           -4.45991203403339       -0.75779767829435       -1.80930429498258
C           -2.86502886897042       -1.73821398868899       -0.34911431310607
O           -2.72273572206573       -2.87221638769830       -1.15038670041822
C            1.38117138391893       -0.53638315873891       -1.50970003951838
O            1.18737698415854       -1.35611518269216       -2.63309585796127
C            2.87713393358792       -0.21725415802065       -1.41371359305683
O            3.26516268363762        0.60005872376467       -2.48103952150237
H            4.61740049732676        1.12267517971919        2.07042477938065
H            4.53098545773737        2.49675908198399        0.93252845787262
H            6.02118047630920        1.51856658185060        1.04359450795087
H            2.69254897067579        1.53212824950801       -0.15306064509914
H            0.73494454123435        0.61928905197981        0.91791741436229
H            1.67690148620782       -1.75514468254399        2.55894592860122
H           -0.06652389170082       -1.38351637037854        2.44847368911313
H            1.87293519851726        0.44748799649880        3.28928723147474
H            1.30571935425562       -2.19796369147721       -0.12568591717024
H           -1.37020031102780       -2.29304630942677        1.11340343622646
H           -1.20469207000598        1.08844742730770       -0.24872168807440
H           -2.74008131416100        1.71900608548369        2.32538782232274
H           -2.26883271612626        2.93476119120622        1.10069548448179
H           -0.47047110992233        1.39070340437176        2.62719264146644
H           -4.12894317142468        0.55532170267648        0.48564487344547
H           -3.72539408781397        2.61733079422531       -0.53405913111067
H           -2.44818259452365       -0.31609089599638       -1.91909690763686
H           -4.75820816205956        0.07304657681588       -2.19928317864304
H           -3.65447267964669       -1.89460895529199        0.40554843929787
H           -3.46542279656990       -2.87158080185313       -1.76953217202621
H            0.83896696089406        0.41677922724703       -1.64791912703376
H            0.31006736206658       -1.75257445094602       -2.55274716421972
H            3.44981662746457       -1.15533941275029       -1.40448727945176
H            3.02285951710461        0.13790004879599       -3.29399018656251
48
 energy: -84.805406531676 xtb: 6.7.1 (edcfbbe)
C            5.01998556759643        1.36453298070836        1.15137575877668
O            4.53648396515994        0.57900120567558        0.07937449857221
C            3.16466108455366        0.53698455493666       -0.02854618885407
O            2.65771217910225       -0.27086687746938        1.01695029833593
C            1.24557668824216       -0.40473782918940        1.05193748297435
C            0.97902268431374       -1.12353202333388        2.38475180803168
O            1.57406910406088       -0.42232887814573        3.44030074986458
C            0.81927436655047       -1.14619250453732       -0.22432862033303
O           -0.56304009437009       -1.39556965816002       -0.49454659460871
C           -1.54634575534830       -1.40037902475290        0.48773136840302
O           -1.67905144711989       -0.19279622660341        1.18189299213798
C           -2.00966784032134        0.93100615046966        0.37228481621918
C           -2.05353293429888        2.13225792326071        1.32957572219236
O           -0.83181766903994        2.32916500928009        1.97879586909887
C           -3.34119683950321        0.70082308214349       -0.36013025780448
O           -3.63818029363566        1.71851967758872       -1.28774396519803
C           -3.25064627615847       -0.60607586875584       -1.15894741763243
O           -4.48008437022728       -0.93193575476560       -1.75849144034943
C           -2.86951662774746       -1.75214185057388       -0.21809569099770
O           -2.73161957016012       -2.96336358005213       -0.89640249037658
C            1.30021134720326       -0.35303798077149       -1.44901972910032
O            1.04072124930852       -1.05497051273089       -2.63774109331723
C            2.80438747985940       -0.05976930353463       -1.39327734130215
O            3.15678541664118        0.86128201757539       -2.38579121882537
H            4.74695926841675        0.93086491666822        2.11751476530876
H            4.63088052148859        2.38673494508902        1.09116905165900
H            6.10224512607885        1.37562963657386        1.04671313914640
H            2.72135133553558        1.55234349762243        0.04818057245937
H            0.79537526810407        0.59994648424088        1.07444388932223
H            1.37944259897217       -2.14494696461992        2.31821195745361
H           -0.08447737512001       -1.15670624503195        2.61208780597630
H            2.49041508559477       -0.25462808510983        3.18428279807043
H            1.33127192299281       -2.12263312219166       -0.21488535933701
H           -1.34008520302708       -2.15915478079448        1.25599255674034
H           -1.22356614674367        1.09115251123604       -0.37984853566301
H           -2.86401180222531        1.97341759669892        2.05467077064147
H           -2.24312946487695        3.04987876358006        0.76700019038843
H           -0.64276543666742        1.55186814080523        2.52063896599241
H           -4.15015824961656        0.60339498955309        0.38168990090621
H           -3.76545037610874        2.55424463178609       -0.82750215510934
H           -2.47162136208453       -0.49385927569631       -1.92773775556168
H           -4.77936080740003       -0.15111866870527       -2.24017301487841
H           -3.64885916372861       -1.83044441238550        0.55898101250606
H           -3.48153885636817       -3.03184837668706       -1.50280613276778
H            0.76619033375672        0.61457693431901       -1.46698087905341
H            0.19230188936433       -1.50361677571784       -2.52816069710080
H            3.36083403636320       -1.00066832174945       -1.51069446860753
H            2.87356639827880        0.48969319300552       -3.23121466592460
48
 energy: -84.803519608829 xtb: 6.7.1 (edcfbbe)
C            5.05195653248584        1.32945134281687        1.17890120670586
O            4.53479510644024        0.58720229695704        0.09145356208954
C            3.16061810543637        0.54523141571950        0.02710812998717
O            2.69530771872641       -0.34770718896317        1.02291378300747
C            1.28653030459459       -0.49003352157899        1.10051579272311
C            1.06017525453203       -1.31744699124997        2.37873695545589
O            1.80132001426146       -0.79459230000373        3.44363026398942
C            0.81932662223351       -1.13188093281378       -0.21457396548960
O           -0.56621550113667       -1.40707999326638       -0.44538726117114
C           -1.53833662844448       -1.33796169385953        0.54573603699977
O           -1.66623423150372       -0.08251036481637        1.15074233421638
C           -2.01905465917856        0.97893864926467        0.26867295441984
C           -2.05927673026345        2.24427583749994        1.13987191070969
O           -0.84975452174577        2.45059828750808        1.80952784556565
C           -3.35844206817491        0.68945377004453       -0.42624800384867
O           -3.67626094133812        1.63974864810962       -1.41635353314619
C           -3.26777692260771       -0.66857050428787       -1.13428700622670
O           -4.50136510618910       -1.04276330643974       -1.69535184498495
C           -2.86823792791877       -1.74313339983525       -0.11961362719243
O           -2.73032633890757       -2.99876995742970       -0.71167029412668
C            1.24764012970085       -0.23687135985832       -1.38778389593963
O            0.93775357511506       -0.84005564887191       -2.61887778111154
C            2.75288143534330        0.05458988794879       -1.36634107418923
O            3.06884447230507        1.05106545949476       -2.29627173750722
H            4.77290053923167        0.88155215770549        2.13663493932766
H            4.69543004403343        2.36463856095770        1.14654264214224
H            6.13298070325034        1.30863778821641        1.06444339731009
H            2.71502328324413        1.54721833008520        0.19917354897182
H            0.83451692043199        0.50769842224530        1.21482045528716
H            1.34560946523745       -2.36075766512829        2.17946069612323
H            0.01815477371034       -1.27344087056070        2.69271563785266
H            2.70197294717778       -0.66085342678519        3.11954107080315
H            1.34707369376928       -2.09521555606830       -0.30591725560429
H           -1.32841472992051       -2.03809404481899        1.36472329103082
H           -1.24537911955112        1.09197305380796       -0.50385292410762
H           -2.89130186329934        2.15596770133404        1.85302756461929
H           -2.20915603936825        3.12612330404639        0.51231678116745
H           -0.69225873637506        1.68892158738292        2.38194137235981
H           -4.15625414662650        0.63698588272441        0.33196443158970
H           -3.81063658771008        2.50248228703372       -1.01135056659387
H           -2.49846753873859       -0.60485073903488       -1.91829489080192
H           -4.81127412535973       -0.29929083335732       -2.22682878034574
H           -3.63886156999325       -1.77084296640865        0.66965529865552
H           -3.48565840764885       -3.11434842827443       -1.30392841910104
H            0.71766235498716        0.72937236555784       -1.30652212740131
H            0.11410644385258       -1.33031076557448       -2.49910096886539
H            3.30545443073888       -0.87255491040814       -1.57620996447115
H            2.75091052157181        0.74780625750607       -3.15652296249531
48
 energy: -84.801896114956 xtb: 6.7.1 (edcfbbe)
C            5.06504829411500        1.30588638165725        1.23367429620982
O            4.52782660546518        0.63476286540053        0.11037729788857
C            3.15313654844015        0.56705977067812        0.08524720189451
O            2.74356158246454       -0.41079693058946        1.02404319308415
C            1.34646670451705       -0.61960873696836        1.14396585677007
C            1.23170953548729       -1.60489271403676        2.32336007778368
O            1.98914707731333       -1.16340892662013        3.41250914751589
C            0.82828209433880       -1.13853098578103       -0.20530778833760
O           -0.56479120048235       -1.41089530123739       -0.39685200527331
C           -1.52645219972882       -1.24395273137745        0.59492207250985
O           -1.63790319404086        0.06087734416292        1.08942560606779
C           -2.04775676140929        1.04497054435479        0.14275248740237
C           -2.09455990230951        2.36731171825357        0.92425039562682
O           -0.87568105904783        2.63640757970398        1.55311985552018
C           -3.39854680226844        0.68032034825374       -0.49110420339979
O           -3.75530099612297        1.54685318297166       -1.54278399274612
C           -3.30037841163743       -0.72623444973256       -1.09485933617987
O           -4.53789835520565       -1.16073070724145       -1.60058155883012
C           -2.86727839146200       -1.70917722274609       -0.00472984763082
O           -2.73474126854221       -3.00988152027849       -0.48976197688837
C            1.20503512739629       -0.13208191868993       -1.30629449105593
O            0.83722524095246       -0.61789969534129       -2.57296987729174
C            2.70733324930614        0.17023058352935       -1.32526142985204
O            2.97809827738710        1.23302582749268       -2.19349131077488
H            4.81838878437050        0.78722430644531        2.16429254221516
H            4.69451378658531        2.33548953369273        1.28422779700418
H            6.14275411814066        1.30908768893023        1.08937196403013
H            2.69294911945732        1.54265304924667        0.34625868755006
H            0.85611557257308        0.33371911313953        1.39510821751883
H            1.57177228397784       -2.59430962473165        1.98565801912217
H            0.20704653836441       -1.67695145313753        2.68516385561692
H            2.86679295216595       -0.94426111159587        3.07286984782920
H            1.34816249566771       -2.08603462295783       -0.41492958501424
H           -1.30743733588023       -1.86230962529413        1.47400977602531
H           -1.30270179873185        1.12170273943930       -0.66128052050206
H           -2.90982930552605        2.31354263161430        1.66056993354390
H           -2.27326862202089        3.20241516218934        0.24292753717234
H           -0.68083742052865        1.89455217158974        2.13983635525059
H           -4.17795911657677        0.67414288515902        0.28787877381559
H           -3.88177922857971        2.43885015937910       -1.20401643772692
H           -2.54700334620108       -0.71358148132603       -1.89670127808873
H           -4.87063876444026       -0.46462287777258       -2.18021809748745
H           -3.61931116402076       -1.67348708861574        0.80239928245301
H           -3.49723377446880       -3.17560354848857       -1.06073209147490
H            0.68259360615563        0.82092575454954       -1.10914671737973
H            0.03402437192822       -1.14206085464779       -2.45653769527358
H            3.26126530286423       -0.73278366021009       -1.61932464954222
H            2.62004009411509        0.99208233554584       -3.05785218935362
48
 energy: -84.802575124977 xtb: 6.7.1 (edcfbbe)
C            4.98374987415186        1.38495892700693        1.37056679888290
O            4.47555148081112        0.78730842039164        0.19443402312536
C            3.10680086848894        0.64009481157228        0.16814041042883
O            2.76591080101419       -0.42094175649648        1.04222649891930
C            1.40125527371558       -0.79149606879628        1.12878458267311
C            1.44070815291942       -1.98186765815453        2.10701027163891
O            1.91785920402525       -1.58230322783697        3.35913942246983
C            0.85699512014943       -1.16231063281395       -0.25656003503869
O           -0.54528203748392       -1.42293617095877       -0.39310376207824
C           -1.46108653826935       -1.14185358498669        0.62015592756327
O           -1.52927571568355        0.21311683329773        0.97489331142862
C           -2.04841136043412        1.08934225290863       -0.02584699558589
C           -2.04183262055790        2.48658358927073        0.61260631189547
O           -0.77144205122323        2.82831313698508        1.08508212828857
C           -3.44632418519960        0.64976415571846       -0.48497373332946
O           -3.92561480547112        1.41329146099634       -1.56730484387392
C           -3.36898521349234       -0.80310510911106       -0.96951142416287
O           -4.63337304242578       -1.29826395868695       -1.33199665750423
C           -2.83212327090711       -1.67269395868985        0.16863316772256
O           -2.71090138268885       -3.01243802692375       -0.19864348225102
C            1.18486637162114       -0.03308688360943       -1.24899139868733
O            0.79371948069404       -0.38891011324917       -2.55305268968435
C            2.67701740933131        0.30822603907361       -1.26357964421611
O            2.91325307803480        1.42281276231228       -2.07397842195024
H            4.80468103281260        0.75496720853010        2.24634155259167
H            4.53138697399021        2.36932865161695        1.53339085442160
H            6.05354865170708        1.49394555668809        1.20925271040002
H            2.59302116925613        1.56927073205091        0.49223445516860
H            0.81423048847891        0.03704613193246        1.55287233805030
H            2.09147635549705       -2.74992878227385        1.66614795091650
H            0.45342160560073       -2.41140448347875        2.27311889825527
H            2.76429681907761       -1.14206670716459        3.21077731519816
H            1.35611457584823       -2.07948244646543       -0.59768789483273
H           -1.18783116064879       -1.64550588913899        1.55593159048091
H           -1.39038869365894        1.08728576899083       -0.90555529881159
H           -2.77933210758088        2.50559675745049        1.42878824683704
H           -2.30103605332119        3.24329691609848       -0.13140847236426
H           -0.49616867396792        2.13600133229287        1.69874024589530
H           -4.14502794848448        0.70048979583244        0.36542080242810
H           -4.05656646986145        2.32605803099283       -1.29185595409282
H           -2.68171607687137       -0.85508989856162       -1.82736016485223
H           -5.03006910717086       -0.65672369203385       -1.93411972817620
H           -3.52217151198915       -1.56980171236595        1.02432970743512
H           -3.50785616427119       -3.24021263713654       -0.69641962447565
H            0.65116934487840        0.88077539240453       -0.93640934213136
H            0.00265965165503       -0.93779348959122       -2.47427410007728
H            3.25727858984972       -0.56095368477749       -1.60609963511320
H            2.52184476878836        1.23329163842248       -2.93680327748924
48
 energy: -84.804128983316 xtb: 6.7.1 (edcfbbe)
C            5.03403070240852        1.27899068562521        1.43291164808648
O            4.48941130253753        0.78909694967816        0.22383337799907
C            3.12081555868160        0.64159947754058        0.23155800999450
O            2.80878275447179       -0.49363508612562        1.01996906427779
C            1.44677060119386       -0.86701490940397        1.10990477556089
C            1.48479997859849       -2.14122920772014        1.97486955058627
O            1.86830194912849       -1.85048462694000        3.28804790761695
C            0.86388574623137       -1.11919999975009       -0.28584452997365
O           -0.53270424856021       -1.41514398245288       -0.37613390209610
C           -1.41461417938504       -1.05978596629186        0.64720808062804
O           -1.48086206244412        0.32068954103756        0.88578994459488
C           -2.06440316581668        1.10316688306994       -0.15778747222490
C           -2.04901314090370        2.54722189419181        0.36639097808782
O           -0.76365675484373        2.93610652703951        0.75400747513960
C           -3.47480269483153        0.61039595468257       -0.50995973947026
O           -4.01390682599037        1.27330514209789       -1.62980663416914
C           -3.39985289444397       -0.87789158546577       -0.87299606137463
O           -4.67316165940610       -1.41467164123498       -1.12845752675825
C           -2.79584848290965       -1.64145239613961        0.30637643147669
O           -2.66989742762174       -3.00620734659271        0.04873646991684
C            1.14449788528825        0.10605639286604       -1.17120083861863
O            0.69587361569783       -0.11725805024749       -2.48769608851446
C            2.63719077671939        0.44653955827204       -1.20896089716797
O            2.84795202970503        1.63456451459117       -1.91512012624535
H            4.86254030018059        0.58078974712744        2.25689070909394
H            4.60185917930359        2.25333456395816        1.68678015571871
H            6.10170187139828        1.38484855012849        1.25680168604242
H            2.62032926392271        1.53731981507943        0.65637651657639
H            0.87505347228220       -0.07335215617152        1.61565385691772
H            2.19326745023189       -2.83548007739518        1.50274783194451
H            0.50844302081990       -2.62255045032930        2.03015386264978
H            2.71923404393810       -1.39750063703502        3.24380289623340
H            1.36281756789049       -1.99106678767668       -0.72827186312878
H           -1.09469997121946       -1.47706203614202        1.61029482460520
H           -1.45267814202383        1.03865624218809       -1.06786873396802
H           -2.75007250007221        2.62377553880858        1.21102853299296
H           -2.34978379451910        3.24116532674911       -0.42171859197592
H           -0.44660495796482        2.28534282868346        1.39244426070064
H           -4.13520207472335        0.72653319135832        0.36450921723984
H           -4.11402476083582        2.21119522405008       -1.43871208284293
H           -2.75449669640335       -0.99643572424368       -1.75640419084137
H           -5.10846784130565       -0.83062488492500       -1.76152533355889
H           -3.44692177043331       -1.47472108988264        1.18234591881183
H           -3.48486510918046       -3.28578493175844       -0.38979193444824
H            0.63014227457817        0.98397852353143       -0.74672511495024
H           -0.05809286999799       -0.71914085590619       -2.43505493718826
H            3.20204854658097       -0.38485498831467       -1.65543303855047
H            2.40888507913064        1.53787202477668       -2.77048142282809
48
 energy: -84.805568475468 xtb: 6.7.1 (edcfbbe)
C            5.14999417796475        1.09991499561246        1.43030266386204
O            4.52962220716509        0.73670635975931        0.21300396943678
C            3.16026659825577        0.61590995176999        0.28286395507228
O            2.86015509941727       -0.57679279422094        0.98677321469235
C            1.49183448282757       -0.91371279776602        1.10622153487989
C            1.49579485733101       -2.24128877159479        1.88460927042571
O            1.90641686059425       -2.05429987987632        3.20866788620910
C            0.85882396507186       -1.05510911435164       -0.28300354984710
O           -0.52860605461895       -1.38533866761726       -0.33038580253678
C           -1.39418148205589       -0.96394458957158        0.68493725974198
O           -1.48044951439506        0.42793277311452        0.82250384492199
C           -2.10178467119503        1.12707614914540       -0.25922317641882
C           -2.14037755384548        2.59815231885865        0.18503789248196
O           -0.87334129815266        3.05917473479029        0.55140101424930
C           -3.49896626206760        0.57148668894941       -0.56950688232209
O           -4.05124468677627        1.13226936128485       -1.73788363999270
C           -3.39738914501475       -0.93925760113159       -0.81334576884329
O           -4.66277229038716       -1.51685234703822       -1.01408703215557
C           -2.77036638277464       -1.59286983709149        0.41843256697530
O           -2.62593121400632       -2.97259552771588        0.27576144021587
C            1.10497479890505        0.23693297397612       -1.07492073017124
O            0.60177866666862        0.12172522620055       -2.38771690525703
C            2.60032025345462        0.56644240253587       -1.14343476365289
O            2.79703416901646        1.81688623403371       -1.73738546111683
H            5.00133344383819        0.33276159062685        2.19517549350252
H            4.75945334439503        2.05657864963008        1.79465570607729
H            6.20957204382960        1.19644094680456        1.20676181754246
H            2.70491937687624        1.48014239156409        0.81171972106940
H            0.96737747444573       -0.13158741267178        1.67817150656234
H            2.16981996147475       -2.92937996805874        1.35680697184364
H            0.50019364534378       -2.68451062907877        1.91967381793086
H            2.77568999750911       -1.63620805472276        3.18356735325168
H            1.34891692269232       -1.88415114225169       -0.80978214132956
H           -1.04439732014720       -1.30416224044553        1.66810806560558
H           -1.49506078166982        1.03627867954198       -1.17022918762553
H           -2.84645290961852        2.69467338920509        1.02364795305869
H           -2.46591720055916        3.23526674280177       -0.64038610765046
H           -0.53209307922868        2.46058742873093        1.22728045827622
H           -4.16363646720618        0.74218636131908        0.29299503477678
H           -4.16456594591698        2.08120890781761       -1.62401763929323
H           -2.75578469394193       -1.11770590421590       -1.68926459883186
H           -5.11240311700291       -0.99403067509719       -1.68917643465308
H           -3.41237689542335       -1.36201919893866        1.28643769208834
H           -3.43914909655401       -3.29945529972928       -0.13219735621084
H            0.61439408570483        1.08105221810893       -0.56469730673561
H           -0.09701612636034       -0.54520347286362       -2.37154734760994
H            3.13270554609004       -0.22174786831744       -1.69623808634274
H            2.31287314888777        1.81443198645096       -2.57360526643312
48
 energy: -84.806471989430 xtb: 6.7.1 (edcfbbe)
C            5.26462908067484        0.91332205863224        1.40142680625791
O            4.57053855197690        0.68014538193236        0.19175757287934
C            3.20409489520973        0.58193053292152        0.32698862072317
O            2.90895773566713       -0.65911153014870        0.94331949180643
C            1.53578092062001       -0.95319828828729        1.10355074478345
C            1.49739854127113       -2.32256231481687        1.80115956898167
O            1.97524824706652       -2.23941826132982        3.11374372279057
C            0.84725660648053       -0.98351785953607       -0.26660815502843
O           -0.53009465357200       -1.34201527807690       -0.26982060301068
C           -1.38681396921044       -0.85877936209748        0.72839001665703
O           -1.50196646313153        0.53491439208828        0.77374916522782
C           -2.15012486020094        1.15519172515699       -0.34084938792386
C           -2.26405385573163        2.64055179518284        0.04086323586168
O           -1.02422881044753        3.18879597642934        0.37671733879541
C           -3.52269525651226        0.53107288297002       -0.63365511245156
O           -4.06603344337000        0.98719478565224       -1.85123941292314
C           -3.38239762099342       -0.99054253476040       -0.76041470644380
O           -4.63268811254626       -1.61120145840840       -0.92786258800954
C           -2.75240691477381       -1.53186443658556        0.52286831177252
O           -2.58519492789784       -2.91579551577684        0.49510746173557
C            1.07339527120531        0.35599294993209       -0.97514553259293
O            0.52770685759494        0.33554110841922       -2.27886253346063
C            2.57239241060926        0.67476045126292       -1.06760626134634
O            2.76333311053439        1.97518056497800       -1.54557708619216
H            5.13891903753618        0.07908136407822        2.09719832343180
H            4.91749928365794        1.83803649095143        1.87612383813367
H            6.31265624889787        1.01086691615553        1.12897227611051
H            2.79999262131592        1.40625314854457        0.95280964703320
H            1.06931655580584       -0.18440107638742        1.74080712413722
H            2.10434326665761       -3.01670044831248        1.20465151052186
H            0.47716608381475       -2.70441816658715        1.85544258056977
H            2.86622601856585       -1.87114598533488        3.07262885491656
H            1.31853506766291       -1.77291792576701       -0.86756196360212
H           -1.01394684177446       -1.12518083586731        1.72637473158904
H           -1.53238893259086        1.05622647839936       -1.24347306445543
H           -2.97052754933924        2.73397655344237        0.87983798377571
H           -2.63012059363826        3.22277868759191       -0.80796885951464
H           -0.64692832400651        2.64575188943781        1.07953415392154
H           -4.21105647875196        0.74712517755575        0.20001877111780
H           -4.18876221944765        1.94128354797905       -1.81773995936509
H           -2.72708915921410       -1.22099517950286       -1.61341370592311
H           -5.08661862666092       -1.15130886260979       -1.64457351001869
H           -3.39835807353352       -1.23975723715341        1.36898371977427
H           -3.38803642386854       -3.28761852764435        0.10506541929580
H            0.60315300446140        1.16961845711628       -0.40267696923071
H           -0.06101369928822       -0.42663030050104       -2.34117802942315
H            3.06861472205736       -0.06117997597730       -1.71797247813205
H            2.23639260422429        2.06466371292957       -2.35040814849651
48
 energy: -84.808045726314 xtb: 6.7.1 (edcfbbe)
C            5.38565720010455        0.66409427631243        1.33229295028157
O            4.60132046012384        0.61499050904519        0.15657549244270
C            3.24329078736405        0.54844258443169        0.37627324476016
O            2.93539114862610       -0.73756790989284        0.87982915177069
C            1.55882098581009       -0.98094568033370        1.08706483785052
C            1.46953806419271       -2.38450164165794        1.70455537092814
O            2.01150971478137       -2.40965460509727        2.99460418257514
C            0.80326924864086       -0.89291628128058       -0.24964466324305
O           -0.55733679275448       -1.27905242719094       -0.18490173482742
C           -1.40178795338024       -0.74446860774232        0.79723816964481
O           -1.56038247783032        0.64364742937800        0.75042668184533
C           -2.21502907558980        1.15477571732014       -0.41758174207588
C           -2.37370432148242        2.66258764763964       -0.16045952896678
O           -1.16032601351470        3.26613664104265        0.18202307723457
C           -3.56870189748586        0.47179268711341       -0.66117425208091
O           -4.12430267479263        0.81423939500854       -1.91081844949216
C           -3.38469616322832       -1.05028677671003       -0.66549826995326
O           -4.61529875382666       -1.71928820022561       -0.79613477830641
C           -2.75098494961344       -1.46616540831769        0.66140115319646
O           -2.55291467439488       -2.84396295137093        0.75491071712231
C            1.03105607220405        0.49780232842945       -0.86036337694900
O            0.43345655758102        0.63264493830144       -2.12973048860523
C            2.53501901451317        0.80592656495545       -0.96021898649395
O            2.72260183177057        2.14948625257055       -1.30591827504810
H            5.27308974359218       -0.25057087692291        1.92034656862626
H            5.11057792311665        1.52821202824366        1.94693944468047
H            6.41543471165279        0.76308082792513        0.99791051366456
H            2.91289347903996        1.31675578931334        1.10764213767390
H            1.16085013517163       -0.23173931081698        1.79075677302771
H            2.00212737771312       -3.07817420002455        1.04044765099515
H            0.42910558008875       -2.70166153240837        1.78625604930290
H            2.91989844917100       -2.09024655460560        2.93247049005716
H            1.23793661494142       -1.64114745502371       -0.92819437398552
H           -1.00092840330200       -0.93166986269861        1.80389377581107
H           -1.58092422368842        0.99057368303463       -1.29846895389206
H           -3.11582360281376        2.80795731751267        0.63980082502628
H           -2.71511755500037        3.16778197356266       -1.06686908888938
H           -0.80688039619718        2.78771890567747        0.94195628348629
H           -4.26656100568605        0.73521116352981        0.15164537135408
H           -4.23880693951548        1.76821472810592       -1.96546045975482
H           -2.70994296587903       -1.32592266158292       -1.48888954576193
H           -5.07423647836903       -1.32287044639522       -1.54667106850963
H           -3.40341661802536       -1.11735167796662        1.48074419877336
H           -3.33156616929401       -3.26476591721530        0.36620157920968
H            0.56684042914300        1.27007899727378       -0.23875428781360
H            0.68949082939443       -0.11693442599064       -2.68129609572477
H            3.00058376403370        0.14380534752381       -1.71009700586280
H            2.05991090801109        2.37590334631092       -1.97357833069245
48
 energy: -84.807717188239 xtb: 6.7.1 (edcfbbe)
C            5.43315884499159        0.57019976007205        1.34688830977603
O            4.62491904654857        0.60796524170505        0.18696775405349
C            3.27247287885536        0.51523851205937        0.42982229559857
O            2.97457684767118       -0.81225552745064        0.81592933208780
C            1.60264390173514       -1.04652531634813        1.05682657400090
C            1.48810738849759       -2.48644499520512        1.57481377720510
O            2.13437446556122       -2.63628226665672        2.80707234274147
C            0.79700917324722       -0.84081799024965       -0.23859952984637
O           -0.55804585428502       -1.23331806059624       -0.12426062834270
C           -1.39635506870521       -0.63392928050342        0.82662949654158
O           -1.58219226561837        0.74378677785869        0.69037022031123
C           -2.26567052812493        1.17033998821071       -0.49482016741715
C           -2.48410836032003        2.68151273032951       -0.31167694392217
O           -1.29086452604602        3.36326917515760       -0.05847338731655
C           -3.59721114337773        0.43152577703247       -0.69719873762597
O           -4.14694007455864        0.66680431308390       -1.97405837035484
C           -3.38208859312183       -1.08248649230510       -0.58722885262212
O           -4.60059417901787       -1.78201053759957       -0.65897918016314
C           -2.73418556873713       -1.38540988524386        0.76294988728093
O           -2.51213903611046       -2.74860657313235        0.96011911484190
C            1.02936676089806        0.57712051384471       -0.77473388513233
O            0.43984366699426        0.77509679412675       -2.03990347434661
C            2.53382083995910        0.89412627451622       -0.86066154957895
O            2.71412999294467        2.26516245022203       -1.08063044028607
H            5.32933783256833       -0.38411183391459        1.87011855512169
H            5.17336433206230        1.38841598436245        2.02764174531762
H            6.45633561928366        0.69106593733941        0.99971860406933
H            2.95731872473794        1.20993724856656        1.23749574342665
H            1.25065218361597       -0.34319390057619        1.82981373838909
H            1.92156083997319       -3.15601737946835        0.81984077686844
H            0.43981661205152       -2.74966658343361        1.72409945805367
H            3.04628718379793       -2.34251952373522        2.69069655717191
H            1.18791782974792       -1.55252087185019       -0.98127455430131
H           -0.97515137001508       -0.74508466041886        1.83748739715905
H           -1.62757885369933        0.99000190176250       -1.36954066357823
H           -3.19888007395317        2.83549243275344        0.51141209786102
H           -2.88913777770690        3.11838866265620       -1.22756474794978
H           -0.87580127930730        2.94432806127547        0.70506422649123
H           -4.31090879111425        0.73667588237024        0.08690847160831
H           -4.27234728318930        1.61186482840825       -2.10532505489243
H           -2.70612579180928       -1.40719220097293       -1.39133993607849
H           -5.06540511131402       -1.46219893513492       -1.44152816410962
H           -3.38601072615201       -0.98477135844054        1.55860705282885
H           -3.28732861400108       -3.21049864712382        0.61358146496965
H            0.56121664755922        1.31535202298317       -0.11689055726223
H            0.72437718779417        0.06977949940141       -2.63467242156239
H            2.98737536108371        0.30634540306838       -1.67704038270886
H            2.06508762668990        2.54606231361600       -1.74099041519428
48
 energy: -84.806651873895 xtb: 6.7.1 (edcfbbe)
C            5.50132662169439        0.41752325809079        1.35144418444915
O            4.65964442038610        0.59985444174955        0.22944422399555
C            3.31356583517335        0.49305577630424        0.50233380717321
O            3.01170354793361       -0.86256191524128        0.76491856982990
C            1.64415564726980       -1.09865073343947        1.02510926831147
C            1.51072400057778       -2.57392052315074        1.42322440474057
O            2.21906377907994       -2.84928530985308        2.59840373819411
C            0.79956326792200       -0.76912841731637       -0.22117955553343
O           -0.54954556803642       -1.16993003008898       -0.06699628409199
C           -1.39446857011997       -0.51395463897087        0.84076586381981
O           -1.61539352221509        0.84452971543117        0.60741796423912
C           -2.34141034780137        1.17515943528359       -0.58267817123799
C           -2.62225393178405        2.68265032759182       -0.47705139154512
O           -1.45341904334313        3.44588794037079       -0.43532025519354
C           -3.64674499199167        0.37585501914812       -0.71892727627467
O           -4.21377177774465        0.50078161849770       -2.00388717697958
C           -3.38151950562643       -1.11867388189425       -0.50552257099507
O           -4.57717584473374       -1.86005626583495       -0.51504011862071
C           -2.71121780081702       -1.30356558658380        0.85440185400286
O           -2.44882956143880       -2.64168085956840        1.14895307951574
C            1.03967854402298        0.68066693243352       -0.65124618268696
O            0.44913280586334        0.97693801018212       -1.89599736057365
C            2.54548501429507        1.00107892154731       -0.72465539805199
O            2.72181400069668        2.38834014903818       -0.80609323489610
H            5.41146645116373       -0.59574223695820        1.75165927925962
H            5.26220516155833        1.14152918175704        2.13798932829855
H            6.51407822816308        0.58428181234056        0.99294187000190
H            3.02900606783903        1.10817500972879        1.38277142078435
H            1.32569330058042       -0.46110374930693        1.86688546277785
H            1.87744790858566       -3.18944596189679        0.59069442717927
H            0.46249911294549       -2.81251683363464        1.61093569328793
H            3.13041784395321       -2.56474364120648        2.45697952628261
H            1.15048712243277       -1.42671303399985       -1.03106389980351
H           -0.95677506064446       -0.53732644585391        1.85173417090690
H           -1.71080480159720        0.97713342892882       -1.45915105191396
H           -3.23343438855487        2.85757285173280        0.42165408040830
H           -3.17099240697160        3.02907189937255       -1.35643519599184
H           -0.90212597924764        3.09669498533764        0.27435839250558
H           -4.36508064852038        0.71190622362086        0.04826017998966
H           -4.34897711964392        1.43087151510841       -2.21160911171245
H           -2.70237851022980       -1.47832921864665       -1.29206983873946
H           -5.06446993330751       -1.60163611454371       -1.30663623133108
H           -3.36400592285582       -0.86211968178830        1.62721809813053
H           -3.20975816907245       -3.15040564412435        0.83804392374569
H            0.57808458202101        1.36702974090092        0.06461328872583
H            0.74443091565999        0.32759122019329       -2.54702118030684
H            2.98293003548899        0.50063102003668       -1.60525601205721
H            2.09995009979698        2.72667595858969       -1.46583562982266
48
 energy: -84.810685429055 xtb: 6.7.1 (edcfbbe)
C            5.54012894282358        0.30070738090179        1.54792881415535
O            4.69646347576175        0.65351273234913        0.46871397014283
C            3.35208437001301        0.48090945351159        0.71600145410113
O            3.06657710056852       -0.90190945540107        0.73703552859824
C            1.70320532599758       -1.18789581209426        0.96386755568785
C            1.57663273017000       -2.71102142792699        1.09498853117209
O            2.32376773541438       -3.19123214858178        2.17636255794172
C            0.82660353656407       -0.64655353127971       -0.18601389278332
O           -0.50939574879076       -1.09614175264905       -0.03119889155704
C           -1.36860023851878       -0.47360776174336        0.88632046697594
O           -1.62060310515581        0.87828574725829        0.64147202278996
C           -2.32689929698113        1.12560545497379       -0.56708099978106
C           -2.51009889605454        2.64438342716184       -0.67328281087737
O           -3.01478880310394        3.02418779461952       -1.93316439874851
C           -3.67010791086556        0.38323922594725       -0.60466993536592
O           -4.32240354346625        0.54462912615268       -1.84100429114371
C           -3.41445490532315       -1.11351023296191       -0.39725016462463
O           -4.61498085162909       -1.84447885037477       -0.33047861051698
C           -2.66587898605355       -1.29838444024503        0.92335046433175
O           -2.35521135271776       -2.63508787704088        1.18062722619253
C            1.06767603809898        0.85450756043711       -0.37951224365125
O            0.49131948364858        1.35076124492854       -1.57164419850901
C            2.57716207813736        1.17186224745376       -0.41153151367396
O            2.76745560371110        2.55441387691636       -0.29218122857778
H            5.46776802178552       -0.76655302874238        1.77287438583088
H            5.28730357413278        0.87877955246525        2.44334740153005
H            6.55004956419383        0.54275240456216        1.22614010062822
H            3.05702784332637        0.93253004408394        1.68684471751607
H            1.39076014641281       -0.71550350578922        1.91029483589617
H            1.91153919490562       -3.16857227964150        0.15392653285129
H            0.53366848750683       -2.97642029908851        1.27509276229470
H            3.22891202449401       -2.87629959107093        2.06228604929612
H            1.14826305030789       -1.16144821993699       -1.10480892405398
H           -0.91919711369545       -0.48302000294197        1.89272317605023
H           -1.72778803268340        0.77639157570878       -1.42120060173267
H           -1.54780705231511        3.12458653355625       -0.46515942331954
H           -3.23826770021281        2.98371734047504        0.06698078878821
H           -2.33503032917525        2.85661626534080       -2.59660754188937
H           -4.31042734683170        0.74788674445160        0.21666852647418
H           -4.29190289443129        1.48668242651129       -2.07182439958733
H           -2.78807234600339       -1.48858505894826       -1.22102695800246
H           -5.16726797436804       -1.54453269901157       -1.06292840284196
H           -3.29573870932058       -0.88875742248558        1.73183870822751
H           -3.13079776018521       -3.15404619937529        0.92796411681987
H            0.60222430905470        1.42610224727927        0.42886680587273
H            0.80383459248964        0.81035146681625       -2.30943946403816
H            3.00455950223897        0.80228537266046       -1.35984489378903
H            2.17073505172475        2.98786999642892       -0.91718072552270
48
 energy: -84.808807200231 xtb: 6.7.1 (edcfbbe)
C            5.57535442716103        0.19860014704754        1.56716075983595
O            4.72291143449791        0.63646194254292        0.52645677548342
C            3.38078964274660        0.44680818043166        0.77406676313481
O            3.08885994524645       -0.93007824753708        0.66688072074042
C            1.73017756126821       -1.22987464073590        0.90067217654932
C            1.59600788410015       -2.75797344760419        0.88439754592153
O            2.40485576499498       -3.34835836068742        1.86131524468934
C            0.81695695185073       -0.57443684824309       -0.15895931188288
O           -0.51399926913112       -1.02235661151578        0.05291124286788
C           -1.37669017164615       -0.34115106507947        0.92108292195723
O           -1.65652688641991        0.98088643055032        0.56718967534362
C           -2.36571873261118        1.11550611426400       -0.65603889056775
C           -2.59016580536246        2.61704443257891       -0.87293890467196
O           -3.12554657748261        2.89125853655613       -2.14766887714969
C           -3.69034742094430        0.33816731747224       -0.63822335875087
O           -4.33543739385469        0.37763102137790       -1.88822678780449
C           -3.40465698469650       -1.12919088092730       -0.30121457783954
O           -4.59071484171092       -1.87576639306516       -0.17453704559190
C           -2.65759562068537       -1.18450463034153        1.03180289128855
O           -2.32222264457134       -2.48818899371260        1.40306265243895
C            1.07891946517628        0.93310669046868       -0.24338654350094
O            0.49528561203316        1.52480897764923       -1.38665172264624
C            2.59162061569187        1.23928037211931       -0.27348936876125
O            2.79615529037122        2.60466931981844       -0.03878612832833
H            5.48288829492398       -0.87891912429305        1.72679492975474
H            5.34889807840473        0.72482166143976        2.50099801551274
H            6.58531994280407        0.43878137081786        1.24433918148273
H            3.10032723522364        0.80593872034108        1.78672137581196
H            1.44350421662244       -0.85408380573219        1.89731026341803
H            1.86616122436413       -3.12050915919606       -0.11708471400773
H            0.56345224806730       -3.03279672432430        1.10433397231687
H            3.30134663439705       -3.01600856876326        1.72863076305707
H            1.07870078672286       -1.01895219130276       -1.13229855241157
H           -0.92154361921127       -0.25846194955764        1.92247136607589
H           -1.75530734821139        0.71793607230430       -1.48113077818139
H           -1.63774914435152        3.13260234508055       -0.71713559918569
H           -3.31598199305932        2.98995710115249       -0.14738633079047
H           -2.44664109774177        2.71603159589835       -2.80955449667954
H           -4.34571852238633        0.75680433274531        0.14454924034428
H           -4.34157076185132        1.30078311274334       -2.18796483449535
H           -2.76699746096174       -1.56121994747302       -1.08762308573119
H           -5.14230036601281       -1.65728512352075       -0.93564564332795
H           -3.29661437332812       -0.71883971305924        1.80169954270234
H           -3.08594011779103       -3.04215914949767        1.19244332415491
H            0.63084935092598        1.45044009133080        0.60985761477938
H            0.81667072928216        1.05699809392831       -2.16887419733266
H            2.99911797198575        0.94992106247139       -1.25795051384454
H            2.19085672117999        3.09586619048711       -0.61089568473310
48
 energy: -84.806730220672 xtb: 6.7.1 (edcfbbe)
C            5.60843025236675        0.09410515974538        1.56338809031191
O            4.74159603646965        0.62670375540008        0.58035871027767
C            3.40271231649896        0.41780234459036        0.83018886862998
O            3.10265530321301       -0.94160143591535        0.59681776374554
C            1.74911740822184       -1.25902752184057        0.83478730297956
C            1.60736236423579       -2.77703199734642        0.66702465739029
O            2.45047889599559       -3.46656939103331        1.54469318677334
C            0.80377434526078       -0.49983392739677       -0.12255893571481
O           -0.52000824067798       -0.94746569531360        0.14487864343107
C           -1.39054844822237       -0.21502830930932        0.95939313595732
O           -1.69636124913513        1.06802366236563        0.50031425073595
C           -2.39206507846271        1.09121475791853       -0.73575173908478
C           -2.64443025812212        2.56723796604714       -1.06837062110492
O           -3.19255262386167        2.73459823679919       -2.35671709754864
C           -3.70194582433169        0.29108868925616       -0.66724718942714
O           -4.33571391329297        0.21589298642527       -1.92147422153320
C           -3.39380353218977       -1.13756429322090       -0.20691769384778
O           -4.56812682862817       -1.89208388020472       -0.02770486931698
C           -2.65818830150121       -1.06931475378722        1.13227695543442
O           -2.30656992355763       -2.33196955705613        1.61282358073647
C            1.08633067198698        1.00612716266597       -0.10392210560373
O            0.49958983360061        1.68215927499427       -1.19743109068703
C            2.60101846634080        1.30507379098308       -0.12742282829397
O            2.81712370177823        2.64290133618367        0.22507022797661
H            5.51585030226389       -0.99344785358471        1.62480321898553
H            5.39730815538849        0.53249303837995        2.54491598094151
H            6.61405163813025        0.36199992998841        1.24876097335333
H            3.13919480288362        0.68026722127972        1.87637632485777
H            1.48751388434461       -0.98699014666140        1.87125571236663
H            1.83642942960395       -3.03556236956650       -0.37645530794838
H            0.58266000518845       -3.06939507845458        0.89935621007452
H            3.34056925770256       -3.11397693447892        1.42095098897013
H            1.00576985414662       -0.86844912139634       -1.14154280625041
H           -0.93905671455685       -0.04673732735033        1.95168674276640
H           -1.76502898934131        0.64182197747902       -1.52187488764796
H           -1.70027490606923        3.10849581261019       -0.95633393190360
H           -3.37358156337306        2.98019296858126       -0.36846570345153
H           -2.51425285426621        2.52908670719439       -3.01020327995943
H           -4.37216463332565        0.76034893171642        0.07306081031859
H           -4.36677048006247        1.11362278131997       -2.28920590896489
H           -2.74158722022918       -1.62232826229140       -0.94935761591566
H           -5.11751598594750       -1.74593162273822       -0.80756326773240
H           -3.31115547110842       -0.55130639180789        1.85563043756233
H           -3.05839629601992       -2.91449109451487        1.43945149349178
H            0.65125988354914        1.46902487132217        0.78634534009856
H            0.82079873389195        1.27607299257915       -2.01355164391091
H            2.99216632099963        1.10318124685077       -1.14006379662004
H            2.20633833814077        3.18656503040154       -0.29099002825809
48
 energy: -84.804564204784 xtb: 6.7.1 (edcfbbe)
C            5.63374960878910       -0.02048495521058        1.55162641578765
O            4.75993706395999        0.60776352929478        0.63335574084776
C            3.42242636475164        0.38662749066249        0.87943798942200
O            3.10547758150758       -0.94093635111588        0.51910597516707
C            1.75598057039250       -1.27113817161304        0.76075080566625
C            1.59567849666826       -2.76222310249705        0.44026054355358
O            2.45865196498750       -3.54596530845844        1.21297741656060
C            0.78610014844114       -0.41341579793092       -0.08122577578906
O           -0.52761609885220       -0.85965319584070        0.24329322309378
C           -1.41031621346711       -0.08581313928396        1.00269368904862
O           -1.74536244318423        1.14934915264608        0.44442426883742
C           -2.41188416812564        1.05851144533346       -0.80272695171327
C           -2.69425022294371        2.49787551426575       -1.25228242761519
O           -3.23382330283080        2.55363264871371       -2.55419125164120
C           -3.70359497994278        0.23229039036683       -0.69527339121367
O           -4.30849133832913        0.03815507292327       -1.95097254484850
C           -3.37376103099252       -1.14548117585291       -0.11116525953939
O           -4.53565204711080       -1.90772877976083        0.11184404174228
C           -2.66325170248789       -0.95074065313021        1.22963669326321
O           -2.29621512660411       -2.16144343676847        1.81921518263218
C            1.09863030935249        1.08258972563026        0.03712572943648
O            0.51279818137890        1.84095032022284       -1.00097761552856
C            2.61691261338180        1.36551693105652        0.01992965807888
O            2.85355294814749        2.66377055208465        0.48748980151806
H            5.53386553782964       -1.10831067047810        1.51160779716212
H            5.43695291579419        0.32480124268353        2.57235526785713
H            6.63773991430237        0.26946049757321        1.25184788191379
H            3.17395005119389        0.54887172605147        1.94918988553547
H            1.52302923983457       -1.10703653794805        1.82618231721953
H            1.79017947049839       -2.91179897296900       -0.63154030375743
H            0.57598039690566       -3.06961790320948        0.67396827142270
H            3.34632108602113       -3.18181429665871        1.10669866539657
H            0.92498812443725       -0.70085102189411       -1.13731779038098
H           -0.96943308940457        0.16413531175022        1.98173738844665
H           -1.75727311437684        0.56506144080388       -1.53945065837134
H           -1.76424894024764        3.06857706047037       -1.17116987464645
H           -3.44032674092919        2.94502925121354       -0.59244773227203
H           -2.54697534311308        2.31440135364914       -3.18687354758738
H           -4.39995967802064        0.74437774832625       -0.00958749111193
H           -4.36517090504846        0.90380209190782       -2.38611900383073
H           -2.69876528758261       -1.67635342646687       -0.79966834504470
H           -5.07273246561383       -1.84170425848598       -0.68718015886953
H           -3.33798904475483       -0.38734789909438        1.89692980915670
H           -3.03207657346998       -2.77282823600819        1.68029741562696
H            0.67930400759751        1.49089529693799        0.96087923576819
H            0.82921421619527        1.49581653546031       -1.84635354485016
H            2.99155361737261        1.25132658897147       -1.01249335467306
H            2.24619628344324        3.25909405009321        0.02763897677352
48
 energy: -84.802507469179 xtb: 6.7.1 (edcfbbe)
C            5.66435844726557       -0.15317903280791        1.51176816677772
O            4.78747136273345        0.56932474450537        0.66884449538252
C            3.45049941821921        0.35246315439322        0.92093451381595
O            3.09872289700417       -0.93058440160495        0.44813189153147
C            1.75035432381728       -1.25910481680533        0.69655243835812
C            1.55350445137280       -2.70896974315509        0.23769790416539
O            2.42273126781600       -3.57857062671634        0.90380746835978
C            0.77036426743140       -0.30963380343932       -0.02623351688869
O           -0.53243976163047       -0.75772513872643        0.34185825815756
C           -1.44070565624602        0.04442858360950        1.03805039378646
O           -1.80776606381911        1.22267294327786        0.38589388274074
C           -2.43416418603193        1.01907656628821       -0.86693908974421
C           -2.75130873102048        2.41242452873818       -1.42564841782440
O           -3.26281726333977        2.35870294423929       -2.73881022559080
C           -3.70144763778247        0.15915557233093       -0.72943334704421
O           -4.26486142222008       -0.15088869413249       -1.98114550424664
C           -3.34532222604906       -1.15787171681881       -0.03113733227362
O           -4.48965449096129       -1.93619354322130        0.22470155951848
C           -2.67378648158111       -0.83877486147051        1.30650615157414
O           -2.28824453707716       -1.98885265275271        1.99663189976456
C            1.12417493000185        1.16477150900743        0.20120156180657
O            0.53315685881096        2.01845473302207       -0.75577279770235
C            2.64792557275765        1.41680602024511        0.16748898753007
O            2.92433042162134        2.66721311319828        0.73257358503706
H            5.54050761071944       -1.23131328116311        1.38026673746179
H            5.49373964710077        0.10621367105835        2.56223738434171
H            6.66867246338922        0.14174666155604        1.21802924989781
H            3.22489738916525        0.42175685252506        2.00556930955090
H            1.54837724271210       -1.19551768570983        1.77859025933249
H            1.71506351901416       -2.75639688946004       -0.84903198489913
H            0.53542316200952       -3.02102068025282        0.47127350278319
H            3.31311019349878       -3.21712636597129        0.81175243424982
H            0.85550310153222       -0.50632599449011       -1.10974736349579
H           -1.02341979943145        0.37573144091169        2.00187483757732
H           -1.74499175326252        0.49505007490282       -1.55021574567592
H           -1.84340790790443        3.02056292889656       -1.36279358470424
H           -3.52660897972740        2.87923924721838       -0.81506826007320
H           -2.55839381014759        2.09192521349766       -3.34043534540442
H           -4.43195176842459        0.69889318415024       -0.10317654688306
H           -4.34839449460285        0.67799506826892       -2.47864072776091
H           -2.63835172010121       -1.71930909228676       -0.66078277253868
H           -5.00630246735001       -1.95325274645143       -0.59017724991550
H           -3.37975050809732       -0.24535760080187        1.91265045835789
H           -3.00083076265197       -2.63258157953867        1.88520545683562
H            0.73917844713072        1.50631854257633        1.16606297737731
H            0.81957293162297        1.73745821475735       -1.63474726953836
H            2.99402438259168        1.38022313943104       -0.88049525538472
H            2.31925896504479        3.30993798394478        0.33775966187857
48
 energy: -84.801720440960 xtb: 6.7.1 (edcfbbe)
C            5.77743541341176       -0.36198867622427        1.23023033340897
O            4.85470121075274        0.48176969552418        0.56851395319710
C            3.54295961038381        0.29552862874824        0.94441349170810
O            3.07487706278638       -0.91565919325811        0.38750049005039
C            1.72555785132325       -1.18520379639120        0.69175159156192
C            1.42654920964528       -2.58705800961773        0.14386744883016
O            2.28441448059789       -3.54434012930594        0.69468772993505
C            0.76780608734310       -0.13172066925712        0.08923352526225
O           -0.53516411236165       -0.59485945890299        0.43038927970585
C           -1.51157793429190        0.21317403383729        1.01968952795400
O           -1.89683086136838        1.30870981611282        0.24048802995484
C           -2.46998180785526        0.95741594964750       -1.00636715359859
C           -2.85267048913015        2.27312080978227       -1.69913169247948
O           -3.32386882303043        2.07250331616304       -3.01171748800408
C           -3.69484958071018        0.04129576468559       -0.83336688476352
O           -4.18698762957858       -0.41745315204719       -2.06905876854756
C           -3.30340073812367       -1.18408983224645       -0.00030291789977
O           -4.41832957354326       -1.99327423767156        0.28553869223250
C           -2.70761099367879       -0.70383351441760        1.32426050480943
O           -2.29127959761175       -1.75981778018140        2.13625963856350
C            1.19799048210847        1.25311997291455        0.58908816750845
O            0.54819887229855        2.33553321715127       -0.03454839018167
C            2.71760687761140        1.46702738572857        0.40605193239795
O            3.09801971655988        2.63309264609942        1.07911503060786
H            5.60312135181087       -1.41204378245609        0.98069711542514
H            5.71240750110166       -0.23169106913192        2.31595048732558
H            6.76115537691205       -0.05777096484623        0.88111934427128
H            3.43933940736466        0.25640497758616        2.04932732814270
H            1.58031816394513       -1.18732988372218        1.78344365656565
H            1.52567227408487       -2.56160312140238       -0.95090356182398
H            0.40824644338766       -2.86613580019762        0.41375977097954
H            3.18500648400815       -3.21369654232072        0.58713915099983
H            0.85383559711604       -0.15275719894594       -1.01024346422741
H           -1.15209692299097        0.65988415090381        1.95784548498647
H           -1.73273306857931        0.41253478371595       -1.62205892189101
H           -1.99111202189034        2.94936957438567       -1.67365637915580
H           -3.67071269685943        2.74371095610254       -1.15049227302028
H           -2.59954817085560        1.76110495619621       -3.56721381541067
H           -4.47828364659777        0.59537923415368       -0.28942747780807
H           -4.32736213375402        0.35620167070064       -2.63721578566414
H           -2.54325869731257       -1.76329027261111       -0.54621243159836
H           -4.89182905602571       -2.12554548474399       -0.54487369783247
H           -3.46830562112097       -0.09607252875862        1.84360785629533
H           -2.96847870104495       -2.44654310600568        2.07058756396805
H            0.96672177250188        1.35139890462761        1.65513819685679
H            0.59221146051882        2.21918842592323       -0.99116215425968
H            2.94473226197139        1.55030131233069       -0.67115677026705
H            2.42738873209312        3.30600372142410        0.89289783950294
48
 energy: -84.810461274260 xtb: 6.7.1 (edcfbbe)
C            5.79225761204880       -0.42514548278742        0.91213348496143
O            4.83025781998190        0.50313898406707        0.45043146632505
C            3.55461448578499        0.28731574607076        0.92490780720581
O            3.03585753593926       -0.87831548106365        0.31733607619646
C            1.70411438202367       -1.15540126494618        0.68089601809479
C            1.35611143096095       -2.51505157321723        0.06155747105104
O            2.22811490859986       -3.51494186630871        0.50412056507515
C            0.74370924626895       -0.05040160832038        0.20061802833280
O           -0.55855207722955       -0.52153043318942        0.56248045877726
C           -1.54545901899983        0.31466757839276        1.06628920015766
O           -1.91556110686826        1.35036712357595        0.17745286319745
C           -2.40146236366542        0.88116184170362       -1.07409996173143
C           -2.72955405060777        2.12200711179672       -1.91800396827588
O           -3.11234223667509        1.78333997310055       -3.22912289669846
C           -3.63303188335324       -0.02078232217121       -0.88918490862026
O           -4.04710551976938       -0.59772463392190       -2.10158136566881
C           -3.28957855817432       -1.16189775636005        0.07689079716742
O           -4.41964211912198       -1.94260700514519        0.37631528597429
C           -2.76419894228969       -0.56557664357148        1.38508590130125
O           -2.40205405827033       -1.54412182386768        2.30967915219816
C            1.19971131947085        1.28935009468657        0.79184484603010
O            0.59578423259634        2.41380121116874        0.19490228248272
C            2.70897767841093        1.51083997012458        0.56236012364349
O            3.14584194832819        2.58533155968598        1.34447129233243
H            5.57591866545387       -1.43275823262180        0.54720811897206
H            5.82865485682249       -0.43577086183189        2.00689628218940
H            6.74603447554878       -0.08606898510640        0.51498947442954
H            3.54948519559546        0.15789397711172        2.02809250358248
H            1.62067587918323       -1.22672066376685        1.77722548958040
H            1.39777844867987       -2.41977446866155       -1.03288522269902
H            0.35008864588020       -2.80201230566862        0.36698234886557
H            3.12611533457763       -3.18541853739796        0.37351390353421
H            0.79463375925305        0.02375646634905       -0.89675942290524
H           -1.22619564777278        0.83494963917844        1.98105005489087
H           -1.62147838405156        0.28650125682996       -1.57632200135537
H           -1.86573188542729        2.79665108941037       -1.91073895937629
H           -3.58025027926722        2.64565468101106       -1.47613821510744
H           -2.34262089552123        1.46266895380593       -3.71402159523445
H           -4.44845973576623        0.57712670639368       -0.44754315498787
H           -4.13468192117434        0.11262764220707       -2.75674680747785
H           -2.50242034680635       -1.78610322925935       -0.37267302443338
H           -4.84077888384032       -2.16610600957278       -0.46279478926835
H           -3.54679300208313        0.09040780168771        1.80440850892191
H           -3.07202746830307       -2.23940053008286        2.25954880655271
H            1.01829375907094        1.28198590990013        1.87960081115921
H           -0.36920127075582        2.30057953754780        0.19971777679811
H            2.86697595725642        1.71481042455967       -0.50705296023277
H            2.59917488121933        3.34669212879592        1.11014521035193
48
 energy: -84.810757988556 xtb: 6.7.1 (edcfbbe)
C            5.77971347689823       -0.47979858183529        0.98198385568656
O            4.84462208273555        0.49458810341077        0.56198024605630
C            3.55172457603479        0.25922295312185        0.97568144607912
O            3.02982216873840       -0.82736158425892        0.23685887051644
C            1.69512763165153       -1.13422396982440        0.56119036334296
C            1.33576087675065       -2.40349952129138       -0.22197194165408
O            2.19431205903797       -3.46051888608191        0.09490667814646
C            0.74072291763351        0.02512554347494        0.22245293200352
O           -0.54700856836993       -0.45803812837239        0.61351401437955
C           -1.53976639276497        0.41210505856434        1.04830287173489
O           -1.90139456791656        1.37124996522007        0.07506379771379
C           -2.39823746274591        0.80668711339434       -1.13113662037593
C           -2.73179607510604        1.98076275889440       -2.06382949872571
O           -3.13130216757519        1.54647240400785       -3.34124551511509
C           -3.63121690245430       -0.07444869883860       -0.86965193753780
O           -4.05568100085394       -0.74052134131027       -2.03163978382467
C           -3.28446979058262       -1.13893541792584        0.17871250024894
O           -4.41281209219328       -1.89550556731176        0.53987879294769
C           -2.75763382714267       -0.44181288715182        1.43492393118264
O           -2.39285854030446       -1.34309872579918        2.43394996290587
C            1.22003183341865        1.30887536623648        0.90949686645414
O            0.63103884537859        2.47926822649737        0.38626017181606
C            2.73455902105810        1.52713211727209        0.71505951454986
O            3.18017533548865        2.51872580373190        1.59566216922015
H            5.55849493935568       -1.45611024023113        0.54243570289926
H            5.78628265108298       -0.56689674442326        2.07394717133775
H            6.74905930322654       -0.13043250957510        0.63478522884212
H            3.51072505989990        0.01817650764073        2.05896956274908
H            1.60688061501406       -1.33808777238877        1.64019874944914
H            1.38290715734105       -2.17470229806654       -1.29658854349458
H            0.32560520909466       -2.71522041929067        0.04322120206271
H            3.09662762089953       -3.12848502621737        0.00700620859737
H            0.74794585831608        0.19942145733530       -0.86557446310996
H           -1.22659979176974        1.00085655188687        1.92201270512298
H           -1.62449665850145        0.17202776879795       -1.59290538382558
H           -1.86629057179792        2.65107334662215       -2.11659185201877
H           -3.57537247988917        2.53964079786914       -1.65255695536290
H           -2.36934449042322        1.18533166594105       -3.80985617582522
H           -4.44174778084414        0.55823754160238       -0.46926811041760
H           -4.14697545288582       -0.08096352151848       -2.73759954303968
H           -2.49777366756872       -1.79500081326847       -0.22383882800383
H           -4.83844655662050       -2.17912962996156       -0.27859221603999
H           -3.54076543413289        0.24413915210544        1.80228308898793
H           -3.05846370202310       -2.04426606893090        2.43678015225285
H            1.02737345325187        1.22665755240031        1.99254828122809
H           -0.32331838861243        2.34797894771398        0.27417119252857
H            2.90943680566018        1.82291365903996       -0.32982483259152
H            2.65482366297226        3.31038368473646        1.42191713919780
48
 energy: -84.810689998792 xtb: 6.7.1 (edcfbbe)
C            5.76302439116395       -0.53663901751947        0.96918684750830
O            4.84587542186164        0.48362535087986        0.62551929973278
C            3.54668445536006        0.23535313782108        1.01038597863531
O            3.01024825009092       -0.76932601238867        0.17153974622605
C            1.67547411375025       -1.09588338688163        0.47465908905707
C            1.29439415563729       -2.27008365778117       -0.43557319401709
O            2.13771941214474       -3.36701693773928       -0.23721858708557
C            0.73045006714390        0.10082369835406        0.27417818756915
O           -0.54410846082015       -0.39477840781942        0.68362358814319
C           -1.54930113056363        0.49918497850897        1.04049840940320
O           -1.89461212657204        1.38081716334165       -0.00762217244984
C           -2.38042714623755        0.73047879888563       -1.17396383838484
C           -2.71247215079700        1.83672746265207       -2.18683149743781
O           -3.10302847908365        1.31622881899060       -3.43423712219467
C           -3.61262052403225       -0.13650239376347       -0.86490816121927
O           -4.01827728717031       -0.88641120756344       -1.98163532149201
C           -3.27438242635050       -1.12107419887697        0.26097779680098
O           -4.40282527429716       -1.85806736880259        0.66001859735495
C           -2.76989884688383       -0.33060795348120        1.46968728432577
O           -2.41738072401852       -1.15359428334110        2.53848965849160
C            1.23466525608038        1.32715528181696        1.04020263081300
O            0.65619555670975        2.53522391320770        0.58914614850868
C            2.75257150901469        1.53594096390617        0.86167673066017
O            3.21812232350677        2.44098312481748        1.82157244825531
H            5.52432462185593       -1.47276252722912        0.45722165128742
H            5.76792280855520       -0.70634837943926        2.05142484215875
H            6.73859526094482       -0.17958089790715        0.64825140023332
H            3.49415189446257       -0.10352583921613        2.06634645652623
H            1.59485109580436       -1.41264378643779        1.52678267978713
H            1.34072997822113       -1.93000985388079       -1.48063446879909
H            0.28089099455726       -2.59428174712307       -0.19913748209163
H            3.04477421893521       -3.04128540797058       -0.29436254316898
H            0.70029899952329        0.36424888456859       -0.79643807881013
H           -1.25377965395040        1.14680255612184        1.87742332429628
H           -1.60123672102136        0.06834715983709       -1.58583825998448
H           -1.84939686832399        2.50576426896088       -2.27960231992803
H           -3.56017440875321        2.41892396515082       -1.81875528865785
H           -2.33791023148953        0.92516316129283       -3.87259703564770
H           -4.43150942119911        0.51813642303411       -0.52111013958387
H           -4.11244299363262       -0.27827944861956       -2.73183975497406
H           -2.47806439249836       -1.79852120484116       -0.08281091202546
H           -4.81349632850109       -2.20471008977242       -0.14162487494565
H           -3.56150738027006        0.37645638087922        1.77338590750624
H           -3.07960364940359       -1.85662608032368        2.58161590078180
H            1.03637845974280        1.18088109609168        2.11539096478969
H           -0.27486257210438        2.39903794618024        0.36301100908063
H            2.93199772353995        1.91531898550801       -0.15516094055336
H            2.71297902087215        3.25693226299441        1.71316859661722
48
 energy: -84.810217069366 xtb: 6.7.1 (edcfbbe)
C            5.74205869645002       -0.59226678125466        0.91835263303733
O            4.84285646536148        0.47095260957602        0.67097405781238
C            3.54024560022816        0.21339570826732        1.03654315081888
O            2.98187558290270       -0.69795169492025        0.10865019276020
C            1.64671103671093       -1.03833742780335        0.39330965466907
C            1.23843069087202       -2.10054781563701       -0.63510711704307
O            2.06543105644943       -3.22478619892314       -0.56751557469387
C            0.71519017163139        0.18314040112596        0.33791474987652
O           -0.54703114551181       -0.32710749234979        0.75897271745523
C           -1.56801061965012        0.58180432324572        1.03309908455320
O           -1.89050729854295        1.37931053642511       -0.08558084334154
C           -2.35313799612145        0.63988776408541       -1.20710512051427
C           -2.66334160464096        1.66339538999299       -2.30978307064987
O           -3.02325065607422        1.04736013576140       -3.52225536548895
C           -3.59199851680895       -0.20179514070672       -0.85807293295180
O           -3.97844788170854       -1.03211676843101       -1.92362737297429
C           -3.27505401515953       -1.10059571451986        0.34290885721232
O           -4.41108527526631       -1.80707565282381        0.77448910382058
C           -2.79276490904158       -0.22224861182884        1.49847605396647
O           -2.45515572480948       -0.96412659492973        2.62991977458319
C            1.25015304007252        1.33839874917334        1.18615612597903
O            0.67724880487345        2.58615175458595        0.83799668767419
C            2.77015177847103        1.53665895962967        1.01098662735618
O            3.26143232352883        2.34690409794764        2.04022636590359
H            5.48918482497234       -1.47233722057593        0.32079140117336
H            5.74170381530495       -0.86260260048843        1.97989485093944
H            6.72416554250530       -0.22309858771284        0.63305851672769
H            3.48273974015302       -0.22205104483214        2.05598290708908
H            1.57429544129286       -1.46662590924889        1.40566279232626
H            1.28135129671245       -1.64882728795887       -1.63749422753972
H            0.22208526646020       -2.43476498328211       -0.42539185916850
H            2.97723935838177       -2.90865957963383       -0.59704127969094
H            0.64941218564336        0.53809584329634       -0.70501033886537
H           -1.29414125990731        1.28649294855793        1.82948775065026
H           -1.56642632663517       -0.05223099504652       -1.55083143848268
H           -1.79958894872186        2.32660188868910       -2.43393845915755
H           -3.52029065629933        2.26953606965945       -2.00788276424568
H           -2.24938732781450        0.61856675952242       -3.90688671690752
H           -4.41616097322548        0.47631202456075       -0.57820995484742
H           -4.05325011687720       -0.48215643050998       -2.71949769040065
H           -2.47301996073889       -1.80114270812058        0.06499034314747
H           -4.80900916852965       -2.20948183983857       -0.00732929429760
H           -3.59212677406466        0.50087626097606        1.73721588018496
H           -3.11910448711649       -1.66146217474869        2.71635658473038
H            1.05434273624068        1.11691388614399        2.24844847420172
H           -0.19631034638992        2.46124636757394        0.44616127895676
H            2.94854285296649        1.99925551750411        0.02861250412763
H            2.76175446562691        3.17313495573976        2.01640549375422
48
 energy: -84.811555195581 xtb: 6.7.1 (edcfbbe)
C            5.73933561248221       -0.55375026385175        0.66088636818507
O            4.81649189524664        0.51523569407297        0.57959013615930
C            3.54800989680066        0.20839293285803        1.01850482075235
O            2.91957868567251       -0.60776722708470        0.04744226115826
C            1.59554972682389       -0.96384293127475        0.37127691022713
C            1.13139141895510       -1.92949260418280       -0.72768626628355
O            1.95348466404271       -3.05630821120921       -0.80493413497258
C            0.67654468568147        0.26621536296028        0.46309701354013
O           -0.58500143716000       -0.24983735890118        0.84787985939429
C           -1.62686262411124        0.67730073144214        0.99329857880741
O           -1.88836433055855        1.35870511684429       -0.21092393768344
C           -2.31618415918533        0.51182825548520       -1.26767212994122
C           -2.57128024656604        1.41673150046404       -2.48194021783097
O           -2.89615665583807        0.68407972901511       -3.63893132418444
C           -3.57770899152644       -0.28128681783537       -0.88572720976021
O           -3.93959700678845       -1.20815444326298       -1.87929396192833
C           -3.31326021199824       -1.06303085384704        0.40556706289110
O           -4.47054163292824       -1.72220987008075        0.85776145388718
C           -2.86619318993949       -0.08084875260424        1.48878826992835
O           -2.56902138580999       -0.71765985152530        2.69480985054962
C            1.27419943431809        1.25535306352110        1.47518175160597
O            0.61677397499767        2.50350098610385        1.52788231041884
C            2.76797643887679        1.51490722555197        1.19348132010373
O            3.32599188125824        2.23196252150263        2.25718440123408
H            5.44617578120042       -1.38050546229882        0.00817076584355
H            5.82276062450599       -0.91682969798032        1.69101584004093
H            6.69394859512593       -0.14755738799111        0.33548777909572
H            3.57237334780629       -0.32988396856501        1.98876447621995
H            1.56719625019288       -1.47800982325177        1.34387944154706
H            1.12842792178962       -1.38744447578216       -1.68571881502622
H            0.12450138371056       -2.27977256515482       -0.49961645577705
H            2.86481581469095       -2.74082973859331       -0.85096596131717
H            0.60736898587318        0.76056261383985       -0.52005297983903
H           -1.36947389544893        1.46145002945804        1.71453014268561
H           -1.52472512376779       -0.21854562325883       -1.50860369994638
H           -1.69274213257637        2.05227752195096       -2.64275222245924
H           -3.42799060423999        2.06218876344854       -2.27778704636406
H           -2.12418304527982        0.18141711044690       -3.92559417227655
H           -4.40231084272711        0.42815722010033       -0.70194568396432
H           -3.98370977607585       -0.73630137104500       -2.72585328790148
H           -2.50712585405037       -1.79054184086699        0.22591425271769
H           -4.84281937469769       -2.19049662078965        0.10044020191017
H           -3.67128738692536        0.66002889141549        1.63461062509243
H           -3.24638894783269       -1.39453863215539        2.82673771346655
H            1.17065936608932        0.83368113211302        2.48210257415021
H            0.48874661969315        2.83878874473977        0.63167307290388
H            2.86728723796826        2.08038267203833        0.25072205638753
H            2.69333938710367        2.92229427043260        2.50280140321075
48
 energy: -84.812153174585 xtb: 6.7.1 (edcfbbe)
C            5.71658230834081       -0.55909453105587        0.53946619524519
O            4.80418688046868        0.52097137718558        0.58042274331320
C            3.54294491830636        0.18821166144854        1.02266681820068
O            2.87969192826392       -0.52497261524099       -0.00441162254244
C            1.55869252113195       -0.89516948967891        0.31895675023838
C            1.06294456693157       -1.76404474619433       -0.84417634742464
O            1.88141554053333       -2.87937725957893       -1.03820080942343
C            0.66249066882339        0.33475289281397        0.53665665243150
O           -0.60044040246455       -0.17840798067117        0.92135943951628
C           -1.65304107646838        0.74810845106857        0.96311757898971
O           -1.88414649482682        1.33829755260245       -0.29334185900042
C           -2.28578459008647        0.41872110096351       -1.29845280397397
C           -2.50927424524635        1.23447594447246       -2.58018830767681
O           -2.79823805446998        0.41911968034721       -3.69030285262503
C           -3.55661262000385       -0.34696061375093       -0.89287169076137
O           -3.89348550954136       -1.34289931279705       -1.82649932643899
C           -3.32460593493726       -1.03380760357377        0.45721159219048
O           -4.49379603656292       -1.65931803939072        0.92671694423195
C           -2.90414651304211        0.02334021492017        1.47918848746250
O           -2.64001125189259       -0.52681471061605        2.73414973207427
C            1.29393131563072        1.23434869403180        1.61133997188546
O            0.65763351121543        2.48560451133767        1.75607998012042
C            2.79108599821931        1.48401004057872        1.34249783493120
O            3.37867864473264        2.07172350660319        2.46860011340193
H            5.39241186224731       -1.32520300482954       -0.17010862015554
H            5.83084536883076       -1.00839256163813        1.53187897961054
H            6.66411879864676       -0.13495717887468        0.21630717550050
H            3.58423883638846       -0.43959974788924        1.93661649743952
H            1.54826719336465       -1.48834622766329        1.24623256251722
H            1.03606876495506       -1.14333445956189       -1.75314017497329
H            0.06261636889074       -2.13548655938118       -0.61924356744371
H            2.79275280129449       -2.56153598999533       -1.06680896036021
H            0.57314744292746        0.90474181804322       -0.40234171111084
H           -1.41724928993639        1.58435514855078        1.63231879104649
H           -1.48817003854684       -0.32415983412745       -1.46752248585914
H           -1.62841648259161        1.86156250792393       -2.76029654169748
H           -3.37389043282868        1.88817120329132       -2.44768558313744
H           -2.01737885381604       -0.10014610371035       -3.91716111532075
H           -4.38561077967174        0.37236230018682       -0.78091925087746
H           -3.91335740959816       -0.93371683659256       -2.70588195335950
H           -2.51535055471266       -1.77209309571888        0.35029520559181
H           -4.84911926810720       -2.17917121571148        0.19536589830399
H           -3.71286269880488        0.77139637572450        1.55067629716314
H           -3.32458412550051       -1.18964271651988        2.89677616356828
H            1.18132861552219        0.74364597594868        2.58506598838314
H            0.60203282790134        2.91796781403833        0.89427969388667
H            2.89661361690858        2.14251593673313        0.46276637432352
H            2.77485209755915        2.75824339905139        2.78602831787553
48
 energy: -84.811973120113 xtb: 6.7.1 (edcfbbe)
C            5.69611741139091       -0.57047160794121        0.45762171708746
O            4.80172406819448        0.51644509010246        0.59669192570115
C            3.54130130927408        0.16950145500767        1.03025528390352
O            2.85163831609158       -0.44751341073495       -0.04084630735224
C            1.53143258852204       -0.83115759165844        0.27424187289060
C            1.01537790111776       -1.60744050330112       -0.94329252041362
O            1.84393910223460       -2.68973934140096       -1.24989829814883
C            0.65906393256671        0.39024994330591        0.60556905253455
O           -0.61091892589774       -0.11046118128258        0.98568949245407
C           -1.66843322806194        0.80942902377823        0.91801507407369
O           -1.86610523350266        1.30772882946531       -0.38154726010382
C           -2.26684245169114        0.33212819367891       -1.33275710745440
C           -2.47432013892010        1.07141006032621       -2.66291961375514
O           -2.75289236641638        0.19099975138102       -3.72507327089151
C           -3.54465353369607       -0.40388996113822       -0.89631301772341
O           -3.86790761247207       -1.45793558964305       -1.76900800479133
C           -3.33244450099782       -1.00137684831494        0.49849870708896
O           -4.50718538222551       -1.60001198113538        0.98882953623174
C           -2.93263604504781        0.12288488343993        1.45491076968190
O           -2.69967589362924       -0.33978432973649        2.75026137535982
C            1.31967378864857        1.20252899581391        1.73142056770477
O            0.69791588023688        2.44679957220513        1.96568730019580
C            2.81719857194335        1.44768442610965        1.46546886658895
O            3.43037357807020        1.93121569803600        2.62728636037879
H            5.35186876476062       -1.27233317685052       -0.30691228689496
H            5.81468589160790       -1.09971747672308        1.40926781181164
H            6.64654228512473       -0.13604170720183        0.15740040554723
H            3.58449161050138       -0.53103019572073        1.88960489524705
H            1.53298847008068       -1.49453481186215        1.15333358942517
H            0.95657145904590       -0.91451170931088       -1.79711881637946
H            0.02784983376709       -2.01505246959293       -0.72340980044520
H            2.75069740305402       -2.35759820865611       -1.26188558476282
H            0.56008939479153        1.02574718228755       -0.28907252736645
H           -1.45200947536501        1.69429397528658        1.53043610976997
H           -1.47266356311062       -0.42218152492412       -1.45234220551732
H           -1.58959885885997        1.68450344366568       -2.86966264853573
H           -3.33871289134973        1.73355443699872       -2.57984588709851
H           -1.96957125253439       -0.33990505895206       -3.91350740742787
H           -4.37515560772740        0.32039721870395       -0.84347339399143
H           -3.87558715843393       -1.10552222064399       -2.67285556239166
H           -2.51896372192340       -1.74141317071041        0.45359063511198
H           -4.84965306163355       -2.16631155555835        0.28639520742858
H           -3.74108529803602        0.87484905690404        1.45596774894409
H           -3.38753818032854       -0.99195620010958        2.94016064135368
H            1.20496464264203        0.64796729405417        2.66970156444841
H            0.69145716482610        2.95841481126585        1.14622088855404
H            2.92508772599246        2.17354117578757        0.64041987141480
H            2.84150401756635        2.59561298615008        3.01227744928467
48
 energy: -84.810782409096 xtb: 6.7.1 (edcfbbe)
C            5.68354072809256       -0.57154673409244        0.38542880226827
O            4.80711294271066        0.51396301189092        0.61831849200293
C            3.54697483874857        0.15271416434951        1.04075961402046
O            2.83557008952973       -0.37041693627983       -0.06538840994559
C            1.51642736709430       -0.77075330486118        0.23836016327428
C            0.98963423280453       -1.46294124357992       -1.02330764896720
O            1.84046582779205       -2.49279244086018       -1.43365318837901
C            0.66556329786797        0.43437872683788        0.67123042861349
O           -0.61699317919324       -0.04442872668724        1.04069072178538
C           -1.67325209975362        0.86086735911404        0.85662133868846
O           -1.83403304532881        1.26172478094679       -0.47931820036529
C           -2.26148684899172        0.24326161881426       -1.37240995856831
C           -2.45980718356916        0.91266204772784       -2.74084536127915
O           -2.74659950550070       -0.02226697308564       -3.75311691396152
C           -3.54944097681818       -0.44857962927850       -0.89669034921262
O           -3.87753130451753       -1.55102557882277       -1.70559607330904
C           -3.34737759522481       -0.96033979207898        0.53280932333625
O           -4.52576245499932       -1.52658785733736        1.05183805247884
C           -2.95322570144979        0.22309773289661        1.41694879943317
O           -2.74884749974137       -0.15017587975233        2.74495713928362
C            1.34898582771738        1.15731829450189        1.84353957232087
O            0.73800427018762        2.38593624343352        2.16672284082601
C            2.84659885471449        1.40328404537179        1.58249429242386
O            3.47893239968935        1.78684137259163        2.77123660896608
H            5.32175528760628       -1.20686311070012       -0.42777415307871
H            5.80305240440702       -1.17519040829349        1.29158427378409
H            6.63758121071373       -0.12882168271967        0.10983509687152
H            3.59002903638642       -0.61268944826701        1.84289532863603
H            1.52954592782377       -1.49433250907476        1.06916391028451
H            0.88922829484564       -0.70802900569224       -1.81863526125095
H            0.02200655040297       -1.91952005933363       -0.81099199325106
H            2.73823326121250       -2.13652347819265       -1.42482578458977
H            0.57047252906355        1.12897034567792       -0.17852419262664
H           -1.47258905760609        1.79283712598227        1.40340654155142
H           -1.48452831692929       -0.53127919710733       -1.45630893075017
H           -1.56784353899699        1.50344637434793       -2.97838401806676
H           -3.31698588167902        1.58775941876178       -2.69603530413057
H           -1.96634920425805       -0.56639669132140       -3.91499528087061
H           -4.37415733409896        0.28401693421442       -0.89280988964082
H           -3.87845369134329       -1.25367593834833       -2.62906729728329
H           -2.53397184440681       -1.70184220077358        0.54008681927197
H           -4.86570331882183       -2.13283771898010        0.38226249869185
H           -3.75449248727976        0.98017614054950        1.35118736601095
H           -3.44099165345751       -0.78879708297639        2.96366263061008
H            1.23286843860359        0.54018318439424        2.74148556570078
H            0.75964821648322        2.96399381446727        1.39290034738579
H            2.95714987696603        2.18926162089188        0.81470088180014
H            2.90104273970682        2.42195493756243        3.21703396155965
48
 energy: -84.808684422786 xtb: 6.7.1 (edcfbbe)
C            5.68200182566289       -0.54819543143026        0.31300153070896
O            4.81904048287584        0.52306442062068        0.64232336692647
C            3.56088750537654        0.14077357070727        1.05146881280497
O            2.83113515284333       -0.28946628779021       -0.08243859116803
C            1.51487834215950       -0.71255645992963        0.20820963951991
C            0.98002317533097       -1.32460400054611       -1.09025339388275
O            1.86158972479458       -2.27959185586448       -1.60497130088717
C            0.68107755764071        0.46815656068096        0.73418923278587
O           -0.61763373401558        0.01819101488563        1.08761402355832
C           -1.66634485566206        0.89715216015709        0.78267800910259
O           -1.78804402794405        1.19058356491570       -0.58383338699342
C           -2.26708285302197        0.13945792644919       -1.41087983897660
C           -2.44273412326984        0.73239498813646       -2.81729542063141
O           -2.75093494150732       -0.25425437571550       -3.77264109864531
C           -3.57905838829962       -0.47084102941524       -0.89374551550030
O           -3.95146791542014       -1.60435641724027       -1.63799210456524
C           -3.38441397828184       -0.90493707532569        0.56178879642975
O           -4.57275359086465       -1.41376764396753        1.11584641299927
C           -2.96394350824567        0.32149138811817        1.37177434390982
O           -2.77457241158775        0.02827767387972        2.72154917148513
C            1.38065639640925        1.09546601084437        1.95136713386741
O            0.77662751310233        2.29755062385897        2.36796105362672
C            2.87810065047875        1.35027987437472        1.69816820311374
O            3.52450240056026        1.63053178197579        2.90819460074564
H            5.31053040580887       -1.10684734879318       -0.55046729207106
H            5.79723353470003       -1.22925255070832        1.16295850067571
H            6.64034064920165       -0.09431671166265        0.07284372111888
H            3.60676657590864       -0.68528899926914        1.79089573296013
H            1.54214023864693       -1.48958305326308        0.98939911132943
H            0.82003794201062       -0.51592923832498       -1.81980856458297
H            0.04287489365617       -1.84423214098265       -0.88639581447392
H            2.74486730116942       -1.88892362525154       -1.57887163070278
H            0.60227422114427        1.21962745141931       -0.06726700176074
H           -1.47703607245541        1.87549056735792        1.25033716785043
H           -1.52831604087099       -0.67324736381920       -1.45240233052566
H           -1.53399212604271        1.28330613641909       -3.08445623843549
H           -3.28144186154928        1.43184259600814       -2.81805125514151
H           -1.98297036252078       -0.82449965682371       -3.90043109303728
H           -4.37651983156585        0.29058889932721       -0.92932602431556
H           -3.92765438030976       -1.36464994514998       -2.57802125870078
H           -2.58700337389283       -1.66223355765682        0.61148659981768
H           -4.93341391639901       -2.04340942740795        0.47940208427343
H           -3.74850366378675        1.09017860560954        1.25451994310305
H           -3.47872473584520       -0.58397774741256        2.97453808097413
H            1.26578654258325        0.41404232821956        2.80148069575709
H            0.79834732137202        2.93254378841287        1.64034917920366
H            2.98980153650378        2.19446344319026        0.99526037257017
H            2.96303952879067        2.24350222907636        3.40342684200100
48
 energy: -84.806070163301 xtb: 6.7.1 (edcfbbe)
C            5.69278073373861       -0.49369739104867        0.23701311220935
O            4.83109832999148        0.54823186880556        0.65272134891929
C            3.58140365096961        0.13256061195145        1.05507765232017
O            2.83128924596440       -0.21098640593934       -0.09515861148416
C            1.51963295794754       -0.65806548002772        0.18412882301320
C            0.97109753645993       -1.18880709139648       -1.14368527079661
O            1.87783246074693       -2.05394330241413       -1.76358902470442
C            0.70117229436710        0.49219835867456        0.79737784554824
O           -0.61597129112746        0.07964842570337        1.12938265683187
C           -1.64845748582680        0.92302120765726        0.69998604488077
O           -1.72565826135165        1.09437512752708       -0.68982084039068
C           -2.27312702711525        0.02222075025783       -1.44543893010832
C           -2.42133853969697        0.53575964576374       -2.88627255192877
O           -2.77058743553476       -0.49402589820297       -3.77985188881624
C           -3.61345556572261       -0.48327548646163       -0.89187392698474
O           -4.04308081171441       -1.64118575964610       -1.56407002773819
C           -3.43162712854479       -0.83255297075497        0.58745123420186
O           -4.63516106867241       -1.26312687836402        1.17362394154195
C           -2.96959688114089        0.43045153877209        1.31356924203631
O           -2.80132542137335        0.22739266912621        2.68205294969048
C            1.41503212879993        1.00674484726307        2.05874677032284
O            0.81614076847366        2.16272668557654        2.59166041516591
C            2.90855014239883        1.28541725848145        1.80691266901817
O            3.57111459603950        1.46783585040567        3.02697850261668
H            5.30587277983521       -0.99938230675443       -0.65201209585440
H            5.83062451982689       -1.22642228678822        1.03935634393295
H            6.64296673713335       -0.01860727371906        0.00565223027782
H            3.64235878647053       -0.74818583290217        1.72728446010066
H            1.56296340779394       -1.48285525152754        0.91426755133761
H            0.74205351421251       -0.33483449047457       -1.79857168445584
H            0.07030456850649       -1.77250100273446       -0.95089135796565
H            2.74486640068778       -1.62984528018331       -1.71739210431777
H            0.65201352454578        1.30224067058834        0.05293552814171
H           -1.46031848754811        1.94329241026921        1.07391737296839
H           -1.58760213695603       -0.83619011440449       -1.44026746625147
H           -1.48919730626831        1.02930375959293       -3.18231686633708
H           -3.22895587138782        1.26941027967958       -2.93333922603620
H           -2.02244473648493       -1.09534178923280       -3.87928418067077
H           -4.37296730396062        0.31228891548152       -0.97539511612210
H           -4.00116636792334       -1.46538837939441       -2.51755136799748
H           -2.66058224883733       -1.61220001282221        0.68588903176438
H           -5.02336126613306       -1.91307523952785        0.57480187477833
H           -3.72663411005099        1.21543456643330        1.13569953201299
H           -3.52377823988952       -0.34747991254667        2.96910101172978
H            1.31247035446628        0.25058590250723        2.84465361356269
H            0.80083501020472        2.85380433005998        1.91745258838682
H            3.00972043404385        2.18419226746627        1.17363373579568
H            3.01220083382506        2.03283354251016        3.57893767031629
