48
 energy: -84.854331153959 xtb: 6.7.1 (edcfbbe)
C            5.75590700000000        0.76643800000000       -0.86161900000000
O            4.72191500000000        1.40752000000000       -0.11940600000000
C            3.57593000000000        0.65518800000000        0.06425300000000
O            2.94376800000000        0.43509200000000       -1.17915700000000
C            1.71715500000000       -0.26345200000000       -1.06850400000000
C            1.20575200000000       -0.51493100000000       -2.49308500000000
O            1.97426500000000       -1.46364500000000       -3.18080600000000
C            0.69671500000000        0.54011700000000       -0.23523900000000
O           -0.49683700000000       -0.20937800000000       -0.11294100000000
C           -1.68132500000000        0.34246000000000       -0.64726700000000
O           -2.49847500000000       -0.72251000000000       -1.02453100000000
C           -2.87728000000000       -1.54142600000000        0.08398300000000
C           -3.79529100000000       -2.63930100000000       -0.47604400000000
O           -4.12194900000000       -3.60379600000000        0.49388700000000
C           -3.58836300000000       -0.73281300000000        1.18578900000000
O           -3.78581900000000       -1.50500200000000        2.34397800000000
C           -2.75818100000000        0.49828300000000        1.58127000000000
O           -3.47131400000000        1.34459000000000        2.44977200000000
C           -2.43841600000000        1.27782900000000        0.30787500000000
O           -1.69533100000000        2.44350700000000        0.51509000000000
C            1.31504300000000        0.74194000000000        1.16090400000000
O            0.45558100000000        1.46843700000000        1.99063600000000
C            2.66672300000000        1.44942300000000        1.01348900000000
O            3.23191400000000        1.55263100000000        2.29338300000000
H            5.45078600000000        0.62455300000000       -1.89838900000000
H            6.00428600000000       -0.19853000000000       -0.41184200000000
H            6.60695100000000        1.43920200000000       -0.80829400000000
H            3.81664700000000       -0.32840300000000        0.52327900000000
H            1.88209100000000       -1.23186400000000       -0.57197300000000
H            1.18725700000000        0.44100300000000       -3.02997600000000
H            0.19540400000000       -0.92333000000000       -2.43599900000000
H            2.87746100000000       -1.12812500000000       -3.27060900000000
H            0.49751200000000        1.51386600000000       -0.69062300000000
H           -1.45574900000000        0.89143000000000       -1.57320500000000
H           -1.97374600000000       -1.98810100000000        0.52212200000000
H           -3.31147900000000       -3.08346100000000       -1.35035100000000
H           -4.73661700000000       -2.18718600000000       -0.79654000000000
H           -3.36794700000000       -4.19434600000000        0.63379300000000
H           -4.55560800000000       -0.37306600000000        0.79611200000000
H           -4.22763600000000       -2.33449900000000        2.08706400000000
H           -1.81649400000000        0.17503800000000        2.04645100000000
H           -3.75064100000000        0.82386100000000        3.21731000000000
H           -3.39183100000000        1.52962800000000       -0.18999900000000
H           -2.02212900000000        2.86434000000000        1.32536900000000
H            1.48974100000000       -0.25635700000000        1.59824100000000
H            0.96197900000000        1.74184200000000        2.77319200000000
H            2.50499300000000        2.44324700000000        0.57184700000000
H            4.08268000000000        2.01204900000000        2.23079100000000
48
 energy: -84.855521805461 xtb: 6.7.1 (edcfbbe)
C            5.74354902074925        0.80909887433884       -0.92239698000775
O            4.72730148860374        1.41472385774461       -0.12777201759590
C            3.58872607525025        0.65020116480299        0.05100627799911
O            2.92019398101037        0.49503014984219       -1.18295413414037
C            1.70889750766132       -0.23057947382628       -1.07038013105011
C            1.16177914194726       -0.42672251349994       -2.48937945127938
O            1.98220542382764       -1.25826746031787       -3.26482716282922
C            0.71254993854553        0.51338604265633       -0.15818194402519
O           -0.47800950438822       -0.23921817782298       -0.02219249415715
C           -1.63667276594116        0.26271378662363       -0.65462647301410
O           -2.43854852819862       -0.82390450730981       -0.99629283938933
C           -2.86854813459447       -1.57855735951991        0.13770831769898
C           -3.75566763771048       -2.70934995509185       -0.40708571380573
O           -4.13953554605184       -3.61562591292658        0.59702546357235
C           -3.63459245172730       -0.70636044907256        1.14904196755700
O           -3.90172089638907       -1.40597547835958        2.33881152246236
C           -2.81395711559921        0.53957190819024        1.51475585767877
O           -3.55969880224610        1.43583735324305        2.30235968343515
C           -2.42432018100131        1.25254878586707        0.22125261308453
O           -1.66282969492903        2.40887909197200        0.42220697044522
C            1.36256130087466        0.67006212633640        1.22597816593114
O            0.50903415948673        1.37464765590847        2.08186485962346
C            2.70753137420704        1.38939194366876        1.06967399064942
O            3.31575318471812        1.43130683557846        2.33317079611472
H            5.40786491305936        0.69723469519324       -1.95329594454482
H            6.01470551915479       -0.16738134408651       -0.51234516049630
H            6.58956881970114        1.48838757978350       -0.87382022554404
H            3.84490679577099       -0.35589557986615        0.44867792888234
H            1.91073502107686       -1.21889799816135       -0.62808782173956
H            1.04411332695639        0.55702097253468       -2.95986166996612
H            0.19289244680791       -0.92497856033640       -2.42933460732269
H            2.85136861739027       -0.84164382531975       -3.35074276400632
H            0.49123687244349        1.50706204728362       -0.55850485046243
H           -1.37381328792601        0.75449268131688       -1.60078175217072
H           -1.98758457807799       -1.99442033307770        0.64625111277154
H           -3.22370026321188       -3.20287736478265       -1.22495885467803
H           -4.67526150452170       -2.27671749597787       -0.80757545986267
H           -3.40203589977914       -4.20801820247656        0.80146927302659
H           -4.57575142308015       -0.36542641597975        0.68560770476397
H           -4.33307179654714       -2.24880547310973        2.10973698392097
H           -1.89767439745370        0.23606438339121        2.04078891801642
H           -3.88073542470362        0.95670609409646        3.08051069300351
H           -3.34816189413428        1.50412741658536       -0.32837880828642
H           -2.02798519135330        2.87522441258896        1.19035627049719
H            1.54815055131995       -0.33739832170734        1.63483547317991
H            1.01317493337462        1.61474550258052        2.87635272942159
H            2.52752481539832        2.40308190404439        0.68339321088877
H            4.16354968939765        1.89546692887645        2.26442148008818
48
 energy: -84.855710343410 xtb: 6.7.1 (edcfbbe)
C            5.72650923155342        0.87881103546435       -0.97096072890666
O            4.72303891440966        1.42432777417964       -0.11858021897710
C            3.59606731424471        0.63849530519339        0.03935526302290
O            2.89248809268777        0.56319785355165       -1.18291866508518
C            1.69470099989868       -0.18952982417165       -1.08864607510716
C            1.12779004139019       -0.31441206907893       -2.50723083560225
O            1.98665634803144       -1.02912700993640       -3.35439599504816
C            0.72297908025108        0.48409444542016       -0.09808944645417
O           -0.47201658829401       -0.25930853120682        0.04673837773276
C           -1.60406093816620        0.18742128004478       -0.67044791362212
O           -2.39053894806008       -0.92325480966262       -0.96567780731482
C           -2.85772073350814       -1.60510174137677        0.19913222119852
C           -3.70666845112425       -2.78508680897597       -0.29964578552729
O           -4.12272966343012       -3.62332280151147        0.74966893344806
C           -3.67358342691724       -0.67212002988086        1.11189857304338
O           -4.00383699901350       -1.29156559391913        2.32937589355034
C           -2.86497371372432        0.59289633024681        1.43487244355469
O           -3.63738031754357        1.53609391919894        2.13797741130114
C           -2.42234526824001        1.22821773936471        0.11767250435870
O           -1.65867260091092        2.38890413855515        0.29055333781338
C            1.40407905784062        0.56041005149995        1.27531178955899
O            0.55919647080249        1.21290481161301        2.18055103084807
C            2.74155652032247        1.29616575399702        1.13421794504921
O            3.38645492980470        1.24869977942422        2.37915134997625
H            5.36749037879167        0.82205783819291       -1.99851064973158
H            6.01888116599213       -0.11605972760844       -0.62446991324306
H            6.56552586971485        1.56509773169268       -0.90316214798447
H            3.87144128038065       -0.39039085326113        0.35806544839253
H            1.92759529450771       -1.19936202104036       -0.71333427148592
H            0.93610126320540        0.69066327477018       -2.90294982129279
H            0.19791893324329       -0.88389376186935       -2.47144323773416
H            2.83286178607350       -0.56161216097815       -3.40215922374579
H            0.49300678742078        1.50213994970137       -0.42953399578638
H           -1.31090953037326        0.62094417061841       -1.63405551408242
H           -1.99365716488587       -1.97077239946339        0.77100197601423
H           -3.13416518576032       -3.32846071222843       -1.05683584561740
H           -4.61388057894828       -2.39720850512038       -0.76823649928146
H           -3.37911531294824       -4.16565666469211        1.04945079702239
H           -4.58820809613278       -0.36204568379828        0.57888455150674
H           -4.42711769213429       -2.14682288213855        2.13394962529882
H           -1.97011661886849        0.32052277749561        2.01292944378508
H           -3.98831358594095        1.10528322169318        2.93136172194582
H           -3.32207008028435        1.45625743033010       -0.47939792044834
H           -2.07059703662667        2.91222626618937        0.99668750431225
H            1.60128929292157       -0.46676234926419        1.62379476467447
H            1.06423507602355        1.38621093336199        2.99160617109662
H            2.54684244657227        2.33424761075886        0.82860855960107
H            4.22796995309327        1.72557750247342        2.32134587420875
48
 energy: -84.854777110009 xtb: 6.7.1 (edcfbbe)
C            5.71549523837405        0.89174954619520       -0.98240059229248
O            4.73151693018711        1.38729646325475       -0.07847286494349
C            3.59555621697005        0.60774680124560        0.04002001236854
O            2.86858255895906        0.63755610520216       -1.16975607043013
C            1.67109561923879       -0.12318255094694       -1.12285445440798
C            1.11252863328550       -0.13879313039965       -2.55082412795627
O            2.03160869842434       -0.68848076070741       -3.45715840333641
C            0.72130183391201        0.47332958633604       -0.06249155840362
O           -0.47769469691686       -0.26112088523279        0.09188442679058
C           -1.58883561341282        0.10769097398044       -0.69820955647563
O           -2.35250291570049       -1.03404860303800       -0.92755679740748
C           -2.83855877787501       -1.63593355223905        0.27292174837300
C           -3.66676475442108       -2.85698438598559       -0.15719002337600
O           -4.09167185180572       -3.62474426837262        0.94175176055509
C           -3.68461762480991       -0.65328477342396        1.10233441026787
O           -4.02245621181521       -1.19082532457409        2.35644896283444
C           -2.90425281729423        0.64655594225164        1.34385475937078
O           -3.70602245026055        1.62766130196313        1.95723084000848
C           -2.44408338298027        1.18969525289335       -0.00841516960672
O           -1.70181731870549        2.37276625304151        0.09967742549900
C            1.42494618750155        0.46212712902449        1.30092803604030
O            0.59211607671237        1.07110509208679        2.24780396954381
C            2.76799472156085        1.19258992342074        1.19445799880872
O            3.42970726390931        1.04697372546700        2.42277935195657
H            5.34247952652978        0.91294957943503       -2.00645908728419
H            5.99933298366043       -0.12896149383033       -0.71258642791572
H            6.56445585077485        1.56100879492789       -0.87773973051591
H            3.85988005819860       -0.44645592722296        0.27363906719052
H            1.91387152960808       -1.15822450912649       -0.83003451988203
H            0.84571192610264        0.88488481420912       -2.84219204503980
H            0.23348178941811       -0.78307471442858       -2.59112787977112
H            2.84144001817655       -0.15856260289224       -3.42902838910598
H            0.48674696144317        1.51245465040001       -0.32281010497632
H           -1.27719820746356        0.47583074426718       -1.68053186365767
H           -1.98390058804358       -1.95046827563796        0.88776639675391
H           -3.07638156356137       -3.44495277385210       -0.86554942128990
H           -4.57007723516037       -2.51280607715529       -0.66593925435864
H           -3.35000326922949       -4.14433138969673        1.28349358842635
H           -4.59677360667470       -0.39993676500724        0.53585542490085
H           -4.41384854816172       -2.07216335833763        2.21684930891438
H           -2.01732309407504        0.43438669947182        1.95865852681387
H           -4.06502294359295        1.25494150603042        2.77595910197404
H           -3.33302484576154        1.35946383576337       -0.63929164160774
H           -2.15227842835627        2.94519042541700        0.74162765084465
H            1.61404559882529       -0.58507660155228        1.58745441967700
H            1.09462244600434        1.16579320143415        3.07296310680567
H            2.58108647746665        2.25222502427612        0.96812306289682
H            4.27550359504973        1.51843133405655        2.38761760516342
48
 energy: -84.852917087175 xtb: 6.7.1 (edcfbbe)
C            5.70508810962565        0.90045415785565       -1.00176833883547
O            4.74781866729686        1.34196963725801       -0.04285559615941
C            3.59859901416275        0.57728367828968        0.03635387713804
O            2.84820047133826        0.71805333763223       -1.15041494996000
C            1.64814713636575       -0.04296389897363       -1.15387856755489
C            1.09768177657429        0.06130288292109       -2.58263426852270
O            2.06021380681803       -0.32654799629837       -3.52714834803763
C            0.72258941175658        0.47035502493504       -0.02814913263406
O           -0.48123805713133       -0.25487772295591        0.13253392945514
C           -1.57359789259607        0.02555703728796       -0.71701090808335
O           -2.31076951598294       -1.14584912331836       -0.87290311612354
C           -2.81942960131180       -1.66387365245499        0.35688918571214
C           -3.61085488376303       -2.93146032346149       -0.00204749659718
O           -4.05451050207257       -3.62339100437068        1.13876591095902
C           -3.70767189803561       -0.63727767700031        1.08217529486802
O           -4.07924766234829       -1.08161088620687        2.36277583025339
C           -2.95268761056814        0.68893326594421        1.24709872551103
O           -3.78248885795033        1.69957015341017        1.76845490007948
C           -2.46585879148800        1.13919119895207       -0.13003195801595
O           -1.74387966955705        2.33920999541875       -0.08734682757934
C            1.45050820177046        0.36478317439873        1.31866619846973
O            0.63645756834841        0.92435733121834        2.31200382368197
C            2.80140973689075        1.08400526199687        1.24643444279089
O            3.47980712862692        0.83727245399805        2.44914152922672
H            5.31744820728559        1.01613529353599       -2.01394702688569
H            5.96704515219595       -0.14581599639172       -0.82322976323308
H            6.57232454767886        1.53797997785815       -0.85661914996915
H            3.84560259002983       -0.49697768537195        0.18013833141464
H            1.89519257762210       -1.09837025616216       -0.94888392600944
H            0.76622219235042        1.09115008423180       -2.76722222429227
H            0.26764824097630       -0.63377636727881       -2.71167458802235
H            2.84482200247973        0.22786532929339       -3.40610342055565
H            0.48847472728975        1.52716771736732       -0.21390808346190
H           -1.24839408836470        0.32493748021993       -1.71561213222829
H           -1.97753307824453       -1.91187869951072        1.01787151803151
H           -2.98792836196847       -3.55851108412602       -0.64601159249386
H           -4.50444088067763       -2.64607338393713       -0.56172208897711
H           -3.31281886837942       -4.09604378392659        1.54298473191299
H           -4.60383209332408       -0.44359672843351        0.46865453259720
H           -4.45857428045195       -1.97502408598932        2.27984253314304
H           -2.07910781653800        0.53399709063946        1.89759743310895
H           -4.16722237026871        1.37579188410370        2.59633247920556
H           -3.34013053704088        1.24874200253979       -0.79344309044318
H           -2.22854045287860        2.95240748353927        0.48912486129626
H            1.62813055515956       -0.70075627367092        1.53566329887737
H            1.14437934382869        0.94731292745853        3.13902888633316
H            2.62528894047868        2.15983671712543        1.10354230519414
H            4.33165565459907        1.29904603325918        2.43597298971469
48
 energy: -84.850461963893 xtb: 6.7.1 (edcfbbe)
C            5.71802789504475        0.82508705907705       -0.99300460524909
O            4.77957464171122        1.25014998037459       -0.00789132513337
C            3.60197095504120        0.52656773692976        0.02885014445131
O            2.83840312108636        0.80737831890848       -1.12304825345848
C            1.62268264738660        0.07539214442796       -1.20256892833919
C            1.06573184566519        0.38483428018930       -2.60458480102199
O            2.06472154702168        0.30756999473718       -3.58579697393440
C            0.72201221586633        0.47994299963536       -0.01267624275835
O           -0.47662943130980       -0.25339327145528        0.15555565918639
C           -1.55596753936764       -0.09272106179825       -0.73860420555977
O           -2.25068187161300       -1.29937612216179       -0.79046252585308
C           -2.78454198800405       -1.70266897258069        0.47148511779529
C           -3.52554699024504       -3.02647516056730        0.22643631366324
O           -3.99864558468022       -3.60146825900544        1.41926954935929
C           -3.72757243478031       -0.63497885063892        1.05400106296003
O           -4.13864117310177       -0.95658337360829        2.35900570938883
C           -3.01191644294625        0.72141396922670        1.11080176641346
O           -3.88349979270355        1.75473850341853        1.50346726788761
C           -2.48834956962429        1.04984570023595       -0.28733912736133
O           -1.78430548252142        2.26122045559792       -0.33403393394645
C            1.46995324733152        0.26851249041924        1.31265904996245
O            0.67318365956524        0.77501423261966        2.34846555440805
C            2.83872738760336        0.95469262017483        1.28835697285649
O            3.52017286306901        0.58497832156756        2.45724317032391
H            5.30707248529300        0.94398960062403       -1.99540074107570
H            5.99146055221080       -0.22082029980876       -0.82919455811439
H            6.58336536926232        1.46794564838076       -0.86178612592180
H            3.80651176555143       -0.56474403841133        0.07141168630723
H            1.85021072511806       -1.00082749479342       -1.12863292267422
H            0.60571570622270        1.38134681602081       -2.59696173163384
H            0.33002396764772       -0.36790044278335       -2.88905798865771
H            2.77068726606161        0.92648487300016       -3.34890202775981
H            0.48191985852572        1.54839201384224       -0.10954603951921
H           -1.21944047118468        0.10559445268129       -1.75709381549180
H           -1.95850112052516       -1.85032517423631        1.18080439782388
H           -2.85975100752526       -3.70195692380827       -0.31821373317556
H           -4.40234600193646       -2.83285111414747       -0.39554441460738
H           -3.26020703640049       -3.99129231030504        1.90893512637307
H           -4.60314880917035       -0.53121720944983        0.39092427987615
H           -4.48727830330386       -1.86636615212015        2.35503046434728
H           -2.15869017944397        0.65239307793469        1.80229180673477
H           -4.29323304858713        1.50057444365126        2.34356663438347
H           -3.34249549703902        1.08220177896446       -0.98375543124576
H           -2.30428145816839        2.92315271879775        0.15034820482182
H            1.62345901759444       -0.81369424648359        1.45010935613277
H            1.16752558602512        0.68955524084771        3.17948938449183
H            2.69528813868201        2.04358667584145        1.23958146272154
H            4.38726675465799        1.01709631984907        2.46949122906963
48
 energy: -84.848916011328 xtb: 6.7.1 (edcfbbe)
C            5.69932345623536        0.43723074374677       -1.04594745672089
O            4.85648589869601        0.96054983837803       -0.02129627248060
C            3.58980367002318        0.40794284847095        0.01972246808808
O            2.84572569237887        0.86895357980779       -1.08382237152162
C            1.56224034397733        0.28052643945371       -1.21687481500795
C            0.99265249337217        0.88515426428599       -2.52599200655040
O            1.99390781339106        1.17627794672744       -3.46190495225558
C            0.71384941061317        0.58194287809930        0.04130159111452
O           -0.45446680282875       -0.20228821041434        0.21010094427891
C           -1.49779026284990       -0.19388522826236       -0.73745536199025
O           -2.11871806177910       -1.44103503402652       -0.69258330546814
C           -2.70314568293508       -1.73974131635224        0.57644299569131
C           -3.35815377033729       -3.12327976891247        0.43865443522736
O           -3.85241185981169       -3.60456153924182        1.66397116329820
C           -3.73250878074044       -0.67329556071596        0.98987320174631
O           -4.20252247304760       -0.88008768023649        2.29807841090397
C           -3.09151023979050        0.72036008931355        0.93987230730935
O           -4.03386172546549        1.73756560687736        1.17940596899842
C           -2.50799667212038        0.93376917969069       -0.45737413400781
O           -1.86039322024895        2.16938557929254       -0.59485955484169
C            1.48807823099556        0.29666342326274        1.34071425337713
O            0.74694674506268        0.84047420816299        2.39933071297729
C            2.90875174664734        0.86627619005641        1.31274797027978
O            3.57470282638452        0.40022396393205        2.45535041575481
H            5.24699280006900        0.57782527681874       -2.02790476058241
H            5.88280262185816       -0.62727075027714       -0.87508912690885
H            6.62623685016250        0.99767673995829       -0.97165610100317
H            3.63832342571948       -0.70119232144489       -0.00612037207965
H            1.67752421625659       -0.81116334541265       -1.31353587141300
H            0.41484426671698        1.78605148227951       -2.28169857543596
H            0.34541179371662        0.16338475620692       -3.02589155597569
H            2.62032029446209        1.79481995442372       -3.05881115088417
H            0.43959464426317        1.64670730834529        0.03318762883255
H           -1.11748271341580       -0.09603184756765       -1.75612066746694
H           -1.91343343320743       -1.76209383795211        1.34000877474303
H           -2.63195202370893       -3.80751342079622       -0.00879612063658
H           -4.21521276227759       -3.04463926869031       -0.23412140497901
H           -3.11996542244073       -3.92101627629192        2.21197749013539
H           -4.57175249842453       -0.68912434554757        0.27404913461207
H           -4.49427853094489       -1.80619319578767        2.37743754687793
H           -2.27631778961165        0.76819635312577        1.67788578947840
H           -4.48335886053178        1.54117475575558        2.01464542543423
H           -3.32252938961997        0.84806675878787       -1.19491727480530
H           -2.45240436884751        2.85316238411362       -0.24080193766189
H            1.56053324796252       -0.79690453779241        1.45367104128003
H            1.23728960349399        0.68822039969504        3.22290464392835
H            2.86332864713703        1.96454404257218        1.29838513810385
H            4.48649458992990        0.72818249227178        2.44733661552404
48
 energy: -84.847820192834 xtb: 6.7.1 (edcfbbe)
C            5.65326382430050        0.36840195782163       -1.15368413849324
O            4.87998720523380        0.84823283756347       -0.05532810390266
C            3.58918626833069        0.35576026370238       -0.00426392561844
O            2.83116255897464        0.92866886273557       -1.04328081011056
C            1.52543185513365        0.39660062829996       -1.18066112342591
C            0.93016936404064        1.13473957736603       -2.41194194235084
O            1.91594937732280        1.58389480111211       -3.30070312566400
C            0.72392510010491        0.61342506663388        0.12464402373730
O           -0.44238403223497       -0.17814519054970        0.28139895176924
C           -1.43085256072566       -0.27125657016374       -0.71685401799330
O           -2.02600452170553       -1.52748073539453       -0.60262182470744
C           -2.67290636704946       -1.74135591320864        0.65269345872930
C           -3.26832166415964       -3.15694661527847        0.59911955226036
O           -3.83150514449631       -3.54579097480271        1.82726733806273
C           -3.76000800610546       -0.68294560848094        0.90674996483745
O           -4.31637486696870       -0.79596674289133        2.19225794929029
C           -3.15046253847208        0.72011197609711        0.78565949637739
O           -4.12789240129413        1.72681767232458        0.88782294912244
C           -2.48132731199870        0.84697101538922       -0.58410669321833
O           -1.85429667513936        2.08783790969338       -0.76296066921210
C            1.53143817384614        0.24646150041692        1.38418268619592
O            0.84453044864330        0.77559869730980        2.48633480286731
C            2.97445500674469        0.75627942518341        1.33967425553919
O            3.65743479199117        0.18791105018617        2.42495278235545
H            5.17212137608486        0.61441292090927       -2.10086679492579
H            5.78281344110232       -0.71486941120588       -1.07703043801351
H            6.61229213315773        0.87101898086063       -1.07320991943512
H            3.58068717393787       -0.75004734783633       -0.10768127257462
H            1.60071264843582       -0.68633504529908       -1.37195269866201
H            0.30766213123284        1.96826420681874       -2.06398679844912
H            0.31377510463614        0.45541724560924       -3.00216410916052
H            2.51073363454248        2.18312635036046       -2.82688588955097
H            0.45122857811588        1.67671971490270        0.19494503669385
H           -0.99517228265851       -0.25174045068913       -1.71825861799509
H           -1.92980697266319       -1.66669317179945        1.45867636235708
H           -2.48864216736635       -3.84899157905307        0.26838674055322
H           -4.07696375363232       -3.17462192483075       -0.13503609968515
H           -3.12779740421247       -3.76819768500895        2.45362401538506
H           -4.54464928997151       -0.78433351324922        0.13805315909257
H           -4.58781336036671       -1.72118874468035        2.33161590586409
H           -2.38544360291025        0.84574445121659        1.56725693382447
H           -4.62919744579064        1.57858648171000        1.70345387076872
H           -3.24348345161134        0.68943563039796       -1.36420028458253
H           -2.48862204659404        2.77600840601277       -0.50267735414917
H            1.56238270613488       -0.85275472951742        1.45127276485329
H            1.34546922364078        0.55996132148642        3.28885440111616
H            2.97865723344392        1.85415621271142        1.39787558249688
H            4.58445649179038        0.46908877864846        2.39706458934314
48
 energy: -84.851371416486 xtb: 6.7.1 (edcfbbe)
C            5.65907442288488        0.62305567756901       -1.13901203317777
O            4.92482356003393        0.90044626687402        0.05081529564682
C            3.63855865374525        0.39161078631456        0.06776025571208
O            2.86584780089778        1.03553110251740       -0.91959086647820
C            1.53921971267333        0.55229875924402       -1.04793355952668
C            0.92849939795678        1.37904047941933       -2.20310041376903
O            0.46766268315907        0.58111561900938       -3.26421694737346
C            0.77339991487311        0.65952351945583        0.28829847051142
O           -0.41227638792590       -0.11657105701423        0.37032575242423
C           -1.32379727459047       -0.23528708655663       -0.70044031261189
O           -1.92131302522011       -1.49443875315411       -0.59962647405919
C           -2.63737702792067       -1.70543981395136        0.61531760076454
C           -3.17946148820124       -3.14184994472341        0.55811969785860
O           -3.80706319806178       -3.52350293925256        1.75725513158957
C           -3.77098228073665       -0.67904204282041        0.76571436978851
O           -4.42707538307828       -0.78479487121604        2.00460420581458
C           -3.18296841831448        0.73262063808032        0.66792508554655
O           -4.18587897551032        1.72077314402717        0.67582841904182
C           -2.40443075201543        0.86652473679377       -0.64296001166460
O           -1.80223114091536        2.12833132717753       -0.75445319103895
C            1.60182368131756        0.15177790352091        1.48109060371464
O            0.94813924062010        0.55487459495164        2.65424842408581
C            3.04181863948518        0.67043288719510        1.45044936452470
O            3.74829868236212        0.01741609690412        2.47141475268169
H            5.19148708057554        1.10634196708780       -1.99746357965985
H            5.71529399721410       -0.45626787189808       -1.30577440005108
H            6.65034990222377        1.03166500826026       -0.96741733364098
H            3.64353798260275       -0.70316047130252       -0.12666259026395
H            1.57045227646282       -0.51517395731818       -1.32900127013745
H            1.70039113538451        2.07867944000320       -2.53758874290689
H            0.06931305376756        1.94919356991488       -1.84847350506613
H            1.21972648663378        0.23740222862993       -3.76816565344027
H            0.52554967453464        1.71627159991766        0.46852860564872
H           -0.83360205897419       -0.23136023319374       -1.67675254635194
H           -1.95195434033057       -1.58701396629628        1.46607281913668
H           -2.35716495748577       -3.81323418233089        0.29465503574886
H           -3.93795280224828       -3.20429957888261       -0.22543331295198
H           -3.13794195872790       -3.69779639908274        2.43484549917767
H           -4.48789261975084       -0.81412222400890       -0.06162249255118
H           -4.66866187248349       -1.71769133201214        2.14653440223335
H           -2.48822839773436        0.88619666288339        1.50840685684580
H           -4.75565696122620        1.56325957245224        1.44322763220080
H           -3.09591673561647        0.69929218719955       -1.48402608308205
H           -2.48026910081312        2.79465112217500       -0.55473147128231
H            1.63268461323184       -0.94831287635170        1.42621060624965
H            1.48247588499975        0.26774864194225        3.41197235266413
H            3.04070635027469        1.75957308722102        1.60001019437364
H            4.67096031338177        0.31370293944782        2.45829629682578
48
 energy: -84.849458235143 xtb: 6.7.1 (edcfbbe)
C            5.65889345036840        0.76921044431898       -1.14885143138162
O            4.91988827764973        0.95442645305272        0.05579686802564
C            3.65003416152023        0.40643711878983        0.04614086997337
O            2.84738692293400        1.09787911251857       -0.88422069219558
C            1.52910668793555        0.59385972484196       -1.02725385238744
C            0.89877553150512        1.44568783542450       -2.15044113883060
O            0.46971963369059        0.67192580176607       -3.24296719495817
C            0.78567902612702        0.62320499939931        0.32586692068137
O           -0.42999829791703       -0.10842031253976        0.39251372238067
C           -1.30206340878320       -0.28679825033179       -0.69864682059590
O           -1.92110894001057       -1.53242883652991       -0.54100607225213
C           -2.64977859004420       -1.68324703383034        0.67364523530171
C           -3.16788053242799       -3.12912208702070        0.69969768593698
O           -3.80789214719276       -3.44183569970169        1.91245988094581
C           -3.80024479083946       -0.66859435861807        0.73599968514137
O           -4.48647050298681       -0.70577532359885        1.96254239380998
C           -3.21904212550051        0.73709785818688        0.56705526447037
O           -4.22770244283002        1.71631418987000        0.48229037731195
C           -2.39505574203272        0.81183805443779       -0.72202343169497
O           -1.81519621106505        2.08178339059776       -0.85672899857091
C            1.63328302895273        0.01767200605871        1.45793706393554
O            0.99369698115211        0.30483036111356        2.67221275260214
C            3.06370086771423        0.56225597306784        1.45255029658203
O            3.79548586070538       -0.15574842527297        2.40995459362137
H            5.16116069533058        1.26552195453038       -1.98259792287626
H            5.76984110631014       -0.29732228751781       -1.36369395873549
H            6.62868253565934        1.22108929370788       -0.96357056815331
H            3.68495565378132       -0.67024616554960       -0.22921014255059
H            1.58470494821790       -0.46057212894860       -1.35267322984582
H            1.65000708118059        2.18130496915268       -2.45290961261857
H            0.02049582498525        1.97308609100017       -1.78111569560805
H            1.23467267710106        0.37995393948587       -3.75987807728492
H            0.57421811556385        1.67340714319008        0.57983829395987
H           -0.78813942630087       -0.33319953068719       -1.66100757092891
H           -1.98026954162496       -1.50101257579335        1.52558933592245
H           -2.33177310029444       -3.80297759640317        0.49213375216008
H           -3.91373005175636       -3.25474086975209       -0.08830411431441
H           -3.14730913690229       -3.55178654002613        2.61162799964150
H           -4.49382321558230       -0.86249326057032       -0.09934873046962
H           -4.71307201397433       -1.63247488754514        2.15892967121240
H           -2.55437309637226        0.94704106285692        1.41975290823221
H           -4.82801959611624        1.59290118436026        1.23236267298059
H           -3.05469767343768        0.60198398346450       -1.57866010471263
H           -2.51460139545084        2.73837081580891       -0.70264951080869
H            1.67751855742781       -1.07299347684196        1.30557179720546
H            1.55671067757335       -0.01952326946198        3.39341118536901
H            3.04417136225561        1.63583467954061        1.68853777369575
H            4.70945029307597        0.16638644799755        2.41682080099991
48
 energy: -84.846667163277 xtb: 6.7.1 (edcfbbe)
C            5.64682023635945        0.93588106808940       -1.13829529865815
O            4.91415586118436        1.00430496662056        0.08260544216262
C            3.65743830608775        0.42893012592464        0.03561907480930
O            2.83115094552879        1.17058257635548       -0.83361733169421
C            1.52650570893131        0.64015555961774       -1.00787542096305
C            0.88494715686238        1.50423973341325       -2.11167434284554
O            0.48891475116558        0.74334023152664       -3.22638582746121
C            0.79401425242485        0.59108521480226        0.35092227481046
O           -0.44918446657524       -0.09653717365011        0.40280856180132
C           -1.28368882648405       -0.34105379953105       -0.70118867852313
O           -1.92575009649102       -1.56913710140344       -0.48427794546682
C           -2.65821159105129       -1.66109034478727        0.73192766583635
C           -3.15884496784636       -3.10940880896371        0.83681472035227
O           -3.80254836783313       -3.35905390734918        2.06215936521766
C           -3.81956658713963       -0.65868278734250        0.72355908740671
O           -4.51743694362016       -0.62790518353335        1.94345766721174
C           -3.24077345990649        0.73493084195548        0.47484432942770
O           -4.24906051374475        1.70569506168896        0.31417125274456
C           -2.39478071526779        0.74355811736644       -0.80438509796424
O           -1.85371845954763        2.02221447826527       -0.99793372397566
C            1.65384514233357       -0.10646667475638        1.42005226071391
O            1.02104549799621        0.06458410030951        2.65965021180820
C            3.07804955893662        0.45474112215492        1.45337276266848
O            3.82582820747690       -0.33361699564154        2.34044445045460
H            5.13399571017770        1.49263735281709       -1.92318469536736
H            5.77421542167559       -0.10627841652664       -1.44439957845350
H            6.61029160714314        1.38731910630188       -0.92157753744488
H            3.71623139121627       -0.62150083504393       -0.32511879370228
H            1.61611291462440       -0.39983100804220       -1.37240787768640
H            1.61931624563422        2.26636842920701       -2.38823515533997
H           -0.01050502252701        1.99737360077132       -1.74035987444347
H            1.26533937629665        0.50143612516140       -3.75181796611881
H            0.61597333040817        1.62776049006090        0.67714352995164
H           -0.74843260510622       -0.43699349584566       -1.64744164744012
H           -1.99755667010289       -1.42315216879259        1.57693962566393
H           -2.31366510300661       -3.78410274469341        0.67300657331523
H           -3.89832019611249       -3.28927346693990        0.05336479971155
H           -3.14477114714035       -3.41576262993338        2.77026629145377
H           -4.50260268044138       -0.90846205794893       -0.10545909405297
H           -4.73171014356585       -1.54326727975233        2.19781689411701
H           -2.59021301504236        0.99843158871922        1.32347576644417
H           -4.85163021790686        1.64248182534247        1.06984589931562
H           -3.03511952984968        0.46892236153453       -1.65741477522827
H           -2.57547573691047        2.66226246496748       -0.87771443622605
H            1.70892145285240       -1.17882931124251        1.17103188808678
H            1.58932140074637       -0.32273780351130        3.34482363483063
H            3.04618928735583        1.50338638943565        1.78180180922379
H            4.73494127686601        0.00051305344111        2.37232018022712
48
 energy: -84.843056809760 xtb: 6.7.1 (edcfbbe)
C            5.63680791205436        1.13556264791301       -1.08570624009902
O            4.90289915331676        1.05943108819789        0.13413842842343
C            3.66530001938848        0.45163042166776        0.02749216311569
O            2.81683502746592        1.24578118968734       -0.77157076508259
C            1.52810542297761        0.69448898759118       -0.99459457749355
C            0.87990895416845        1.59216921207488       -2.06402207325459
O            0.50085648467109        0.86701631511235       -3.20807910876240
C            0.79829176995624        0.54958679800884        0.35833524378071
O           -0.46811081046337       -0.09730021824197        0.39310045201927
C           -1.27225156623346       -0.41197966825206       -0.71178063438073
O           -1.93617231595665       -1.61768176259607       -0.42115161826997
C           -2.65838230060985       -1.63472570358350        0.80342055592185
C           -3.14835170968668       -3.07572150032064        1.00910163017641
O           -3.78544221433336       -3.24256471334010        2.25181905288210
C           -3.82579753082366       -0.64307080232819        0.73100455946974
O           -4.51386025429773       -0.51934875183274        1.95059289611791
C           -3.25422756849558        0.72761282107655        0.36974717139874
O           -4.26959442299533        1.67498174903192        0.13047492776639
C           -2.40488961424361        0.64437917560658       -0.90628821432267
O           -1.91645126112645        1.92051826967948       -1.21257526784680
C            1.66710616916053       -0.24880940279633        1.34918178279107
O            1.03729270126295       -0.21635399110047        2.60154110563320
C            3.08610161330358        0.32029734545671        1.43967780752464
O            3.84221507762257       -0.55103296154725        2.23786838542517
H            5.10450584399799        1.74820103351525       -1.81391987285985
H            5.79987848725506        0.13316710153821       -1.49140038341248
H            6.58425046288359        1.59668265247802       -0.82343126988534
H            3.75770110565570       -0.55712018690149       -0.43205309616590
H            1.65083025955583       -0.32138536431719       -1.41447392119057
H            1.60448263153789        2.37478576689943       -2.30740010811537
H           -0.02474609171369        2.05555854239994       -1.67987625737498
H            1.28214518718741        0.66985151852886       -3.74503837242977
H            0.65032256548697        1.55994792094335        0.76966560768388
H           -0.71880871317349       -0.56571343408880       -1.63967654551545
H           -1.99479600522207       -1.33766070516881        1.62705077436429
H           -2.29938475971069       -3.75504589285955        0.88969704544482
H           -3.88986481989876       -3.31464919757188        0.24356872011437
H           -3.12390145670627       -3.23936690728862        2.95878483929245
H           -4.51432933077407       -0.95893069872841       -0.07039125122236
H           -4.72901417741611       -1.41223553428675        2.27370726435501
H           -2.60798654702561        1.06369344895482        1.19567669205519
H           -4.87822218999741        1.66025389327381        0.88376045795876
H           -3.03561443327710        0.27347444817351       -1.72990505193401
H           -2.66457203140060        2.53840708180453       -1.14388402431108
H            1.73208901120092       -1.28908110098357        0.98929780012569
H            1.61558189495550       -0.66347974679365        3.24060949222319
H            3.04460666087475        1.32725296131585        1.87868711432923
H            4.74665568687954       -0.21148212827054        2.31269759747368
48
 energy: -84.840059854769 xtb: 6.7.1 (edcfbbe)
C            5.58135210346205        0.82777139293242       -1.27492531396570
O            4.89068281894096        0.80880565946624       -0.02906118911099
C            3.58573193518664        0.35591534412188       -0.08484194085521
O            2.78606860607816        1.28563649615614       -0.77799087976442
C            1.42967690944615        0.90199844810883       -0.97597506159515
C            0.84382506195097        2.08591390832606       -1.75581025318760
O            1.45920856090102        2.22312207369134       -3.01034828780752
C            0.72775009878240        0.61537047187201        0.36517013240022
O           -0.50555182261316       -0.10552500963685        0.37474012315333
C           -1.24735650520173       -0.60917926416167       -0.70074209663549
O           -1.85031335064600       -1.79723498432507       -0.23703139195961
C           -2.61164503799619       -1.64854532690627        0.95699506195344
C           -3.07335625096343       -3.05523174889097        1.36606984150025
O           -3.73358952247613       -3.04962748048886        2.60792304237325
C           -3.80598984450538       -0.71222111749039        0.72255911440278
O           -4.48974003438334       -0.40798270401060        1.91223869235744
C           -3.28994880628870        0.59756410008729        0.12216686594771
O           -4.34147552521479        1.44173380253161       -0.28157994675613
C           -2.44448300091059        0.29122121351638       -1.11989578409223
O           -2.06514100261534        1.47037076168474       -1.76601234955626
C            1.61849639041239       -0.23003231864316        1.30635197349474
O            1.03685903556196       -0.18521065139619        2.58162740139914
C            3.07300221330366        0.23907982234592        1.35225705884375
O            3.79569767022481       -0.69972127294401        2.10246374421950
H            5.14710300538874        1.57021849519652       -1.94432479576701
H            5.54627190136937       -0.15897769608426       -1.74398108363079
H            6.60535185707144        1.09459204771608       -1.03105334690919
H            3.52871605753330       -0.63098703146423       -0.59245289191159
H            1.41157075623524       -0.00711154698007       -1.59902333862386
H            0.98587033175373        2.98998249330292       -1.15249030875246
H           -0.21361051434667        1.93318079863015       -1.94841631629767
H            2.40416380599176        2.37766023352706       -2.87179563810303
H            0.52012706834741        1.57024744894310        0.86653849603520
H           -0.64051519295593       -0.88086719920932       -1.56839314481542
H           -1.97872657676355       -1.21515038055447        1.74323325771970
H           -2.20680020287932       -3.72237852934955        1.36500687706227
H           -3.79274929962930       -3.42463941349985        0.63168657498670
H           -3.08627952766165       -2.94623106868485        3.32037824657479
H           -4.49073653427638       -1.17922821135058       -0.00524007117168
H           -4.68802913063105       -1.24322981797530        2.37189944021940
H           -2.65825416679282        1.10334086775587        0.86796559858173
H           -4.94812235108408        1.54732564854971        0.46599358314592
H           -3.04642826461000       -0.32777763690978       -1.80653008542695
H           -2.84447440724246        2.05189621597072       -1.78861579709423
H            1.61171298755011       -1.26609464368564        0.92744991248990
H            1.60912997014405       -0.67723733780233        3.19224616510635
H            3.12560635366972        1.23848956612371        1.80740859330790
H            4.72933938448730       -0.44102288011461        2.11964241883005
48
 energy: -84.838563955279 xtb: 6.7.1 (edcfbbe)
C            5.42456053725192        0.65383689685554       -1.56503697877112
O            4.86756947372700        0.66961830325675       -0.25352727451725
C            3.53243446761553        0.31664156479972       -0.18061578203671
O            2.74479044203590        1.34599142564715       -0.73049280491136
C            1.34873308319486        1.09277340757241       -0.80943686974965
C            0.77122681054228        2.44764440523796       -1.25762313319589
O            1.27115231993398        2.84878834035469       -2.50402040165926
C            0.73211562665075        0.64889484091851        0.53025244408728
O           -0.47032409463812       -0.12543273988122        0.51589585473503
C           -1.10885197893875       -0.73857612869440       -0.57073149158819
O           -1.71817471327670       -1.89407770980107       -0.04107880105153
C           -2.61810307018213       -1.62609455068494        1.03214552786388
C           -3.11417153213748       -2.98532600013970        1.54736480671491
O           -3.91509649598391       -2.84932902131567        2.69549676834391
C           -3.78723014213548       -0.74422069134928        0.56374787816938
O           -4.59604987140291       -0.32283097919655        1.63291375784030
C           -3.23517373985511        0.50513800007691       -0.13228128909902
O           -4.25468861132272        1.25426592043648       -0.74729701725249
C           -2.25529537634396        0.06702314168508       -1.22562984643744
O           -1.79836672889584        1.14350173573151       -1.98876544547389
C            1.68916844481442       -0.23485523457222        1.37379126280515
O            1.22320910058035       -0.18806909028560        2.69605260254797
C            3.16280144869633        0.16561649316199        1.29611140793129
O            3.90529044123069       -0.83795613753390        1.93625386365559
H            4.91773555815117        1.37243741224779       -2.20907911147843
H            5.34649602268143       -0.34758884385025       -1.99738592191461
H            6.46682196409707        0.93097621717355       -1.43791726506045
H            3.34114222104795       -0.63287378434701       -0.72378538906556
H            1.16823048807058        0.33043165810526       -1.58023976124053
H            1.01752957218533        3.18730291125604       -0.48575583251293
H           -0.30656253172016        2.36403809558013       -1.37000525049068
H            2.23311945300894        2.92884242466181       -2.43380760569916
H            0.49173302831609        1.53256828161189        1.13307668841222
H           -0.40939605931320       -1.09170109891906       -1.33700343270485
H           -2.08152587244582       -1.09572580142015        1.83040112288748
H           -2.24782703273615       -3.62836076953797        1.72620602006977
H           -3.73983176355191       -3.45341899765296        0.78414505053519
H           -3.35608937761645       -2.64535057118776        3.45901124517140
H           -4.38701750460467       -1.30630471704213       -0.17200428582022
H           -4.84194508889373       -1.10592190742227        2.15744227605445
H           -2.70001209230909        1.11943277911211        0.60726039340926
H           -4.93685755075415        1.43829750601736       -0.08499934189101
H           -2.77257750678850       -0.65525129602145       -1.87978261578625
H           -2.57938741717194        1.64126328979298       -2.28451898513906
H            1.61090622774632       -1.26431935409489        0.98481082847083
H            1.80289824433681       -0.74173422557089        3.24276491455476
H            3.31175600468039        1.14111146746923        1.78037401770324
H            4.84913319097803       -0.63112482559274        1.86078409545403
48
 energy: -84.840739576900 xtb: 6.7.1 (edcfbbe)
C            5.21479042243620        0.61039041130687       -1.82738542218596
O            4.80310773996193        0.59275167267433       -0.46350016946040
C            3.46792133457380        0.29493953661010       -0.26148117559812
O            2.67548211632107        1.37422293411117       -0.69577981283491
C            1.27106794261416        1.17461807651899       -0.63868789712749
C            0.69595365608091        2.58200074044558       -0.89547475559960
O            1.01115003099979        3.06869716566764       -2.16881709938590
C            0.75604355531404        0.64940258737102        0.71480327354177
O           -0.44193914839784       -0.12958542999206        0.70848454209124
C           -0.97590001751254       -0.82796117299583       -0.38617907145089
O           -1.63866264745978       -1.94065274687547        0.16178683753581
C           -2.66815900376228       -1.58752223524106        1.08430141499036
C           -3.24824401848936       -2.90426077361094        1.62286554333517
O           -4.17284098396575       -2.68742972380748        2.65984534242949
C           -3.75558380037320       -0.73170854481596        0.41133301452577
O           -4.67769758968510       -0.22599256353562        1.34320616507946
C           -3.10875929524825        0.46082481111135       -0.30584105959253
O           -4.03819511195368        1.16813311197056       -1.08862367280336
C           -2.01678242579652       -0.07277899296155       -1.23754189581764
O           -1.43015167764066        0.92065699623351       -2.02334859180728
C            1.77575527982447       -0.25545019878431        1.45897121506511
O            1.43990211412702       -0.20527993392341        2.82031512101829
C            3.24377516720126        0.11451359466676        1.24103728533630
O            4.02245341706371       -0.91986435832059        1.78146655233460
H            4.67369813696476        1.37596898093466       -2.38358466775307
H            5.04580995403398       -0.36772929359128       -2.28639191695119
H            6.27596416151432        0.83969295262794       -1.80505598268157
H            3.17878672780590       -0.62758369919378       -0.80811601131211
H            0.97010454097907        0.49871811362846       -1.44891514524137
H            1.09370865399475        3.24723398912508       -0.11773957393797
H           -0.38977405454177        2.54754405945193       -0.83704637710837
H            1.97434404991926        3.07158020453183       -2.26135862523753
H            0.53043671337452        1.48796358117528        1.38205254113050
H           -0.19423544300617       -1.24562522202887       -1.03448760401660
H           -2.23029510662882       -1.00464320895230        1.90591609053266
H           -2.41974856802411       -3.54455936549464        1.93799865830267
H           -3.79021492701195       -3.41220298020430        0.82182855270462
H           -3.70201640881620       -2.46166424009686        3.47518437531978
H           -4.27341207581199       -1.34248531644285       -0.34747540998674
H           -5.00661556317703       -0.96631736875691        1.88347103751233
H           -2.65288912845125        1.12434316889946        0.44433789324851
H           -4.78617011648604        1.41460691059286       -0.52473754131441
H           -2.46939811423300       -0.84134161370739       -1.88753823057094
H           -2.14611530714853        1.40953980906874       -2.46107830861214
H            1.64276480673731       -1.28195093356898        1.07683523649929
H            2.04865019496339       -0.78190271998999        3.30828916175199
H            3.46411862182272        1.07459821910601        1.72914006911332
H            4.95800920827075       -0.73645695328087        1.60619697328389
48
 energy: -84.843637001110 xtb: 6.7.1 (edcfbbe)
C            5.15770582392218        0.78052281747942       -1.89707173293099
O            4.78353771650564        0.67645544611104       -0.52613931985450
C            3.46036443648582        0.34158373212125       -0.30685852886598
O            2.63244829361013        1.43284288254793       -0.63436249607599
C            1.23917213909168        1.17273626956964       -0.55818753980693
C            0.58613559504543        2.55471205953105       -0.75473946038632
O            0.82127572732611        3.09425051949771       -2.02338449837379
C            0.78876756745076        0.58788542769058        0.79289749128013
O           -0.43381371816394       -0.14608255201827        0.80336247875636
C           -0.92068720216304       -0.91042933929497       -0.27115109864841
O           -1.64518315803675       -1.96699170915886        0.30891898765047
C           -2.71498025432262       -1.52843764316486        1.14385454992237
C           -3.36691602763819       -2.79444266988509        1.72077813652751
O           -4.34950024440042       -2.49019362759381        2.67964792234744
C           -3.73553486980119       -0.68389668627999        0.36028593346456
O           -4.68143943260104       -0.08645827528300        1.21073170151167
C           -3.01231493166874        0.43484744595515       -0.40199311630019
O           -3.87559582891446        1.11469771590735       -1.27846249992016
C           -1.89528378907641       -0.20067457112844       -1.23496571868517
O           -1.24639269155424        0.70234870234673       -2.07889696620574
C            1.83378373468290       -0.37070038360085        1.42193383234555
O            1.54737996264445       -0.43625980233322        2.79402666303555
C            3.28784568317765        0.04013120431393        1.18370711183062
O            4.10253419188743       -1.01733942529264        1.61495946786500
H            4.60766568745095        1.58347665279465       -2.38761327788823
H            4.96823823801570       -0.16459611331771       -2.41358782413039
H            6.22091024415671        1.00099176361307       -1.88927435633724
H            3.16903157905730       -0.54252503494935       -0.91298935891251
H            0.95128784856583        0.50337298055271       -1.37800981303141
H            0.97851238183593        3.21877937323992        0.02696331047523
H           -0.49351333138838        2.46253147172153       -0.65182394560584
H            1.77792599647345        3.15017493284844       -2.15685419831708
H            0.61706381287870        1.39143308288838        1.51624349192404
H           -0.11017703112667       -1.38547731658631       -0.83987085976482
H           -2.30822121839790       -0.91003980076613        1.95554860221814
H           -2.57951824948452       -3.43468859355914        2.12764540830334
H           -3.87043066763908       -3.33635913050960        0.91691012477957
H           -3.92439606098666       -2.24024873763257        3.51252185151565
H           -4.23950041985394       -1.32634253901154       -0.38137972790317
H           -5.06467919827223       -0.77963017827691        1.77739849329862
H           -2.57213053846774        1.13418460698341        0.32475772724798
H           -4.63985309797741        1.42698160151624       -0.77191705764946
H           -2.34083825276827       -1.01122803296481       -1.83760031031675
H           -1.92759275167568        1.19140706307854       -2.56856042897355
H            1.69618097169411       -1.36415758676387        0.96196853296694
H            2.18394795422158       -1.03671104322238        3.21271368756403
H            3.50828509033263        0.96348031749843        1.73827941133368
H            5.02849030648658       -0.79592523113845        1.43312008591150
48
 energy: -84.846502396916 xtb: 6.7.1 (edcfbbe)
C            5.15923158824811        1.11560114370086       -1.85920167646431
O            4.78901756191259        0.82779207822609       -0.51324793922535
C            3.48397752416527        0.40275484198946       -0.34462266689047
O            2.60042250973112        1.47680143859710       -0.56832809800699
C            1.22559850328839        1.12833690296927       -0.51269582397181
C            0.47834790109083        2.46478390338028       -0.67514338652834
O            0.63955479674097        3.03551823075264       -1.94151030284068
C            0.83149298902638        0.48057364327109        0.82543452684350
O           -0.42378046675570       -0.18813731914258        0.86346932327462
C           -0.90477365089663       -1.01259678946891       -0.17066777260586
O           -1.69391465439581       -1.99354390428911        0.45699750205871
C           -2.77106969746395       -1.44998853290294        1.21671045777141
C           -3.49207252355216       -2.63915834377122        1.86986015315358
O           -4.50536490602828       -2.22005379967107        2.75052631251806
C           -3.73130412357699       -0.63300937705972        0.33353254431867
O           -4.67782564501747        0.06734830662310        1.10056864822754
C           -2.93871325658638        0.39319763548388       -0.48734762235615
O           -3.74211121800058        1.03254763368150       -1.44680109840300
C           -1.81851392402873       -0.34702456106322       -1.22343048682289
O           -1.11053882547323        0.45562060115135       -2.12055046632572
C            1.88784563116834       -0.54057574365059        1.31405599482250
O            1.63084647668106       -0.78038471142898        2.67230088316312
C            3.32912199367361       -0.07087670512230        1.10364161357570
O            4.17264863192335       -1.15173870655302        1.40313003973530
H            4.57716646255528        1.95070855216309       -2.24886716262023
H            5.00860146292269        0.23487194163787       -2.48981157056566
H            6.21252287199739        1.37644974481945       -1.81787084373500
H            3.24230218857372       -0.42635030428973       -1.04381757983054
H            0.98486165059416        0.45665065915692       -1.34590271099730
H            0.84402802282457        3.14358529022227        0.10665276982952
H           -0.58967609849615        2.29900429175920       -0.54422713708555
H            1.58456453375520        3.16814307690096       -2.09983456627489
H            0.73359004776661        1.24498824729989        1.60272684711740
H           -0.09349563618536       -1.55526588361235       -0.67330239333049
H           -2.36529144865514       -0.78428206097203        1.99034827229313
H           -2.74722897898719       -3.26520079089610        2.36849550757736
H           -3.97845292789202       -3.23341023169358        1.09317167445609
H           -4.10815516717203       -1.90223621452661        3.57369860450708
H           -4.23702453185809       -1.31319807548075       -0.37212112453805
H           -5.11134115631508       -0.56451664692542        1.70193955440838
H           -2.50019480006547        1.13132751905039        0.20127916108668
H           -4.51452919311549        1.40627520313919       -0.99747525150725
H           -2.27516945105711       -1.18928588543462       -1.77239629858313
H           -1.75740894204802        0.95705325201394       -2.64365929653414
H            1.75831294460828       -1.47191624614497        0.73733118705701
H            2.28540137418457       -1.41647478830859        3.00122651087076
H            3.53578552532644        0.78735559803061        1.75901471736261
H            5.09270605446407       -0.88807206637706        1.25020132832851
48
 energy: -84.848730093314 xtb: 6.7.1 (edcfbbe)
C            5.14654821274736        1.30954488702056       -1.83136858106199
O            4.78649905967191        0.90970266850631       -0.51177648513796
C            3.49034614046628        0.44764081727869       -0.37547927085190
O            2.58431040682971        1.51731511100385       -0.51444712905103
C            1.21916435219215        1.12724686946488       -0.47781675713721
C            0.42804570624705        2.44004070372122       -0.59453294399086
O            0.60572223143425        3.07563861155775       -1.82822499943162
C            0.86361265735774        0.41100426977481        0.83549623921203
O           -0.41784914454923       -0.19930779276183        0.89854380101514
C           -0.89882669852749       -1.08333560255541       -0.08726413075388
O           -1.73417232967812       -1.99696638902569        0.57949007877257
C           -2.81701796699672       -1.38235718697629        1.27142779870185
C           -3.57068420086226       -2.51048807999707        1.99268983598320
O           -4.58850619110691       -2.01509267965116        2.82715605151749
C           -3.73991956500670       -0.62288532014108        0.30262854889896
O           -4.70365592745031        0.13978739865952        0.98394849120560
C           -2.90446019825274        0.33418063189722       -0.55736396034242
O           -3.66358117899951        0.91683451490662       -1.58679627239916
C           -1.76829312180888       -0.46256442188153       -1.20585852529095
O           -1.02130615111294        0.28394172732494       -2.12066378700349
C            1.91986141943641       -0.65163184823170        1.21585235991908
O            1.68198590635039       -1.01395389959937        2.55026456574184
C            3.35335239265141       -0.14780459218704        1.02966394150638
O            4.21351667330030       -1.23885379275207        1.22658479523847
H            4.54717399279883        2.16119593118948       -2.15299418846809
H            5.01091676355669        0.47828145797519       -2.52873695522785
H            6.19480666543526        1.58693942127931       -1.77198912008826
H            3.26276000820312       -0.32794654281016       -1.13808328735308
H            1.00185196764888        0.47784764272507       -1.33508045903449
H            0.74265827315733        3.09464321360767        0.22876728759019
H           -0.63595532263357        2.22845428928089       -0.50508978202447
H            1.55121176092190        3.23767256936380       -1.95393640655368
H            0.82541510281362        1.13700294756977        1.65463273731588
H           -0.09292744349171       -1.67768023149246       -0.53419695503521
H           -2.41924132411909       -0.66643046836728        2.00331288788455
H           -2.84403523005758       -3.11436029990692        2.54286624412776
H           -4.05645847168678       -3.14761800760356        1.25007212686888
H           -4.19973341100288       -1.66261791734041        3.64050769597653
H           -4.22894577163487       -1.34711769695095       -0.37013111291440
H           -5.15833970655537       -0.43932931117527        1.62132142567912
H           -2.48209848797531        1.11219984695035        0.09656581877491
H           -4.44408051784387        1.33349674611183       -1.19269160023796
H           -2.21816033960078       -1.32716346148844       -1.72483748235278
H           -1.64586325579965        0.77063485200943       -2.68340519124219
H            1.79369988922131       -1.52852781179286        0.55963253844279
H            2.34523718647333       -1.67090340452611        2.81370469195226
H            3.55743586192943        0.65343500295062        1.75426454776863
H            5.12797735597601       -0.94975332590805        1.08685172013863
48
 energy: -84.850309089854 xtb: 6.7.1 (edcfbbe)
C            5.15656066956941        1.61309512707494       -1.70604589378568
O            4.79946718899565        1.01541128444531       -0.46234109885442
C            3.51916590226298        0.49464957799515       -0.40752980047162
O            2.57480620219924        1.53781982273569       -0.46843862668404
C            1.22366604234087        1.09684788212321       -0.45912209790934
C            0.38030557372471        2.37859442215880       -0.51795827228025
O            0.46788698203818        3.03569967249182       -1.75037982413972
C            0.90966761748974        0.30168337045308        0.82011061675158
O           -0.39742523671444       -0.24076295585154        0.92275866261236
C           -0.91369461025024       -1.17801156146150        0.00376366232890
O           -1.79423394883166       -1.99961871207430        0.72685932020180
C           -2.86842398589539       -1.29431212009001        1.34025042073428
C           -3.66484985118779       -2.32992946168128        2.14922923693952
O           -4.69814713814890       -1.73614758789705        2.89622747853992
C           -3.75287216359435       -0.60751490308062        0.28575326008165
O           -4.71772869579169        0.23013291416744        0.87093778464898
C           -2.87487237577308        0.25584222331584       -0.62829837347258
O           -3.59184737661342        0.76068123952876       -1.72679777602506
C           -1.73460141517394       -0.60734454366674       -1.17649639860608
O           -0.93701421747341        0.06545477019839       -2.10671830811801
C            1.96268697979420       -0.80297309683675        1.04854658897011
O            1.74011305921245       -1.35380136683918        2.31866963935835
C            3.38390753695532       -0.24619614777172        0.92796954687931
O            4.27136024994638       -1.32897016206760        1.01985035788437
H            4.57206701773634        2.51685152937228       -1.87905157881289
H            4.99796675819830        0.90715832637908       -2.52581385495583
H            6.21068833788496        1.85761069041447       -1.61464409437993
H            3.34066753276007       -0.21022578086517       -1.24850580618999
H            1.03128740040836        0.47790620908122       -1.34464659280579
H            0.70820758275197        3.03407188298949        0.29907423904460
H           -0.66862535899535        2.12318969481716       -0.37820992865872
H            1.39607782774348        3.24850867040669       -1.92005621061452
H            0.95029403391374        0.97567845384549        1.68322401154568
H           -0.13261082873274       -1.84121371722016       -0.38401289637202
H           -2.46172674627404       -0.52323590762550        2.00839503784219
H           -2.96698799850491       -2.88625026699879        2.78070729338316
H           -4.14008592007590       -3.03123154014037        1.45958385676401
H           -4.32820395391627       -1.30587866341818        3.68022518837663
H           -4.23842618072825       -1.37974427624422       -0.33381608192765
H           -5.19852288454644       -0.28260698321288        1.54548904383451
H           -2.46040574925682        1.08059835235554       -0.02914804071772
H           -4.37541392722309        1.22338252841534       -1.39500678200830
H           -2.18844679078083       -1.49116583816201       -1.65842943573403
H           -1.52937256153696        0.54467904973433       -2.70954832378022
H            1.85137905592749       -1.58042455809021        0.27466991782471
H            2.44509791388698       -1.99483220540544        2.50164438636651
H            3.56251659785328        0.48090934326455        1.73322959637373
H            5.17869389619587       -1.00407264771719        0.91732777165498
48
 energy: -84.851430033735 xtb: 6.7.1 (edcfbbe)
C            5.14517305612296        1.76968111713682       -1.64432027014715
O            4.79337340043780        1.07550301079236       -0.45070122352757
C            3.51869801750844        0.53792624870549       -0.43908413056720
O            2.56393716644820        1.57346879051411       -0.41054161624420
C            1.21682107378868        1.11829870685407       -0.41190594229533
C            0.35302853492527        2.38580987489793       -0.37728340778190
O            0.35811183264875        3.08653414793992       -1.58908880573804
C            0.94049848468596        0.23646229867111        0.81985910186299
O           -0.38260834116943       -0.25747243358661        0.94852328590380
C           -0.91458506760617       -1.24910468178994        0.09636810079311
O           -1.82858780935051       -1.98828133864395        0.86235583905638
C           -2.90210437159990       -1.21606331759123        1.38843515402906
C           -3.73186998093056       -2.16479655239362        2.26734635223824
O           -4.76397669283617       -1.49135102454572        2.94486303518728
C           -3.75067339601541       -0.61409781910109        0.25614798298758
O           -4.72426409287199        0.27610699625110        0.74061842237309
C           -2.83869128238386        0.16339629926909       -0.70049765845682
O           -3.51957477202115        0.57955785930993       -1.85804147582047
C           -1.68849433349447       -0.74512815558136       -1.14436027921330
O           -0.84740690521444       -0.13474664563931       -2.08094675761441
C            1.98219081149632       -0.89472677730827        0.90781520945978
O            1.77842609044602       -1.58591872379098        2.11014398174098
C            3.40027381462724       -0.32253042926626        0.82518969682125
O            4.29086962657569       -1.40639309082180        0.80343930109438
H            4.53306982789255        2.66373075740179       -1.76218474594906
H            5.02013819988163        1.11759580318811       -2.51295661394350
H            6.18954038505973        2.04122250058438       -1.52128446702539
H            3.34541583100497       -0.09385017642645       -1.33707657267583
H            1.01719427613513        0.55236011444838       -1.33076737440429
H            0.71352495002595        3.01824500756946        0.44366615848764
H           -0.68177926108008        2.10443665920510       -0.18691265780076
H            1.26825518110702        3.34133942601758       -1.79465462556113
H            1.04504560143812        0.85024818147361        1.72246481205613
H           -0.14837059535095       -1.96376477234816       -0.22005807225567
H           -2.49672525404185       -0.39483060677768        1.99511743980773
H           -3.05480682572513       -2.67969781615985        2.95435537705013
H           -4.21071548955668       -2.91245962055063        1.63101371830899
H           -4.39541195366197       -0.99641922191636        3.69055859054526
H           -4.22483095017921       -1.43282322696626       -0.31030383078682
H           -5.22401061376593       -0.17158857102058        1.44692044168554
H           -2.43526553487666        1.03355660514713       -0.16170243527444
H           -4.30336522506666        1.08106866945773       -1.58905028750501
H           -2.13403494983692       -1.65138781784598       -1.59045717633298
H           -1.41288694786231        0.31696161489958       -2.72936083030557
H            1.86254637155915       -1.57722289427574        0.05014220163808
H            2.49380165710426       -2.23282482458155        2.21742920275554
H            3.58831481167610        0.32591032751037        1.69280450419589
H            5.19678969801127       -1.07194845108854        0.72144414944452
48
 energy: -84.853121914854 xtb: 6.7.1 (edcfbbe)
C            5.02227479715528        1.95219361453431       -1.64916784001846
O            4.75428194806553        1.10315097220317       -0.53646579369706
C            3.48076603961102        0.56180579061483       -0.50874119485331
O            2.53350874559393        1.58729188861945       -0.32035054973861
C            1.19054361304180        1.12898373555523       -0.25554443563937
C            0.31822786800816        2.37448066991338       -0.02438300110387
O           -0.11235861625630        2.99282500528397       -1.20453907745331
C            1.00077395823736        0.13079491507940        0.90568359790639
O           -0.33833488616365       -0.31464468463827        1.04180824088418
C           -0.89238102041255       -1.34501303534770        0.25155843660087
O           -1.86463493738179       -1.96445068705739        1.04821196042576
C           -2.92482833420208       -1.08743897071401        1.42305856034295
C           -3.86094605337694       -1.89752889987832        2.33357559273150
O           -4.88257878529097       -1.10384990997774        2.88563097717964
C           -3.67412764123832       -0.55022224048037        0.19006592446298
O           -4.60588077467733        0.44323300919355        0.53767318751019
C           -2.68303189101047        0.06669050032662       -0.80702418020902
O           -3.29502059238235        0.35095676408897       -2.04201563947491
C           -1.56578757475075       -0.94242533656006       -1.07508831005356
O           -0.63628694577804       -0.48875246482741       -2.01992118845501
C            2.01993841794593       -1.01036859069954        0.76720680212295
O            1.89860287599350       -1.86853539562066        1.86889356070601
C            3.43382095147497       -0.42952552025918        0.66174514041442
O            4.31458398980633       -1.50383940830626        0.46763335402824
H            4.40402519410388        2.84864510467171       -1.60269502279763
H            4.83515309063092        1.41998622873963       -2.58565997324382
H            6.07306892937012        2.21338830976323       -1.56488800212705
H            3.25608295543874        0.02605646499430       -1.45663753877294
H            0.91225627253874        0.64014398511692       -1.19773483391419
H            0.88966090091349        3.06851952703412        0.60398526928668
H           -0.58465944178007        2.07290424698126        0.50975085133248
H            0.65411828699658        3.33275990201225       -1.68684451473947
H            1.18683179128682        0.64193933185588        1.85674007081555
H           -0.15137936256125       -2.12721013311158        0.05277832237831
H           -2.50898216592261       -0.23250567373495        1.97357775449556
H           -3.25635023451645       -2.38509365180028        3.10300764170424
H           -4.35215277845015       -2.67216080953866        1.74040412000892
H           -4.52785814533701       -0.57331340893734        3.61341336941256
H           -4.17907404114814       -1.39140719410982       -0.31408635508132
H           -5.16987790320043        0.09783582127678        1.25290826568056
H           -2.25924315668877        0.98287050687348       -0.37412390748544
H           -4.03806007173971        0.95152743519021       -1.88472597822433
H           -2.03653599162847       -1.86928513941560       -1.44580221034405
H           -1.14332264428943       -0.13557620211873       -2.77047221633049
H            1.83150295369950       -1.55980716511144       -0.17062792342587
H            2.63967328199104       -2.49533682796326        1.84899630755348
H            3.67925415021915        0.12048391085548        1.58155753093570
H            5.21474104275857       -1.16118428125852        0.36115563043668
48
 energy: -84.855129777597 xtb: 6.7.1 (edcfbbe)
C            4.97004906422275        2.04556062064251       -1.64108489127896
O            4.72770107977290        1.11708146495200       -0.58727053786186
C            3.44750256172725        0.59230130434627       -0.55516902375966
O            2.52217811866020        1.61183616948168       -0.25460511136485
C            1.18010270035395        1.15704607628163       -0.16873551208979
C            0.31060151777456        2.38677850246532        0.14480213097448
O           -0.25588322990756        2.97838671471620       -0.99232482263629
C            1.02786336022645        0.08540454617193        0.93423770796226
O           -0.32413486047832       -0.31328403947733        1.08936761077837
C           -0.88114643966834       -1.39826535170954        0.37871372976406
O           -1.88694489927838       -1.93250802976652        1.19113833968693
C           -2.94554155604314       -1.01443157987270        1.45717190737022
C           -3.93580623310989       -1.74816565986326        2.37537966939783
O           -4.96855483458664       -0.90619224745841        2.82525401506403
C           -3.63031282685390       -0.54778310623480        0.15944323618541
O           -4.55712103530318        0.48115382737762        0.40035001918545
C           -2.58579902027780       -0.01564685249074       -0.83188634940932
O           -3.14393320937470        0.21396030998487       -2.10373586660539
C           -1.49026841875492       -1.06975329200160       -0.99679145976801
O           -0.50474813936418       -0.68690403823128       -1.91771884495163
C            2.00831934799278       -1.05800598408542        0.64660654168308
O            1.92397619177072       -2.01876481053838        1.66496869804385
C            3.42665916861380       -0.48878105520049        0.53401137185453
O            4.28312863874385       -1.55546292857661        0.22420785271142
H            4.36871993995922        2.94434792622712       -1.50344932218197
H            4.74074645087335        1.58915254153393       -2.60776614000360
H            6.02750623640964        2.28448688855624       -1.57588696682990
H            3.18034720892831        0.13533104126382       -1.53270716437754
H            0.87017182823826        0.71414547743742       -1.12445227562109
H            0.92766172465272        3.10079011225097        0.70207015911035
H           -0.52604647457772        2.07188496286856        0.77097479818354
H            0.44368600369265        3.35411096315095       -1.54480730850292
H            1.28066820349030        0.52577263788425        1.90543950764682
H           -0.15279588256915       -2.20926344259812        0.27275534921573
H           -2.53813687513576       -0.13088766901358        1.96769499731645
H           -3.37531694433022       -2.19111825541628        3.20316477086021
H           -4.41155204569264       -2.55450897467487        1.81257576459067
H           -4.63582106371983       -0.32867760466094        3.52709315135673
H           -4.12961014080837       -1.41220822122167       -0.30992534246053
H           -5.16142722531124        0.19019923422490        1.10682588875876
H           -2.14872539043296        0.91159657205129       -0.43704625757436
H           -3.87620768405196        0.83985156712103       -2.00656874627105
H           -1.96744681329450       -2.00337489886904       -1.33909841427933
H           -0.96964570402161       -0.37668688026681       -2.71313703070135
H            1.76293066106480       -1.50922664687255       -0.32991688489770
H            2.67432213360241       -2.62759007505409        1.56765077411639
H            3.71387703658785       -0.01661698513045        1.48466755813312
H            5.18420583977005       -1.21707883375075        0.11099949342504
48
 energy: -84.856554325706 xtb: 6.7.1 (edcfbbe)
C            4.90956425969154        2.10803582050821       -1.66721353334327
O            4.69072902694909        1.11843182137842       -0.66527157385243
C            3.40164166157376        0.61783503214187       -0.61004066223025
O            2.51239575390836        1.63241677998126       -0.20094927061547
C            1.17001291633318        1.19042502139303       -0.08016568904986
C            0.32499862314961        2.40660389881939        0.33267558317152
O           -0.25518688825784        3.07604250934395       -0.75406154280366
C            1.04468352417953        0.05084264824349        0.95802477093627
O           -0.31915735118942       -0.30622653001037        1.11885743652873
C           -0.87384444472503       -1.44280998610408        0.49209581559782
O           -1.90986820017815       -1.89708287591805        1.31196500863012
C           -2.96491096934304       -0.95083798555587        1.47358311898643
C           -3.99385556152852       -1.60435126030709        2.40953665016504
O           -5.03191774314574       -0.72261882528696        2.75968464449695
C           -3.59715211006215       -0.57619234439740        0.12119502787452
O           -4.52930206840123        0.46775193094743        0.24922893294776
C           -2.50887682939121       -0.11519192621774       -0.85829794565125
O           -3.01712973350863        0.05705566538730       -2.15971696878604
C           -1.42420775079108       -1.19185935264027       -0.92414035248941
O           -0.39037969251125       -0.85793145881018       -1.81261782571094
C            1.98571278086691       -1.08714726908898        0.55275544036618
O            1.94412642743642       -2.10795456873660        1.51614279913675
C            3.40648413763886       -0.53199768622612        0.40607471505211
O            4.22880471044725       -1.58903349569844       -0.01035066386590
H            4.33151832483830        3.00617739217186       -1.44909482573993
H            4.63455327595762        1.71818439792896       -2.65103346706674
H            5.97314926164108        2.32485398634092       -1.62900139000767
H            3.08164373779350        0.23135438098342       -1.60168563459402
H            0.81383205404843        0.80396739217868       -1.04536757512128
H            0.96095438962471        3.07637405453264        0.92227599295725
H           -0.50447356109463        2.05993329167473        0.95118978813734
H            0.43812629531311        3.47865118379528       -1.29549635402824
H            1.34893317250664        0.42204639447919        1.94410278623020
H           -0.15514070969917       -2.26857100381378        0.47500486688563
H           -2.56324052717383       -0.03589686320754        1.93058873561315
H           -3.46627052700938       -1.98858600996308        3.28679915630920
H           -4.45938815073359       -2.44666399150929        1.89288579183464
H           -4.71578737953001       -0.09310282718859        3.42344153081752
H           -4.07972854957844       -1.47142026484381       -0.30605743691099
H           -5.15946765106639        0.23244289632988        0.95374139108264
H           -2.06966807662789        0.82481059776398       -0.49510321973924
H           -3.74524104189963        0.69422164726429       -2.11827309335650
H           -1.89543911196084       -2.13569423542709       -1.24332502235937
H           -0.81104780461729       -0.61265151821053       -2.65394677588827
H            1.67838537621214       -1.47462172011452       -0.43267118219637
H            2.68739556694162       -2.71000329518975        1.34718493968507
H            3.74644158681693       -0.12700081425383        1.37059187009474
H            5.12659364397814       -1.25301864728348       -0.15226402634015
48
 energy: -84.857054668675 xtb: 6.7.1 (edcfbbe)
C            4.84392007926373        2.19026573297383       -1.67309023598516
O            4.65389898355347        1.13187691914817       -0.73754503240559
C            3.35996382946092        0.64649817514677       -0.66000230688593
O            2.50469885133661        1.64708088107976       -0.15472849213028
C            1.16425771125383        1.21299672052214       -0.01009014820965
C            0.34934668467064        2.40711102784428        0.50601306119828
O           -0.10294450145485        3.24907732537138       -0.51966044950490
C            1.05408931801711        0.01078329493472        0.95502096173196
O           -0.32073077018496       -0.31044408080067        1.11006525566588
C           -0.87659107375219       -1.49061497702014        0.57321247758675
O           -1.93755998001259       -1.86481043592123        1.40095373971123
C           -2.97796401962965       -0.89276844801327        1.47567880595859
C           -4.03179893765182       -1.45119892068511        2.44474334242562
O           -5.05035099693870       -0.51994411256082        2.71566251101518
C           -3.58384269909777       -0.61751960042500        0.08901030251435
O           -4.50889543444093        0.44024383195377        0.11913016431398
C           -2.47201046262660       -0.23810991789928       -0.89709891954849
O           -2.95282554439510       -0.14927064586132       -2.21722812085480
C           -1.39110733575656       -1.32164992277647       -0.87104674793756
O           -0.33158456774233       -1.02450747660024       -1.74343451016702
C            1.96761171313738       -1.11419100456288        0.46484933756721
O            1.96672901952828       -2.16896380846259        1.39511908250853
C            3.38674594070103       -0.56163817233279        0.28528870168097
O            4.17821880460692       -1.60164922719228       -0.22361965411160
H            4.31109689997450        3.08468198503378       -1.35006298827653
H            4.49529667271939        1.88745950856996       -2.66392011115166
H            5.91446631496884        2.37288757560571       -1.68709120974098
H            2.99390011189118        0.32594620993596       -1.65895609509545
H            0.76849141070636        0.89192893674813       -0.98522918994120
H            0.96506703261458        2.95373166723254        1.22877157099202
H           -0.54295486106760        2.02708670801648        1.00490987714878
H            0.65713138638921        3.66441175827520       -0.95016679102368
H            1.39182849600032        0.31555538343720        1.95433754442105
H           -0.16720683942995       -2.32211766249094        0.63228159273130
H           -2.56712547763874        0.04895134051023        1.86543923602582
H           -3.52374084096818       -1.78207254915002        3.35469287632667
H           -4.51427843532188       -2.31726735450563        1.98621820716600
H           -4.72465343336957        0.15188186617488        3.33175761544152
H           -4.06575261016415       -1.53914409507926       -0.27869354315777
H           -5.14299291996438        0.27310320479933        0.83957464812474
H           -2.03100052530834        0.72128818194192       -0.58811540496711
H           -3.68954388284120        0.47936014879857       -2.22962922380953
H           -1.85426604446365       -2.27959099246870       -1.15606800776229
H           -0.72365970488285       -0.84962840621500       -2.61541347057401
H            1.61581498731714       -1.46763302928630       -0.51682671754092
H            2.69927084918767       -2.76554749147045        1.16963681768446
H            3.77062906117120       -0.21652270420605        1.25697726652224
H            5.07290582005348       -1.26741137785196       -0.38814688627814
48
 energy: -84.856615104947 xtb: 6.7.1 (edcfbbe)
C            4.81350737173844        2.24065290616906       -1.68720807081195
O            4.63202264927134        1.14581061799208       -0.79323356554030
C            3.33207522268427        0.68224055167881       -0.69264257048636
O            2.51811603862559        1.66783260291603       -0.09657447388048
C            1.17415863918120        1.25204333144934        0.05991919893520
C            0.40092547649355        2.42406146870962        0.67776200688320
O            0.03106933447188        3.39294710007181       -0.26546322277495
C            1.06058321212850       -0.01050807190921        0.94129381495369
O           -0.32348791107254       -0.30161500458006        1.08284149628545
C           -0.87854999128728       -1.51871325919922        0.63589389332454
O           -1.95941161301458       -1.82240628737760        1.46763660694343
C           -2.99070622932665       -0.83971054745813        1.46961100370947
C           -4.05298654818217       -1.32244854856466        2.46962194636168
O           -5.07804890079314       -0.37689430904762        2.65234342339830
C           -3.58435399712614       -0.66207543331027        0.06307167269936
O           -4.50364211188733        0.39953672071019        0.00562680860624
C           -2.45860419775142       -0.35715294258831       -0.93085069318731
O           -2.92256929661772       -0.35106375946255       -2.26034289445562
C           -1.37818348369409       -1.43740889620147       -0.82464913657686
O           -0.31448143667594       -1.17875857969018       -1.70440989398186
C            1.95148324280553       -1.12261840358900        0.38618364854994
O            1.97577986240738       -2.20046826010939        1.29235867027886
C            3.37015505097463       -0.57706282024288        0.18256267308498
O            4.12749479589448       -1.59810009443990       -0.40986939597541
H            4.29250826556804        3.12442769710060       -1.31891994015181
H            4.44677356498469        1.98128888482323       -2.68393671164525
H            5.88488530571285        2.41715187434871       -1.71128324587574
H            2.91985463009419        0.42716601810906       -1.69206036848758
H            0.74474886137986        1.00716904314526       -0.92435178713186
H            1.01640390301796        2.85814656333286        1.47409594119654
H           -0.52639296561379        2.03916594119745        1.10340082076174
H            0.82889339835639        3.79711454727265       -0.63449276509297
H            1.41969645251066        0.22621265386678        1.95370749986845
H           -0.17541970350407       -2.34727693833357        0.76199776396169
H           -2.57512113523754        0.12446451047996        1.79390183555965
H           -3.55497912597431       -1.57553185468989        3.40953153376623
H           -4.52625362738965       -2.22519535554503        2.07734578014701
H           -4.75933428888104        0.34555787160724        3.21198022314754
H           -4.06633820326872       -1.60601683928905       -0.24211350103198
H           -5.14771067350117        0.28717103545865        0.72783015051532
H           -2.01645257321851        0.61902042614929       -0.67810584023312
H           -3.67744618512861        0.25360020521440       -2.31450195667901
H           -1.83483452631494       -2.41142733364443       -1.06059284245623
H           -0.70124739736435       -1.05458730288354       -2.58745379125881
H            1.56825361196850       -1.45182442924548       -0.59017468240649
H            2.68301444263697       -2.80590194072665        1.01604778393624
H            3.79282809382708       -0.29024185197759        1.15735872371260
H            5.02132277973523       -1.26778154736811       -0.58721284361376
48
 energy: -84.855505872279 xtb: 6.7.1 (edcfbbe)
C            4.78056927861516        2.30384313696283       -1.70100110191003
O            4.60904466699495        1.17927198849798       -0.84276484102167
C            3.30672792043605        0.72823350697315       -0.72140668824378
O            2.52897620978691        1.68811470892479       -0.03945581815187
C            1.18336171332758        1.28504493186393        0.12768264707509
C            0.45114843462448        2.42187350356974        0.85130334986084
O            0.16929927382125        3.50870948591296        0.01288897285512
C            1.06540317894041       -0.03517639086986        0.91683279564413
O           -0.32618120834780       -0.30353079406552        1.04279684962765
C           -0.88362358274798       -1.55116938199082        0.69387452869520
O           -1.98225261174738       -1.77708599602501        1.52989374738223
C           -2.99841793031958       -0.78289109079927        1.45786166240353
C           -4.07364283990750       -1.18148782999728        2.48116280221032
O           -5.08766794892817       -0.21273957290204        2.58893554249931
C           -3.58212594848723       -0.69523989376194        0.03944706618919
O           -4.47947899091327        0.37746729408170       -0.09983593228512
C           -2.44181794153068       -0.48419952727141       -0.96052178100494
O           -2.89183037346101       -0.55532602759997       -2.29287921856606
C           -1.38421126852925       -1.57679155669607       -0.77181018445995
O           -0.32780814392852       -1.40881370462259       -1.68046489800560
C            1.93985378425633       -1.12591320707080        0.29776681748121
O            1.98716466544584       -2.23042957689974        1.17322779846405
C            3.35592788712489       -0.57789437829459        0.08093065459985
O            4.08820275353042       -1.56948400001936       -0.58753125851409
H            4.27671362522544        3.17870118083769       -1.29030546720733
H            4.38934766922085        2.08324659406814       -2.69784904335378
H            5.85274818926855        2.47205986936381       -1.74319600384003
H            2.85527765308493        0.53655920083376       -1.71780776118582
H            0.72213331568816        1.12377970151330       -0.86004887318326
H            1.05860660907603        2.72943882617482        1.70986836869072
H           -0.50969773423389        2.04425793906315        1.20137367276895
H            1.00144638246958        3.90010603283236       -0.28782647702636
H            1.43978672351785        0.12961401911953        1.93986107911236
H           -0.18683119507026       -2.37125238851562        0.88775229267557
H           -2.57185604129847        0.19587425579192        1.71759941615168
H           -3.58575203393174       -1.37489818572613        3.44019062471833
H           -4.55547671074937       -2.10355184884581        2.14852541008385
H           -4.76793646270537        0.53884173639516        3.10823266060404
H           -4.08094450550163       -1.64881951261117       -0.20151057393600
H           -5.12978254721115        0.32856019594583        0.62384943716613
H           -1.97964859728830        0.49648949451431       -0.76686749004182
H           -3.63894630060521        0.05315829358793       -2.39348917813348
H           -1.86175910233421       -2.55721871621925       -0.92609618889068
H           -0.72404816126373       -1.32734331724621       -2.56441227127524
H            1.53352319325099       -1.42874368415838       -0.67592028384590
H            2.66868102012290       -2.84005631667619        0.84674304924996
H            3.80808147250676       -0.34769381204606        1.05766189901301
H            4.97971064897336       -1.23550323671261       -0.76978109934551
48
 energy: -84.854050578211 xtb: 6.7.1 (edcfbbe)
C            4.73774813396849        2.40531879192990       -1.67946632904660
O            4.58401856469675        1.22873888301349       -0.89038862473376
C            3.28181525876839        0.78365411572488       -0.75122755652836
O            2.54214262512471        1.70076705901163        0.02581896483018
C            1.19640371510907        1.30537515207976        0.20431399505778
C            0.50943393602856        2.39070612212951        1.04227244350675
O            0.27561602899332        3.56792028512414        0.31958789643958
C            1.07603667799689       -0.07123363189596        0.88801519768470
O           -0.32094308612429       -0.31852922194879        1.00290461720933
C           -0.88983486866494       -1.58567397247981        0.75861781514580
O           -2.00320112958982       -1.71654669283304        1.59948996288859
C           -2.99459808653197       -0.70835217338227        1.44074845407521
C           -4.07964138105157       -0.99309699209931        2.49127449160599
O           -5.07226316294260        0.00312536935299        2.51059639371926
C           -3.57411120969214       -0.72638922997741        0.01820343865056
O           -4.43983616092905        0.35532940512192       -0.21784541078167
C           -2.42384812080153       -0.63479441698969       -0.98733139155680
O           -2.86834066492400       -0.80386589572085       -2.31252347143646
C           -1.40140072113166       -1.73926856391859       -0.69775691086155
O           -0.36028238099569       -1.70894765571606       -1.63589374049879
C            1.92754837252127       -1.12588398439733        0.18152681988970
O            1.99392762011973       -2.27615897006377        0.99582685623770
C            3.34203471201576       -0.57530995317438       -0.04337714389768
O            4.04224930447501       -1.52366676280811       -0.80230195195918
H            4.25760084236265        3.25596127478318       -1.19593155018825
H            4.30981681616512        2.25347511395421       -2.67404005645154
H            5.80947700897894        2.56702305418803       -1.74863974555034
H            2.79139120757812        0.66790882345220       -1.74099409620289
H            0.70174326165275        1.23541677104748       -0.77822835773903
H            1.12774743825226        2.58434158111384        1.92626084765517
H           -0.46628280946017        2.01824626504958        1.35407968153824
H            1.12524646816832        3.94457464811373        0.05056198752034
H            1.47013466881244        0.00887817905588        1.91512769483077
H           -0.20428176749616       -2.39484026465566        1.02436278404665
H           -2.54621018965906        0.27906226432086        1.61777797108800
H           -3.59760717024694       -1.11259470142965        3.46521965988130
H           -4.58077572781335       -1.93007599837839        2.23832286372413
H           -4.73970830250682        0.78822904522317        2.96862800379176
H           -4.09928608644788       -1.68246558371579       -0.14282256854112
H           -5.09838411475515        0.38236159626209        0.49923062987217
H           -1.93332414437822        0.34452647556047       -0.87233421767376
H           -3.60300554151016       -0.19138636091075       -2.46641448775750
H           -1.91590395690982       -2.71253999515220       -0.74229169663853
H           -0.77069633118820       -1.67347874516629       -2.51656706800976
H            1.49314920452107       -1.37653503631727       -0.79341559651690
H            2.63020578197595       -2.88805485687198        0.59230089939527
H            3.82774980490962       -0.41722732670102        0.93167395897584
H            4.93052775815469       -1.18403135676725       -0.98947168054710
48
 energy: -84.852897636948 xtb: 6.7.1 (edcfbbe)
C            4.72020549018464        2.52691923165116       -1.60184948029715
O            4.56856233897486        1.28496322289347       -0.91921155811598
C            3.26289707001922        0.84920935728358       -0.78275116787259
O            2.56126335284025        1.70749938299550        0.09049940664938
C            1.21449870676918        1.32044834260166        0.27386810358408
C            0.57346790132499        2.34600232330016        1.21757743598587
O            0.38200032222605        3.59440461953347        0.61139699861589
C            1.08759316050095       -0.10429044027099        0.84775723584156
O           -0.31274140205988       -0.32597660986712        0.96721067793504
C           -0.89560777273035       -1.60430995931703        0.84154466740207
O           -2.01678188881782       -1.63069948589501        1.68541821006424
C           -2.98635836029430       -0.62302500421606        1.42385431023174
C           -4.07933704818017       -0.78126773781527        2.49277831990577
O           -5.05723351178757        0.22535031270147        2.40182121330824
C           -3.56435074693636       -0.76749088180066        0.00762728620070
O           -4.39889465011167        0.30900466057101       -0.33944749074483
C           -2.41033196587745       -0.81151603948265       -0.99656590944120
O           -2.85729858061242       -1.10675417730947       -2.29832691602237
C           -1.42099511530669       -1.90831819621632       -0.58665163779438
O           -0.39974524794451       -2.03664257527178       -1.53533938574898
C            1.89807400385142       -1.10977990663411        0.02970822948230
O            1.96722366754500       -2.32104003274999        0.74780480839537
C            3.31640811523115       -0.56786822889244       -0.19908229268718
O            3.96578271053279       -1.45851068557889       -1.06614818785763
H            4.26826911994689        3.33640909824373       -1.02842182427680
H            4.26173966350803        2.47339516440977       -2.59309344480961
H            5.79215698364722        2.67861343669203       -1.68789187112989
H            2.74476094259765        0.82865180796638       -1.76536699897697
H            0.69108863173279        1.34127712662776       -0.69568749463249
H            1.20332892652275        2.43126193472724        2.11045546072624
H           -0.41379420867299        1.98229433642576        1.50158270665171
H            1.24468446661938        3.96155785378084        0.37231954537640
H            1.51302864493468       -0.11942915784006        1.86578167688888
H           -0.21978141037499       -2.39140976914019        1.18633737107701
H           -2.51899959954660        0.36838156215750        1.50451005097541
H           -3.60384041232930       -0.80507554535201        3.47728297044746
H           -4.59290808395101       -1.73251207119382        2.33600416490372
H           -4.71135580769396        1.05154632012904        2.76944505306211
H           -4.11623768167993       -1.71976757153223       -0.05934928659826
H           -5.06184116267428        0.42047938591430        0.36548705995975
H           -1.89283634514821        0.16049886429350       -0.98286774738261
H           -3.57841205029541       -0.49791704752423       -2.51604793096063
H           -1.97105478151403       -2.86006304340689       -0.50344715493958
H           -0.82653277408363       -2.08000314724868       -2.40817716949117
H            1.42897016264009       -1.27562594551432       -0.94675825367655
H            2.54408552405250       -2.92556422983090        0.25485651907996
H            3.84064431129370       -0.50761417381777        0.76693604680370
H            4.85653449554025       -1.12570476061681       -1.25390168309769
48
 energy: -84.852264366516 xtb: 6.7.1 (edcfbbe)
C            4.71647308853377        2.63015528965675       -1.50900120258973
O            4.55129198649626        1.32877252063032       -0.95245376171831
C            3.23908989737663        0.91335067396027       -0.81535381223630
O            2.58659472407328        1.70601891537118        0.15244885693402
C            1.23754331483795        1.33483017883419        0.34903124573358
C            0.65546060713091        2.29470544313475        1.39495544987716
O            0.44919934712993        3.58500302066488        0.88994814755224
C            1.09421967140285       -0.12940605154987        0.80678858136190
O           -0.30757949417945       -0.32352631543696        0.93398453181655
C           -0.89854187220999       -1.60432941200102        0.92526239677489
O           -2.02558592734987       -1.53423931917498        1.76155483928913
C           -2.97818869575028       -0.54395984846916        1.39219046875091
C           -4.07746803038643       -0.57141666981776        2.46588420375699
O           -5.01903036244277        0.45742889608509        2.28404151060551
C           -3.55245510715417       -0.82255287612382       -0.00502675554490
O           -4.36633464327896        0.22757945841076       -0.46419459217491
C           -2.39519873645414       -0.99069278973967       -0.99314616649625
O           -2.84285668825483       -1.41538452345812       -2.25799483346600
C           -1.42738549324852       -2.05492502971415       -0.46158211335724
O           -0.41338250682272       -2.32150442975094       -1.38701817442206
C            1.84960859654409       -1.07775401179693       -0.12447009555353
O            1.90956395157786       -2.34304581217901        0.49019528365789
C            3.27306890689425       -0.55251406434843       -0.36509634558124
O            3.86117106183557       -1.37351180739657       -1.33794917950059
H            4.31381412752523        3.38754317048021       -0.83634643707445
H            4.21883204108582        2.69340812087027       -2.48047733389075
H            5.78873603520636        2.75956275401099       -1.62351403971453
H            2.69285198476097        0.99518237587195       -1.77952110739078
H            0.68240327246581        1.44752668677494       -0.59609395513524
H            1.33069928796427        2.31003994008633        2.25827286714342
H           -0.32060725202181        1.92015927866505        1.70219654860592
H            1.30198490714514        3.95822254136434        0.62617860999346
H            1.54923891887360       -0.24495923059666        1.80538751783496
H           -0.22926643055106       -2.35874801926122        1.34831510510920
H           -2.49510482483730        0.44288185392700        1.37261319932931
H           -3.60239974861422       -0.52734831166158        3.44961005092428
H           -4.62470242880679       -1.51376608198761        2.39058444317257
H           -4.65175448071415        1.29774168822943        2.59390075719665
H           -4.12171270051131       -1.76660824147796        0.02165104057777
H           -5.02252517734919        0.43116762138569        0.22594068129521
H           -1.86197494610378       -0.03111001785434       -1.07960090413560
H           -3.54781758276631       -0.81730026164386       -2.54657953985175
H           -2.00069735752054       -2.97634488470312       -0.26595694364786
H           -0.84407791231176       -2.48156301677442       -2.24400616077888
H            1.33902390487844       -1.14968189041780       -1.09171064643350
H            2.38950468165761       -2.94175524218946       -0.10224213052737
H            3.83637299081889       -0.59518362039364        0.57924279906156
H            4.75989920574119       -1.05815673564242       -1.51736228313702
48
 energy: -84.852045382024 xtb: 6.7.1 (edcfbbe)
C            4.67841059988486        2.69695233428105       -1.51291952217568
O            4.51111042478038        1.36660568174756       -1.03041918182927
C            3.19891117145569        0.97002315595207       -0.84604880454232
O            2.62538452513024        1.69481317073824        0.22047271717133
C            1.27733179864092        1.34619915495516        0.45819287180807
C            0.77974418144006        2.21813554739380        1.61964237881419
O            0.54739537233296        3.54734991410396        1.24316496337378
C            1.10354779489374       -0.14847069381310        0.78928164867861
O           -0.30163366310254       -0.30926931017134        0.90812586277657
C           -0.89816340322693       -1.58351498004881        0.99981955575756
O           -2.03708907987503       -1.43418542153608        1.81118787203748
C           -2.97372650298749       -0.47014942662759        1.34380311054330
C           -4.08488218107841       -0.39027256060822        2.40241619657199
O           -5.01999739772411        0.61903022786966        2.11111975550940
C           -3.53536745619091       -0.86783782531395       -0.02959229274040
O           -4.32966832458113        0.14538032461946       -0.59396922094188
C           -2.36964698642068       -1.13986566365841       -0.98383855155004
O           -2.81022400681333       -1.67768085481178       -2.20761112724944
C           -1.41765742698494       -2.15842556441160       -0.34429586072344
O           -0.40377169013022       -2.52686592506583       -1.23298498280305
C            1.80617182659010       -1.04718160506393       -0.22851967423203
O            1.87954810477310       -2.33787496819314        0.32609991889319
C            3.22316917612893       -0.52794973733031       -0.51745188824979
O            3.73246158523394       -1.27585525967691       -1.58878110217666
H            4.32495288225880        3.41876784807786       -0.77669190898750
H            4.13714767409529        2.83033671793898       -2.45359882544629
H            5.74672837447220        2.81286073823943       -1.67088420129020
H            2.59847773554139        1.14122281906419       -1.76512728584151
H            0.67649013565088        1.56167358661848       -0.44002858063746
H            1.51478093120165        2.15826571870491        2.43054406955830
H           -0.17553624942112        1.82104832697949        1.96293194618048
H            1.38424841771405        3.94781371665145        0.96909949672296
H            1.56749376222749       -0.36479306952144        1.76661994219281
H           -0.23644452440005       -2.30010743613954        1.49544480477487
H           -2.47878128107772        0.50561479655955        1.24170397622201
H           -3.62181797125168       -0.25157578963602        3.38317644734356
H           -4.63489686175267       -1.33389197951160        2.41223705698992
H           -4.64942183778205        1.48395019468705        2.33760305298260
H           -4.11708864056632       -1.79863518272053        0.07596372534496
H           -4.99787744309608        0.41219375755250        0.06218504541548
H           -1.82502752003629       -0.19832137591255       -1.15569951797773
H           -3.51006472768435       -1.10532594164132       -2.55511934114100
H           -2.00422462029606       -3.04930846809498       -0.06336896823361
H           -0.83427768434371       -2.77273312977864       -2.06934339359056
H            1.24441447372039       -1.06364952326386       -1.16970903753839
H            2.23956138946002       -2.93759010652465       -0.34410430617005
H            3.84068041818758       -0.65865079380812        0.38362080958547
H            4.62912284282918       -0.96826323390097       -1.79086904034762
48
 energy: -84.851628868542 xtb: 6.7.1 (edcfbbe)
C            4.60963106084869        2.78112969484458       -1.49220138557344
O            4.45406469768744        1.41217887186157       -1.12858575693651
C            3.15139819161826        1.01633100645594       -0.88347682892827
O            2.66286131968730        1.66558722815673        0.26976032066867
C            1.31908499516808        1.33504879794130        0.54949350686308
C            0.90612134484862        2.12274738800470        1.80030484545497
O            0.72151765919345        3.48778312039444        1.54457201242946
C            1.11077839810683       -0.17572698140627        0.76482227843112
O           -0.29815591970476       -0.30245287983940        0.86926781848073
C           -0.90455553639111       -1.55934203653954        1.06338475913539
O           -2.05374272169374       -1.33645930917568        1.84360394025389
C           -2.97262049635218       -0.40238371425651        1.28991076988806
C           -4.09250398350656       -0.21804620285070        2.32600255904654
O           -5.00790985398867        0.77737008870333        1.93930646486830
C           -3.52752832115535       -0.90707469844442       -0.05027598410239
O           -4.30494285225857        0.06487729133422       -0.70406406164435
C           -2.35612392931799       -1.27075364494684       -0.96557282791105
O           -2.78993123989716       -1.90798667329207       -2.14326635733728
C           -1.41765344576502       -2.24015061320848       -0.23472310101514
O           -0.40349132018200       -2.68740966630770       -1.08553962165230
C            1.78172500792966       -1.03870646015778       -0.30505117202288
O            1.90277200865906       -2.33050123447415        0.23879055725061
C            3.17669670986281       -0.50163522764044       -0.66568129423486
O            3.59725864719704       -1.17312249526736       -1.82311042708895
H            4.32841698328938        3.43089041249506       -0.66351687295359
H            3.99956568589524        3.01255740218804       -2.36937872372846
H            5.66438077174452        2.89927856873198       -1.72245229359791
H            2.49238448260310        1.26198004277490       -1.74382637134911
H            0.68131966727579        1.63926322226037       -0.29641650879586
H            1.66799359280035        1.96372535004215        2.57226649183717
H           -0.05305893738992        1.73948783181212        2.14914436752430
H            1.56319871919456        3.87138988938796        1.26030005192091
H            1.56761274744796       -0.47381561505382        1.72413173997571
H           -0.25193938329996       -2.23594532721039        1.62347416265855
H           -2.46267996124820        0.55463230393795        1.11211799503255
H           -3.63786077140476       -0.00402277545062        3.29713681312032
H           -4.65808211721580       -1.14879289705718        2.40873233672599
H           -4.61969058136105        1.65201945490846        2.08472684123389
H           -4.12116209096625       -1.81923714461991        0.12704467647990
H           -4.96917757355025        0.39745318677213       -0.07400489434282
H           -1.80125801459563       -0.35203941934915       -1.21222907049368
H           -3.48093368379465       -1.36237567182864       -2.54657435702298
H           -2.01401041544729       -3.10045057772423        0.11340879035191
H           -0.83345604240767       -2.98585366350511       -1.90510206241984
H            1.17123836620044       -1.05424880061066       -1.21533729306421
H            2.16531344824573       -2.94091124710496       -0.46476210035490
H            3.85755287360296       -0.70048934899144        0.17537970792424
H            4.47957993691760       -0.85580492452874       -2.06845383677432
48
 energy: -84.850672049496 xtb: 6.7.1 (edcfbbe)
C            4.52446033973686        2.87220790212729       -1.49900907863824
O            4.38555418417708        1.48177079054421       -1.21951945439039
C            3.10036549258711        1.07178362143762       -0.91246621323472
O            2.70004851180472        1.63101688874824        0.31973548515788
C            1.36752859598054        1.30301703096287        0.64909470831315
C            1.04248479084590        1.97549074888063        1.98986366228998
O            0.88868396778481        3.36319014650872        1.87802627031653
C            1.12275399306502       -0.21598122525011        0.74036339940475
O           -0.28971728061674       -0.30373610393164        0.82992486279381
C           -0.92087960466798       -1.52732781928284        1.12398899971155
O           -2.07589509814353       -1.21923987712311        1.86575829140875
C           -2.97096843712171       -0.32132790014043        1.22117742284357
C           -4.09536540510273       -0.02015224659358        2.22476371062756
O           -4.97669251926211        0.96605054918550        1.74603567078709
C           -3.52426597560378       -0.93938067233210       -0.07080894116630
O           -4.28467864726308       -0.02382073924361       -0.81869819804471
C           -2.35216287636602       -1.40144643966263       -0.93933166210093
O           -2.78834490918314       -2.13969054383064       -2.05583590737017
C           -1.42916318475238       -2.31110839279307       -0.11681970989380
O           -0.40993316837344       -2.83464498170981       -0.91568008213896
C            1.76892737977307       -1.03164747453821       -0.38258210020013
O            1.95730391914695       -2.32660017093455        0.13380071781452
C            3.13159903222857       -0.45790692229698       -0.80890101422829
O            3.46391003433983       -1.04523547844778       -2.03901846106347
H            4.30466767956545        3.46509968427094       -0.61102563656419
H            3.85771994268151        3.16397939252207       -2.31511044061131
H            5.56193019363130        3.00408438114276       -1.79214253636217
H            2.38347786019796        1.38405747827694       -1.70188975154978
H            0.69141725551235        1.69872578606904       -0.12661652697690
H            1.83585442010638        1.72084852402220        2.70237144970252
H            0.08918494527887        1.58618034063232        2.34902525686245
H            1.72907398654966        3.74866677907645        1.59401188073421
H            1.56598024908799       -0.59761432101901        1.67606830550986
H           -0.28632393941781       -2.16348173419844        1.74926154994964
H           -2.43965492162589        0.60490127237699        0.96229856480752
H           -3.64419918508156        0.26007544518941        3.18051897755608
H           -4.68912501786218       -0.92437458656622        2.37689377706981
H           -4.56925771919448        1.83968759872633        1.83420984199015
H           -4.13032427968956       -1.82390463388773        0.18690639216781
H           -4.94638126076104        0.37863443824126       -0.22827173494937
H           -1.78362543500864       -0.51719983604061       -1.26735312507828
H           -3.47899581132964       -1.63025419549794       -2.50474785216793
H           -2.03702472415947       -3.13378900560049        0.29667951726706
H           -0.83570209005802       -3.20475412744262       -1.70767904354296
H            1.11086415741657       -1.04983273401692       -1.25944460231850
H            2.17378693045960       -2.92621055977396       -0.59378266208237
H            3.87182519262253       -0.71443474510616       -0.03620833713596
H            4.32927659333827       -0.71437947326203       -2.32435505450570
48
 energy: -84.849437319622 xtb: 6.7.1 (edcfbbe)
C            4.43875806168629        2.96759438402004       -1.46169378738296
O            4.30131375977198        1.55702581365608       -1.31423886283691
C            3.03942638981482        1.12734322446821       -0.94268113403960
O            2.74463082191598        1.57267979308925        0.36284303304415
C            1.42825624192432        1.24289981233412        0.74594346309370
C            1.19641699567216        1.80633978443281        2.15397466126152
O            1.06729876367309        3.20156130779064        2.16257891159814
C            1.13965962407086       -0.27231354776111        0.71941683901806
O           -0.27588888555212       -0.31130001097077        0.79700719310726
C           -0.94376501453383       -1.48294597280006        1.19768975149707
O           -2.09843753696177       -1.07927183709552        1.89076580650585
C           -2.96865335647476       -0.23169157065682        1.15122744471401
C           -4.10059680562921        0.17646749353080        2.10741607135358
O           -4.97261652426241        1.11139624401173        1.52185123087457
C           -3.51591620762554       -0.95767163068172       -0.08657865614357
O           -4.24438414497574       -0.09965226449404       -0.92896734935846
C           -2.34229861512488       -1.52364961680573       -0.88971948210334
O           -2.77880891004437       -2.35665962331689       -1.93685678444146
C           -1.44847953515686       -2.36881561558033        0.02836270154262
O           -0.41932847945756       -2.97212171078331       -0.69693938154175
C            1.75636913450493       -1.03411552094778       -0.46108257864073
O            2.03583898683159       -2.32773342764558        0.01692477340257
C            3.06429924157317       -0.40492974370099       -0.97761268063628
O            3.26466399214296       -0.88150249217417       -2.28260585782907
H            4.30930512604592        3.46689702561684       -0.50130529165267
H            3.70710219014899        3.34774785342568       -2.17967250145594
H            5.44793346441472        3.12071984121591       -1.83258041169059
H            2.26557561439180        1.51364353604151       -1.64016431184091
H            0.71739953904963        1.71709374945054        0.04891825561383
H            2.02354326056158        1.48148746828874        2.79591192670300
H            0.25604684000064        1.40708304665218        2.53653793309784
H            1.89641312916150        3.59403094801896        1.85504226179453
H            1.56534469818397       -0.73702364911560        1.62393586397026
H           -0.33310494997543       -2.07140055233661        1.89072026163140
H           -2.41805137285375        0.65825156348130        0.81634234806397
H           -3.65709954394685        0.55226058969439        3.03359167693962
H           -4.69986850004448       -0.70507829692424        2.34584239296489
H           -4.55716211177594        1.98560729266414        1.51735627560593
H           -4.14507160824766       -1.80129164794511        0.24230843764379
H           -4.91607634291649        0.35775511965743       -0.39212506000795
H           -1.75119532559175       -0.68581167497058       -1.29133680493980
H           -3.44067410023855       -1.87408059964632       -2.45373011565026
H           -2.07643586911192       -3.14229182940719        0.50243421424526
H           -0.83356912907287       -3.41500159871952       -1.45674696092252
H            1.04066253441464       -1.06661301714897       -1.29178452745314
H            2.24665149555052       -2.90554126705617       -0.72999175953921
H            3.88055429432505       -0.72213236848637       -0.31112201426637
H            4.10401683302314       -0.53525294971282       -2.62192681280084
48
 energy: -84.848038252585 xtb: 6.7.1 (edcfbbe)
C            4.29821677974076        3.07859634878474       -1.47263823442048
O            4.19120404529812        1.65953731625568       -1.40212971778238
C            2.97043501897960        1.18724298388586       -0.95357940425372
O            2.79410291830636        1.51666742650569        0.40692676730013
C            1.50337062143202        1.17485449158114        0.85957857542841
C            1.39525832663616        1.59190432136395        2.33189781026820
O            1.40025439459985        2.98264139572376        2.50166239010282
C            1.15419489764550       -0.32205786345760        0.70441987863319
O           -0.26359474696636       -0.30588545533046        0.76366837288330
C           -0.97295791540747       -1.41383293392969        1.26223802024905
O           -2.12442547479524       -0.91589250512855        1.89298090274878
C           -2.97263226954055       -0.14215231598062        1.05315836760378
C           -4.11004182059518        0.38311880988519        1.94374454220317
O           -4.95980061863772        1.26316524441382        1.24999486700260
C           -3.51499212274742       -0.99240180511154       -0.10521327061501
O           -4.23220634889313       -0.22519394496764       -1.03938187086930
C           -2.33923241535471       -1.64786204489551       -0.83439392257551
O           -2.77346198167462       -2.57785211994161       -1.79711437671938
C           -1.46705132603224       -2.40366867995020        0.17711297316932
O           -0.42054011837062       -3.07257089247956       -0.45961824351723
C            1.74000303773337       -1.01916559065484       -0.53488327223262
O            2.08678160757499       -2.31825788468685       -0.12207351460737
C            2.99679100426544       -0.33642007593522       -1.10949136817351
O            3.09312974889955       -0.71193867002301       -2.45870329280031
H            4.22290211455288        3.51842429937722       -0.47807181793277
H            3.51630881813952        3.48666494237008       -2.11896224898966
H            5.27915327745745        3.27237895651671       -1.89642675945732
H            2.13463642027806        1.62075738869788       -1.54290915592181
H            0.75708095700745        1.73539913896563        0.27235478524507
H            2.21749592182684        1.12345173608782        2.88572734638011
H            0.44038201967670        1.23653167958828        2.72285847104543
H            2.24711567176629        3.33141973837493        2.18935767414288
H            1.55030904847019       -0.87865491510738        1.56783731995766
H           -0.38967752222032       -1.94453573613540        2.02331023060655
H           -2.40410518239419        0.69814224978356        0.63139677223801
H           -3.67139997549068        0.84804837968754        2.83077827654708
H           -4.72608275245210       -0.45931803919216        2.26624878582938
H           -4.53648956116815        2.12977836790051        1.16685639202022
H           -4.15175362698262       -1.79253865728968        0.30716958583333
H           -4.90340978029703        0.29135610429056       -0.55834971476561
H           -1.73441391274271       -0.86077008583206       -1.31125151763573
H           -3.42416747075779       -2.14339318022188       -2.36820355335563
H           -2.10862490230303       -3.12628260127821        0.70968169164481
H           -0.81454310554635       -3.59770307709061       -1.17610440519564
H            0.97785061048087       -1.04502157052429       -1.32438311688588
H            2.28504757112245       -2.85905154149312       -0.89932486849483
H            3.86650305939573       -0.69290371290646       -0.53687525770785
H            3.89707522965046       -0.32476356995367       -2.83739727111783
48
 energy: -84.848807172912 xtb: 6.7.1 (edcfbbe)
C            5.04278814512477        2.72868929203460       -0.92722200932055
O            4.55717320243130        1.39952058172873       -1.09692479274105
C            3.19244400551946        1.24953507901238       -0.93389847017819
O            2.84113767327154        1.48569491954789        0.41270050697973
C            1.46734024510345        1.28206406582808        0.67286372962920
C            1.22537036320483        1.66992074754869        2.13919024275994
O            1.27801354157491        3.05466302668664        2.34717844506710
C            1.02749030963476       -0.17812238037228        0.40853755021201
O           -0.36479253081500       -0.20207679135197        0.65501062589446
C           -0.95715284624650       -1.27103288698205        1.35800027631463
O           -2.06902536476658       -0.71992199594305        2.01001582669760
C           -3.02109382948898       -0.17813800599936        1.09316029103069
C           -4.18850055630868        0.35725508420520        1.93729628830356
O           -5.12198891712221        1.06397929166687        1.15806886664678
C           -3.51281474460295       -1.21851818407133        0.06733255560319
O           -4.25610062776201       -0.60918521042036       -0.95926854129861
C           -2.33193486514668       -1.95773359928276       -0.58278478358105
O           -2.76777331142939       -3.05081420895234       -1.35164675836385
C           -1.44337889269146       -2.48124565677415        0.54432272594232
O           -0.37916450598929       -3.28633960176355        0.14047663655946
C            1.35344286222479       -0.46497234468523       -1.07232548953698
O            1.03930249876150       -1.77601826488388       -1.43557776923499
C            2.84127047591902       -0.18893906803533       -1.33096479656893
O            3.07469221689386       -0.41662988338037       -2.69557443353601
H            4.92175534667812        3.05130327803634        0.10681946293950
H            4.51342386932759        3.41389228090873       -1.59475768903604
H            6.09630575083392        2.68529478816239       -1.18748962339895
H            2.63511500512841        1.95969625278294       -1.58251844083953
H            0.86207777285215        1.93408542609093        0.02539095837312
H            1.96332069148839        1.14851153853332        2.76008413814807
H            0.22024846217546        1.35404626906724        2.42282184695999
H            2.16910233032216        3.36942147254284        2.13954487822815
H            1.55390256631431       -0.88505625475537        1.05664010123053
H           -0.27769055171002       -1.62479514860458        2.14731707531573
H           -2.55140576334799        0.64474938874584        0.53648615802715
H           -3.77965819042212        0.96998766288361        2.74521508788396
H           -4.72387405198316       -0.48502343849790        2.38136949252769
H           -4.78226783379569        1.94982005008501        0.96679917464702
H           -4.12679484214509       -1.97199481175939        0.58854257775842
H           -4.96470594727590       -0.08011618166501       -0.55114603125729
H           -1.75568945630404       -1.25630237080630       -1.20239292716539
H           -3.40632373923581       -2.72907218306490       -2.00503966423305
H           -2.08500941136159       -3.05434595816534        1.23965591720624
H           -0.68655777025787       -3.84082825633805       -0.59345864315992
H            0.76062266110748        0.23965296547804       -1.68250936352420
H            1.45976741978690       -1.95062378826158       -2.29410268697214
H            3.44509555311617       -0.86581435849277       -0.70920698339510
H            4.01249374612716       -0.26813072473355       -2.88855103391686
48
 energy: -84.852055588609 xtb: 6.7.1 (edcfbbe)
C            5.20116066345039        2.56035702408956       -0.80465201250814
O            4.60605153643285        1.29301490904839       -1.07059025250312
C            3.23192320784037        1.24751398782352       -0.92216376531580
O            2.89160273398991        1.42546163424563        0.43657797102280
C            1.50382202221306        1.31236191399279        0.68554191844904
C            1.28170933897617        1.62459863946264        2.17229886085073
O            1.45049081292325        2.98353855601220        2.47028715030910
C            0.97481850732536       -0.09503141251704        0.32851103731375
O           -0.41960819806513       -0.09744441474416        0.56456536089367
C           -0.97807205150267       -1.11390403372715        1.36847656360957
O           -2.10701159839162       -0.56064202336607        1.97766942985676
C           -3.09546937724465       -0.16113044991613        1.02586284552430
C           -4.28298628093190        0.39092210019934        1.83022637189261
O           -5.26355005969179        0.96371839191167        1.00056855080651
C           -3.53639889847250       -1.32441340292285        0.11625854311711
O           -4.34428558103782       -0.86777589812491       -0.93983922283433
C           -2.31980361841187       -2.03573700637096       -0.49815104662584
O           -2.69427525297559       -3.21459411211235       -1.16727791692379
C           -1.37684867818597       -2.40818676444017        0.64390219111778
O           -0.23926735992135       -3.12152654778090        0.26231799232393
C            1.26478203177267       -0.29890335497465       -1.17281941797135
O            0.82971785400101       -1.54893600097785       -1.62080571238006
C            2.76784042851834       -0.12608964925690       -1.42495909962737
O            2.98003337042051       -0.26273775198263       -2.80505158652571
H            5.10118154866428        2.81616032256352        0.25010667374299
H            4.73606928350260        3.33460683921934       -1.42064934607725
H            6.24893465737806        2.44661931293255       -1.06693923836020
H            2.74180846180510        2.04392624876527       -1.52337250638927
H            0.95247152012350        2.04681953582265        0.07947738074525
H            1.96522587599767        1.00314363614784        2.76285884722121
H            0.24976023344667        1.37982443153047        2.42961105755415
H            2.36872918667792        3.23194716948670        2.29311711226375
H            1.47302799679856       -0.87111474371053        0.91566392724430
H           -0.28540966377270       -1.36738963400216        2.18492050241347
H           -2.67424007413209        0.62588265357297        0.38482668120822
H           -3.90141252899944        1.10258360608776        2.56744772569543
H           -4.76559903882866       -0.43108356379573        2.36372444020096
H           -4.96837183555035        1.83572077244165        0.70118521195378
H           -4.08301775307757       -2.06540897362532        0.72350831624927
H           -5.07238651665592       -0.34187794543864       -0.56247410683659
H           -1.80053962474315       -1.35206904302503       -1.18394050382466
H           -3.35605132164361       -2.98648785375156       -1.83682272242590
H           -1.95106086637231       -3.00090832420154        1.37937911272805
H           -0.49673455894761       -3.74255581188159       -0.43645448359128
H            0.72817420424332        0.49381738428919       -1.72359895739019
H            1.21883699537774       -1.69662516956377       -2.49864780013794
H            3.31773829538026       -0.89487124360302       -0.86325038406705
H            3.92648813328781       -0.17510201311247       -2.99295121518959
