48
 energy: -84.855368565216 xtb: 6.7.1 (edcfbbe)
C            5.57295500000000        1.04909700000000        0.67455900000000
O            4.93328200000000       -0.13637100000000        0.20830600000000
C            3.65506700000000        0.05588100000000       -0.27411800000000
O            2.80962300000000        0.34187400000000        0.82240800000000
C            1.43793400000000        0.53464100000000        0.52411600000000
C            0.77102700000000        0.86871000000000        1.87555400000000
O            0.09081500000000        2.09817400000000        1.87857700000000
C            0.86440500000000       -0.72251800000000       -0.15270900000000
O           -0.44070100000000       -0.52262900000000       -0.68665200000000
C           -1.46990100000000       -1.33021600000000       -0.18167300000000
O           -1.83906200000000       -0.99619000000000        1.12390100000000
C           -2.47793600000000        0.28325200000000        1.21844000000000
C           -2.77593500000000        0.57073000000000        2.70018500000000
O           -2.62200100000000        1.92861300000000        3.01276200000000
C           -3.73313400000000        0.32412400000000        0.34099300000000
O           -4.45754700000000        1.51994100000000        0.46490300000000
C           -3.31496600000000        0.08055300000000       -1.12040900000000
O           -4.42299500000000        0.06546700000000       -1.98696800000000
C           -2.63202200000000       -1.28596200000000       -1.18385400000000
O           -2.10863000000000       -1.58880400000000       -2.44733000000000
C            1.73417500000000       -1.09509300000000       -1.36978900000000
O            1.32610400000000       -2.31719300000000       -1.93431900000000
C            3.21395000000000       -1.21964300000000       -0.99955000000000
O            4.00759300000000       -1.35838200000000       -2.14506800000000
H            5.02914400000000        1.46953400000000        1.52207900000000
H            5.63736600000000        1.78597800000000       -0.13102700000000
H            6.56732400000000        0.73773300000000        0.97978800000000
H            3.62453500000000        0.90079700000000       -0.99422000000000
H            1.31772700000000        1.37737000000000       -0.17557500000000
H            1.55860400000000        0.84703000000000        2.63547600000000
H            0.03506400000000        0.10225500000000        2.12020400000000
H            0.72906700000000        2.82598700000000        1.84050700000000
H            0.86306700000000       -1.55348100000000        0.56190500000000
H           -1.11574800000000       -2.37086300000000       -0.09999200000000
H           -1.78135100000000        1.05102300000000        0.84778300000000
H           -2.11739300000000       -0.06066700000000        3.30861100000000
H           -3.81269200000000        0.32084800000000        2.93303600000000
H           -1.69664200000000        2.18427700000000        2.85028600000000
H           -4.41742700000000       -0.48035000000000        0.64074600000000
H           -3.86064300000000        2.25707400000000        0.65908900000000
H           -2.59725600000000        0.85339400000000       -1.43847300000000
H           -5.02753500000000        0.77505200000000       -1.71793000000000
H           -3.36788900000000       -2.04800500000000       -0.88183700000000
H           -2.79633300000000       -1.40937800000000       -3.10813300000000
H            1.63116500000000       -0.28683600000000       -2.11038200000000
H            0.42168200000000       -2.21973700000000       -2.27141900000000
H            3.35500000000000       -2.06846400000000       -0.31601000000000
H            3.69906200000000       -2.13862900000000       -2.63329400000000
48
 energy: -84.855320377007 xtb: 6.7.1 (edcfbbe)
C            5.55328603684064        1.01937445018720        0.74756833695779
O            4.92222381984861       -0.12161053523964        0.17245940846995
C            3.64027264196825        0.10013241991925       -0.28902136930168
O            2.79734719894136        0.28955040149358        0.82947740891704
C            1.41638228077597        0.46773318261657        0.56042442082995
C            0.76805884955081        0.72435652310939        1.93615592945074
O            0.18550722910825        1.99956656042538        2.04281720177842
C            0.87235236086600       -0.76605974638891       -0.18293012490881
O           -0.45003380223812       -0.61988350983116       -0.68800352453465
C           -1.48129592829729       -1.35805944868896       -0.09027966387561
O           -1.83947271758404       -0.91478682018847        1.18367040432025
C           -2.47642705298465        0.36935637846878        1.19741821388516
C           -2.80235601330597        0.72339833516304        2.66110862680362
O           -2.56509612433314        2.07409393414923        2.94769775049387
C           -3.71919544423086        0.37203987862321        0.30128536959109
O           -4.41136738384330        1.59296846007463        0.32464773733173
C           -3.30359561086431        0.00015172233420       -1.13307788849760
O           -4.41181822807522       -0.05973372826678       -1.99741632296505
C           -2.65311356601344       -1.38281446147428       -1.08234307167385
O           -2.15087969351442       -1.80538061414761       -2.31930671139628
C            1.72480283670370       -1.01939217346121       -1.44189853470488
O            1.34634129000160       -2.21280721541592       -2.08014540010487
C            3.21662132566201       -1.11839747320390       -1.11570306304604
O            3.98665439172094       -1.12625624420514       -2.28549038294023
H            5.01234503171459        1.34908367939010        1.63597947871722
H            5.60514382562499        1.83200488762487        0.01762215082457
H            6.55281555261884        0.68943861611419        1.01467517810410
H            3.60061630082549        0.99999320847010       -0.93863395374463
H            1.26993916366209        1.34445969092827       -0.09147535601988
H            1.54774538726139        0.57901641253473        2.69055221193277
H           -0.02586423985871       -0.00081587351724        2.11374910241656
H            0.87931825794996        2.67395081469560        2.07616756707688
H            0.93159740697721       -1.64061674602072        0.47721394484558
H           -1.13761815635605       -2.39259829552418        0.07839066582324
H           -1.76900187634308        1.11602986052198        0.80460969084745
H           -2.21050671234782        0.06453203888927        3.30749653005658
H           -3.86164327288598        0.55249751384854        2.86230215769679
H           -1.61502899881592        2.25349088130467        2.82825559719474
H           -4.42930214846136       -0.38552572740038        0.65744992523513
H           -3.79250980752079        2.33061751972178        0.42693244529097
H           -2.56683859531487        0.72597137469562       -1.51238319615494
H           -4.99976306667264        0.68338043795237       -1.78958162608159
H           -3.40078752963710       -2.09895255962173       -0.70665350488164
H           -2.84734122785163       -1.68317463975455       -2.98401924987476
H            1.57420628292580       -0.16574373442410       -2.12173084747209
H            0.40789520089401       -2.15419563641549       -2.32038814911675
H            3.40246350985341       -2.01930969912970       -0.51459799306465
H            3.70691901146435       -1.88107630999002       -2.82756451492446
48
 energy: -84.855177623962 xtb: 6.7.1 (edcfbbe)
C            5.46488162726372        1.20983506381280        0.67140731874042
O            4.88494049223128        0.05691608822115        0.06813707258952
C            3.56609419508832        0.19941956978899       -0.31376969186959
O            2.77060225610457        0.25052011883507        0.85234423716470
C            1.36371006006070        0.32780544562366        0.67519777174143
C            0.79933583089268        0.37255126994107        2.10800140037330
O            0.49580836985110        1.67717562561385        2.53274383288639
C            0.86006381027789       -0.86487665098185       -0.16004227662706
O           -0.46812447679137       -0.74291974720754       -0.65840885202192
C           -1.52469479428593       -1.39294744969814       -0.00748722350041
O           -1.88504234887133       -0.83627433852343        1.22085589533724
C           -2.45581605388742        0.47564015679670        1.12603018687390
C           -2.79074649471364        0.96023291359336        2.55226536609760
O           -2.29867901313279        2.24451050240766        2.81788534205674
C           -3.68758086367323        0.45803905005925        0.21171965057952
O           -4.32581396674028        1.70363401881783        0.12231764980688
C           -3.28314927345497       -0.05860764420906       -1.17912223334975
O           -4.39215603728234       -0.14568132463096       -2.04032632437725
C           -2.69063553833670       -1.45830121336836       -1.00547426680569
O           -2.20050891924269       -2.00185484422754       -2.19884716339316
C            1.69114150227304       -0.98976048940094       -1.45264157044495
O            1.36969272460264       -2.16799896400300       -2.14595752905847
C            3.19652701836363       -1.00500917126965       -1.18420658763623
O            3.91911562789704       -0.90823491694391       -2.37969599769132
H            4.98766855553275        1.42284825141277        1.62897246808628
H            5.37358850959287        2.07355035515334        0.00711029919862
H            6.51107892649552        0.95909822758198        0.81989418687426
H            3.42007352882116        1.12784504759736       -0.90501571162792
H            1.10333914909053        1.25381128930468        0.13730418767634
H            1.54201075890577       -0.09602044499471        2.76168714732034
H           -0.12663717726733       -0.19711177451152        2.16536028686619
H            1.31251149432066        2.17775184522667        2.66769264141869
H            0.95974904636073       -1.78831886762634        0.42613182939507
H           -1.21587976498734       -2.42036259838704        0.25026627189571
H           -1.70573457078100        1.15350311687187        0.68987672298517
H           -2.39699529065864        0.22190453446512        3.25990321245641
H           -3.87391880606585        1.02489373137749        2.67467083844477
H           -1.32428010086027        2.21641356144533        2.83210374537857
H           -4.43493093472733       -0.22889586563415        0.62814207826733
H           -3.67186919720583        2.41142197106532        0.02747061389690
H           -2.51557682100122        0.59870537384188       -1.61821511010184
H           -4.96752921880009        0.61760555388277       -1.87360685395073
H           -3.46826670951194       -2.10933610633468       -0.57652170524752
H           -2.89591591637885       -1.92523456771579       -2.87162246802546
H            1.46149987563009       -0.11132494591674       -2.07705735851096
H            0.41549188057617       -2.17440627708172       -2.32409465330678
H            3.46417713862871       -1.91742249180072       -0.63332672055386
H            3.66737789447729       -1.65473402519468       -2.94656892339615
48
 energy: -84.855114004227 xtb: 6.7.1 (edcfbbe)
C            5.29906124965761        1.43850928703111        0.65212145986582
O            4.80607050703840        0.26724030909454        0.00858006069164
C            3.46321159557113        0.29968856151107       -0.30903368924859
O            2.72383718048505        0.19959479971917        0.88924797507944
C            1.30747783517703        0.16744041272053        0.78282102743807
C            0.84064473743159       -0.00741791549270        2.23871486946722
O            0.77033761660568        1.21285633444936        2.93030029970981
C            0.84098704034572       -0.96974609811699       -0.14642263377980
O           -0.49086578335435       -0.85754879402901       -0.63957141146964
C           -1.56558721720181       -1.41512333717941        0.06330974042547
O           -1.90389510224172       -0.74337295661535        1.23992444556552
C           -2.39509948064039        0.58662068571348        1.03297815225457
C           -2.68807143479431        1.22075702573905        2.40859226388690
O           -1.86220863493764        2.31609282763873        2.69661580609090
C           -3.63889945279876        0.55513748355101        0.13231709453135
O           -4.20241974199459        1.82384072007726       -0.06732574359291
C           -3.28077063223472       -0.10975582085850       -1.20688480166530
O           -4.40523457264294       -0.23264669995110       -2.04384442216869
C           -2.74269972730659       -1.51310174023198       -0.91932756282583
O           -2.29048532441613       -2.17087184519530       -2.06895192237084
C            1.65544839216344       -0.97617834477836       -1.45598794818991
O            1.40814477198355       -2.14486849315084       -2.19338807281927
C            3.16526913783096       -0.88569655177912       -1.23013329223658
O            3.83602946060255       -0.67332972434719       -2.44083476650572
H            4.83670953767090        1.56145817353292        1.63249162603763
H            5.10763819454361        2.32089820838647        0.03535955997052
H            6.36788330399211        1.27843866923558        0.75791250356369
H            3.19985168470935        1.24149647140099       -0.83439949677249
H            0.94419945333628        1.12338922949592        0.37300070617297
H            1.54392181500217       -0.69372140861759        2.72284621130566
H           -0.15903072671950       -0.43648572002113        2.27072402972782
H            1.65635600129329        1.59369376087158        3.00529502302317
H            0.97104026699918       -1.93342391030214        0.36576058531584
H           -1.29422021950306       -2.42872479946541        0.40342939302904
H           -1.61378941434522        1.17763604917259        0.53110796449482
H           -2.60320349982085        0.43624986688435        3.16799961514832
H           -3.70791527945969        1.61269626382351        2.41135094394509
H           -0.95201201563501        2.01181497232196        2.87217465949553
H           -4.41958181480592       -0.04208807590791        0.61859288492167
H           -3.51268289684580        2.46626163249950       -0.29065180266531
H           -2.49446650643656        0.47201474125342       -1.71449152570988
H           -4.93169182053278        0.57914147027400       -1.97369303784053
H           -3.54191448752736       -2.09250095260523       -0.43130453002675
H           -2.98783813749882       -2.11473330941824       -2.74186895124099
H            1.34505125025516       -0.09153438055640       -2.03554102192001
H            0.45277156638011       -2.22395003827467       -2.34278960654576
H            3.52230697139662       -1.79940681903520       -0.73478054923639
H            3.62033232532195       -1.40674228153205       -3.03885906030132
48
 energy: -84.855220096142 xtb: 6.7.1 (edcfbbe)
C            5.17573975875300        1.56849803132307        0.69588931121753
O            4.73142799436880        0.40277604613805        0.00860524632547
C            3.38020309181516        0.37066346831360       -0.27077139292868
O            2.68589298354079        0.13010915185508        0.93418009323727
C            1.26986919259328        0.03214231076814        0.86247881146193
C            0.86803100698147       -0.31478506702586        2.30735241572847
O            0.88834381919748        0.80860454142353        3.14955745681266
C            0.82848702204400       -1.03799920759436       -0.15513033391059
O           -0.51113942811422       -0.94359179175972       -0.63300037550229
C           -1.58375079231393       -1.41845228757857        0.13034579486684
O           -1.88276693039224       -0.63764693320397        1.24922587755274
C           -2.31819111571799        0.68823481012661        0.93132544830994
C           -2.54276660122598        1.45763707539122        2.24572191740815
O           -1.48248611309828        2.31581645891739        2.57114580869173
C           -3.58965534296213        0.63066947909084        0.06909045148052
O           -4.09900661268377        1.90000491842544       -0.24150501728114
C           -3.29793246812628       -0.17516632767104       -1.20704647654971
O           -4.45307391798119       -0.34241284467167       -1.99310321045795
C           -2.79065651330678       -1.56356451587287       -0.80930137576005
O           -2.39740574016312       -2.33179346483137       -1.91034209778868
C            1.62075343336816       -0.92135907485841       -1.47323926344771
O            1.42228588853871       -2.05584905432264       -2.27497811839550
C            3.12856559432414       -0.76073728861120       -1.27019303930351
O            3.75826493066374       -0.42201355803663       -2.47416390476746
H            4.73009597921122        1.62331997050303        1.69006711290757
H            4.92414028393116        2.46623202927009        0.12454306682995
H            6.25371583571085        1.46182694735467        0.77266560188427
H            3.04102966611164        1.32955726399472       -0.71499550037784
H            0.84835552952295        1.00518900439672        0.56564088166503
H            1.56439337494191       -1.08280652429554        2.66201781721988
H           -0.14900539959908       -0.70021347563308        2.34248431137132
H            1.79075868244379        1.15346302224004        3.19912372349307
H            0.99755974475503       -2.03393802736332        0.28011840212477
H           -1.32993268624067       -2.40744233946740        0.54709941599063
H           -1.52797480034726        1.19442409043059        0.35658707295306
H           -2.73468970132937        0.72855666122631        3.03936053842181
H           -3.41868507393179        2.10037327454668        2.12705152793551
H           -0.71030205423296        1.80254201795579        2.87586318512201
H           -4.38291197113088        0.12467428928075        0.63151005468379
H           -3.40181423112708        2.45880952810584       -0.61657317735853
H           -2.51216068918933        0.32834203252618       -1.79334647015153
H           -4.95539977455850        0.48726109100133       -1.98653374629858
H           -3.59061601663046       -2.07158399497590       -0.24808144652820
H           -3.11827414441583       -2.31485774174169       -2.56013157310162
H            1.25311487592407       -0.02186048832033       -1.99357830220362
H            0.46974994855547       -2.19048989501092       -2.39705556633412
H            3.54747991400436       -1.68515935366030       -0.84975428806543
H            3.60233753134892       -1.13600632666232       -3.11274361710450
48
 energy: -84.854989156677 xtb: 6.7.1 (edcfbbe)
C            5.07295551104687        1.64679585828017        0.75772475147440
O            4.66799545689346        0.50087081644018        0.01519592752634
C            3.31351853659939        0.41689648986145       -0.23545373893916
O            2.66180633443641        0.05363107529784        0.96259780823608
C            1.24853778084307       -0.09022447859791        0.90942996174380
C            0.88818806313968       -0.54395831908650        2.33592824973236
O            0.89961645814426        0.52592014773799        3.24569985730910
C            0.82761962159307       -1.10101158778610       -0.17615427047747
O           -0.52316807266168       -1.02807885390610       -0.62882476278133
C           -1.58481396106137       -1.41594334375644        0.19550275788983
O           -1.83883897016016       -0.53870055291181        1.25216632631880
C           -2.24350520300780        0.76951881252461        0.84465767377010
C           -2.41543533822871        1.62823953054594        2.10757019582356
O           -1.23907087357020        2.29266580987582        2.48350588569173
C           -3.53525946268762        0.69192417061017        0.01602547217523
O           -3.99815809577656        1.95164534648480       -0.39247030079040
C           -3.30085834492943       -0.22722245026685       -1.19352905198571
O           -4.48095248264786       -0.42237836380640       -1.93471159588325
C           -2.82303365649750       -1.59543974008939       -0.69833362587152
O           -2.49069993629595       -2.46179359435901       -1.74495009931368
C            1.59289077922062       -0.87871519915863       -1.49514137489867
O            1.44144185626521       -1.98036179954690       -2.35114222906307
C            3.09463791907738       -0.65332464831134       -1.30706254362322
O            3.67840619349875       -0.20110912940761       -2.49689960799017
H            4.65154066113317        1.62383313635916        1.76362196384703
H            4.76312829494622        2.56138851364159        0.24470783762972
H            6.15648332096431        1.59013301636654        0.80285607485441
H            2.91372283694379        1.38537265502960       -0.60123932968193
H            0.79037196068120        0.88688271200920        0.69095067997970
H            1.61179280457761       -1.31358850635806        2.62648423515724
H           -0.11896561296231       -0.95307948925972        2.37178863894093
H            1.79566252671017        0.88711001195551        3.29903497531418
H            1.03662839531717       -2.11660894642778        0.19342249503069
H           -1.34726678673942       -2.37681416898310        0.68064054319873
H           -1.45271383452878        1.21156109947442        0.21954420360469
H           -2.79078456390388        0.98478231298854        2.90971561621462
H           -3.14943923915638        2.41009585700441        1.89755339783108
H           -0.59723326967736        1.65821762840680        2.85644015840145
H           -4.33631969644525        0.26939369246215        0.63304999778366
H           -3.29195617821945        2.43419676757674       -0.84807820214530
H           -2.51818572298100        0.20480095865694       -1.83838559451998
H           -4.95788829754810        0.42052642127898       -1.98534101496072
H           -3.62067904523843       -2.02924920116155       -0.07479209220518
H           -3.23155703205255       -2.47379824699073       -2.37221985899334
H            1.17370829798887        0.02613055843757       -1.96506488423293
H            0.49679161677011       -2.17264665647562       -2.45188133492165
H            3.56835791209746       -1.58195309510502       -0.96067750982385
H            3.54097849748283       -0.87653509821600       -3.17997961805212
48
 energy: -84.854380940559 xtb: 6.7.1 (edcfbbe)
C            5.00263606696064        1.68058608855858        0.82922672213927
O            4.61527298413728        0.56380331062780        0.03476827390115
C            3.25905402530293        0.45222408601839       -0.19423770364437
O            2.64399359185914       -0.02195458724584        0.98482164903105
C            1.23290820214692       -0.19346637002170        0.94204047111023
C            0.89757562743580       -0.73210162212194        2.34567188599353
O            0.85686949002925        0.29472505587666        3.30311845114338
C            0.82672716582300       -1.14181942998060       -0.20481059390065
O           -0.53842073402544       -1.10306530830237       -0.62199503605445
C           -1.57619310095833       -1.41270471532179        0.26245868793574
O           -1.78596868400018       -0.44882760218560        1.25093489178805
C           -2.16859759604687        0.83238275562485        0.75346921964601
C           -2.28291030713907        1.77603686135022        1.95896915398906
O           -1.03878267179225        2.27055792144925        2.37843525018071
C           -3.48169150846610        0.73174657535585       -0.03677332305741
O           -3.90927006024936        1.96932883949421       -0.54106811995969
C           -3.30729799997315       -0.29467207097347       -1.16830264513160
O           -4.51363586001380       -0.51941617227197       -1.85695614564805
C           -2.84889436470073       -1.63061626119985       -0.57456420733830
O           -2.57808372515179       -2.59048090294349       -1.55467734912077
C            1.55416539379131       -0.80165639145855       -1.51840785993394
O            1.42275818396665       -1.84453105854342       -2.44806890053109
C            3.05193552212291       -0.54305307470030       -1.33810539726862
O            3.60103162382218        0.01076166070962       -2.50095676258703
H            4.59894756748345        1.59536876794222        1.83884588696928
H            4.66023253648749        2.61165152127528        0.36908936619848
H            6.08796889744632        1.65092455882857        0.85436593174453
H            2.81957759692599        1.43076714935139       -0.47841365541059
H            0.75455770492767        0.78638717333505        0.78985733244093
H            1.65762401763281       -1.47871668249421        2.59997888999943
H           -0.08845812033898       -1.18922527921561        2.36614782123194
H            1.74405960079356        0.66560883366034        3.40915518428687
H            1.08660868404589       -2.17004394738080        0.09204307282579
H           -1.34314731879144       -2.34067732764949        0.80818722691779
H           -1.38207980023463        1.20682300017361        0.07994086493340
H           -2.79557301804309        1.24062320018924        2.76524398605568
H           -2.87681207359796        2.64563951412828        1.66649022209996
H           -0.52426007376052        1.55801485903955        2.80534778690829
H           -4.28242581216979        0.39278716407413        0.63004543812662
H           -3.20124523721251        2.37954045393662       -1.06050775316193
H           -2.53327096215532        0.05859500361269       -1.86892672690413
H           -4.96221358659166        0.33076267644579       -1.98454325123993
H           -3.63500881128252       -1.98668455844784        0.11000979154025
H           -3.34141144066089       -2.63478400204036       -2.15294842592437
H            1.09918912993490        0.12021844089238       -1.91710185541098
H            0.48581325593595       -2.07733541775419       -2.53001188669291
H            3.55858144408434       -1.47911103820463       -1.06653481781572
H            3.47756251093198       -0.62092372003876       -3.22726800784689
48
 energy: -84.853059239713 xtb: 6.7.1 (edcfbbe)
C            4.97418728941244        1.59750963454203        0.96538227602919
O            4.58044990110325        0.58844149950843        0.03995975494519
C            3.21917642820510        0.48191887296775       -0.15902418028768
O            2.64232469494238       -0.10967862096482        0.98477229667418
C            1.22975851645525       -0.27368626338398        0.95599498580636
C            0.91090670243627       -0.84526598957931        2.34933175089467
O            0.85644349993968        0.17267537500863        3.31599004716886
C            0.82503811655125       -1.16293485601934       -0.23709392886977
O           -0.55673020933037       -1.17842640130675       -0.60511079391628
C           -1.56089437554612       -1.41616181042608        0.33658819686534
O           -1.73859978346181       -0.37297320272754        1.24788534005290
C           -2.10156811844452        0.87171144429780        0.65650866730953
C           -2.16676620084850        1.89978715184512        1.79368396246773
O           -0.89354511193935        2.26457474466788        2.25691478594582
C           -3.43209697644174        0.74321290192232       -0.09897577622955
O           -3.82931410549900        1.94456031615528       -0.70591083328270
C           -3.31355920314470       -0.38710988207090       -1.13550459038676
O           -4.54496750983836       -0.64557164227915       -1.76562239641569
C           -2.86583168527821       -1.67687723785016       -0.43868008262996
O           -2.65350414136742       -2.72638288350840       -1.33703225047727
C            1.49199001470314       -0.69003069347257       -1.54075714146784
O            1.36206226907306       -1.65533905915772       -2.55121465511400
C            2.98808980426314       -0.39702835296281       -1.39032425704836
O            3.47048608137415        0.29284591871662       -2.50908578674442
H            4.62714088252524        1.35448253497211        1.97077327130450
H            4.57794216487635        2.56977034518641        0.65918558858166
H            6.05961560510887        1.60698394163499        0.93428095575078
H            2.76169002752956        1.47835735477792       -0.33300556233139
H            0.75720347408348        0.71490984986284        0.84632661449401
H            1.68762157290240       -1.57914464871462        2.59040712863985
H           -0.06478972905607       -1.32171972716990        2.37588611934888
H            1.73459421333936        0.56840232965123        3.40785173437934
H            1.15016296383366       -2.19258595025389       -0.01969523571811
H           -1.32266673380769       -2.30456954444387        0.94014903363684
H           -1.31876270740740        1.17359061117864       -0.05695780706807
H           -2.77977868544851        1.48324877698744        2.59950707903609
H           -2.63410436322946        2.81250072176995        1.41818898796406
H           -0.49235981891336        1.51631854120507        2.73862167899286
H           -4.23010836459915        0.49249203711427        0.60880009602036
H           -3.12268270124609        2.27537415809078       -1.28087799025682
H           -2.55440596971505       -0.11743137864646       -1.88732869686045
H           -4.97055463907911        0.19921814200493       -1.97779109335088
H           -3.63553334068839       -1.94920507110459        0.30089357851419
H           -3.43747435462757       -2.79913365715434       -1.90511743012970
H            0.99522437502874        0.24596471324358       -1.84719597302932
H            0.43705691906242       -1.93889726986385       -2.59832692192473
H            3.53208609153766       -1.33910586275268       -1.23966484563307
H            3.34934517723228       -0.26959397575114       -3.29010267510533
48
 energy: -84.850922634392 xtb: 6.7.1 (edcfbbe)
C            4.98672091145661        1.50016824316150        1.05539640000878
O            4.56106108958977        0.59533032918779        0.04089728162988
C            3.19386092270780        0.50661765775866       -0.12298373246964
O            2.64895000659753       -0.17621407045481        0.98543911009284
C            1.23545187658148       -0.33863334271165        0.97588887854312
C            0.93649442980240       -0.94583882086605        2.35748820756999
O            0.88311632124581        0.05537815116169        3.34126685034788
C            0.82360397421882       -1.16485372708749       -0.25943578831192
O           -0.57006298131632       -1.23681085612489       -0.58055516469662
C           -1.54678294967705       -1.40665253992139        0.40210965927798
O           -1.70945024140903       -0.29890851096637        1.23598048883843
C           -2.06030991722689        0.90455797099362        0.56095043177688
C           -2.08623955375032        2.00389226556691        1.63083058267748
O           -0.80686985161198        2.26259905378403        2.14863996295346
C           -3.40468575339553        0.74140595329158       -0.16132068628607
O           -3.79536568068128        1.89670120689802       -0.85521226166836
C           -3.32156094268078       -0.46893712562793       -1.10760408184494
O           -4.56981037705703       -0.75840007179813       -1.68903168544331
C           -2.87123973984385       -1.70945502869798       -0.32694794745271
O           -2.68882121138041       -2.82450300081543       -1.15078327832515
C            1.42845966862025       -0.56882318080217       -1.54097145621163
O            1.27550253550378       -1.44260541597298       -2.62820472843894
C            2.92567857191106       -0.26694402018979       -1.41651035088222
O            3.36222783887940        0.52025512089964       -2.48901649515488
H            4.68286448861854        1.14284370838083        2.04039383036253
H            4.57277053226900        2.49621120276088        0.87582165772709
H            6.06998206709753        1.52390826581670        0.98161061882719
H            2.73396323404337        1.51445967153620       -0.19926579763181
H            0.76516262875671        0.65576729909201        0.91209684072222
H            1.72167726539295       -1.67783797670972        2.57609215073849
H           -0.03408521411942       -1.43081661112975        2.38932396981330
H            1.75925899525922        0.45556303595183        3.43122791731019
H            1.20591315805316       -2.18911715171613       -0.12318289506522
H           -1.30580506920969       -2.25483281398954        1.05715171760758
H           -1.28226758947435        1.14122994888346       -0.18192971063737
H           -2.77965555028500        1.70156104278527        2.42262036519219
H           -2.43468315871004        2.93489404901612        1.17949705208005
H           -0.51158283555650        1.50004514522277        2.67825828562452
H           -4.19379403065038        0.56047315217731        0.57697718275870
H           -3.10314165566376        2.15805575200259       -1.48102001090293
H           -2.57751166160382       -0.26520363783886       -1.89447200982255
H           -4.99400419871863        0.07474582718749       -1.94623976171762
H           -3.62791275002126       -1.91919599389714        0.44586805905398
H           -3.48419474835431       -2.92857259640699       -1.69777063005903
H            0.90859055482391        0.38270871781888       -1.74561147450395
H            0.36245977866044       -1.76435768116331       -2.64701154865782
H            3.48428840311963       -1.21124239349784       -1.36348477146527
H            3.23177636512855        0.01938173564676       -3.30977821118902
48
 energy: -84.848953894672 xtb: 6.7.1 (edcfbbe)
C            5.03222803271590        1.44439842191233        1.12550294029354
O            4.55675476822703        0.57388624238992        0.10266792745293
C            3.18431686875740        0.51459234323909       -0.02145339178838
O            2.67067454113052       -0.28478241851760        1.02379597682442
C            1.25382980400330       -0.40426418696586        1.04859368248847
C            0.96393835727617       -1.15527830291314        2.36169186145490
O            1.60900799526137       -0.54936929937417        3.44853792480575
C            0.80804980418662       -1.12361829054511       -0.23812260710718
O           -0.59061759186973       -1.23862854410618       -0.52087189574219
C           -1.54675262462354       -1.33774673334386        0.49035410760575
O           -1.70568443820184       -0.15554430503927        1.22212157985582
C           -2.07795177587505        0.97077447722446        0.42872820151416
C           -2.15073323568287        2.18004845242692        1.36905744621332
O           -0.88976812692048        2.52996621758148        1.88209061746130
C           -3.41677839551775        0.72271683671662       -0.28270845215656
O           -3.80325899883320        1.80079582305714       -1.09340004479684
C           -3.33572829879681       -0.57961051131932       -1.09561352037418
O           -4.58695111217503       -0.93337097023060       -1.63321583927800
C           -2.87674704594695       -1.72354031669562       -0.18479268589824
O           -2.69688323181691       -2.92413265718334       -0.87771048001034
C            1.35419549590562       -0.39369775785731       -1.47618435984923
O            1.15049665410147       -1.14874883616500       -2.64163222751340
C            2.85721085333123       -0.10677764950045       -1.38238603383515
O            3.25299179202605        0.79961108852199       -2.37352989100031
H            4.72045149648869        1.09411734041170        2.11030329583424
H            4.66387010208141        2.46038965965889        0.96081363072143
H            6.11462584565948        1.41863950477253        1.04251473656734
H            2.73205175600511        1.52650338315899        0.03159824041243
H            0.81362885806384        0.60422561010465        1.08706360326468
H            1.28809826299901       -2.19793691787822        2.24978440764657
H           -0.09674799783905       -1.11534295983195        2.60046782218280
H            2.55671568054903       -0.51254601192669        3.25634285256189
H            1.23415541270670       -2.13924105832590       -0.20926853912694
H           -1.28183256799298       -2.11703126796574        1.21504001122448
H           -1.29578875648175        1.14760238156065       -0.32555817637734
H           -2.85721050701765        1.95629796504103        2.17417629709487
H           -2.50838148348540        3.04345973144653        0.80545410765380
H           -0.63148820674206        1.87887809580610        2.54901510768603
H           -4.20969661825625        0.61985244371607        0.46666705278922
H           -3.11353075029314        1.98918279949805       -1.74777049927046
H           -2.59721524234078       -0.46206264194130       -1.90430090973764
H           -5.01349134210483       -0.13649868701396       -1.98411216947057
H           -3.62496733657236       -1.84632543468240        0.61449780063600
H           -3.49394136606652       -3.08894434133055       -1.40696215702216
H            0.83056793773763        0.57455841062112       -1.55864533270262
H            0.25783437563801       -1.52338022843630       -2.62107410715785
H            3.41263277293881       -1.05112696797194       -1.46327262127862
H            3.08381753506916        0.39904800271080       -3.24081227306006
48
 energy: -84.846908056742 xtb: 6.7.1 (edcfbbe)
C            5.02375049029757        1.42306946311876        1.17670196471186
O            4.53970259927399        0.59794552288436        0.12006957838651
C            3.16552516893277        0.52572849392737        0.02849947444290
O            2.69975085131801       -0.36640079616860        1.02030104483121
C            1.28708918459053       -0.49940894770047        1.08963827573028
C            1.03996122038860       -1.34981930731170        2.35256107633433
O            1.83946189610511       -0.92812740176644        3.42361507730178
C            0.80598667265530       -1.12250648559584       -0.23304633945665
O           -0.59946626470754       -1.26614967932118       -0.47222226207952
C           -1.53854699353396       -1.28399022642939        0.55940428325345
O           -1.68744771606017       -0.04856565568667        1.20031946508069
C           -2.06547874742293        1.01632109743565        0.32897596707214
C           -2.13706186203433        2.29194389251806        1.17782405982775
O           -0.88215805188814        2.65565515635321        1.69630060772535
C           -3.40776402642255        0.71954120804173       -0.35639009194254
O           -3.78988528942726        1.73350251264870       -1.24795425125718
C           -3.33911184490469       -0.64289602363823       -1.06540769439064
O           -4.59636076441472       -1.03117648374559       -1.56346239619760
C           -2.87752507769075       -1.71465609925472       -0.07220210095522
O           -2.70786598125322       -2.96623130849452       -0.67158709644737
C            1.29435872464685       -0.28146221100125       -1.42444353451591
O            1.04160713327780       -0.93398299853452       -2.64163963739481
C            2.79859174153982        0.01110609458811       -1.36633601254442
O            3.15026482492125        0.99829775336769       -2.29455094358553
H            4.67189915142762        1.06236790789251        2.14433278721421
H            4.69891175570773        2.45642595021303        1.02733280171444
H            6.10609411940138        1.35689248479151        1.11959233495235
H            2.69902497638690        1.52084612114544        0.17796075166187
H            0.84234679632102        0.49990529251268        1.21494021727659
H            1.23595422605779       -2.40430246935614        2.11745554059139
H            0.01407598584540       -1.22753888895224        2.69652867946656
H            2.76501945454380       -0.95418615957998        3.13934666921809
H            1.25683934832525       -2.12507248695442       -0.30418426736676
H           -1.27238085731255       -2.00746170225804        1.33661820074936
H           -1.28697106042817        1.13932461492068       -0.43932537725923
H           -2.86712889700960        2.14042216369439        1.97862380454536
H           -2.46480160579937        3.11780991946856        0.54393592425809
H           -0.66393648153837        2.06200018793989        2.42733411887736
H           -4.19897110074018        0.68071465585424        0.40090943824081
H           -3.10130587633872        1.86287713534496       -1.91770860030207
H           -2.60696489602056       -0.59198595875585       -1.88666703205059
H           -5.01500811166286       -0.26632941221556       -1.98759509825963
H           -3.61954410639148       -1.77237945092472        0.74004706766362
H           -3.50537474210416       -3.16394026405493       -1.18898219943435
H            0.76538930515901        0.68753847174274       -1.40141602856937
H            0.17342609648458       -1.35992973002393       -2.59290718807831
H            3.35818528262607       -0.91749453548091       -1.54218558606174
H            2.95784129382810        0.66575651207594       -3.18547246221622
48
 energy: -84.845022383364 xtb: 6.7.1 (edcfbbe)
C            5.00682264407502        1.45077728429581        1.23150163096988
O            4.52090754400124        0.65452564273818        0.15375950638444
C            3.14750403682795        0.54391911276824        0.08962635845264
O            2.74081360800547       -0.43250648864364        1.02670267733608
C            1.33972239582428       -0.63929019233854        1.13327267205264
C            1.20270803261269       -1.65055502347121        2.29331528150558
O            2.03219724849504       -1.32108767370250        3.37272468140085
C            0.81262663804792       -1.14107489693733       -0.22245287278733
O           -0.60214115888634       -1.27822449953426       -0.42075208605525
C           -1.53103414858575       -1.18984371755059        0.61691272869148
O           -1.66061583673734        0.09900799319310        1.14826737482449
C           -2.07899692721544        1.08922686055395        0.20879742113776
C           -2.16191650266183        2.41864543350655        0.97042167627879
O           -0.91390649848606        2.81808973940235        1.47781542737293
C           -3.42781730532024        0.72456798308414       -0.42926299622377
O           -3.83489965241410        1.66090021108242       -1.39192299863378
C           -3.35574041631705       -0.68874743194131       -1.02868779794878
O           -4.61397555331011       -1.12396091357544       -1.48281611983364
C           -2.87915879554463       -1.67079585195056        0.04576352858559
O           -2.71920799039512       -2.97067555060583       -0.44280875577142
C            1.25500947276320       -0.19448309888151       -1.35344174618220
O            0.95795361556741       -0.74335287718561       -2.61174876844934
C            2.75663941281128        0.10963937249276       -1.32501233201250
O            3.07129189379229        1.15409696114686       -2.20244669580409
H            4.66600381076292        1.05885665609116        2.19076771765141
H            4.67322197955494        2.48562329704501        1.11557700722845
H            6.08917564578701        1.39479991513690        1.16397456911875
H            2.65355426512988        1.50972649085609        0.31845010856929
H            0.85227702430621        0.31264284341917        1.39194587724845
H            1.43882795363376       -2.65383784485401        1.91584756440339
H            0.19295186850343       -1.63933486261407        2.70047930577590
H            2.94509982557660       -1.27760254627894        3.05242364380528
H            1.25515068518876       -2.13145343932036       -0.40756334887027
H           -1.26366153954137       -1.83554550722778        1.45796913148031
H           -1.31797883808241        1.17299692312094       -0.58152467537979
H           -2.89916404908339        2.31742308206199        1.77324996989203
H           -2.48539143380128        3.20129513562909        0.28227782109809
H           -0.69025781864177        2.24790543877153        2.22585812039782
H           -4.20758524197195        0.73816608741100        0.34074563470177
H           -3.15982706317344        1.74317749194811       -2.08271796679772
H           -2.63081989848584       -0.69946208056014       -1.85762176823083
H           -5.04653013049620       -0.39451202097977       -1.95288246700190
H           -3.60864401001426       -1.65575802118467        0.87143412363658
H           -3.52237408134715       -3.20907656366332       -0.93356459783347
H            0.72354001034228        0.76537649934605       -1.22890657469494
H            0.10957344322981       -1.20664391878911       -2.55599415870889
H            3.32248761280883       -0.79932735366476       -1.57021091210505
H            2.84558216113578        0.87576383141085       -3.10405892260318
48
 energy: -84.848072038901 xtb: 6.7.1 (edcfbbe)
C            4.99569637833797        1.40230508547347        1.30529449605165
O            4.51532690584204        0.83202791355308        0.09040634797186
C            3.15026348554580        0.63920728022410        0.05240116725670
O            2.83148850402761       -0.43338723024454        0.91650843529599
C            1.45791191363539       -0.76495378798936        1.01671837302367
C            1.40544746660820       -1.94623944202106        2.01864910748426
O            0.62797358080544       -1.68731573919902        3.15653077834021
C            0.89184091309933       -1.13058835953939       -0.36324523454278
O           -0.53143695163117       -1.28834172669047       -0.45338897108380
C           -1.36250068564777       -1.10649944650055        0.66085797688612
O           -1.45685028525683        0.23449656249816        1.06447860271074
C           -2.02868498027075        1.11395512469113        0.09592238516723
C           -2.07865358020684        2.50807785830264        0.73657179037984
O           -0.80334668007838        2.96862814192817        1.10530907216876
C           -3.42727090673206        0.65170015348975       -0.33741419933508
O           -3.97993405101202        1.48233998206232       -1.32488224141998
C           -3.37293532676611       -0.80993713821694       -0.80824448520209
O           -4.65891307626277       -1.31636312122511       -1.07298475455366
C           -2.74593887523349       -1.66795206827841        0.29456555587968
O           -2.59845107026923       -3.00653189754171       -0.08198789500659
C            1.25322970145002       -0.05447410183345       -1.40264525016756
O            0.93193562397299       -0.48210740485367       -2.70318843293466
C            2.74250847710956        0.30695357246005       -1.38512846112304
O            2.99138468211523        1.43248412563027       -2.17952519176171
H            4.79132805008134        0.73814980044107        2.14663797863864
H            4.52855577292684        2.37633745702335        1.47625297161548
H            6.06615865678285        1.51730115383116        1.16490999479210
H            2.60829152232688        1.55289123504263        0.37517574863008
H            0.89574779877196        0.09485474375925        1.41114282758447
H            2.44147884520931       -2.18074024517875        2.28378782795456
H            0.96376263723283       -2.82408011848027        1.54154894314189
H            1.09702834015030       -1.07970630780495        3.74605214448719
H            1.33492894681167       -2.08261879385511       -0.68569300384711
H           -0.99344636797050       -1.63485391994065        1.54426666879136
H           -1.37433651826654        1.14433874534370       -0.78809984258852
H           -2.74681633526421        2.47191567281891        1.60331370246068
H           -2.47139544759278        3.22065374727253        0.00982409391211
H           -0.50790824565391        2.45435414793200        1.86820974891397
H           -4.11119955395129        0.71656441211241        0.51657972545355
H           -3.39024745023776        1.52234824911596       -2.09312990120701
H           -2.74513741628839       -0.88740639401080       -1.70979222428641
H           -5.16926305426384       -0.64319395404338       -1.54918697547621
H           -3.37880359839852       -1.58781307825622        1.19295358093119
H           -3.44893618567796       -3.31275266287804       -0.43601441637713
H            0.69394363331523        0.86660006711349       -1.16310652554569
H            0.11457736609791       -0.99956319435334       -2.66713456878783
H            3.33795114309702       -0.55398046006579       -1.71902858396028
H            2.71364424247570        1.23291308335311       -3.08756594117153
48
 energy: -84.849190431191 xtb: 6.7.1 (edcfbbe)
C            5.18955700305862        1.11909823292770        1.31703509468901
O            4.59352432113504        0.70007047318119        0.09206025968961
C            3.21778795889938        0.60483584148432        0.12659171056686
O            2.87302744831625       -0.51883625825029        0.91407142176597
C            1.48917225924239       -0.79687998327078        1.03142547293818
C            1.39620640524387       -2.04140467441217        1.94884016368002
O            0.73438619584965       -1.78964406815411        3.15943819516724
C            0.88642354275390       -1.04520682393971       -0.35718700907213
O           -0.52942019882150       -1.25031087626666       -0.42221680467967
C           -1.35094228771810       -1.00334179543871        0.68801314468043
O           -1.47449739254179        0.36332189684560        0.98086145146007
C           -2.10491733529122        1.14063880742006       -0.03996689905392
C           -2.17922901169036        2.58125062338398        0.48265107129518
O           -0.90758028356442        3.11002440555901        0.75932800885155
C           -3.50020729430441        0.60100868460057       -0.38266680563273
O           -4.12029498172698        1.33553890529488       -1.40539593447821
C           -3.40436902379156       -0.88740834018184       -0.75048860954818
O           -4.67744809770488       -1.45481784499149       -0.94453813971236
C           -2.71886065959735       -1.64086692433907        0.39279433432585
O           -2.52101328592555       -2.99521152986494        0.10566211465061
C            1.20642366274401        0.14630185669453       -1.27541772143874
O            0.77320375319380       -0.09746638718704       -2.59275995639062
C            2.70920444585561        0.44701711024557       -1.30957681231694
O            2.96821363977838        1.64303552173225       -1.98978066291152
H            4.99281878263471        0.39241232226264        2.10701889731155
H            4.80590813733915        2.10115493464586        1.60820339393763
H            6.25451112408333        1.17659935902562        1.11277061407624
H            2.76478765912295        1.51867338068643        0.56498316435050
H            0.97441483228605        0.05785284927522        1.49633767531153
H            2.41894631931704       -2.39521458110495        2.11287491065268
H            0.83014553933331       -2.83188119145500        1.45065498781102
H            1.30569961510403       -1.27486737326956        3.74742510064581
H            1.34101504606932       -1.94858428392606       -0.78357335879355
H           -0.95293697348055       -1.44603115837808        1.60527239285216
H           -1.48251867022140        1.11475087957955       -0.94644212930871
H           -2.81263994633132        2.59850512071659        1.37644988146105
H           -2.62272251906388        3.21768338132794       -0.28421606402375
H           -0.54602013275603        2.63460233032575        1.51923240032668
H           -4.15446541715515        0.70372813169340        0.49061181767361
H           -3.55798324970754        1.34614650260032       -2.19494371178678
H           -2.79658101632252       -1.00522403554505       -1.66125081530072
H           -5.22572559425679       -0.82690135055469       -1.44027193109687
H           -3.33665252776286       -1.52522530109856        1.29773946712671
H           -3.36157234864994       -3.36101652893382       -0.21427239707000
H            0.70232812034052        1.04577153977359       -0.88272953561690
H            0.04313210956616       -0.73283913531813       -2.56373403888749
H            3.24604813708534       -0.39389920733753       -1.77064448394130
H            2.62171012248952        1.56305422783211       -2.89279039740305
48
 energy: -84.852953390164 xtb: 6.7.1 (edcfbbe)
C            5.36213785138336        0.80562005182994        1.21586784530645
O            4.63309274428723        0.55601352024837        0.01740370299776
C            3.26108288152791        0.55657578936921        0.16762016453527
O            2.89604154973286       -0.61338422927452        0.87506406249609
C            1.50558262964152       -0.82458264293045        1.04751106047624
C            1.37453321990658       -2.11370598069224        1.89376644996904
O            0.79296912482458       -1.89007875439897        3.15089498700825
C            0.83496765555007       -0.95243337394321       -0.32809510616869
O           -0.56706948809214       -1.20524902354148       -0.34127669580342
C           -1.36769135875135       -0.90204828102042        0.76722853762129
O           -1.52716081102495        0.47975556040247        0.95730329073998
C           -2.15907883618344        1.15408804207644       -0.13638947781659
C           -2.28929571211312        2.62611690052753        0.27619001514149
O           -1.04377329269385        3.20767140392974        0.56654858493590
C           -3.52972743253335        0.54825764060642       -0.46973547710571
O           -4.12126980814248        1.16612314874016       -1.58335743288519
C           -3.39618594885465       -0.96714516208966       -0.68672051792633
O           -4.65405192399586       -1.57762443156933       -0.85334490358596
C           -2.72444601818289       -1.58663086577242        0.54092751407821
O           -2.51295660324008       -2.96270669444469        0.40669844423131
C            1.11712572800978        0.34597853593716       -1.11270640504351
O            0.50579773995870        0.35537541132751       -2.37642188264838
C            2.62903000505294        0.58976087133655       -1.22852251414479
O            2.89211697414246        1.84698161296273       -1.78947793795571
H            5.16922610482659        0.02318620872937        1.95149916048914
H            5.09011560059091        1.78140860589479        1.62776201563300
H            6.40751781356774        0.79956867959032        0.92212128981854
H            2.92148285886322        1.45074763899659        0.73060728983130
H            1.06251664559573        0.02732617578613        1.58499040177468
H            2.37601041836541       -2.54619641652786        1.98311705936289
H            0.72644154979865       -2.82940160572652        1.38256368997600
H            1.42593033013561       -1.44518981562294        3.73267050821536
H            1.28121787648025       -1.80202835648721       -0.85957657983628
H           -0.94145772230520       -1.26632934385685        1.70688760846471
H           -1.51776363813373        1.07416653839123       -1.02602024245272
H           -2.95882700114297        2.69079979600989        1.14142325631047
H           -2.71477086886333        3.19516273933038       -0.55090223990242
H           -0.69934572164145        2.78799743050963        1.36633915733950
H           -4.22121583764390        0.72116148009884        0.36317175643450
H           -3.52042339030205        1.11689189506475       -2.34257447327210
H           -2.75985852331511       -1.16224018150748       -1.56380100320174
H           -5.18961042164421       -1.02657913981671       -1.44474407532851
H           -3.35132042750734       -1.37876427661324        1.42302431320268
H           -3.34388627799601       -3.36178139778298        0.10229968756220
H            0.68243183014799        1.19750672352508       -0.57435470037053
H            0.74545792269179       -0.44893783872829       -2.86167058393086
H            3.10147808724927       -0.20676359898702       -1.82454782593279
H            2.31687984235046        1.96555666582671       -2.56377885451681
48
 energy: -84.854691577285 xtb: 6.7.1 (edcfbbe)
C            5.43054081094962        0.63410801914098        1.20883857889627
O            4.64811865510926        0.53102565766487        0.02284080104104
C            3.28338033956340        0.53278423221358        0.22904604868276
O            2.92513532054004       -0.69238630790290        0.83971244204446
C            1.53552136730896       -0.87923041873485        1.04012746749683
C            1.36912168871603       -2.21358825728780        1.80134881337633
O            0.97546481558532       -2.03401172102001        3.13571032327324
C            0.82753439001719       -0.89620285657879       -0.32261531570436
O           -0.56688865087882       -1.17619292683275       -0.30280800031534
C           -1.35590981582488       -0.79841374840322        0.79287839969438
O           -1.54000445143360        0.58831931715671        0.88684982800273
C           -2.20413541545957        1.17410450034688       -0.23933747792144
C           -2.38071522569594        2.66496981154130        0.07841336056635
O           -1.15574866847348        3.31760884137474        0.29166583645583
C           -3.56160596585836        0.51189276855701       -0.51352423308005
O           -4.17628387157429        1.03382778170555       -1.66318575857233
C           -3.39889499051687       -1.01253820853024       -0.62112180251421
O           -4.64608553642417       -1.65739591494731       -0.72578615213183
C           -2.69974920926245       -1.52793572103916        0.63861253254390
O           -2.45380801224530       -2.90447319109865        0.59932852468671
C            1.09351006043868        0.45347225348714       -1.01774133812516
O            0.47079873427461        0.54138393119011       -2.27334548765105
C            2.60418076032673        0.70900785156000       -1.13528556530776
O            2.85805247817259        2.01749849958318       -1.56909821842294
H            5.26205247442766       -0.22898569718181        1.85474418756240
H            5.18666601621878        1.55546622449425        1.74487633174639
H            6.46206051878634        0.65773247061199        0.87030887790190
H            2.97966826235370        1.37339518703309        0.88717350701485
H            1.13694930130873       -0.05013629028091        1.64469739204730
H            2.31753420976765       -2.75413642664692        1.72822204373942
H            0.58399236970621       -2.81054638284773        1.33173281583305
H            1.72118480083538       -1.70667886016135        3.65800959955475
H            1.25634251554656       -1.70498589092868       -0.92720253123141
H           -0.90546289663366       -1.08764978870194        1.74817631422558
H           -1.56807793218099        1.05969576665121       -1.12882056893681
H           -3.03093896882198        2.76257177369952        0.95521960240300
H           -2.85155788943604        3.15631557280951       -0.77403985049795
H           -0.77505347421943        2.98181948459364        1.11411530640219
H           -4.25008061805772        0.72899572998196        0.31168545845654
H           -3.57409768050486        0.95394427225890       -2.41870250774365
H           -2.76911475475539       -1.25852816870593       -1.49008230573225
H           -5.19619359168635       -1.16688828189263       -1.35583123178608
H           -3.32118293660892       -1.27317752139411        1.51208615786194
H           -3.27379870374265       -3.34748431169301        0.32785520670421
H            0.65732802560082        1.26424898450090       -0.42191276169867
H            0.73187619984390       -0.21273232391405       -2.82335682339541
H            3.05984645369337       -0.02134948471217       -1.82254207735509
H            2.27852660072204        2.21145740794259       -2.32445282466684
48
 energy: -84.855678738399 xtb: 6.7.1 (edcfbbe)
C            5.49132770909701        0.49468174312738        1.19007495315270
O            4.66271152778710        0.50223193479944        0.03158094814739
C            3.30602424142110        0.50284254356977        0.28738213942140
O            2.94906550278495       -0.76142538361789        0.81193376572475
C            1.56137025972193       -0.93171783790992        1.03860760546959
C            1.36781703265600       -2.30460765418862        1.71350869468036
O            1.21087227369303       -2.20857483388290        3.10378953226897
C            0.81768005945773       -0.84298869806673       -0.30312282151798
O           -0.57048143541805       -1.14201085689292       -0.25328808853518
C           -1.35627930806467       -0.68686310460747        0.81653728718533
O           -1.56620853830854        0.69696928418731        0.81653227048214
C           -2.25709714584583        1.20067198018080       -0.33328237735541
C           -2.49380033784143        2.69654133887163       -0.08258164631402
O           -1.29961382716689        3.41382414539901        0.08743528593581
C           -3.59196456429502        0.47960857251678       -0.56931768992508
O           -4.21218782235341        0.90386919330020       -1.75565441994267
C           -3.39328521906172       -1.04429178075964       -0.56800313433461
O           -4.62609756855537       -1.72164531556961       -0.62916196533282
C           -2.68719306773783       -1.45096553317842        0.72702234541992
O           -2.41509243959912       -2.82131364313605        0.79246114347956
C            1.07960261271303        0.53922073066629       -0.92682532019184
O            0.45829579458057        0.68465568810854       -2.17858810500865
C            2.59097653215707        0.80006220936940       -1.03791199899474
O            2.84529027129299        2.14163681877708       -1.35501332060748
H            5.35310660081905       -0.42931984165149        1.75328577203068
H            5.26588469275015        1.35665612311539        1.82395425283554
H            6.50840551866633        0.55952049206380        0.81490033572887
H            3.03731983171303        1.29256805787494        1.02011240079221
H            1.20425922199063       -0.13362935311044        1.70809722154729
H            2.22469118639813       -2.93042236660630        1.44643095673151
H            0.45441909334991       -2.77120441283969        1.33776777833073
H            2.05579273472057       -1.97667497535295        3.51381914268957
H            1.22201304059043       -1.61717754565861       -0.96738988075470
H           -0.88991239980252       -0.90075694664136        1.78500864173134
H           -1.61670316829860        1.07191441716861       -1.21748883841106
H           -3.14053015882419        2.80575392487936        0.79600563256166
H           -2.99398579717426        3.12616093835865       -0.95154481623826
H           -0.88473895573617        3.12069668737697        0.90988270759749
H           -4.29332200818688        0.73425501385444        0.23430759169577
H           -3.60132181122573        0.79430141615126       -2.50035005955753
H           -2.75514021364745       -1.33930866628142       -1.41523088825612
H           -5.18496492187637       -1.28582694385008       -1.29090501614098
H           -3.31248771070272       -1.14178669584625        1.57983533962847
H           -3.22381055983002       -3.29944571348023        0.54805328602136
H            0.63959236901620        1.31857482961022       -0.29445037513344
H            0.74519690920056       -0.02522451575134       -2.77341883435236
H            3.03085008707634        0.13303584593284       -1.79624643161713
H            2.28365177555224        2.39692632158291       -2.10506806974313
48
 energy: -84.855943362454 xtb: 6.7.1 (edcfbbe)
C            5.52151270342086        0.37687635178463        1.21900270760249
O            4.67354870836526        0.49658141349433        0.08080722848037
C            3.32129541867949        0.47914007250430        0.35949402047365
O            2.96698352402562       -0.82222897259153        0.78337796528048
C            1.58251040709021       -0.98921275054440        1.03010190007620
C            1.37985300427345       -2.40468705114055        1.59517011273156
O            1.59310348573584       -2.46767355332303        2.98002021422981
C            0.80476255828167       -0.78759519337959       -0.28088903458728
O           -0.57907201964323       -1.09531614646375       -0.19912116446782
C           -1.36356232795623       -0.56121894932422        0.83586758353392
O           -1.59781054945348        0.81284466510067        0.73605432124096
C           -2.31861015377096        1.22425433977441       -0.43266954192398
C           -2.61535069886505        2.72045080174779       -0.25743780856991
O           -1.45329543842753        3.50101284596333       -0.16848462520726
C           -3.62880221350325        0.44444839473393       -0.62118992748635
O           -4.25159981934000        0.76090581416837       -1.83946793998761
C           -3.39375273636248       -1.06971983111841       -0.50042397068268
O           -4.61013163559201       -1.77845193874561       -0.50518239140928
C           -2.68073743582000       -1.35223008148490        0.82320593488420
O           -2.38481622142787       -2.70628403096560        1.00861521479821
C            1.07421550091225        0.62257040127736       -0.82988961279809
O            0.46098453427047        0.82929009889266       -2.07763613390514
C            2.58793397243935        0.88485088888305       -0.92667356599550
O            2.84656075875858        2.24678984767874       -1.13542263288850
H            5.39401197623012       -0.59899828326521        1.68958621294124
H            5.30534089048228        1.17027179625633        1.93958553200293
H            6.53214305387111        0.48177868229956        0.83572065063563
H            3.06783160025290        1.20683033826174        1.15908149386698
H            1.26042451145603       -0.24276712312494        1.77332156616358
H            2.05213311077305       -3.08121436015387        1.05671358304753
H            0.34650391521115       -2.71749961490559        1.42869424472504
H            2.52997627762004       -2.31367572490547        3.16659640425511
H            1.17555415549376       -1.52503157443317       -1.00466529354208
H           -0.88072786662452       -0.69149012390464        1.81222567458227
H           -1.67552277034463        1.07772538697273       -1.31175052673088
H           -3.23817761238631        2.84910443407596        0.63614124645856
H           -3.16307512550320        3.07680799881246       -1.13097704809597
H           -0.98575447530672        3.25860347196901        0.64213336789434
H           -4.34429919812038        0.73953794716668        0.15596147534812
H           -3.63323629501134        0.61595997469822       -2.57185154125766
H           -2.74723221095667       -1.41783830614765       -1.32042536608336
H           -5.17454646338130       -1.41971531095983       -1.20718663604302
H           -3.30898801077598       -0.97888238130283        1.64769714669763
H           -3.18718958381468       -3.21745463558053        0.81511255047970
H            0.63212671381450        1.37018354045815       -0.16287380931136
H            0.76670751391410        0.15991928167865       -2.70923620950247
H            3.01766211822592        0.27893940699056       -1.74008632300457
H            2.32260833746663        2.55350536816156       -1.89326430180877
48
 energy: -84.855481269385 xtb: 6.7.1 (edcfbbe)
C            5.55229279680245        0.33121925434341        1.25395969917627
O            4.69189648284242        0.48246205814286        0.12926004955149
C            3.34270168878512        0.44145560336194        0.41734153299152
O            2.98981446885189       -0.88871992366102        0.74280650966458
C            1.60874178183599       -1.05695197989898        1.00754156277318
C            1.38578907824807       -2.50787993986826        1.45779599445106
O            1.80115544596339       -2.72950688383115        2.77821579509003
C            0.79763179148452       -0.73734586824076       -0.26101676097872
O           -0.58126640801344       -1.05123099502045       -0.14483996647363
C           -1.36453878675543       -0.44743679213218        0.85350101299595
O           -1.62310669303138        0.91123959245070        0.66406736897379
C           -2.37096854661210        1.23571857808669       -0.51498939875437
C           -2.71690816007107        2.72883756207929       -0.41966918204177
O           -1.58555214660804        3.55734494815511       -0.40610652379532
C           -3.66020115977016        0.41022202327823       -0.64698807884799
O           -4.28998209436748        0.63021296359713       -1.88268701605843
C           -3.39155984465789       -1.08684751011633       -0.42419174590245
O           -4.59187302941614       -1.82037929842926       -0.37364917523657
C           -2.66741354676412       -1.25984087680721        0.91226586353906
O           -2.34544111080643       -2.59115750097116        1.19535552127460
C            1.08101423314334        0.69509987664471       -0.73435908158288
O            0.46700023436803        0.97131884169551       -1.96803461210043
C            2.59855997359188        0.93978835827256       -0.82957634409543
O            2.87650808950800        2.30802686309673       -0.95501016733087
H            5.43629412491193       -0.65945102163281        1.69558301122939
H            5.33963720644929        1.10032168630096        2.00156436967102
H            6.55809254903908        0.45452126353548        0.86336720387253
H            3.09429296210680        1.10548648628600        1.27163259941129
H            1.31942597062569       -0.37193594345366        1.82066667603204
H            1.91353933949006       -3.16734992323400        0.76022197918164
H            0.31665453328824       -2.73074186426689        1.42743221819982
H            2.76172930064551       -2.62475371784905        2.82866436693658
H            1.13195620607958       -1.43341178456372       -1.04247325418364
H           -0.86597903089157       -0.50096194360163        1.83041340581525
H           -1.72970167471388        1.06436043656072       -1.39030064208475
H           -3.32455952493356        2.88776047051342        0.47967263231978
H           -3.29690814143510        3.01102777774791       -1.29980052178621
H           -1.08596141425214        3.37686579781319        0.40140634150860
H           -4.38308897774621        0.73948113296104        0.10938100857286
H           -3.66739053630852        0.45304986161058       -2.60425392252892
H           -2.74018294140561       -1.47665263939814       -1.22137240423483
H           -5.16630222488979       -1.52737291853181       -1.09769023513785
H           -3.29739071933165       -0.83788463512284        1.71152529262501
H           -3.13807183116329       -3.13119105444300        1.04458564615956
H            0.65219873061435        1.41276181453142       -0.02770379272049
H            0.78330701601373        0.34695040303311       -2.63968027883849
H            3.00988112386825        0.37991750399255       -1.68433208162091
H            2.37423129413020        2.66355147928276       -1.70601951228823
48
 energy: -84.854233853743 xtb: 6.7.1 (edcfbbe)
C            5.58644609990631        0.23686172956149        1.30609899434646
O            4.72182971102539        0.46857402857555        0.19856537376214
C            3.37404963108474        0.41028374916723        0.49089307426439
O            3.01420144997431       -0.94099059805284        0.69804883106097
C            1.63551791387753       -1.11634899378198        0.96712385187016
C            1.39918452770426       -2.59923515962619        1.28283793616170
O            1.97580786154066       -2.98241259617781        2.50172925807852
C            0.80141046792532       -0.66902666311888       -0.24923157758523
O           -0.57297338009263       -0.99316811896549       -0.10277484702753
C           -1.36022742767949       -0.32736496827639        0.85201105268478
O           -1.64929680613655        1.00693140736450        0.56329582563536
C           -2.43911733092583        1.22799721979489       -0.61237223621296
C           -2.83521700101380        2.71139585804472       -0.61025271817836
O           -1.74666818973762        3.58015785607577       -0.76367491888488
C           -3.70719963180851        0.36008057892168       -0.65055009608261
O           -4.37620922809011        0.47277624917264       -1.87992409384727
C           -3.39319159802741       -1.10869205851485       -0.32960316212982
O           -4.57292818446371       -1.86699247496976       -0.20593242320587
C           -2.64029155426831       -1.16391126689883        1.00027304363830
O           -2.28005725268719       -2.46197505473902        1.37583934705566
C            1.10130745709229        0.79112386052013       -0.60851081020464
O            0.48341263587757        1.17524335913154       -1.81042921101106
C            2.62330694091467        1.01911854195071       -0.70121115238310
O            2.92077649199126        2.38891023216859       -0.71658097804359
H            5.46072478953818       -0.77752908173249        1.68679693092649
H            5.38684632457296        0.96015652780832        2.10151125624238
H            6.59167891451046        0.37225116619073        0.91821687769408
H            3.13548669356549        0.99773771384102        1.40216503027680
H            1.36787133258289       -0.51128857397844        1.84856983205758
H            1.79550350649639       -3.19745396625807        0.45483547825394
H            0.32498465158474       -2.77394821876043        1.37563330510067
H            2.93605777867928       -2.88372216796693        2.43514253982235
H            1.10236803773278       -1.30210307852640       -1.09534220199994
H           -0.84362960137662       -0.29124478450124        1.82178223970175
H           -1.81551786680952        1.01787250046712       -1.49161673063975
H           -3.37224191926326        2.92211353721176        0.32347897196736
H           -3.49919915323259        2.89682955033857       -1.45628745932524
H           -1.15161891682252        3.45747101528077       -0.01260477462243
H           -4.41841990761864        0.72533304942589        0.10045523600658
H           -3.77334402868656        0.24587705088110       -2.60426990457617
H           -2.74589709864253       -1.53782688570275       -1.11005262541168
H           -5.18230139793078       -1.60614984562400       -0.91387218237923
H           -3.26514413788441       -0.69772504652750        1.77881547182305
H           -3.05687814578751       -3.03345482469606        1.26245275998170
H            0.69242676566239        1.45648530865145        0.15843670853491
H            0.79782809836211        0.61124343013377       -2.53440642246797
H            3.01602868123602        0.52520050542780       -1.60371995693657
H            2.45251086030752        2.80453602215685       -1.45830575757707
48
 energy: -84.855061449384 xtb: 6.7.1 (edcfbbe)
C            5.65052839202672        0.09445451641369        1.31177937844883
O            4.74103069340913        0.52339568497540        0.30345808877410
C            3.40570762571574        0.41736310381972        0.63638884253427
O            3.04139233419771       -0.94721894031700        0.63088099211759
C            1.66566907347374       -1.15301485148651        0.88871974572034
C            1.42633676933655       -2.66452453538455        1.00048345979078
O            2.02487206062976       -3.21410576894840        2.14314904761364
C            0.81199197249747       -0.53359342470422       -0.24005667251451
O           -0.54886073664547       -0.92182159604947       -0.09968314166219
C           -1.36187933789228       -0.26331702658170        0.83661507357511
O           -1.69592417814294        1.04274134642830        0.47504718287929
C           -2.51853948863239        1.13814497260312       -0.69350830283988
C           -2.79911943784439        2.62646856040214       -0.93726485586227
O           -1.89472626684184        3.21808077207374       -1.83219703299371
C           -3.81513825410878        0.33183552089255       -0.52365171573322
O           -4.64478825713539        0.40651158824320       -1.65284720155483
C           -3.46931789810220       -1.12772542253206       -0.18899767951378
O           -4.62508330445606       -1.89016053159878        0.06266309267162
C           -2.60073093507606       -1.14172215005760        1.06933854279300
O           -2.16885755156121       -2.42488872697321        1.42272707731666
C            1.09924246484195        0.97032859038653       -0.33831834427764
O            0.47525933930851        1.57633743205596       -1.44359230615932
C            2.62068723224766        1.22088952347588       -0.40937001541207
O            2.91174136107243        2.57211576377994       -0.17535947179246
H            5.54445069206293       -0.97550555033486        1.49527594312214
H            5.48100901797620        0.64997452545802        2.23819557292583
H            6.63834101824980        0.31336131720944        0.91719336454730
H            3.20635431235674        0.84642220970518        1.64066946922446
H            1.40645089874202       -0.67886887677134        1.84927436353615
H            1.80272729683928       -3.14487594582095        0.09020117989784
H            0.35298464715641       -2.84310369279496        1.09318985322500
H            2.98347202987098       -3.09954906196931        2.07677416642565
H            1.10946329604588       -1.01697071235833       -1.17972007538705
H           -0.82895982277879       -0.15654794480692        1.79376751427411
H           -1.96242720785069        0.73083146501039       -1.55052389356998
H           -2.78093468479187        3.13467595906692        0.03527769133198
H           -3.78791750993392        2.74129671529828       -1.38650120931675
H           -0.99416338882017        2.97331692755702       -1.56519586408091
H           -4.40205817835475        0.75189529941026        0.30150407713616
H           -4.14175722891586        0.17815521076757       -2.44930212860356
H           -2.89250073843823       -1.57557732162921       -1.01426267226161
H           -5.30573777604626       -1.63692089992103       -0.58046894974537
H           -3.17944091745057       -0.69133371752555        1.89180825744851
H           -2.93908365001785       -3.01574608878114        1.40499950538713
H            0.70055254746867        1.48643960864210        0.54103506228485
H            0.77888156035571        1.15178586750753       -2.26122120209548
H            3.00004110281395        0.90392089806982       -1.39316832879373
H            2.47875684596009        3.11634701005755       -0.85172246835513
48
 energy: -84.853886310519 xtb: 6.7.1 (edcfbbe)
C            5.65517963125391        0.04239558717582        1.36027060500595
O            4.75618538121708        0.52162091978176        0.36514916141792
C            3.41800521219939        0.38809755925909        0.67609370384955
O            3.05639972756002       -0.97174664496033        0.55859284194597
C            1.68521669333459       -1.20116105720509        0.81729953090747
C            1.44869843732200       -2.71650573102844        0.78814126948218
O            2.10176729850978       -3.37587048521755        1.83885654260036
C            0.80072460782904       -0.48035956735551       -0.22432975608872
O           -0.55626702585454       -0.86545326061721       -0.02374746080240
C           -1.36939958379049       -0.14048338184438        0.85972363740462
O           -1.72803229121632        1.12470784157635        0.39462287088587
C           -2.54666077197198        1.11130927072668       -0.77935324502756
C           -2.87432982025065        2.56886212780449       -1.12443565542125
O           -1.90423872485393        3.17527164049360       -1.93492996786644
C           -3.82545365153096        0.28817509490388       -0.55884722658221
O           -4.63508427982623        0.24617372364134       -1.70418243211973
C           -3.45691551237725       -1.12805772006343       -0.09046584015757
O           -4.60119586519872       -1.88359428548369        0.22676924154586
C           -2.59538739743351       -1.01440237614517        1.16816876134088
O           -2.14628979429209       -2.25427252149536        1.63557110401857
C            1.11157027307671        1.02135520086473       -0.24439507323601
O            0.49255404940119        1.69218330383153       -1.31450209323081
C            2.63503579568024        1.26273368734081       -0.31122033302078
O            2.93614810927467        2.59497542128509        0.00367774033775
H            5.53958964799584       -1.03353400823822        1.49792896904454
H            5.48299506283323        0.55950605598194        2.30824169719896
H            6.64764773964251        0.26981309516693        0.98266085490360
H            3.20865030016597        0.73674198204626        1.70875523512841
H            1.43854720220648       -0.82347770080513        1.82328688761677
H            1.77972255168459       -3.10366358208942       -0.18253154752553
H            0.38098417682220       -2.90293848534947        0.91669507031410
H            3.05441563842092       -3.23135203872641        1.74907263705755
H            1.04095533186626       -0.90421593325713       -1.20869663080361
H           -0.83420650843000        0.05079879596727        1.80296070247108
H           -1.97432975114803        0.66184943574961       -1.60407698544915
H           -2.99867451050615        3.11700379835543       -0.18181012231891
H           -3.80881287327570        2.60382954464087       -1.68854020061138
H           -1.03084427714678        2.99988088067267       -1.54929294214990
H           -4.43698854673982        0.76495035046436        0.21589628397081
H           -4.11538163816864       -0.05376963643314       -2.46517364409896
H           -2.86764780370489       -1.64033726937004       -0.86780719905904
H           -5.27584390988038       -1.72218312521296       -0.45112044494500
H           -3.18502868485289       -0.50084337378481        1.94460490908948
H           -2.91062452414883       -2.85111629263571        1.68114441688917
H            0.72534580179773        1.49910468382680        0.66158047888026
H            0.79152757818180        1.30984135761723       -2.15436705716932
H            3.00512925429479        1.00571928112071       -1.31592109430201
H            2.48464007172738        3.18243544781377       -0.62253516978846
48
 energy: -84.852299463543 xtb: 6.7.1 (edcfbbe)
C            5.65657308078787       -0.03704721762660        1.39935542843576
O            4.76685114797660        0.52273477962007        0.43841363256780
C            3.42609704401650        0.36636673285872        0.72804115365442
O            3.06317265907754       -0.97684043932012        0.48903186275156
C            1.69627694178225       -1.23121161628163        0.74310381211281
C            1.45903139641118       -2.73485911101276        0.55140470262086
O            2.17218387844763       -3.50978465399920        1.47570448277500
C            0.78543450106599       -0.41106399472945       -0.19673241046317
O           -0.56523010074545       -0.79464247654238        0.06662163964222
C           -1.38458255624175       -0.01490562732503        0.89309888449638
O           -1.77339258081859        1.19862005092427        0.32579045244844
C           -2.56705805073894        1.06486506704528       -0.85665167766525
C           -2.92504054998248        2.47975239671915       -1.32455171616182
O           -1.90587153103556        3.08087473606683       -2.07628298113766
C           -3.82991747661721        0.22977496079091       -0.59137823568232
O           -4.60794751906787        0.05858121566343       -1.74699448220075
C           -3.44085752554637       -1.12640506649198        0.01680895474562
O           -4.57540427070929       -1.87099908663402        0.39054294088954
C           -2.59879569949877       -0.87947181543616        1.26983199207266
O           -2.13866003094129       -2.06163787719014        1.85907445901361
C            1.12236526860759        1.08376167837505       -0.13763123794388
O            0.51616344195053        1.81457284727600       -1.17564520867802
C            2.64826088371600        1.31864449234323       -0.18816491365344
O            2.95502603811018        2.62269272338400        0.22440646417026
H            5.52765850600385       -1.11852819028269        1.46025329543483
H            5.48691319784500        0.41313995230824        2.38137848170776
H            6.65310843640576        0.20447646714560        1.04181051786523
H            3.21046993966595        0.62491088819036        1.78549927209366
H            1.46216962024506       -0.96400735390581        1.78679347737254
H            1.73198515261991       -3.00369790630632       -0.47594064339799
H            0.40074197296764       -2.93987139551013        0.71905028440996
H            3.11753466082000       -3.34519946918643        1.34986423031994
H            0.96444782025554       -0.76609172091527       -1.22159574513622
H           -0.85506762287774        0.26051884634436        1.81825751175368
H           -1.96665845647814        0.56520444156771       -1.63108898060416
H           -3.16372831893646        3.07790713255081       -0.43588613836549
H           -3.80133513843533        2.43227130501266       -1.97458173355077
H           -1.07443167700596        2.99442036355641       -1.58211013842197
H           -4.47326267689253        0.76110778194561        0.11952611888110
H           -4.06936909124847       -0.32824301877139       -2.45411400025904
H           -2.83192750796564       -1.69808514089499       -0.70193910889222
H           -5.24835702934278       -1.77785931859956       -0.30158264874850
H           -3.20680567077614       -0.30299814896044        1.98565572977507
H           -2.89506275000776       -2.66381680956860        1.94964624220746
H            0.74159572123342        1.52366512623487        0.78925842131519
H            0.80756250291885        1.46476826981534       -2.03229050792951
H            3.01550673759207        1.13529124596508       -1.20973073551156
H            2.51163110074700        3.25834157357317       -0.35984814990387
48
 energy: -84.850428525927 xtb: 6.7.1 (edcfbbe)
C            5.67513397369856       -0.14660184904027        1.37873114760452
O            4.78567360577817        0.50515227744369        0.47741965210308
C            3.44531825484495        0.33957623735251        0.76258572832789
O            3.06437768094408       -0.97604321308684        0.41943157250107
C            1.70009250142916       -1.23955217248651        0.67725261113501
C            1.44509492844610       -2.71739405564826        0.35481767723518
O            2.14018379253835       -3.58050026440593        1.21223114887294
C            0.77179516229506       -0.33153811224833       -0.15889083125398
O           -0.57059978029387       -0.71349458541085        0.15880012930017
C           -1.40944386474822        0.11050286069136        0.91828341524417
O           -1.83046323439137        1.26123956032028        0.25334662021579
C           -2.58695297164748        1.00961536547426       -0.93241121604206
C           -2.97300806988898        2.37644139058359       -1.50727150302504
O           -1.90117874335226        3.01294499041550       -2.14853735621934
C           -3.82867491781183        0.15533167491733       -0.63260354788568
O           -4.56599385621306       -0.14045156389271       -1.78978626417882
C           -3.41467130431923       -1.13012769961492        0.10158232439776
O           -4.53608774411676       -1.87358305922057        0.51458826847713
C           -2.60926416469474       -0.75193838769302        1.34677499456305
O           -2.13429048039942       -1.86460645259044        2.04810356593898
C            1.14236207223320        1.14933216276763       -0.01546318861783
O            0.53855924483750        1.95487046541283       -0.99804123765805
C            2.67017368141058        1.36416123277406       -0.07308400479457
O            2.99709769157098        2.63504146923407        0.41902336628948
H            5.54493042903367       -1.22860153382653        1.33345262442147
H            5.50659102019716        0.20545068334569        2.40010086879666
H            6.67186142865359        0.12755359405712        1.04616131740648
H            3.23851612051213        0.51518826072390        1.83863112042828
H            1.48648104342676       -1.06664362723794        1.74496966116806
H            1.72203412766213       -2.89951673827527       -0.69048229707533
H            0.38338166835979       -2.92074609273279        0.49892251878262
H            3.08884023755224       -3.41867813103244        1.11054304525936
H            0.89563820299582       -0.61328457695800       -1.21525777540746
H           -0.89976740005898        0.47042178931695        1.82420639621903
H           -1.95037335294407        0.47486983453643       -1.65300993983581
H           -3.35964766282704        2.99187382968900       -0.68497256231982
H           -3.75419387153544        2.24538889506225       -2.25858383697842
H           -1.14781033100910        3.02369755055336       -1.53590422582530
H           -4.51056530420793        0.72155907312107        0.01235333176858
H           -3.99539721733920       -0.56864497741559       -2.44602735458421
H           -2.77234151144566       -1.74309857353603       -0.55078884843103
H           -5.18950263133451       -1.87291721292852       -0.20210867938080
H           -3.24781845892051       -0.13080395773999        1.99575922927392
H           -2.87471729060823       -2.48132417481257        2.16748214125791
H            0.78487479085180        1.54031542088001        0.94201203982398
H            0.82716615935238        1.66654176810144       -1.87847952952748
H            3.01989254807719        1.24649852010785       -1.11060644132382
H            2.51669160974132        3.30651973562334       -0.09177280534701
48
 energy: -84.848777389032 xtb: 6.7.1 (edcfbbe)
C            5.70366588464810       -0.27602412567452        1.32154668292846
O            4.81533980837750        0.45443669588310        0.48113874210622
C            3.47779970631006        0.30607409152867        0.78692249599207
O            3.05182061158389       -0.97120646727937        0.36007172122810
C            1.68750201238921       -1.22162071026775        0.62993853981579
C            1.39056916108818       -2.65764646731373        0.17868248642591
O            2.09534577899557       -3.61058022622955        0.92532109983588
C            0.75716267831831       -0.22338860199071       -0.09406108481551
O           -0.57712182889775       -0.60924495629003        0.25644682168025
C           -1.45366676821263        0.24075769830405        0.93973398973720
O           -1.90716333577413        1.31677021777066        0.17819092898863
C           -2.59744092972203        0.93442745631637       -1.01130633218329
C           -2.99495885544401        2.23519703899745       -1.71658805406264
O           -1.87771480696202        2.93277721507341       -2.19850426828216
C           -3.81952987646836        0.06164979804260       -0.68775486175351
O           -4.49330850544184       -0.36267436562027       -1.84376059316794
C           -3.39130153215714       -1.13810303943809        0.17444279713858
O           -4.50287138423154       -1.87551905499769        0.62408855505846
C           -2.63449531963809       -0.62977529871076        1.40497464024107
O           -2.14279342886147       -1.66479658602554        2.20638698437169
C            1.17725140809053        1.22609021634306        0.17376966464092
O            0.54882820675533        2.14923580708960       -0.68012279969779
C            2.70551801249301        1.40004966231524        0.04326198308245
O            3.09459293788615        2.63521857435772        0.57768953541786
H            5.52693157045492       -1.34833504896377        1.22904808158195
H            5.57985482191532        0.03228733307465        2.36337915737535
H            6.70059341805274       -0.02638152000151        0.97116823485542
H            3.30066020876426        0.41014424960057        1.87738991599970
H            1.50279545866933       -1.14127058610451        1.71344591640222
H            1.63066911911117       -2.74358357643458       -0.88803582556796
H            0.33035295159389       -2.85520465959985        0.33857361944111
H            3.04268950126092       -3.45006209700911        0.81113315352979
H            0.84110261588758       -0.40613613701746       -1.17659497623548
H           -0.97914896930578        0.68983146071155        1.82286342418002
H           -1.90955389021784        0.36401869871710       -1.65377700742114
H           -3.56472663199107        2.84957014326538       -1.00824270945490
H           -3.62122730527780        2.00476090111140       -2.58051159775189
H           -1.27333904033780        3.07795199354523       -1.45306433700795
H           -4.54867022901041        0.65427167560380       -0.12348496016767
H           -3.87882511801856       -0.83043433040710       -2.42935343785528
H           -2.71377125270415       -1.78769091416646       -0.40272813032186
H           -5.12519098911778       -1.98204518207755       -0.11189821259266
H           -3.31311061849047        0.01718127830973        1.98422301825900
H           -2.86504109613751       -2.29643061268899        2.35489039927601
H            0.89420016662188        1.52364560772287        1.18835549712824
H            0.74995512149804        1.92868763556009       -1.60359715953341
H            2.99753533834296        1.32435686486163       -1.01598853978784
H            2.58223301808806        3.33875989175099        0.14577989494813
48
 energy: -84.848137856552 xtb: 6.7.1 (edcfbbe)
C            5.76868274976815       -0.40392349699400        1.07194174949543
O            4.83054942336409        0.41943505012370        0.38590944837760
C            3.52016378687328        0.27030222852850        0.79159547992461
O            3.02421285339958       -0.95492198190983        0.29249956840627
C            1.66728364803536       -1.18699510642145        0.61247917012037
C            1.31046029196594       -2.57885415291623        0.07343332270087
O            1.99347457491653       -3.60459360907997        0.73923575507096
C            0.74055239406807       -0.11159608090378        0.00433086154754
O           -0.58900398096697       -0.50811996052308        0.35440218287897
C           -1.51031855456085        0.36785311064294        0.93986221840971
O           -1.97084586039640        1.35356726380305        0.06579957265106
C           -2.57708745282851        0.83289519525193       -1.11636483090828
C           -2.96062063546959        2.05104878086446       -1.96523534625271
O           -1.83694330515325        2.83747274540739       -2.26510526513684
C           -3.78831648662136       -0.04585945297436       -0.77122349820753
O           -4.38743407000298       -0.60751470301415       -1.90984237566208
C           -3.37296712529562       -1.13802592104021        0.23030396047430
O           -4.48840382416855       -1.85479975690218        0.70351276180711
C           -2.68368023942972       -0.49328471403389        1.43728863525653
O           -2.19837555042594       -1.43414795620086        2.35098194394912
C            1.20438876013959        1.27781093280704        0.45453510619752
O            0.53409772176827        2.33638311046447       -0.18036849273144
C            2.72094285573657        1.44743904700052        0.22420183768982
O            3.17302301982581        2.61246061767917        0.85730556529054
H            5.58106114317637       -1.45806198239366        0.86347434748700
H            5.71671508841095       -0.22295850519012        2.14904653175816
H            6.74134563324059       -0.11081745303109        0.68811477497496
H            3.43924049569680        0.27765894849706        1.89836508917611
H            1.53212194811038       -1.17911445946873        1.70530795159224
H            1.52725415411986       -2.59980686634214       -1.00155375666780
H            0.24737842378608       -2.75025731888722        0.24261405208569
H            2.94413961615828       -3.46952049673254        0.62024780911533
H            0.81380455974947       -0.16354577630274       -1.09329067045410
H           -1.07984988605780        0.91375493730201        1.78818675090431
H           -1.83548232355928        0.22628547690574       -1.65791932489401
H           -3.71127264129656        2.63540295168863       -1.42084267518463
H           -3.38178037774522        1.72073944104237       -2.91549050609242
H           -1.46380639514318        3.14551812044874       -1.42476841358533
H           -4.56374098411192        0.57471964060214       -0.30756282988871
H           -3.73701310194731       -1.13199486631806       -2.40125884694316
H           -2.65562475308029       -1.82458088151618       -0.24737812338143
H           -5.07454305137276       -2.04974194102651       -0.04389807511029
H           -3.40405041456964        0.18288686594007        1.92549678891564
H           -2.90722829533195       -2.07310354903630        2.52907387868501
H            1.01623766041717        1.40593631392861        1.52631283223140
H            0.58948771852064        2.22602266554894       -1.14289280356384
H            2.93139472352488        1.48623505254054       -0.85629022169287
H            2.61037385769483        3.35431013832019        0.57890922952003
48
 energy: -84.848481381795 xtb: 6.7.1 (edcfbbe)
C            5.77655802584571       -0.50761855916553        0.91988812079517
O            4.83253385866824        0.40936653145009        0.37520678165068
C            3.53677067437159        0.23889895371831        0.81825300830355
O            2.99935901358918       -0.92245437358550        0.21904643822721
C            1.64953005973424       -1.16051535990699        0.56215571327162
C            1.25029144442294       -2.49617215616728       -0.07981319641283
O            1.95089833695552       -3.58292422306131        0.45856903824129
C            0.73045107495975       -0.02086824328695        0.07524859785617
O           -0.59232293463581       -0.42481413723327        0.43203331353557
C           -1.53716076254260        0.48496835583301        0.92287170295538
O           -1.98917773422317        1.37977584286674       -0.05055241425501
C           -2.56012442365720        0.74494832878025       -1.19396234114682
C           -2.96455383608525        1.87801022457105       -2.14654277322300
O           -1.87473800356313        2.71516739831771       -2.43501973649319
C           -3.75551483913503       -0.13610454738899       -0.80205227499709
O           -4.30425822521522       -0.81443502741839       -1.90207636202110
C           -3.34415898200502       -1.12130104876935        0.30582524925602
O           -4.45607452315376       -1.82134696537250        0.81080845553092
C           -2.70805937472152       -0.35002537037685        1.46683401273122
O           -2.23200024911995       -1.18969472587617        2.47845953387252
C            1.22740433734764        1.30208145495329        0.66925987753537
O            0.54865159415853        2.43435361278968        0.18820600362619
C            2.73781013188495        1.48103980574368        0.41033071235828
O            3.22715374863026        2.56288885405373        1.15388587779551
H            5.55069994734268       -1.52622713334162        0.60204388981027
H            5.77595166704667       -0.44993307894591        2.01174239668644
H            6.73950684850536       -0.19476584197178        0.52723427002278
H            3.50062459356866        0.13390052408273        1.92258808139264
H            1.54654509059787       -1.24120546327806        1.65498052913972
H            1.41355134702721       -2.42394997949766       -1.16186414585788
H            0.19470946130365       -2.67299694694581        0.12608013241511
H            2.89683985211131       -3.44575708271272        0.30800940124948
H            0.78529901429296        0.04449737599040       -1.02289292688027
H           -1.13388587836014        1.11350141880964        1.72445711202996
H           -1.79224866377798        0.11736543263855       -1.67104883649484
H           -3.78128399695177        2.44797296781949       -1.68915799214316
H           -3.30539931017646        1.45988752587375       -3.09412156379365
H           -1.59533264325386        3.12140580400641       -1.60070622041192
H           -4.56174634854234        0.49951220324534       -0.41800226838022
H           -3.62636392679704       -1.36463828880234       -2.32309346731330
H           -2.59601716514360       -1.82880514294142       -0.08629115804110
H           -5.00805389671462       -2.10914522327033        0.06761671490636
H           -3.45720984621029        0.35126757240029        1.86838098876869
H           -2.92871976119949       -1.83270771191140        2.68710827509551
H            1.07218236343546        1.29973396560114        1.75448045852271
H            0.58520429109424        2.44511498384477       -0.78066544073151
H            2.91476832068678        1.63788667997087       -0.66553887494519
H            2.66110800842338        3.33485846152099        0.98528044128094
48
 energy: -84.849546758010 xtb: 6.7.1 (edcfbbe)
C            5.78261592138151       -0.57173753221048        0.82074847147568
O            4.83730922233656        0.40924563880497        0.40451547295230
C            3.55013803428852        0.20414199517554        0.85811207341331
O            2.98153092124518       -0.87278929679999        0.14095386523298
C            1.63275713658449       -1.12563873774311        0.47565615035214
C            1.20561160975596       -2.38022913539644       -0.29907627567188
O            1.87421660171031       -3.53334137960615        0.13048788269628
C            0.72535996878994        0.07166497884116        0.12632580241032
O           -0.58885345349593       -0.34740657303778        0.48854249848875
C           -1.55306063486395        0.58755965962042        0.89125091636713
O           -1.99090612237908        1.38960851711381       -0.16977809813795
C           -2.55005079719269        0.64765842172957       -1.25449745722611
C           -2.98146170035102        1.67390316943430       -2.31062071174738
O           -1.90738576256888        2.47539562614524       -2.72937687591403
C           -3.73599498383741       -0.21465998145822       -0.79604283477223
O           -4.26248406672419       -0.99224152459106       -1.83968550517686
C           -3.32568405581519       -1.09463675478765        0.39633600482315
O           -4.43285187040002       -1.77036074451912        0.94237353485201
C           -2.72301915468646       -0.20839130849291        1.49031180211235
O           -2.25436152761292       -0.93773550815078        2.58760690311255
C            1.25285731721091        1.30642811300470        0.86889964429841
O            0.58917994247647        2.50267404026468        0.54253881703105
C            2.76223579869100        1.49581205562041        0.61802786013790
O            3.27456856695698        2.47195300463932        1.48279203845599
H            5.52949966875621       -1.54922864230618        0.40805815158385
H            5.81778609872873       -0.62617608942512        1.91230190425261
H            6.73756817079289       -0.23316505418835        0.42989370072894
H            3.53816434906002       -0.02833000363704        1.94302859946150
H            1.54013224224911       -1.31892843532035        1.55478893789590
H            1.37818559355137       -2.20338108376317       -1.36771006562335
H            0.14477586087509       -2.55066466893770       -0.11626083122381
H            2.82425252224205       -3.40846625460880       -0.00377627464217
H            0.75911038707467        0.26237452261950       -0.95772681322653
H           -1.16927555327949        1.28703619684118        1.64064471135265
H           -1.77103388275660       -0.00724350877665       -1.67338844752933
H           -3.78653975216891        2.28919387408682       -1.89389935968610
H           -3.34992450800642        1.15114911586604       -3.19413593305540
H           -1.62749353115396        3.00636442166806       -1.97034850043895
H           -4.55553276871930        0.43953374201515       -0.47665621321077
H           -3.57101607403659       -1.56420536443282       -2.20573856638799
H           -2.55875752568418       -1.81854521281482        0.07762755552043
H           -4.97146384212377       -2.12404397741041        0.21778508539410
H           -3.48870532764858        0.51706309566464        1.80937249728243
H           -2.94985431426367       -1.56072342561531        2.85381280524700
H            1.10113006159164        1.16791586458611        1.94621970500163
H            0.62909717854357        2.64413508375363       -0.41499633609759
H            2.93031027300592        1.78190785685165       -0.43254499439942
H            2.70731553026348        3.25954885329875        1.43072984850296
48
 energy: -84.851284402325 xtb: 6.7.1 (edcfbbe)
C            5.77952914355492       -0.63085030956692        0.78980140271475
O            4.84866960223265        0.40177710144174        0.48026765612362
C            3.55695450784622        0.16770275064940        0.90605600502441
O            2.96758004967918       -0.80154530030074        0.06319339948859
C            1.61595551151399       -1.06738661792116        0.37296232414925
C            1.16371721812518       -2.22075259766846       -0.53428791943807
O            1.81439443086494       -3.42605251633304       -0.24458771005999
C            0.72379581241437        0.17351631585541        0.16533002876669
O           -0.58021788876362       -0.26596882983446        0.53386006023312
C           -1.56925722974480        0.67885438578806        0.84915367815193
O           -2.00054145240355        1.38391032147670       -0.28371531750986
C           -2.55525419557168        0.54817775919221       -1.30209320450695
C           -3.01516609047115        1.46592862157731       -2.44196078858257
O           -1.94560051937832        2.13077081046282       -3.06119201678848
C           -3.73163595268581       -0.28802125282051       -0.77350596831590
O           -4.24994201120693       -1.15126340340926       -1.75193376059873
C           -3.31342194033408       -1.06508092613922        0.48485056397713
O           -4.41224112866367       -1.71271060859336        1.07943074151594
C           -2.73156237174126       -0.08186737110483        1.50340309886557
O           -2.25926216024784       -0.70867403082541        2.66128696697530
C            1.28057871642251        1.31203686854242        1.03601636623249
O            0.65142215751306        2.55561842691780        0.83961995244752
C            2.79582915428797        1.49434594579931        0.82418365384840
O            3.32221235968668        2.34374264284615        1.80658846673502
H            5.51067200359589       -1.55697978452020        0.28057382583953
H            5.81662350162869       -0.79705212111296        1.86983034243588
H            6.73865785897993       -0.26858788255450        0.43177661289334
H            3.53772738355525       -0.19475962399408        1.95428956257814
H            1.52249891837737       -1.37706039114423        1.42451793059265
H            1.32929962732750       -1.92698532190723       -1.57798217981269
H            0.10182737557575       -2.39396082273201       -0.36035340757083
H            2.76454137548065       -3.30799425669888       -0.38345140315721
H            0.73231007552719        0.47849338971624       -0.89182900340635
H           -1.20434502717701        1.44388895670713        1.54149427793232
H           -1.77028193298728       -0.12996363919142       -1.67046729828759
H           -3.74225949114563        2.18057666866592       -2.04104252321345
H           -3.49459733481918        0.85995999995047       -3.21238302359211
H           -1.57467567196511        2.75863449512782       -2.42667083947711
H           -4.55831849033951        0.38099021200846       -0.50738504845473
H           -3.55078909695165       -1.73624416694934       -2.08107521504665
H           -2.53294629492669       -1.79911363622806        0.22818968623482
H           -4.94223474610099       -2.13187366902087        0.38402838100887
H           -3.50994854497684        0.65610226042961        1.75614441419573
H           -2.94741997382050       -1.31695193485187        2.97605683178336
H            1.10506623789698        1.05892815072229        2.08879518481389
H            0.76327319226754        2.83914893896525       -0.07974719991838
H            2.98090583874832        1.90433181971090       -0.18193738725317
H            2.76787525015823        3.14026182531340        1.85938295461335
48
 energy: -84.853048573086 xtb: 6.7.1 (edcfbbe)
C            5.77381796492643       -0.67213810114937        0.74887534888732
O            4.85391387053513        0.39331247905805        0.53217858641481
C            3.55867619403569        0.13818943821958        0.93497832400863
O            2.95168671134619       -0.72825675307044       -0.00273162547749
C            1.59752990522551       -1.00460235305363        0.28423636128781
C            1.12377540123030       -2.04954111142896       -0.73641598128480
O            1.74837192830336       -3.29163564584705       -0.57244310240426
C            0.71931543658431        0.26071116623993        0.21457566948364
O           -0.57535067928431       -0.19695260447027        0.58961300884813
C           -1.58633064546532        0.75271525343610        0.81222902866253
O           -2.00388017587283        1.35881568166323       -0.38230381114504
C           -2.54208492171795        0.44123855670511       -1.33761085466482
C           -2.99790289111495        1.25704080787376       -2.55445742827889
O           -1.92729147219655        1.83452315810331       -3.25358583933851
C           -3.72160712076513       -0.35384679458840       -0.75511645345504
O           -4.23423785242253       -1.29080620508095       -1.66623764982297
C           -3.31244474279850       -1.03045466007960        0.56198528879109
O           -4.41506143844174       -1.63890917311183        1.19060743738781
C           -2.74841855967125        0.03125041267528        1.50906966108653
O           -2.28145633065956       -0.50525038144762        2.71377467572719
C            1.30291923955963        1.30850011576374        1.18033322860706
O            0.70175862950938        2.57952812191587        1.09422814399517
C            2.82134940006920        1.47931779994623        0.98976255081858
O            3.36332091936541        2.21675114252757        2.05131287141211
H            5.49881713703230       -1.54568328633044        0.15661746869473
H            5.80613797239457       -0.93602036331145        1.80947421449013
H            6.73744730858382       -0.28770033396815        0.42771516410500
H            3.53346604135083       -0.32993501077296        1.94007292845486
H            1.50339023840491       -1.42103502386298        1.29817866946634
H            1.29638532641829       -1.65389714932790       -1.74482568302335
H            0.05838158047000       -2.21834916954319       -0.58013209403328
H            2.70075280842298       -3.18033762595013       -0.70103129044010
H            0.69975625257032        0.66272722819466       -0.80863671951611
H           -1.23993416432384        1.57528321903929        1.44596500675430
H           -1.74997313752390       -0.25993227857951       -1.64211521475597
H           -3.70462009664029        2.02170364288374       -2.21445014159138
H           -3.50179403909741        0.58830637163802       -3.25443188184986
H           -1.54680510191037        2.53323704710925       -2.70521283326731
H           -4.55009878113408        0.33357677066383       -0.54753020298728
H           -3.53433536737889       -1.90097206710005       -1.94364011935211
H           -2.52491298485520       -1.77720907718068        0.37131920946320
H           -4.94568392168405       -2.09273554513734        0.51757038943852
H           -3.53602721297630        0.77775263181258        1.70083008042932
H           -2.96883523359071       -1.09319560144589        3.06608830498411
H            1.11144565726724        0.96677655725692        2.20493946541276
H            0.85625833041524        2.95858201601154        0.21609090956991
H            3.01653229159547        1.98410828891672        0.02936082773293
H            2.81387807322856        3.00544606206790        2.19440926346548
48
 energy: -84.854416297627 xtb: 6.7.1 (edcfbbe)
C            5.75117723746860       -0.71063104232553        0.68557705973444
O            4.85327751272007        0.38962625310538        0.57779856531008
C            3.55331673867176        0.12136979305925        0.95580271951892
O            2.93311054306821       -0.64803746978531       -0.05510032224118
C            1.57917198196634       -0.94009387193788        0.21595680721683
C            1.08401897078503       -1.87739375795497       -0.89480771666413
O            1.68094166955629       -3.14249524340264       -0.84896865711588
C            0.71329037117689        0.33258587406045        0.27810679710435
O           -0.57456294317585       -0.13777681198755        0.65755270598316
C           -1.60235790607906        0.81298874905114        0.78232950691893
O           -1.99619824163326        1.32336723263022       -0.46341558802001
C           -2.51903824006839        0.34145977813652       -1.36141066426403
C           -2.95862921622190        1.07620422028738       -2.63494651550504
O           -1.87659351205731        1.54886929929638       -3.39260125493347
C           -3.70384678924890       -0.41791391375494       -0.74287981905905
O           -4.19830972669929       -1.41958710462859       -1.59327875715010
C           -3.30988508896468       -0.99769360396552        0.62410366954503
O           -4.41558245934766       -1.57453215116375        1.27667728412090
C           -2.77369965839845        0.13353304984754        1.50448879286107
O           -2.33029857935963       -0.31320654693080        2.75382144653830
C            1.31843728250463        1.30275506362083        1.31004763680985
O            0.72959057500906        2.58297353570596        1.30952643580343
C            2.83913918267147        1.46505992050141        1.13115758191510
O            3.39687011019477        2.09503724311381        2.25213690597407
H            5.46583847335557       -1.50916860916045       -0.00029166831506
H            5.76764479104810       -1.08856641823805        1.71149676237333
H            6.72510028490727       -0.31271174129417        0.41597518405913
H            3.51873221889272       -0.43427648965615        1.91507336825160
H            1.49062922885249       -1.45045742275495        1.18685629168653
H            1.26063045992704       -1.39260115669653       -1.86284054118707
H            0.01568589238242       -2.03843442513605       -0.74912634366438
H            2.63403691049899       -3.04429557629870       -0.98271734830682
H            0.66688642862759        0.81407232064584       -0.70900529916907
H           -1.27520018763316        1.68272765739521        1.36174560364532
H           -1.72152197070273       -0.37554039269183       -1.61007805636771
H           -3.62751155335248        1.89463656917137       -2.34746969793686
H           -3.50079327288038        0.37637615802874       -3.27303265704378
H           -1.45298852929399        2.27088885978117       -2.90988534146069
H           -4.53894908174615        0.27712624236396       -0.59639712490424
H           -3.49229272769123       -2.04432329117940       -1.81802037134216
H           -2.51139543917592       -1.74659457932165        0.49730506256607
H           -4.93135830756176       -2.07811716281188        0.62799270299342
H           -3.57084769236500        0.88466355675141        1.62670291084089
H           -3.01997696506771       -0.88534401960528        3.12695832444420
H            1.11963092315301        0.89550123733094        2.30883851912700
H            0.88970316244617        3.02113950472202        0.45982324613697
H            3.04199320874418        2.04969398550862        0.21895193430152
H            2.87298166971443        2.88713435373708        2.45695308331513
48
 energy: -84.855107909381 xtb: 6.7.1 (edcfbbe)
C            5.71558056518569       -0.74464802701660        0.58226002311628
O            4.84515394650642        0.38279015454954        0.59277139106438
C            3.54361513168075        0.10804518371192        0.96030204094853
O            2.90435066851276       -0.56935182736400       -0.10275456762388
C            1.55408054840525       -0.88116453897276        0.16641312602727
C            1.04520649152343       -1.72783757657634       -1.00762417207090
O            1.70597094198331       -2.95773362380617       -1.10823750955839
C            0.70073438512570        0.38570759621784        0.35032561601849
O           -0.58454655849776       -0.08834949690063        0.73438872851071
C           -1.62201794251900        0.86056472877565        0.75415282959453
O           -1.98376766181792        1.27405396000094       -0.53531607970523
C           -2.48325123672329        0.22902664071668       -1.37222262724444
C           -2.86491259105400        0.86776387409706       -2.71379964480181
O           -1.75007914067554        1.34898345727270       -3.41706948415426
C           -3.69364852858989       -0.46943020558633       -0.73444334083192
O           -4.17987259203477       -1.52359833942130       -1.52362197793392
C           -3.33676639917782       -0.95427772217276        0.67920244813741
O           -4.46268857178685       -1.47538920426729        1.34409421267939
C           -2.81151253710040        0.23093668274825        1.49378871354595
O           -2.39484360798958       -0.13551742872315        2.77789379869944
C            1.33020161023302        1.28897750228687        1.42737953904276
O            0.74825608927392        2.57066252020422        1.49438172396737
C            2.85184413544801        1.44471620364762        1.24695551185075
O            3.43084163862260        1.97707686167505        2.40714956447665
H            5.39942642803731       -1.46806158533676       -0.17050792787780
H            5.73637838418806       -1.21766253786771        1.56779543267208
H            6.69564333938865       -0.34759528071975        0.33497524058065
H            3.50681214358065       -0.52143548730178        1.87293581388993
H            1.48405294848657       -1.46986904604744        1.09406682393455
H            1.15205510893184       -1.14789173553273       -1.93298798134788
H           -0.00560609511487       -1.95874838959880       -0.83231753825822
H            2.65057947836898       -2.79013226928704       -1.23421391467590
H            0.63004446581917        0.93196422340870       -0.60096612961047
H           -1.31269439561087        1.77165375636005        1.27809602261618
H           -1.68355199472163       -0.50897251743024       -1.53527927717328
H           -3.58738924700775        1.66939226321276       -2.52480752804782
H           -3.32800027523396        0.10821382079752       -3.34584877441371
H           -1.38378534002789        2.10097122355068       -2.93226220102366
H           -4.52285951237827        0.24361278779514       -0.65811722855644
H           -3.47490866460403       -2.16781877877628       -1.68728750248854
H           -2.54203905259212       -1.71589532651102        0.62352989829455
H           -4.96965098408174       -2.01773515079646        0.72017177921101
H           -3.60835123423076        0.99020250342751        1.55084936855600
H           -3.09213932383534       -0.68181834219599        3.17498154936751
H            1.13189961096795        0.83225573989045        2.40430172188551
H            0.92295596283953        3.05608039976491        0.67315312428196
H            3.05489305560237        2.09447110689447        0.38007829798029
H            2.93830414075060        2.77280890821468        2.66677422617319
48
 energy: -84.854713457545 xtb: 6.7.1 (edcfbbe)
C            5.70837582865953       -0.74953575843394        0.50296240381641
O            4.84369206870343        0.37948571061649        0.58573601598308
C            3.54586077085831        0.09111282631124        0.95615390290988
O            2.88384422379481       -0.50775451665624       -0.14003031536277
C            1.53771053267615       -0.83705777309055        0.13375378102690
C            1.00646083912326       -1.60827993852648       -1.08030280763541
O            1.69668400806684       -2.80730528424335       -1.29385191151257
C            0.70047637170114        0.42009086757726        0.42292084060153
O           -0.59058909736476       -0.04237718159392        0.80290791760159
C           -1.63089079774039        0.90010550668374        0.70733432610241
O           -1.95401171372320        1.21702691950685       -0.61673677305461
C           -2.46403337587505        0.13384857912018       -1.39675404118659
C           -2.83158481685922        0.71693187858834       -2.76800057862570
O           -1.70979258688168        1.19444351389565       -3.46270604300526
C           -3.68224064922694       -0.52430464447006       -0.73262562060320
O           -4.15203390699145       -1.62964122258439       -1.45912263129709
C           -3.34736129712974       -0.91262232708513        0.71584802977386
O           -4.48147319615942       -1.39584424878225        1.39534557265668
C           -2.84392898036743        0.32905330931810        1.45659256250705
O           -2.47017927234441        0.05730241547504        2.77645976800073
C            1.35214644304848        1.25627325578839        1.53857251649725
O            0.77292079121750        2.53358327015325        1.67650777129440
C            2.87171580512700        1.41125833839090        1.34604833349033
O            3.47513463116557        1.85792462337650        2.52992614494958
H            5.37352152097729       -1.43577502158584       -0.27622231260304
H            5.74763722011674       -1.26886405521135        1.46435346643273
H            6.68492855629345       -0.34479297143990        0.25428486963241
H            3.51822370532978       -0.59883308330913        1.82407869315616
H            1.48904763002804       -1.48606528400097        1.02230145168567
H            1.05980442530375       -0.96173151278260       -1.96536607272342
H           -0.02926006940027       -1.88447599536814       -0.88232290980513
H            2.63139628757152       -2.60116301648641       -1.43627484462256
H            0.62119586165135        1.02192529491294       -0.49366176912169
H           -1.33628013935287        1.84844207675800        1.17182419818865
H           -1.67163973884495       -0.61781396349139       -1.52334430942187
H           -3.57023129009913        1.51295752025472       -2.62103124304663
H           -3.26908222833032       -0.07051442550356       -3.38348451125764
H           -1.35756139888357        1.95697775722067       -2.98331376898161
H           -4.51601613144627        0.18729488196596       -0.71644668761652
H           -3.44295038898135       -2.28020475028804       -1.57274430638202
H           -2.54687615640466       -1.67002539866119        0.72638066697579
H           -4.97328103292324       -1.98451567558903        0.80193133099078
H           -3.63950694519017        1.09157153679492        1.43284797929521
H           -3.18158982725073       -0.46053482968549        3.18642716114474
H            1.16043566200204        0.75001896010877        2.49173773196096
H            0.95523457249029        3.06411919740672        0.88483732749206
H            3.06813913660160        2.11698807224660        0.52226865667403
H            2.98780587310623        2.63129422808857        2.85748319720738
48
 energy: -84.853304592685 xtb: 6.7.1 (edcfbbe)
C            5.70495691305245       -0.70442487539605        0.36263189544021
O            4.84058443349796        0.40878009191926        0.56887288548448
C            3.55384041674530        0.08473869764382        0.94773378039686
O            2.86325268630143       -0.42723543217216       -0.17470864808438
C            1.52724709794422       -0.78842734919825        0.11454289958156
C            0.97032789475312       -1.50034947412158       -1.12331763016845
O            1.70781328776004       -2.64360985019035       -1.45339257104662
C            0.70381746879512        0.44994912679712        0.50490233372730
O           -0.59918912683945        0.00741428949550        0.87017628703181
C           -1.63556877816240        0.93305706991951        0.65248429117438
O           -1.91369417321828        1.14653024320072       -0.70097579505739
C           -2.45172313687409        0.02967652085254       -1.41253898177389
C           -2.78289602802950        0.52915979196906       -2.82523529495487
O           -1.63512012745792        0.90271418542722       -3.54095149608615
C           -3.69688799349105       -0.54682346794813       -0.72400361994153
O           -4.19061842695164       -1.68352423680501       -1.38316080078009
C           -3.38358054046229       -0.84936514300783        0.74904011584885
O           -4.53099884774501       -1.27440901106705        1.44427078900955
C           -2.87261902877616        0.43114086230838        1.41411277573127
O           -2.52757805359549        0.24354602223634        2.75596728932853
C            1.37403016696299        1.20158210809685        1.66821026568449
O            0.79201429058545        2.46327639634062        1.89934963449654
C            2.89127270156654        1.36678078499774        1.46595047295146
O            3.51878273639894        1.70016047274700        2.67461440368461
H            5.36490980187654       -1.30518846931671       -0.48186062401230
H            5.75112109973935       -1.32184049979061        1.26371471214415
H            6.67969953647193       -0.27492095915524        0.15098156006759
H            3.55119974804306       -0.67413399349618        1.75684219795040
H            1.51405432794000       -1.48918837138383        0.96470785592452
H            0.93888607877189       -0.79646637323549       -1.96430264800390
H           -0.03583282029143       -1.84873396611005       -0.89014596793289
H            2.62159400442688       -2.37882140125278       -1.63027929143913
H            0.63079326059565        1.11332137269343       -0.36879665269144
H           -1.35305645897528        1.91697608150599        1.04761650440665
H           -1.68476962597494       -0.75396507410881       -1.47872906989246
H           -3.48489496725293        1.36675175025559       -2.74377329921666
H           -3.25183541063248       -0.27996132089925       -3.38701591465025
H           -1.24994714571266        1.67866038836759       -3.11154974230788
H           -4.51014368740039        0.18724426968471       -0.76291935652443
H           -3.49674921973621       -2.35646040144991       -1.45322593571689
H           -2.59310621849032       -1.61453378446553        0.81646118838565
H           -5.02805998600350       -1.88684807937572        0.87993919470836
H           -3.65600330329411        1.20166792342688        1.32492242679301
H           -3.24701988727927       -0.24944489011010        3.18256978807823
H            1.19233050670314        0.63094266339736        2.58598980598843
H            0.98229938155239        3.05283894873102        1.15262118255366
H            3.07899557713305        2.14315671033130        0.70638757953492
H            3.05806729910056        2.45860731346466        3.06875239131671
48
 energy: -84.851107679772 xtb: 6.7.1 (edcfbbe)
C            5.71915271253471       -0.60767050355822        0.20885153425931
O            4.83454730712626        0.46431052826410        0.52056010963750
C            3.57227585709327        0.08185176587390        0.92633388802956
O            2.84468217671685       -0.35954028621377       -0.20291162830129
C            1.52339172446749       -0.75776167093399        0.11110260213426
C            0.93902222368524       -1.42763273898997       -1.13644247303294
O            1.70946973347844       -2.51895926893799       -1.55643773756012
C            0.71400017413280        0.45896899794484        0.58955599638791
O           -0.60721948982543        0.05220338948820        0.93204050836030
C           -1.62724685283206        0.95457935184938        0.58326115492732
O           -1.85500496737607        1.05480948073882       -0.79127161924939
C           -2.44405160457514       -0.07906112377871       -1.43335253589812
C           -2.75514681307268        0.35255217682569       -2.87375186023959
O           -1.59638285609966        0.66375434896270       -3.60107051748741
C           -3.71294946207605       -0.56611268678197       -0.71999141753720
O           -4.23404083151647       -1.73112434661750       -1.30416612128225
C           -3.42347752874194       -0.77209544948215        0.77421554843835
O           -4.58803324077829       -1.12262672395443        1.48169410603411
C           -2.89647015049595        0.54524186511920        1.34765226836449
O           -2.59481284023961        0.46342797079891        2.70989711825095
C            1.40261795328811        1.11110849192772        1.80079788250477
O            0.81363171865963        2.33968050469370        2.15472719934815
C            2.91291021039660        1.30537346586577        1.57574599949422
O            3.57254801111612        1.53117502312031        2.79249855485102
H            5.36276991669976       -1.16205302660043       -0.66019709103135
H            5.81704050651745       -1.28055633428636        1.06494003999827
H            6.67310595060098       -0.13701779061895       -0.01007622247770
H            3.62004724135798       -0.73700304216859        1.67298851486139
H            1.55319088412574       -1.49791788577920        0.92712372684719
H            0.83552319171130       -0.68759453001707       -1.93903248649516
H           -0.03743508409320       -1.83494143237145       -0.87498073019859
H            2.60020791229911       -2.20291970796447       -1.76355147908430
H            0.66553937819474        1.18029021007034       -0.23818767353786
H           -1.34644650044231        1.96956852052516        0.89558280899519
H           -1.71378657194116       -0.89828646300685       -1.45425372321909
H           -3.43991251167575        1.20763010774312       -2.84200450990884
H           -3.23807145912545       -0.47552924640044       -3.39472858280065
H           -1.20307213911469        1.46068396234577       -3.21999789966740
H           -4.50430581642749        0.18598031132477       -0.81934162238860
H           -3.55824545277518       -2.42532061729164       -1.32427836500083
H           -2.64995902315234       -1.54565423212381        0.90774479613844
H           -5.09180550663621       -1.76188342254952        0.95431095187042
H           -3.65694742865883        1.32409662638221        1.17144892061773
H           -3.34075159913526        0.02824136831977        3.15349449141915
H            1.24514850093113        0.45993622332219        2.66770631344056
H            0.99013092127341        2.99866353720941        1.46492712943138
H            3.07630933620477        2.14963939914607        0.88610930853280
H            3.11830991028967        2.24549256443178        3.26819799837529
48
 energy: -84.848417530844 xtb: 6.7.1 (edcfbbe)
C            5.72746754583185       -0.50267372470116        0.07516106242769
O            4.83164592005669        0.52371486402831        0.49116240465829
C            3.59182132986148        0.08446527271640        0.90885732217394
O            2.83394609708177       -0.28502938690110       -0.22655374270765
C            1.52371787084137       -0.71720586545059        0.09419027398303
C            0.92202793323497       -1.32822912027372       -1.17436913680325
O            1.71599015845470       -2.36331719703119       -1.68375029902770
C            0.72749611127320        0.46984455971316        0.66447339046071
O           -0.61155808159181        0.10306676846956        0.98218109183042
C           -1.61303429824501        0.96841841540681        0.51092163108538
O           -1.79779844931152        0.94811486218699       -0.87301520188549
C           -2.44421774513631       -0.19656298143300       -1.43758670050239
C           -2.71841700173171        0.14701480292787       -2.90929350652120
O           -1.53903513262620        0.37131248556968       -3.63509476024173
C           -3.74281163769144       -0.56923122684844       -0.71027640145066
O           -4.30693342962718       -1.75067491800134       -1.21583843584150
C           -3.47726172575363       -0.67716224665284        0.79827213791189
O           -4.66105114255730       -0.93049574407554        1.51498208582494
C           -2.90918182788578        0.65960147789816        1.27877912868992
O           -2.63458324918955        0.67442293678580        2.64868534771706
C            1.43422623720274        0.99665477407611        1.92551426759546
O            0.84058937582473        2.16620267117731        2.43105008457271
C            2.93357850243364        1.23875851636130        1.67564569150792
O            3.62460845775938        1.37690381644352        2.88795470274689
H            5.35396171943688       -1.00207726413646       -0.81962003305568
H            5.86781520536387       -1.23220488345258        0.87720344997349
H            6.66365343317750        0.00418580731694       -0.13959591992073
H            3.68169528820650       -0.78823008544811        1.58756682852694
H            1.58385746483553       -1.50219559694134        0.86565737237346
H            0.76190758367165       -0.54753896454962       -1.92689424081457
H           -0.02830083568893       -1.78959139317196       -0.90795081270914
H            2.58771498006162       -2.00429142891656       -1.90168071752509
H            0.71296677573751        1.25761130815800       -0.10178827326616
H           -1.32719990095659        2.00811737179335        0.72914386256201
H           -1.76194635812874       -1.05469232274683       -1.39162410578129
H           -3.37443745401204        1.02415521742227       -2.94730711112910
H           -3.22102138980045       -0.69793605798650       -3.38251973990647
H           -1.12484356670435        1.17778946274262       -3.29909732905924
H           -4.49942464515634        0.20645219023365       -0.87559824286583
H           -3.65735623656017       -2.46917861024792       -1.18471017397779
H           -2.73463773494576       -1.46649951298615        0.99776779889955
H           -5.18259209903483       -1.59085376810488        1.03269717614605
H           -3.63810332594319        1.44848562039848        1.02792765877536
H           -3.40034482550853        0.29666113946651        3.11107330161571
H            1.31167252726180        0.25219841710160        2.71955217431140
H            0.95180912155609        2.89258653240780        1.79857024979656
H            3.06126393851552        2.14032138541287        1.05443543631446
H            3.16065623524452        2.02880928541749        3.43822213624996
