48
 energy: -84.823885755696 xtb: 6.7.1 (edcfbbe)
C            5.04888900000000       -0.24273500000000       -1.62355700000000
O            3.98384300000000        0.69434800000000       -1.52978600000000
C            3.26906000000000        0.64368300000000       -0.35103800000000
O            2.49760900000000       -0.54096400000000       -0.34183200000000
C            1.66609200000000       -0.69087500000000        0.79644200000000
C            1.10201400000000       -2.11068800000000        0.73666100000000
O            2.09530700000000       -3.07155800000000        0.97162700000000
C            0.61518400000000        0.43766100000000        0.80299800000000
O           -0.26022100000000        0.36776900000000        1.91395500000000
C           -1.66154300000000        0.26563300000000        1.78717200000000
O           -2.20025900000000        1.06846400000000        0.77588900000000
C           -2.51905200000000        0.55805300000000       -0.51744700000000
C           -3.34646900000000        1.67154200000000       -1.18376000000000
O           -2.62588100000000        2.87303000000000       -1.24451800000000
C           -3.27968700000000       -0.76818800000000       -0.45400900000000
O           -3.56272900000000       -1.29210400000000       -1.72353200000000
C           -2.45760600000000       -1.75269700000000        0.38841400000000
O           -3.12289300000000       -2.98257000000000        0.54303600000000
C           -2.26043000000000       -1.16428900000000        1.79134100000000
O           -1.47696400000000       -1.98919800000000        2.60644700000000
C            1.33963200000000        1.79354800000000        0.83777100000000
O            0.45638200000000        2.88317600000000        0.77251400000000
C            2.37948000000000        1.89226800000000       -0.29288400000000
O            3.21166800000000        3.00283400000000       -0.09711100000000
H            4.66563600000000       -1.26483500000000       -1.64853200000000
H            5.73748200000000       -0.12705900000000       -0.78122500000000
H            5.55780700000000       -0.01202000000000       -2.55569700000000
H            3.94330100000000        0.64761900000000        0.53205900000000
H            2.26986500000000       -0.59971300000000        1.71440700000000
H            0.65156100000000       -2.26646300000000       -0.25345400000000
H            0.35942900000000       -2.23171000000000        1.52651200000000
H            2.80028600000000       -2.94612400000000        0.32278300000000
H            0.06408500000000        0.37223400000000       -0.14200900000000
H           -1.98811300000000        0.74228100000000        2.72403000000000
H           -1.60636600000000        0.40675200000000       -1.11710800000000
H           -4.28028000000000        1.79845900000000       -0.62493400000000
H           -3.57859100000000        1.38619300000000       -2.21109800000000
H           -2.50930000000000        3.19406900000000       -0.34005600000000
H           -4.25466400000000       -0.61654300000000        0.02244000000000
H           -2.74882700000000       -1.38504800000000       -2.23882600000000
H           -1.47985500000000       -1.91724700000000       -0.09096400000000
H           -3.55908800000000       -3.20353300000000       -0.29277400000000
H           -3.27087600000000       -1.06404600000000        2.22386200000000
H           -1.88432000000000       -2.86859300000000        2.60808100000000
H            1.84731300000000        1.89276400000000        1.80395600000000
H           -0.13791200000000        2.77971800000000        0.01503300000000
H            1.86122100000000        1.96611000000000       -1.26395800000000
H            2.64877600000000        3.77058600000000        0.08615900000000
48
 energy: -84.820814013892 xtb: 6.7.1 (edcfbbe)
C            5.13074938188781       -0.20341195728664       -1.55301390158135
O            4.12350157863628        0.78988390856492       -1.41199938643508
C            3.34646786268585        0.67199518082024       -0.27857966984571
O            2.47678512610773       -0.43059925510848       -0.43880546942135
C            1.58758420043459       -0.64469485866531        0.64590288510895
C            0.92344308559445       -1.99371077244692        0.37592024558907
O            1.85844397159252       -3.03755027837591        0.36497939561527
C            0.62743332858657        0.55706109342386        0.75946356160495
O           -0.27412947581455        0.49217197381834        1.85014579403375
C           -1.67029371856011        0.31871505367954        1.72145563569994
O           -2.22950873397396        1.03772876119397        0.66151836246470
C           -2.54520403151132        0.39685840622306       -0.57322193394795
C           -3.29195372289423        1.46014722940050       -1.39824073313169
O           -2.53091458184720        2.62780185064988       -1.54482489487581
C           -3.40049390361302       -0.85250955876322       -0.34724743750705
O           -3.80047237116724       -1.46968321521307       -1.54122848939378
C           -2.60355564005032       -1.81685940033940        0.53933318742554
O           -3.36213891402627       -2.95302515910689        0.88333067765916
C           -2.23043101228320       -1.12498912283016        1.85971981795748
O           -1.33229495444054       -1.88949801894412        2.61540418977583
C            1.47020130124690        1.82948318507220        0.96898674829447
O            0.68899528774866        2.99391831775921        1.01806083064176
C            2.55517957488433        1.97407527057776       -0.11201212529964
O            3.45658997886439        2.98984130230006        0.23451620147168
H            4.68712792089015       -1.19096633672260       -1.69565237761154
H            5.78368810939284       -0.21569635166406       -0.67499977989249
H            5.69784488773922        0.08098994939499       -2.43544157323449
H            3.97166128215736        0.51644838560745        0.62661383004413
H            2.15806998001201       -0.71757917335289        1.58605259734863
H            0.40786862920910       -1.93793789099032       -0.59397343873206
H            0.22556086553215       -2.21104554542325        1.18452571735851
H            2.55833118187986       -2.80475874315330       -0.25963909081074
H            0.09106367269031        0.66082840478198       -0.19208437086420
H           -2.01153707863341        0.85517053400852        2.62196345361806
H           -1.62855811171905        0.10651401272140       -1.11109220980142
H           -4.24948747581525        1.67298704228705       -0.90947550076766
H           -3.48115060976535        1.07560928952639       -2.40139418277647
H           -2.43500737605419        3.02406465794909       -0.66874247368451
H           -4.32859589864950       -0.57344712388155        0.16388229184816
H           -3.02696065459121       -1.69665911353064       -2.07642705518704
H           -1.69551815814846       -2.13013485223175        0.00287042695957
H           -3.86886906936984       -3.23196819628918        0.10701948345939
H           -3.18185063297308       -1.01846772069087        2.40766325089554
H           -1.74687903990323       -2.74804900381193        2.78585521210793
H            1.94927178056025        1.76463707702046        1.95259964122336
H            0.12507489589757        3.03989490130869        0.23329959555538
H            2.08218027849793        2.19333037519087       -1.08411576973945
H            2.94268299872680        3.76307952760173        0.51460884449885
48
 energy: -84.818498003170 xtb: 6.7.1 (edcfbbe)
C            5.14720133435570       -0.19467133545143       -1.52110527695164
O            4.20237547442163        0.84764099757387       -1.31648636879808
C            3.38052732632216        0.67931702419333       -0.22216417124076
O            2.42936409041708       -0.32259677044178       -0.51809130938709
C            1.50254914788833       -0.58245595076726        0.52478350762286
C            0.75450138805381       -1.84404023689395        0.09831444567850
O            1.62736787260349       -2.91408162487072       -0.13642228829138
C            0.62747540590374        0.66972505660939        0.74418007676992
O           -0.30280798380538        0.61088136019786        1.81026931589127
C           -1.68872587173790        0.36872046397050        1.66709697845109
O           -2.25054370975146        1.00853564013459        0.56027916484664
C           -2.54891037860183        0.26460029860037       -0.61849947738761
C           -3.24489695629465        1.25423757725491       -1.56804191267328
O           -2.43539013610007        2.36237612124752       -1.85353947833162
C           -3.45626262610079       -0.92245635604232       -0.28166311496732
O           -3.90830251397818       -1.61590094511539       -1.41384589208496
C           -2.69083448078105       -1.85255850303313        0.66611334482843
O           -3.51415072126549       -2.89044657792401        1.14781735581588
C           -2.19313666040663       -1.08718184322230        1.90616130683574
O           -1.19744558474751       -1.79871565673186        2.58977759891715
C            1.56478159550440        1.84197062195527        1.09998151372768
O            0.88274105593594        3.05583341473452        1.26690477024484
C            2.68729436485153        2.01527916875089        0.06297570011579
O            3.65142525863375        2.91576824750271        0.53630829379647
H            4.64653191985643       -1.13388075184441       -1.76471123285013
H            5.76886647947173       -0.32918754248533       -0.63072549697447
H            5.76012960031611        0.12848783654763       -2.35832251924022
H            3.96027756894184        0.37972607696822        0.67697319931738
H            2.04647889582437       -0.79314863560986        1.45966905436932
H            0.17955339262618       -1.61792184380085       -0.81194600089057
H            0.10286620575033       -2.15058346821413        0.91503478886612
H            2.31486780221128       -2.60780119832411       -0.74316484964538
H            0.11815689179886        0.90960270381382       -0.20092743302297
H           -2.06357637802223        0.94828558728019        2.52771947355610
H           -1.62495053658351       -0.10418706387165       -1.09078741623788
H           -4.19204489816803        1.56540589481366       -1.11277061793929
H           -3.45166252576337        0.76003640061370       -2.51837681378046
H           -2.32465753345443        2.86142665075108       -1.03404758030591
H           -4.35927928782697       -0.55500096293103        0.21846856628763
H           -3.15567901014107       -1.93968885627781       -1.92840337072088
H           -1.84057890828503       -2.28758467764879        0.12050040391099
H           -4.05401455284825       -3.22038409772352        0.41507288309431
H           -3.08421648268188       -0.98518314256356        2.54642067039069
H           -1.58271061732871       -2.62975479251054        2.90186616635514
H            2.01104492988542        1.63134205803779        2.07875738959408
H            0.34950926055241        3.24085280416373        0.48205800752358
H            2.26159648602389        2.37096260417327       -0.89024507219742
H            3.18729059567965        3.68839229827866        0.89426374694703
48
 energy: -84.816074369743 xtb: 6.7.1 (edcfbbe)
C            5.14839158206988       -0.17882432518478       -1.51501391801783
O            4.26689105028113        0.89756494345570       -1.22337904746239
C            3.41730069466399        0.68187171350423       -0.15864566057117
O            2.41373180026207       -0.22886560693569       -0.55623904082493
C            1.44546581550343       -0.52627001016163        0.43970563142620
C            0.65570327627783       -1.70703849370232       -0.12143965259688
O            1.49251795629188       -2.78416078756578       -0.44242995689539
C            0.64331361550043        0.75846749057936        0.74476142991513
O           -0.33572612057737        0.71968886225697        1.76591600873809
C           -1.70588340980704        0.41996072630210        1.59089935651293
O           -2.24107103603502        0.98358397213293        0.42880994613945
C           -2.58325001974200        0.16009063719490       -0.68049179203023
C           -3.27307574473485        1.08280108880565       -1.69836273700393
O           -2.41110028472990        2.07543633870882       -2.18423454295418
C           -3.52057619886068       -0.96381667578133       -0.22778185862923
O           -4.03882841196912       -1.72024145461321       -1.28908265449796
C           -2.75852915389877       -1.85630246954831        0.75740308886505
O           -3.60915284922383       -2.81077204806180        1.35045023974460
C           -2.14937768053800       -1.04210908961065        1.91672638678648
O           -1.06664115433089       -1.71348011046542        2.50408383227584
C            1.64686821856577        1.82276040213607        1.23421959747651
O            1.04868547441401        3.05696197930671        1.52448358996791
C            2.80009623253085        2.02620708579158        0.23753109410920
O            3.80412857926491        2.81835663341033        0.81108594049907
H            4.59529805823376       -1.05583062322084       -1.85738944089844
H            5.74150221261638       -0.43891620195992       -0.63306024255116
H            5.79789658149347        0.18399281434711       -2.30725315096167
H            3.96257517302002        0.26792296640249        0.71650722988185
H            1.95155061562527       -0.84982779415114        1.36362128915688
H            0.10899070202864       -1.37504754406574       -1.01562478172935
H           -0.02062817521652       -2.06525407654488        0.65065680879676
H            2.20510404289059       -2.44649554412850       -1.00186232269037
H            0.18737447789891        1.10257270740228       -0.19881137935981
H           -2.12915487270916        1.03707889995503        2.40235317680083
H           -1.67906254295399       -0.26986453393461       -1.13749680197577
H           -4.15691083586636        1.52393322988955       -1.22302826623681
H           -3.58902157934154        0.49227716331263       -2.55996103273911
H           -2.20042750927383        2.66879155057358       -1.45280365184192
H           -4.39004121381775       -0.52411482279048        0.27351675596173
H           -3.31700745419534       -2.11028445482984       -1.80203836280367
H           -1.96069350449269       -2.37627613999680        0.20421583618930
H           -4.19675248724424       -3.16598609896809        0.66792080758762
H           -2.96699970338290       -0.94701890274774        2.64778269357606
H           -1.39870998120419       -2.52197969714382        2.91832596093285
H            2.05947213208101        1.47866854360996        2.19001975591467
H            0.51029028535125        3.34723984132360        0.77659967663059
H            2.41821250844959        2.49452479769491       -0.68483865480440
H            3.37725681955369        3.57801721286887        1.23715285857830
48
 energy: -84.819978013323 xtb: 6.7.1 (edcfbbe)
C            5.73889682507701       -0.56799525898888        0.15694138404121
O            4.95244227233054        0.55386129061593       -0.22103111122702
C            3.68513447020298        0.58054043289175        0.32495296826146
O            2.88299825169601       -0.35586701027946       -0.35826863332505
C            1.55287806180391       -0.51072984824009        0.11344216398495
C            0.92702212169620       -1.46691249537887       -0.91533600823899
O            1.51195871994311       -2.73779451713955       -0.89844964431099
C            0.76740296022320        0.81636606112402        0.16705530988621
O           -0.29310116423108        0.87173889176510        1.12196905057609
C           -1.54425190352681        0.29912267904951        0.90753464533786
O           -1.92385134147821        0.47152615060972       -0.43517978428803
C           -3.29165373236643        0.19901905761318       -0.73254415558918
C           -4.17848278039851        1.44327474693529       -0.55063660463125
O           -3.89483962002233        2.44414379520906       -1.49001912852863
C           -3.84070738937246       -0.99368079327843        0.06866102502302
O           -4.83529599567878       -1.69975996424919       -0.62134657772649
C           -2.68032310660209       -1.91768299479421        0.47188117326170
O           -3.14841819906777       -3.06528355208059        1.13254414045849
C           -1.75323215042219       -1.15680461704601        1.43250859264182
O           -0.53863763856687       -1.81613956241648        1.64330814393716
C            1.64933490512460        1.99431334363488        0.64505068819986
O            1.06254997276545        3.24053537379764        0.37348545241902
C            3.09172489215301        1.97505992128357        0.12262128519663
O            3.86540629053588        2.91451283337000        0.81764492827634
H            5.27910397785995       -1.49947976918394       -0.17896763033162
H            5.87095850786941       -0.59466833660662        1.24304974264189
H            6.69936746761487       -0.42806869723434       -0.33181830610148
H            3.70639892275155        0.34209107928001        1.40908821487739
H            1.55507233957561       -0.96294571395089        1.11401626136233
H            1.03858278654043       -1.00316315692946       -1.90621354961125
H           -0.12837384886152       -1.60450022932086       -0.69875733874819
H            2.46526419655126       -2.62219908290908       -1.00210168950580
H            0.36979872742508        1.03471861514186       -0.83329393382640
H           -2.19820948466856        0.93251297952970        1.53964651908798
H           -3.27681477254988       -0.05157506948360       -1.80118693539114
H           -4.06950673250904        1.82439261915077        0.47412373279932
H           -5.21934052548457        1.15510177546472       -0.71330074962956
H           -2.96436472697087        2.68868419729609       -1.40689037398353
H           -4.33110352722395       -0.64132686324430        0.98430691834481
H           -4.51233471333481       -1.96764403171722       -1.49379798682082
H           -2.11725319234244       -2.21282453901007       -0.43009205167563
H           -4.01041385262275       -3.30113883071033        0.75653591507169
H           -2.28880574448987       -1.07797048536026        2.39339668695903
H           -0.73822391673069       -2.72427939063644        1.91200362662101
H            1.68433642823058        1.93207645662241        1.73963017495650
H            0.95598073959919        3.34925372007917       -0.58217396062977
H            3.11214326366532        2.18202066420118       -0.96034472681803
H            3.35277889723660        3.73556209974789        0.87983209589183
48
 energy: -84.820829247330 xtb: 6.7.1 (edcfbbe)
C            5.65965918900534       -0.67260026497303        0.11237532665156
O            4.93646261613432        0.51390045896458       -0.18655627307902
C            3.66167028217121        0.55608488407571        0.34014431525717
O            2.82990417783403       -0.29039041396805       -0.42140828031027
C            1.49521977062959       -0.42557850305053        0.04279425230082
C            0.82515482191447       -1.29931344779809       -1.02922300580780
O            1.30474979596416       -2.61352911419598       -1.04066172164450
C            0.76829679030219        0.92853250332705        0.17012858524549
O           -0.33107740871951        0.97767752424358        1.07906180825925
C           -1.54486226784253        0.33031857107802        0.86616867082549
O           -1.89827020749384        0.40415584760497       -0.49305767575044
C           -3.25902573154933        0.09156914405362       -0.78720378176019
C           -4.15027038495073        1.34347444525902       -0.72332940757463
O           -3.83189941306488        2.27051363014878       -1.72570901069011
C           -3.80621070738978       -1.03389331448067        0.10638716297014
O           -4.80328519532354       -1.79055404245122       -0.52343183472413
C           -2.64361284269121       -1.92523231143714        0.57364526538297
O           -3.10960550476165       -3.01967669959756        1.32142438757349
C           -1.70224100280782       -1.10194141330348        1.46744333544241
O           -0.47219792626587       -1.73736260542043        1.66439692471300
C            1.68425158557720        2.02535022568755        0.75658114487711
O            1.15041590407362        3.31191869530933        0.58532915023507
C            3.13034104416167        1.98687539332130        0.24168524646953
O            3.93568015049513        2.83579752707410        1.01299738782012
H            5.16830880399301       -1.54830976440083       -0.31660443620543
H            5.75605132530348       -0.79961297008325        1.19538300028597
H            6.64040459980934       -0.53748281913069       -0.33565771466127
H            3.65411771526092        0.23476302536211        1.40336908130622
H            1.48541451999066       -0.92921633728197        1.01789489076269
H            0.99739995428130       -0.81494240521474       -2.00137267596329
H           -0.24424766717858       -1.35523709261597       -0.84525268483189
H            2.26530938664823       -2.57642480683032       -1.13247855158763
H            0.42574673706335        1.23138744262892       -0.83069887767568
H           -2.24682849777969        0.96373447073020        1.44435927736517
H           -3.22635906309669       -0.24937500126169       -1.83005918168158
H           -4.06735573356188        1.80058176609002        0.27266373748646
H           -5.18745072751405        1.04719096932849       -0.89248546982673
H           -2.89484028931069        2.49181526101313       -1.64855444040174
H           -4.29309502641271       -0.61188138121090        0.99399223323762
H           -4.48618157878620       -2.11970757324425       -1.37694686382321
H           -2.08490329497090       -2.29005931265031       -0.30533038782722
H           -3.97215183793862       -3.28416498181955        0.96600124688832
H           -2.20495265282628       -0.98539989786247        2.44207401321414
H           -0.65237550684721       -2.64034438312272        1.96245361846977
H            1.70687752282368        1.87192628905869        1.84237773724489
H            1.00150758901248        3.48331684331151       -0.35517680180643
H            3.16888798837751        2.27670020098677       -0.82139499097590
H            3.46146413423374        3.67463973141353        1.12494223533486
48
 energy: -84.821063818573 xtb: 6.7.1 (edcfbbe)
C            5.60553875653530       -0.71315080912536       -0.11270458078286
O            4.90280906593839        0.51413997867083       -0.25449493539461
C            3.65053018785892        0.52975010280103        0.32494538029628
O            2.77037974517962       -0.22472271495967       -0.47775011712034
C            1.44858790332003       -0.36581999112111        0.02420415899273
C            0.74776323457052       -1.21245994168878       -1.04804238455310
O            1.28427178070463       -2.50214970034028       -1.14478678836879
C            0.77112336051506        1.00601022683346        0.21148611617876
O           -0.38555799874917        1.08076357338835        1.04286486963303
C           -1.57123727205686        0.38742835828534        0.82755688739184
O           -1.87095767112706        0.34575886558682       -0.54589277812760
C           -3.21487338085684       -0.01412180404647       -0.86252228928021
C           -4.11735665181437        1.22717508511752       -0.96026962172991
O           -3.76033232890033        2.05668478367494       -2.03303737407005
C           -3.78918008457561       -1.05053003941597        0.11763534097806
O           -4.76852914006893       -1.86338307056347       -0.46879556202986
C           -2.64421818231529       -1.89598366717624        0.69944969247618
O           -3.13676816248401       -2.90859385887482        1.54000270299237
C           -1.70966069770623       -0.99939841534352        1.52873233549052
O           -0.47002563515763       -1.60682604944760        1.75756812834000
C            1.71520232077942        1.99483428614527        0.92684789799329
O            1.22146263466303        3.30831546189772        0.91875252960286
C            3.15464877181884        1.97528938707333        0.39029130860854
O            3.99282579762578        2.71254430529837        1.23745175103453
H            5.08659142570706       -1.52270209250010       -0.63000849204305
H            5.72139303886742       -0.96853074510856        0.94531831003751
H            6.57961678204888       -0.54567174875988       -0.56442210434202
H            3.67651335486381        0.10693383200912        1.35197992417763
H            1.46725499837442       -0.89654560314597        0.98453235311890
H            0.84006729653223       -0.68027438067669       -2.00535765147236
H           -0.30387606927976       -1.32810276063952       -0.80568599507070
H            2.23592665767298       -2.41402845421755       -1.28393373943505
H            0.52055333266220        1.39314606467341       -0.78935716829080
H           -2.31383734772424        1.03964636942934        1.32822997069876
H           -3.13699220642664       -0.45826367910325       -1.86341146834527
H           -4.08194941059420        1.77987016779301       -0.01077029276806
H           -5.14398112062794        0.90426218639274       -1.14459102688851
H           -2.82309717233497        2.27574666391670       -1.94912202276193
H           -4.30180686743967       -0.54755726439833        0.94642677247775
H           -4.42384495333437       -2.27520501037672       -1.27433859901737
H           -2.06956963383122       -2.34917121903233       -0.12700932769760
H           -3.99164698292429       -3.20419555189818        1.19069196404687
H           -2.20601295443405       -0.81938574287340        2.49633500888708
H           -0.63668481542667       -2.48061157027240        2.13879341657397
H            1.74101707173277        1.70886997983156        1.98537284256977
H            1.00633876172607        3.57349214217048        0.01381716419613
H            3.18741906967972        2.37961884998869       -0.63473718225292
H            3.54415732771858        3.54709921701574        1.44523464828733
48
 energy: -84.820669768205 xtb: 6.7.1 (edcfbbe)
C            5.56583948570606       -0.71413920235168       -0.30387037760471
O            4.86676145513665        0.52342617977519       -0.32671802553353
C            3.63698400158335        0.50115222152585        0.29851258516913
O            2.71585391291687       -0.16247775797107       -0.53883268641615
C            1.40988099172620       -0.32328973855870       -0.00055671875039
C            0.68245266101205       -1.15789341942907       -1.06379439388324
O            1.34542496070886       -2.36534760348961       -1.31985582077957
C            0.77575167211878        1.06029173356162        0.24438918327134
O           -0.43331266391247        1.17137055679795        0.99184187688946
C           -1.59874144034579        0.44653820064738        0.78203070543947
O           -1.84672214916310        0.28610959217886       -0.59237332227408
C           -3.17770467805151       -0.11120030484698       -0.92028799049827
C           -4.07935950700683        1.11008128761600       -1.16478358416681
O           -3.68949971330434        1.83404002381345       -2.30082768258019
C           -3.78262341231834       -1.05426822719114        0.13306892072623
O           -4.74877777756527       -1.91515473905134       -0.40494467384018
C           -2.65775284650256       -1.84762083491208        0.81815935816530
O           -3.17741001227718       -2.77615700224686        1.73563169764171
C           -1.72930675684814       -0.88666738572178        1.58048492380667
O           -0.48145516943109       -1.46655417704429        1.84060921203975
C            1.73658966561129        1.93324095691907        1.07652618529145
O            1.27937579525657        3.25109752332094        1.22692318131443
C            3.17173994564427        1.94072188076562        0.52562301758879
O            4.03477959235892        2.56264644992200        1.43777533604544
H            5.01500804009617       -1.48574615712888       -0.84569072041783
H            5.73415144957381       -1.03975526043914        0.72745667381958
H            6.51663359602166       -0.52136860683339       -0.79348143535645
H            3.69206425139586       -0.01938886518886        1.27829390166634
H            1.46408989666746       -0.87690050419669        0.94578520766245
H            0.60189984041069       -0.55639717843925       -1.97959230210596
H           -0.31186488628955       -1.41971907032076       -0.71799400532267
H            2.26687248784125       -2.15241292979436       -1.51827727011976
H            0.62234042658211        1.52299215220417       -0.74557429552722
H           -2.37009272797157        1.11905729845106        1.20503418749097
H           -3.06429151379619       -0.64708669662718       -1.87160228605160
H           -4.07348776491731        1.75212379910176       -0.27242704041684
H           -5.09965141594032        0.76720943551643       -1.34823916333076
H           -2.75102092990000        2.04748312922377       -2.21638323885445
H           -4.31600132322459       -0.47896362643726        0.89921471991865
H           -4.38407078078493       -2.39847302315999       -1.16045383066382
H           -2.06985343632968       -2.37779173215139        0.04823890025983
H           -4.02272743259951       -3.10270497824171        1.39057776786614
H           -2.22154814152562       -0.64208763618505        2.53511174979901
H           -0.63459362131075       -2.29466442124291        2.31739275473997
H            1.75948703278754        1.52228733950884        2.09321751589118
H            1.01814516522503        3.60897782884765        0.36763173465245
H            3.20334550489394        2.45439212369093       -0.44914515731383
H            3.60639420632936        3.37898537122024        1.73965469679163
48
 energy: -84.819704269482 xtb: 6.7.1 (edcfbbe)
C            5.54508635755908       -0.69541205829425       -0.43093857272204
O            4.84463892198260        0.53967943423421       -0.35877855097022
C            3.62504849504446        0.47395122540373        0.28311548940403
O            2.68404948475976       -0.10598611428555       -0.59444277805670
C            1.38162487739533       -0.28806063724405       -0.05239853990914
C            0.64591595675441       -1.09967596268085       -1.12769477717589
O            1.36543483425656       -2.24842621515639       -1.48451446122639
C            0.78328824132656        1.10070988531131        0.25170921107479
O           -0.46853068369228        1.24925050633588        0.91860522581539
C           -1.62205959087716        0.50410797474665        0.72861678550959
O           -1.83314114605574        0.22807142119662       -0.63296386644334
C           -3.15694982879950       -0.19663394334731       -0.95633856682249
C           -4.05529016886882        0.99867897745131       -1.31426159567285
O           -3.63811200252292        1.63760875531720       -2.49058563410997
C           -3.77959914946867       -1.05464143700893        0.15741665875531
O           -4.73819238712114       -1.95573823212970       -0.32524396509170
C           -2.66361748392280       -1.79072819777863        0.91714465802647
O           -3.19542734932657       -2.64967863967671        1.89341142166811
C           -1.74388379893371       -0.77347536376442        1.61465530147389
O           -0.48657249038007       -1.32310409798917        1.89912128684821
C            1.74339542222828        1.85934925384294        1.18854930873133
O            1.31373552276424        3.16453660689442        1.47122641075481
C            3.18374347171897        1.89213770794370        0.65058560511197
O            4.05280832741924        2.39952573729502        1.62574187949021
H            4.98249062196450       -1.43352958586944       -1.00631416964950
H            5.73866338038412       -1.08406219903760        0.57375012257817
H            6.48360174935263       -0.46978459583856       -0.93014408221478
H            3.68990915992578       -0.13226225155698        1.21147715740328
H            1.44799980267452       -0.87271232092932        0.87483685712040
H            0.47843439254372       -0.45826959761462       -2.00272398561943
H           -0.30911691613864       -1.44466325208614       -0.74480692718581
H            2.26375320978275       -1.96770186101273       -1.70468692827566
H            0.72108402889007        1.63017841453734       -0.71556094650834
H           -2.40946319426288        1.19529574923644        1.08350568846679
H           -3.02323835514152       -0.80604835298865       -1.85946908705998
H           -4.07451267694540        1.70567263110597       -0.47272395279606
H           -5.06960685038789        0.63832915108249       -1.49736489799492
H           -2.70260194147266        1.86034054468238       -2.39828655052870
H           -4.32353872012746       -0.42174886672829        0.86870365221436
H           -4.36472253195779       -2.49167469749865       -1.03982269337836
H           -2.06332145988942       -2.37453025210111        0.19703672179741
H           -4.04002775826953       -2.99483957232594        1.56494264385346
H           -2.23253350127592       -0.47244852739663        2.55437738576517
H           -0.62537046376104       -2.10887957506780        2.44667258800863
H            1.74634632483645        1.34256797350732        2.15614142182613
H            1.02322053852166        3.59835234403656        0.65810829584077
H            3.23289734098664        2.50169694719012       -0.26612949741050
H            3.64225592114793        3.19466916678487        2.00022321102469
48
 energy: -84.818266194117 xtb: 6.7.1 (edcfbbe)
C            5.52856344842532       -0.70713823946848       -0.47908142197079
O            4.83985433741931        0.52623432363024       -0.32015156684329
C            3.61011355114142        0.42884051191876        0.29817826041085
O            2.67369414999541       -0.06359957220755       -0.63635058006463
C            1.35236485884011       -0.24828499206951       -0.13969913321927
C            0.64359703826542       -1.00726868942430       -1.27033247413518
O            1.36728768448607       -2.14880321558067       -1.64357922265594
C            0.78906749347090        1.14207365736159        0.22457419908464
O           -0.49563978045667        1.33162276477394        0.81773238292772
C           -1.64601792864549        0.57740859235178        0.66327837864450
O           -1.83459684654822        0.18469879760594       -0.67200031472647
C           -3.15338394981917       -0.26772981177045       -0.97709302358305
C           -4.06326776340970        0.89580071422348       -1.40502392732185
O           -3.63700684789808        1.48537251158697       -2.60378608788965
C           -3.76717639384025       -1.07058954316393        0.18213032871876
O           -4.69562416322749       -2.02690922697162       -0.25052340463239
C           -2.63820394564624       -1.72428416879766        0.99697837499358
O           -3.15532695333087       -2.53774205770797        2.01917562004666
C           -1.75813787282404       -0.63728078539766        1.63678017601829
O           -0.48858891630999       -1.13155323633255        1.96924438996420
C            1.73273514213158        1.78218921056124        1.26099817007696
O            1.33141671616841        3.07021786917766        1.64838029851686
C            3.18985303825024        1.82139130730331        0.77278847125131
O            4.03878296215306        2.22279635424344        1.81311627482539
H            4.97026519171414       -1.39010266081487       -1.12296148684735
H            5.69952824030787       -1.17785296479038        0.49420029793182
H            6.47857874334258       -0.45232335113629       -0.94130703221148
H            3.65140677935078       -0.25066157653761        1.17550390638455
H            1.38412468828347       -0.87719392482064        0.76068479873143
H            0.51285660030699       -0.33225653900686       -2.12569755723109
H           -0.32687796654602       -1.35960753521285       -0.93583680789092
H            2.27406132920814       -1.86756871093490       -1.82533838992208
H            0.81193906624928        1.73526009899677       -0.70705647842681
H           -2.43969742002661        1.28873777809815        0.95486357227092
H           -3.00842247211765       -0.92374013551400       -1.84496567877726
H           -4.10846807215676        1.64166537874560       -0.59878424446938
H           -5.06855505643972        0.51069000595084       -1.58734089972921
H           -2.71070317247095        1.74094427328184       -2.50376324057797
H           -4.33546370164933       -0.40928974969864        0.84704694232150
H           -4.30125314382523       -2.59492950759825       -0.92828005806248
H           -2.00978426276658       -2.33063286801578        0.32086522118663
H           -3.98790848143271       -2.92425024189216        1.70614203932820
H           -2.26610530941741       -0.28589293177842        2.54796072705617
H           -0.61238626990651       -1.87358248014612        2.57788826069457
H            1.68705375881937        1.17777373655733        2.17557121692041
H            1.03328548587161        3.56766370604937        0.87582629474404
H            3.28238381650884        2.50509958068592       -0.08682782479476
H            3.62577850490025        2.98458154545925        2.24935220341749
48
 energy: -84.817694469458 xtb: 6.7.1 (edcfbbe)
C            5.35234031560579       -1.05585858937565       -0.14386440249471
O            4.82175343890103        0.24869289006853        0.04379516171219
C            3.50773124608123        0.28849946809323        0.46675769460526
O            2.67854679851198       -0.05750953028859       -0.61915473583365
C            1.27208306195520       -0.08260713768569       -0.39096441157985
C            0.74399616561923       -0.53064574549512       -1.76461675685273
O            1.15080575800685       -1.84085534695364       -2.05958470180372
C            0.77978353155029        1.30033807144978        0.08522935765002
O           -0.52044736248900        1.47374959619557        0.66132303747481
C           -1.65066233121472        0.68103732271382        0.57160708683089
O           -1.85807036897195        0.17960262549703       -0.72279992422121
C           -3.15875440757926       -0.35878110751586       -0.95924482362404
C           -4.16139011180050        0.73433165170406       -1.36328197866345
O           -3.81869140237914        1.34102080821478       -2.58052913777773
C           -3.65402727796351       -1.18637283452836        0.23874917233625
O           -4.48067461955455       -2.25387379288099       -0.13585972039929
C           -2.43278583304399       -1.68026574532105        1.03243011735237
O           -2.81647928336134       -2.53185237218641        2.08245373282679
C           -1.69352219027191       -0.47280927811460        1.62780217751827
O           -0.39700976000965       -0.81787207685134        2.04105963847968
C            1.68586926499613        1.80217968859323        1.23129383297870
O            1.36507663716949        3.10713156892658        1.63789590528317
C            3.18471103693320        1.71256237850070        0.91682232373534
O            3.93572939307986        2.02359120145110        2.05854456618341
H            4.84249272157633       -1.57222727990894       -0.95986780768733
H            5.26364753653481       -1.64289003296704        0.77554697899894
H            6.40020843870601       -0.91041465307657       -0.39323181982500
H            3.33392776120868       -0.41020567676004        1.31257468505990
H            1.03194082580066       -0.83030806654993        0.37700957310363
H            1.12647992069552        0.17317174746789       -2.51582688018471
H           -0.34013604662797       -0.53447842320915       -1.78376699241046
H            2.11464126194856       -1.86959926266277       -2.00325470675972
H            0.84600347470485        1.99071656583961       -0.77148261010577
H           -2.45984581749252        1.38549915681179        0.83194600876329
H           -3.00908264858300       -1.01790597882478       -1.82398259653910
H           -4.23457573457817        1.48328511125145       -0.56215073270090
H           -5.14185170375108        0.27659859768967       -1.50887860092765
H           -2.90982965583446        1.66360069112783       -2.51769714089678
H           -4.27339186608161       -0.57014892019861        0.90145296785981
H           -4.03955761728553       -2.79910014502578       -0.80322015082001
H           -1.74552732463439       -2.21024943826344        0.35029855781152
H           -3.60850515793101       -3.01617061793173        1.80224765476921
H           -2.26974751160284       -0.11565239732086        2.49497042656189
H           -0.48087618398612       -1.52916573194400        2.69182935538668
H            1.48000042910626        1.16970508439539        2.10411607155642
H            1.27059417832922        3.67868719658974        0.86412917957908
H            3.44593755129612        2.38949758913714        0.08683184365262
H            3.52113742266190        2.79431525733555        2.47802357314076
48
 energy: -84.818175971881 xtb: 6.7.1 (edcfbbe)
C            5.06929754084087       -1.36663806089687        0.06214037128859
O            4.68954279845603       -0.00881348565517        0.23771359265628
C            3.35443523747499        0.18544673640104        0.53135874957064
O            2.60533123198776       -0.01392441502821       -0.64600307085945
C            1.18968634350121        0.10221532065394       -0.55477656140334
C            0.76842100185015       -0.07689334300819       -2.02628876010028
O            1.04020062672732       -1.37473583243435       -2.48184851469011
C            0.75576810793434        1.45426738380320        0.04505062132254
O           -0.55776220179112        1.59303836344259        0.60366754946947
C           -1.62766304727488        0.71645248188465        0.53834996391098
O           -1.77705388474920        0.13013384158731       -0.72625421180679
C           -3.04368888378903       -0.48862874840534       -0.95039832663136
C           -4.09151021046292        0.52014654147209       -1.44909233147348
O           -3.75621806817907        1.05824899214837       -2.70014205181172
C           -3.52927058999804       -1.24904978434611        0.29481076006236
O           -4.31695830055487       -2.36551136054123       -0.01542678316043
C           -2.30294535720206       -1.64908420660824        1.13103537476095
O           -2.66878337304862       -2.44354491891291        2.23061495082431
C           -1.60001123578782       -0.38507112353992        1.65015199699966
O           -0.27925803271868       -0.66511900106721        2.04035770981292
C            1.65374923076408        1.84326919590391        1.24213334734984
O            1.42529913189297        3.16080710753252        1.67141301214736
C            3.15305986538457        1.62425316515456        1.00418113336115
O            3.86344722104649        1.83600485634744        2.19361087169858
H            4.57884959681690       -1.80060211275076       -0.81175444676323
H            4.82001204530367       -1.95297384827680        0.95203037595728
H            6.14607618527630       -1.35162001444522       -0.08415674151571
H            3.00940787428561       -0.51208340610988        1.32306178509460
H            0.79259041005140       -0.70836484765869        0.06981637259587
H            1.32052093086247        0.66533247534549       -2.61883313163240
H           -0.29959147446698        0.07426382636475       -2.14696123696434
H            1.98259215082935       -1.54087878123421       -2.34970956995803
H            0.83967396726583        2.22224105646199       -0.73968427691520
H           -2.49018622522643        1.37051930896631        0.75476843348533
H           -2.83930066437844       -1.19908288569123       -1.76138435440719
H           -4.21962206307987        1.31823926609597       -0.70421281812796
H           -5.04403679079118        0.00257250253934       -1.57873633964967
H           -2.87181963828344        1.44269845159353       -2.64100421232109
H           -4.17606346054119       -0.61013290621801        0.90790555930067
H           -3.85590161310202       -2.93366992183402       -0.64932756893630
H           -1.59564711384961       -2.20100663632323        0.48746042563593
H           -3.44639620694150       -2.96531689426071        1.97857256714896
H           -2.16569147044192       -0.00818529622373        2.51524454923850
H           -0.31988215031958       -1.34095501923528        2.73172777967199
H            1.35188791130926        1.20905193264097        2.08486389829724
H            1.44477571226644        3.76189974802968        0.91437019332002
H            3.52417290932666        2.29105937764057        0.20855062355929
H            3.49645999664641        2.62971907230907        2.61451288854308
48
 energy: -84.818695272456 xtb: 6.7.1 (edcfbbe)
C            4.91133403466576       -1.49091876025203        0.05674667855674
O            4.60542697798085       -0.12091741345938        0.27708356450906
C            3.27149830301247        0.13643257975859        0.52255949190322
O            2.57120397414590        0.06157865322937       -0.69963717292468
C            1.16079670976948        0.22771178444891       -0.64700580118166
C            0.77515765104442        0.21553021894041       -2.13896210484445
O            1.03738487608596       -1.02568052769462       -2.73242325068158
C            0.74853745297850        1.53630246353652        0.05237169289322
O           -0.58704545872295        1.65556344117530        0.55985405656707
C           -1.60705249430510        0.71747388799971        0.51431025441734
O           -1.68740637349459        0.04106017105896       -0.71107205616399
C           -2.93906099227991       -0.60639561881375       -0.93863676787037
C           -3.97149594811353        0.33884765571538       -1.57591039727104
O           -3.61933051014025        0.71990344281453       -2.87880068942446
C           -3.48469770772022       -1.24781375966084        0.34864479622588
O           -4.28227612282770       -2.37346861403115        0.10285276778622
C           -2.30060447139690       -1.59727296142631        1.26425457491205
O           -2.72782536369924       -2.26929371315748        2.42167564801037
C           -1.55648296681572       -0.31813716266971        1.68473698043065
O           -0.22522226889702       -0.61059723523977        2.03117748928849
C            1.62743732330222        1.82293876554362        1.29207161691903
O            1.44082637058809        3.12583140936618        1.78330104317691
C            3.12272721684545        1.55071127738501        1.08201442117645
O            3.80448047496491        1.65428390972959        2.30239317350099
H            4.39515894282354       -1.87032625244338       -0.82776390385958
H            4.63273166664963       -2.09049432602819        0.92943914652946
H            5.98693952346192       -1.52990619576127       -0.09380102156645
H            2.84644176786473       -0.58897795696437        1.24680911746588
H            0.71060836479376       -0.62050002625055       -0.11586187998377
H            1.34977104236874        1.01064780977377       -2.63386457297985
H           -0.28883881405581        0.39724006530822       -2.26031188295577
H            1.97385925424605       -1.22184663425115       -2.59881751397951
H            0.86317497209322        2.36328301684126       -0.66515354082154
H           -2.50921036650945        1.33394528732193        0.66785078177904
H           -2.69340002361945       -1.38755462647599       -1.66910480005701
H           -4.10762674703570        1.22128216874408       -0.93494726996768
H           -4.92402422946484       -0.18891668384428       -1.65698970290903
H           -2.74452129906699        1.12855125225628       -2.85673886033591
H           -4.14201765539641       -0.54866194926018        0.87900753596778
H           -3.81133333635825       -2.99883727659977       -0.46676129968001
H           -1.59518104458786       -2.23316058499309        0.70032760633013
H           -3.50641248541750       -2.80001962472945        2.19265624178746
H           -2.07670801632958        0.11952672707388        2.54908671613848
H           -0.24884128333739       -1.24454305218778        2.76186574602123
H            1.27862678496026        1.16065894046159        2.09310422592938
H            1.51953178545877        3.76475119884751        1.06183969312515
H            3.54840079379514        2.24843033568705        0.34218359271160
H            3.45455569957961        2.43174865771997        2.76582600041658
48
 energy: -84.825532259177 xtb: 6.7.1 (edcfbbe)
C            4.75577533438823       -1.20215872544073       -0.97544974799614
O            4.48385171133565       -0.04671107680626       -0.19382159945791
C            3.17242107508961        0.07878155980126        0.21631241705911
O            2.38720711027940        0.45038398333335       -0.89574042560647
C            0.99438187672405        0.62294719100070       -0.67207380398846
C            0.48093304949291        1.08458480513153       -2.04904476489181
O            0.45469197160845        0.03809826670906       -2.98330769281047
C            0.72316955608405        1.68169114363760        0.40987195541844
O           -0.59549910736470        1.81360650301438        0.94502796441260
C           -1.68022160417111        0.94573035202297        0.77386502313745
O           -1.80195152213369        0.44290419507137       -0.52303585338516
C           -2.37942548917405       -0.85223980993047       -0.65559665726763
C           -2.81822707365355       -1.01306092479733       -2.12276935387072
O           -1.84906640308205       -1.63395587401875       -2.91882966140097
C           -3.55894557274653       -1.00482953457101        0.31899271401932
O           -4.29275064928822       -2.18062046716093        0.10680170678634
C           -3.04392022580104       -0.90810243267531        1.77545188748784
O           -3.93531216947382       -0.21262696398329        2.60867466959976
C           -1.69208874137394       -0.17316025816004        1.84015407975062
O           -0.59869282527887       -1.03713069735237        1.63949518323733
C            1.61546444199786        1.39253962014813        1.63962693398697
O            1.50210469160020        2.37863799682555        2.63341334190789
C            3.09145279243464        1.17249782465504        1.28184528503175
O            3.80683618008513        0.77159188682184        2.41885713983156
H            4.22325312553908       -1.16343527233388       -1.92786986691316
H            4.47250367921053       -2.10885783100156       -0.43158946803418
H            5.82880346782538       -1.19147393413350       -1.14781894369706
H            2.79092647702952       -0.87363719480213        0.64273710073652
H            0.54781532947200       -0.33287023903581       -0.37071807790998
H            1.14752283087608        1.88688764734259       -2.38967246741720
H           -0.53644472933503        1.46189083762235       -1.97054388845945
H            1.34847421737213       -0.31998232679944       -3.06229448144273
H            0.96789063908148        2.67287577887261        0.00410953329645
H           -2.53987896954488        1.60001474534203        1.01106713557283
H           -1.62548911454692       -1.62471853740704       -0.43451802329049
H           -3.08525441549154       -0.02201414247090       -2.50903457987666
H           -3.70012211822368       -1.65841853373120       -2.15869153079133
H           -1.07050493340053       -1.05131990543736       -2.99270865537966
H           -4.26111555932355       -0.18190244679865        0.13982663856761
H           -3.69661484701370       -2.94199811265892        0.09259699370684
H           -2.89559110474360       -1.93455274119714        2.15372171391132
H           -4.80217876363768       -0.63990652635884        2.57079037501867
H           -1.62240680885479        0.32601138915621        2.81605495687642
H           -0.54439769971642       -1.65545569367602        2.38144252060790
H            1.24591004609632        0.47038446365760        2.10467193099692
H            1.54549869572294        3.25669134501661        2.23255287298283
H            3.52784226549510        2.08913432031688        0.85288008710422
H            3.51136598724918        1.32724831637987        3.15776721057957
48
 energy: -84.827610227799 xtb: 6.7.1 (edcfbbe)
C            4.82485247148785       -1.04795999823908       -1.12331150685794
O            4.50691900065264        0.02196476705962       -0.24323940236814
C            3.18493564489879        0.07524432421310        0.14855722631109
O            2.41079047988279        0.52514126429140       -0.94317179131591
C            1.01410095252129        0.65603990065519       -0.71901279957364
C            0.47915650774317        1.17266182595608       -2.06626923835967
O            0.44916081561169        0.16833994933881       -3.04586948764946
C            0.73899154636071        1.65339282360623        0.41739160374671
O           -0.59936832042277        1.83898534594637        0.87581176267038
C           -1.67704021060149        0.95662057493826        0.72565903477428
O           -1.73247725085776        0.34719710894121       -0.52994535957973
C           -2.33460938858142       -0.94192957098173       -0.59020813916755
C           -2.71172741474615       -1.20035899151578       -2.05954374039659
O           -1.65864272700488       -1.74223550930453       -2.80524666929048
C           -3.56284301476591       -1.00114287107281        0.33272154055030
O           -4.29179602187997       -2.19044154121616        0.18830972863510
C           -3.12829958099440       -0.77124676669582        1.80161782008664
O           -4.03769193394276        0.03598350997463        2.50412375565169
C           -1.75531008340183       -0.07692104855472        1.87134753311975
O           -0.68941767186630       -0.99108784510802        1.77313422115842
C            1.57338522466263        1.24109869521198        1.65007823772216
O            1.42548103087269        2.13147607709498        2.72742820464113
C            3.06036416186284        1.05728549861721        1.31516758419125
O            3.74562273049221        0.54245420610124        2.42480286401958
H            4.30374735908723       -0.93711367571536       -2.07633712516453
H            4.56264093198702       -2.00886146704662       -0.66939396166814
H            5.89915449362163       -0.98944611248942       -1.27687020501784
H            2.82181702175433       -0.92249654331040        0.47681232677160
H            0.58727326199547       -0.32270500607128       -0.46525384665143
H            1.12988672027505        1.99822986185344       -2.37991942292303
H           -0.54188900920310        1.53230854857496       -1.95470081179552
H            1.34805718431949       -0.16472716228263       -3.16650941628259
H            1.05170396717132        2.65342151894219        0.08707245910984
H           -2.54493097492697        1.62805830216237        0.86504028519780
H           -1.60774089311350       -1.70943278483006       -0.27965152057695
H           -3.07036126821231       -0.25880517022244       -2.49245303864358
H           -3.51925958030428       -1.93685709185914       -2.08911167680308
H           -0.95921349838525       -1.07013811722452       -2.91025182686386
H           -4.24956125019851       -0.19751742342973        0.04102900233586
H           -3.70302902519896       -2.95081876938373        0.29120079048188
H           -3.04112450623075       -1.75668125466919        2.29076878338698
H           -4.91624176442584       -0.36638820922283        2.46203497707632
H           -1.70302831771541        0.48918797219656        2.81066893545549
H           -0.66820972590807       -1.53872453078214        2.57020990201831
H            1.19036356709174        0.27951762930949        2.01158186226743
H            1.44729272849052        3.04251660581353        2.40638598765494
H            3.50512429528274        2.01362983172743        0.99555889383318
H            3.44298743747354        1.03327525097848        3.20523545242812
48
 energy: -84.829220801799 xtb: 6.7.1 (edcfbbe)
C            4.90477616001045       -0.88212605053865       -1.23628809405395
O            4.53833441140552        0.09468345774824       -0.27087891710734
C            3.20614411717273        0.08197217560402        0.08807253975230
O            2.44547361039522        0.60234283304862       -0.98257767859952
C            1.04443805938098        0.68288151079969       -0.76466491308412
C            0.47906038273504        1.23698047433356       -2.08199821910599
O            0.42107124392257        0.25967019164052       -3.08781495462682
C            0.75466587383526        1.61576529435797        0.42199171313487
O           -0.59657055816566        1.84771394032886        0.80855978989191
C           -1.66642035659933        0.95020787442459        0.68801195821551
O           -1.65530043748533        0.24428540896851       -0.51707088205669
C           -2.30220066811964       -1.02369234318403       -0.52361572534171
C           -2.63125057197053       -1.34830126373506       -1.99109533044019
O           -1.52211261564720       -1.81632676803221       -2.70502896728785
C           -3.56936863094413       -0.99453542358800        0.34608794019443
O           -4.30643281580586       -2.18486236934918        0.25891463270948
C           -3.20421601240453       -0.65340783379193        1.81347248541545
O           -4.12157145143194        0.23661807584794        2.39513611600101
C           -1.81321393346194        0.00360276714384        1.89988431554813
O           -0.78194027299836       -0.95339822798972        1.90923275729989
C            1.53754776755314        1.10299693742727        1.64730382412286
O            1.35571831210669        1.90899784043786        2.78483957924304
C            3.03421317874528        0.95083070271554        1.33713292171031
O            3.69178423255911        0.33436492722494        2.41145989984371
H            4.41043133161484       -0.69092864849299       -2.19078839252316
H            4.64843473678306       -1.88579724437942       -0.88276479694774
H            5.98187085184314       -0.79071585667880       -1.34895196558284
H            2.86193126966346       -0.94934312261973        0.31976217309840
H            0.64614330797340       -0.31907465263676       -0.55763569475359
H            1.11734758734509        2.07397423258060       -2.38960258060438
H           -0.53997805355105        1.58893219062997       -1.93074583066586
H            1.31789123869970       -0.05712507916879       -3.25763934946794
H            1.11799348111062        2.61989282422127        0.16218892720444
H           -2.53963422802602        1.62841675269192        0.73260870960428
H           -1.61250001630658       -1.79312863117120       -0.14151443513501
H           -3.05728402370135       -0.45023812234076       -2.45462981271219
H           -3.37579022372657       -2.14841393751374       -2.01428927826281
H           -0.89092561092575       -1.08335325836851       -2.83318524228900
H           -4.23192597540844       -0.21030315258273       -0.03932637380429
H           -3.73585211260390       -2.93966872064306        0.45950440645792
H           -3.17546891579782       -1.59578984658538        2.38651638859616
H           -5.00773422211095       -0.14902727057233        2.35526312418776
H           -1.78017448985021        0.63129142960690        2.79961425541117
H           -0.79516671519515       -1.42442811956236        2.75395296107213
H            1.14635385882690        0.11690889343948        1.92192338227548
H            1.39501969848601        2.84175559066777        2.53530223347874
H            3.48333707446147        1.93441565931604        1.12312313986131
H            3.37304722374905        0.75447786308286        3.22572701692293
48
 energy: -84.830351390057 xtb: 6.7.1 (edcfbbe)
C            4.99014407430232       -0.67414027545331       -1.35445792981136
O            4.57090236214924        0.17163424297655       -0.29154291900650
C            3.23084886545670        0.08102288876408        0.02580490056453
O            2.47949409219236        0.67010568139566       -1.01595494294706
C            1.07566335327903        0.70113639244466       -0.80691648041017
C            0.47910546398165        1.29270402105404       -2.09159819664527
O            0.38566226700563        0.34100899809985       -3.11974932749838
C            0.77131214347107        1.56126129621496        0.43094442122381
O           -0.58490562226501        1.84611867091789        0.74825791933742
C           -1.65581052566443        0.94487081859058        0.65864105665645
O           -1.58793663942904        0.15019128849310       -0.48800722963663
C           -2.27069847733470       -1.09730941144675       -0.44239419892581
C           -2.54174816921137       -1.50219824066880       -1.90159206765580
O           -1.37892769015268       -1.88652419573269       -2.57978786498312
C           -3.57788910786887       -0.98381797550699        0.35813922044676
O           -4.32414280042867       -2.17148853240679        0.32762162675312
C           -3.28932357662819       -0.52451268313495        1.81145282889204
O           -4.20604691452677        0.44341755101101        2.25312780966255
C           -1.88141742350141        0.09294786045969        1.92667382198513
O           -0.89449548938805       -0.90031745063319        2.05555369290429
C            1.50047986572147        0.94033851051514        1.63527489334299
O            1.28586997551816        1.65193359311650        2.82916320491057
C            3.00629168972299        0.81842999729593        1.35058015943284
O            3.63916832531660        0.09806773974896        2.37414383560261
H            4.51936014355948       -0.37894789954214       -2.29426164878431
H            4.74842837943543       -1.71824875906103       -1.13219498927816
H            6.06746997191658       -0.54668459683570       -1.42037157127774
H            2.91827955136837       -0.97868333460059        0.15111693686795
H            0.70553636315033       -0.32133584880940       -0.65180950066178
H            1.10688895279733        2.13829373135314       -2.39589970505283
H           -0.53494621312218        1.63994538501228       -1.89852183827678
H            1.27622619192571        0.03850223389534       -3.34111303576516
H            1.18607240991560        2.56306988241498        0.24879149015805
H           -2.52475885867205        1.62890827844035        0.60807221951099
H           -1.61887898548092       -1.85535915712881        0.02005960516212
H           -3.03907358261023       -0.66480604799940       -2.40605483412378
H           -3.20872936171384       -2.36801238928365       -1.90723078992074
H           -0.82783122115833       -1.09726231015968       -2.73754598326528
H           -4.21012557492142       -0.22857409616149       -0.12429371504830
H           -3.77588783641674       -2.91026809834249        0.62598602979526
H           -3.33003250524021       -1.41176461497861        2.46530075347205
H           -5.10119012986308        0.08066254545020        2.20303077037320
H           -1.86954530428192        0.78158475956740        2.78029491670256
H           -0.92070165445280       -1.25861056902960        2.95300023760001
H            1.10260403480448       -0.06400409499141        1.81743957344193
H            1.34051557852527        2.60140944305278        2.65699235244664
H            3.45548345670473        1.82014448424045        1.25011719673016
H            3.31323224245800        0.44515416746416        3.21919702136299
48
 energy: -84.830627721680 xtb: 6.7.1 (edcfbbe)
C            5.06074154452128       -0.52080323475250       -1.40949424990226
O            4.59023555770005        0.22466722677357       -0.29436311542358
C            3.24304242257471        0.08239219628610       -0.02989206727226
O            2.51039103842896        0.74056378249889       -1.04416411037989
C            1.10430678243873        0.73227385761552       -0.85387661444530
C            0.48057313974827        1.35907407965596       -2.10679978799262
O            0.32541711621193        0.42703315056572       -3.14599732074762
C            0.77958838265780        1.51748447361843        0.42990105803118
O           -0.57726359052332        1.84884055803390        0.68288391841677
C           -1.64664093116288        0.94197862799432        0.63132592009147
O           -1.52411203186260        0.06832964614881       -0.45108722412223
C           -2.23930784214329       -1.15788676765582       -0.36661333734070
C           -2.46586772679348       -1.62368741132302       -1.81585858931246
O           -1.26833209262868       -1.92819152469866       -2.47510091567179
C           -3.57379481832241       -0.98210016167142        0.37528473724735
O           -4.32356624228803       -2.16816028056339        0.39561550950971
C           -3.34574608408034       -0.42216228968895        1.80464098854368
O           -4.26570415173089        0.58812226459920        2.12977110530533
C           -1.93235036707202        0.17981603915094        1.94322913671065
O           -0.98091650155277       -0.82800583360726        2.17737449810255
C            1.45656945010795        0.80078830358577        1.60663464329404
O            1.21325875602596        1.42484336133022        2.84317634135401
C            2.96991834506663        0.69441828715453        1.35030132353850
O            3.57272348007722       -0.12258550962744        2.31818873257034
H            4.61119161875362       -0.15831380565221       -2.33594255686389
H            4.83695361849008       -1.58449265850487       -1.28172104730686
H            6.13628678092793       -0.36590973503944       -1.43030740600280
H            2.94987621027191       -0.99002780264093       -0.00424134767541
H            0.75730600246179       -0.30554341548334       -0.75099496451749
H            1.11064505683934        2.19926842678257       -2.41942284719833
H           -0.51918522249749        1.72075823332134       -1.86780949335287
H            1.19956605958690        0.13644268387342       -3.43700858535889
H            1.23576357743768        2.51281624515107        0.32269540182766
H           -2.51308179574170        1.61805254152827        0.49518557677137
H           -1.62042206584464       -1.90304887510482        0.15766357409506
H           -3.02188905949472       -0.84176529754117       -2.34766059424931
H           -3.06229335738423       -2.53914370836886       -1.80443637239780
H           -0.78830376446364       -1.09849365689957       -2.65358332539444
H           -4.18351430133100       -0.26130487471529       -0.18313047478744
H           -3.79451910993663       -2.88225903158873        0.77716306119430
H           -3.43132336181557       -1.25856295663526        2.51795597576070
H           -5.16315638491836        0.23251356488274        2.07120628571383
H           -1.94285614589108        0.92154933172411        2.74983817583393
H           -0.97759549709950       -1.05240192455201        3.11687762430000
H            1.04928742558018       -0.21102659465795        1.70474559574046
H            1.30890749044492        2.38212018280502        2.74817768402572
H            3.42413573034828        1.69904896517575        1.35854076009101
H            3.23505294320145        0.15267519236128        3.18460843364464
48
 energy: -84.833862557726 xtb: 6.7.1 (edcfbbe)
C            4.88124089577467       -0.55919022840339       -1.59919812349275
O            4.41572384491815       -0.05530764722218       -0.35383607033464
C            3.04966191805898       -0.13192632669706       -0.17620103140416
O            2.42425135311715        0.78416799486942       -1.05138434437234
C            1.01733504559430        0.85368234789194       -0.88799200131625
C            0.44716039896259        1.70318655917489       -2.02793738469875
O            0.25663005018724        0.94658981764858       -3.19660507948143
C            0.73141087694083        1.43054464220664        0.51225470229863
O           -0.56703472968097        1.94225684649573        0.74191727372372
C           -1.77373814103888        1.20162917217412        0.62905619740406
O           -1.78771498566604        0.33234400901667       -0.46206900562274
C           -1.94441115825922       -1.05260866434317       -0.19602057637507
C           -1.98340160539527       -1.75777147639681       -1.56136032085132
O           -0.77873773147306       -1.65020422921157       -2.27124155716017
C           -3.22622027054820       -1.35288898484262        0.61248659121741
O           -3.10268826343320       -2.56360198058188        1.30908237263443
C           -3.57290714530219       -0.18628692894949        1.57231047836176
O           -4.46852341402725        0.74236674468640        1.02318820880422
C           -2.28095008916035        0.55653039240959        1.94212883317165
O           -1.43946372899632       -0.37891745068381        2.55913241626526
C            1.25698857699684        0.41941872802473        1.53695117159091
O            1.02151760323246        0.81983221792410        2.86794659680865
C            2.76079991451228        0.18872472694053        1.29992778850368
O            3.21809228962506       -0.89505144678462        2.06184499218385
H            4.51614535407985        0.05427110787572       -2.42496989047258
H            4.55852537190759       -1.59534586294735       -1.73831721721371
H            5.96540902345447       -0.50927708865915       -1.54649427792245
H            2.67273789919657       -1.15596654953712       -0.39184767321712
H            0.60338211530124       -0.16214875157190       -0.96273215356374
H            1.11872665383577        2.55022278080007       -2.20513385953415
H           -0.53812164803172        2.07085502784847       -1.73972069968768
H            1.11870170703718        0.66444726122173       -3.52930373607326
H            1.33772605504057        2.34513217720762        0.60096908671794
H           -2.50176193919597        2.00043210311848        0.40804870737954
H           -1.08229673721741       -1.43443244136192        0.37245302518287
H           -2.81791140387099       -1.34567157644792       -2.14004283689397
H           -2.15253078711954       -2.82349418808766       -1.38742751919717
H           -0.68953922982802       -0.74465032841732       -2.61952438479924
H           -4.06250091442156       -1.49343462135774       -0.08201329839437
H           -2.41169729344774       -2.45945793306334        1.97985905596657
H           -3.98461582033373       -0.63243667242307        2.49068293625987
H           -5.32548867138734        0.31775167931524        0.88294265931065
H           -2.51909441832896        1.38124530406449        2.62656132140639
H           -0.68149081989537        0.08191751618373        2.96265658446977
H            0.74935322768451       -0.54552106955587        1.42386392577437
H            1.28589694627333        1.74345681735913        2.98436303350668
H            3.32206131283161        1.10374537729334        1.54865756363914
H            2.96335857120931       -0.74916498785431        2.98556732653677
48
 energy: -84.832005641778 xtb: 6.7.1 (edcfbbe)
C            4.92687588362660       -0.52045619314881       -1.58411770080929
O            4.42547254928200       -0.06212228140242       -0.33516688990425
C            3.05240522928572       -0.12065292463764       -0.21014048467364
O            2.47431304613596        0.85943928358733       -1.04793095371550
C            1.06433898869662        0.92488658844177       -0.92925988326999
C            0.51300962085387        1.82472954708032       -2.03868924957019
O            0.26008841839781        1.10416400381452       -3.21756853740360
C            0.72487733207869        1.41789032346405        0.49286464618813
O           -0.57757111810594        1.94308602192373        0.66529737532550
C           -1.76966362828321        1.17628907463980        0.59386704158262
O           -1.72959571981825        0.24164672363977       -0.44330712126907
C           -1.93527499786467       -1.12460839846938       -0.12811945786471
C           -1.96563967533557       -1.86159312266233       -1.47803279768757
O           -0.79297242945928       -1.67127792255286       -2.22547923239889
C           -3.23620667751400       -1.36795790141615        0.66919297913257
O           -3.14022947057839       -2.54362125701236        1.42737982091413
C           -3.59117738299288       -0.15205432823838        1.56428233793203
O           -4.46872793918011        0.75476931622837        0.95356875218161
C           -2.29650872911218        0.59175255409824        1.92603046430713
O           -1.48597502197569       -0.33733304360719        2.59061346918882
C            1.21651971494872        0.37370580487289        1.49507555094487
O            0.98968622042682        0.76034181898938        2.83321942170898
C            2.72000156350337        0.11742125734713        1.27212295649319
O            3.13214844623054       -1.02021858821731        1.97955259431207
H            4.59785744884787        0.13151203169228       -2.39569151551976
H            4.59591614052191       -1.54565617334517       -1.77663353053058
H            6.00934795874690       -0.48817981994078       -1.49301799464085
H            2.66420782802058       -1.12174794492130       -0.49995840573662
H            0.65221380582789       -0.08645692508864       -1.06898313708358
H            1.21849422835713        2.64474083044213       -2.21131198908412
H           -0.44764792549826        2.23081608004748       -1.71927166851792
H            1.09999840067192        0.80453716519610       -3.58855933171008
H            1.33218022142185        2.32557482241560        0.64551201866889
H           -2.51095838893535        1.94392605303084        0.31375779402723
H           -1.09215241843964       -1.51117014689285        0.46503210721073
H           -2.84315529627055       -1.52316018351215       -2.04108348860850
H           -2.04950824405618       -2.93366718989312       -1.28627315596846
H           -0.77698082864724       -0.75746837967595       -2.55459291895854
H           -4.06120898796799       -1.53495100323810       -0.03274713614417
H           -2.46307849555355       -2.41176343712527        2.10761718018686
H           -4.02421486357088       -0.55042835766529        2.49432118001779
H           -5.33090853886083        0.33492348641139        0.83188480319963
H           -2.53221238652241        1.44589724076917        2.57487763389961
H           -0.70386434573534        0.11246885613872        2.96159172717480
H            0.68824284233947       -0.57704757362544        1.36468061225479
H            1.29462608832703        1.66906836784793        2.96825267598206
H            3.29426558482707        1.00263452375963        1.59024473752553
H            2.87834200691727       -0.91263476180600        2.90857650621552
48
 energy: -84.830596612642 xtb: 6.7.1 (edcfbbe)
C            5.02770160128079       -0.45017542476953       -1.57639563954255
O            4.50770349792138        0.06488200792160       -0.35779456501381
C            3.13339460449024        0.02078682924482       -0.25142568390249
O            2.57866077896379        1.00680275328289       -1.09836009852294
C            1.16863186545093        1.08989380564637       -1.02729327227736
C            0.71780006467082        2.11032934160355       -2.07807464186205
O            0.91933595219391        1.64770302051500       -3.38533691649748
C            0.73263178662097        1.51000014999729        0.39286905169466
O           -0.64869704678174        1.82972200199795        0.45489980985220
C           -1.67260417993788        0.87087537959392        0.52708950543672
O           -1.38949621842804       -0.22844613054053       -0.29891127445588
C           -2.13849969469319       -1.41179692657810       -0.02092098658497
C           -2.20433704201369       -2.21954367396235       -1.32614447026427
O           -0.95259682622813       -2.71296685429700       -1.72466385216406
C           -3.55864654752033       -1.09110189073798        0.47537592014641
O           -4.30687033557562       -2.25965914564424        0.68039034170261
C           -3.52762888024887       -0.19821608930677        1.74233167520602
O           -4.47324830581292        0.83785829868845        1.67327335466009
C           -2.14265739762482        0.44153026906994        1.93704102853669
O           -1.34499871494726       -0.49547619964015        2.60448045051615
C            1.25762418893539        0.48904026073812        1.40071274852720
O            0.99568199094585        0.86069398974558        2.73688333286168
C            2.77282873226075        0.28133761463455        1.21726837665098
O            3.20521843481851       -0.82432680341745        1.96139097472647
H            4.71145232873080        0.16137842690899       -2.42373248958668
H            4.70195526136013       -1.48423296234963       -1.72556944355258
H            6.10862726414783       -0.41164679453388       -1.47090009890888
H            2.73914817767580       -0.97703396349967       -0.54045860924053
H            0.72676963173205        0.11004278809534       -1.26193816072846
H            1.25717111954569        3.05011201981261       -1.90514761362494
H           -0.35341807195683        2.28202562396462       -1.96555538278598
H            1.86241452512631        1.47254259394297       -3.50018334613036
H            1.20518645235541        2.48142329297484        0.59983848571399
H           -2.53318088314464        1.43935448306221        0.12017992358232
H           -1.61217290964523       -2.00209185896431        0.74491188368686
H           -2.64273460255732       -1.58553137420353       -2.10659767276734
H           -2.84421079982700       -3.09011198444380       -1.17146320903920
H           -0.39596823165444       -1.96377515674012       -1.96778005291558
H           -4.08412784505329       -0.54458987038639       -0.31743846711481
H           -3.86909801996592       -2.81275612746509        1.34235647996983
H           -3.71032416005767       -0.83360038856789        2.62242846437175
H           -5.36027948587314        0.45489498362144        1.63137583798449
H           -2.27257639756168        1.35846969874324        2.52702927237590
H           -0.55203876203660       -0.05002461950652        2.95252086264229
H            0.76027988737520       -0.47558852315469        1.25070558253343
H            1.28187949020845        1.77266465618162        2.88983647969873
H            3.31231987069825        1.19222141287746        1.52388245695934
H            2.90598992707617       -0.71389902708689        2.87649340423801
48
 energy: -84.829191429880 xtb: 6.7.1 (edcfbbe)
C            5.01564569399723       -0.43894218474610       -1.63167362536460
O            4.49256713154316        0.01399557328126       -0.38992145857751
C            3.11544814786812        0.01907484927039       -0.31091130626272
O            2.61844714842874        1.08297793545376       -1.09567022841247
C            1.21148512434729        1.20875659115422       -1.05887863770352
C            0.83317373549536        2.34281825478734       -2.01910237021598
O            1.05710303092418        2.00058335901094       -3.35908815209786
C            0.72161463451263        1.50712156936403        0.37521578266771
O           -0.67188825847304        1.78742611625128        0.36289989829232
C           -1.67428491992518        0.81538160087304        0.48715511920583
O           -1.33981215846658       -0.34658036908031       -0.23005041265415
C           -2.13806285845123       -1.49358737006880        0.07040923960410
C           -2.17823591104124       -2.36364407967666       -1.19496425018074
O           -0.95585850513797       -2.99966446487753       -1.45889217737230
C           -3.56851558038807       -1.11861253730287        0.49663984011025
O           -4.33919775136989       -2.26319063412185        0.74836526023693
C           -3.57298000889630       -0.14686854951334        1.70541383929672
O           -4.49712685663179        0.89577078223800        1.53102768125554
C           -2.18513092915481        0.48306964882164        1.90882828242237
O           -1.42683353561662       -0.43195055488409        2.64670464374664
C            1.22598527374061        0.44280493227408        1.34644739704404
O            0.97765582416515        0.78735553228567        2.69326534584598
C            2.73679419392116        0.19942647004158        1.16445327839369
O            3.12454843184949       -0.96164552022407        1.84594609965023
H            4.73164023464328        0.23471541493155       -2.44255076646346
H            4.66073761046885       -1.45075809241774       -1.85084675422572
H            6.09544157478520       -0.44135902686269       -1.50922175192886
H            2.68765193495103       -0.93966449775992       -0.67442739647146
H            0.74194911630636        0.27335014779175       -1.40191280781380
H            1.40428627325783        3.23760889099704       -1.74083341254539
H           -0.23329521629552        2.54837561389076       -1.91890336514493
H            1.99636477961836        1.80168559787901       -3.46593174051962
H            1.15882915691802        2.47429320873001        0.66718913606513
H           -2.53136121464802        1.32752620902385        0.00580358380482
H           -1.65948402668986       -2.06130087192588        0.88332866469269
H           -2.48492753344758       -1.73368665310795       -2.03981765627478
H           -2.91338731233525       -3.15828486334921       -1.05505459604766
H           -0.29126942638565       -2.32254564130805       -1.63013488442061
H           -4.05909391712300       -0.61947865184274       -0.34786144985163
H           -3.93181774120477       -2.77810722793573        1.45878119557279
H           -3.80107714438346       -0.72120111128155        2.61625249802178
H           -5.38750144281094        0.52365338594372        1.46707338035308
H           -2.31381964760587        1.43422833497416        2.44308356316974
H           -0.59857180790348       -0.00785166754364        2.93677726567908
H            0.70349193557982       -0.50380099101828        1.17365323709785
H            1.31116177505354        1.67771125395842        2.87641478933919
H            3.29878279271849        1.07349353228456        1.53181969994082
H            2.83272422071803       -0.89048532568764        2.76718023774616
48
 energy: -84.827042848258 xtb: 6.7.1 (edcfbbe)
C            5.02383554706277       -0.41369739843659       -1.68714083104233
O            4.49327036266095       -0.02017108076471       -0.42861068851602
C            3.11624054493951        0.02866266595665       -0.37143001555502
O            2.66882787438120        1.16276549032395       -1.08390018847204
C            1.26481624513051        1.31528659122887       -1.08142965265720
C            0.94278202402917        2.54040346560638       -1.94589943996754
O            1.20022406545780        2.31447402479441       -3.30442333048873
C            0.71361546236483        1.48959348903204        0.35151251606277
O           -0.68840226287512        1.72575532582213        0.26338837880666
C           -1.68468383228450        0.75809920646127        0.43758426990006
O           -1.31763847199966       -0.45984052373859       -0.16302080158096
C           -2.15508866754927       -1.57084624993212        0.16847640112321
C           -2.16607450118038       -2.51147429569529       -1.04574411966568
O           -0.95130706319810       -3.19225347627105       -1.21828410702207
C           -3.59221563585669       -1.14629711879373        0.51958751097541
O           -4.39082770222427       -2.26159548242041        0.81258638836067
C           -3.62351302583669       -0.10102225740281        1.66565623573003
O           -4.53783518325506        0.93112454474565        1.40146992422615
C           -2.23641459876290        0.53135505473611        1.86478821690195
O           -1.51258922394770       -0.34495333754093        2.67912957994269
C            1.20897087271532        0.38825144271830        1.28542608899474
O            0.96627832517972        0.69922547052271        2.64212785265531
C            2.71725456759127        0.12613857667425        1.10564316064636
O            3.07219456588057       -1.07992702023524        1.72359259778325
H            4.77656630750606        0.31686874772549       -2.45980354822707
H            4.64090564737933       -1.39802453973452       -1.97376581668993
H            6.10056423408791       -0.45945002681406       -1.54753217878041
H            2.66175563210311       -0.88569423455631       -0.80850406354432
H            0.79029197480565        0.42467798527635       -1.52543050668087
H            1.52710837698442        3.39058681036243       -1.57156898947848
H           -0.12110883870029        2.76378587488962       -1.85772699476635
H            2.13758934044062        2.10255810498564       -3.40284578107718
H            1.10443052998699        2.44942472995567        0.72643862918087
H           -2.52843414885418        1.21958484795485       -0.11243784212282
H           -1.71915211378568       -2.10021121150776        1.02968830586115
H           -2.41800406036755       -1.92354677859477       -1.93799018344484
H           -2.92847732353301       -3.27801327020088       -0.89475054601009
H           -0.25635647736541       -2.54064822737046       -1.36804864062626
H           -4.04587041217553       -0.69324368563412       -0.37046026917224
H           -4.01682810994059       -2.74086834834634        1.56521080387582
H           -3.87740916105300       -0.61593701623668        2.60444774875978
H           -5.42839620268182        0.55822402800225        1.34543069771214
H           -2.36644335725557        1.51694895816032        2.33356579537793
H           -0.64452223207389        0.04445348122931        2.89594216095188
H            0.67348995622226       -0.54533444601852        1.08762588545402
H            1.33290060905030        1.56953291400096        2.85683975816442
H            3.29059822859948        0.96639482811030        1.53014195867371
H            2.78307737913473       -1.05113270980716        2.64792743518116
48
 energy: -84.824523866845 xtb: 6.7.1 (edcfbbe)
C            5.09851984245029       -0.26578280515345       -1.75202815952241
O            4.53583868144995        0.00474676211561       -0.47513232969734
C            3.15813265345263        0.06019026748161       -0.45047283926338
O            2.73533071354110        1.26228720536463       -1.05829687125035
C            1.33184605323350        1.40825239251196       -1.09306727186869
C            1.03159639188854        2.71171973833292       -1.84386143618115
O            1.34864122986256        2.62548201718151       -3.20565264618560
C            0.71861998245995        1.43977777145041        0.32562873631877
O           -0.68638033666261        1.63097306522593        0.16252635345449
C           -1.69561743119948        0.68687118638283        0.37663515418649
O           -1.32713201427685       -0.58661477162120       -0.09407191399408
C           -2.21028959843189       -1.64540040498758        0.28943017305081
C           -2.19634854538134       -2.68620392322190       -0.84021286919816
O           -1.02048406080012       -3.45128637003498       -0.86243929447954
C           -3.64765540525417       -1.15568255116946        0.54239454109906
O           -4.49207483985903       -2.22215710208203        0.88426631478825
C           -3.69362175473958       -0.02542112199296        1.60446123571796
O           -4.57889468146500        0.99902588656831        1.23380835445450
C           -2.29941628617054        0.59262136547480        1.79709158113424
O           -1.62447678679857       -0.22970404349373        2.70377898170275
C            1.21150136225632        0.28327422306305        1.19400634933452
O            0.95984509600261        0.51538599055593        2.56504578647974
C            2.72069630921018        0.02044662090432        1.01801381950263
O            3.04762850805431       -1.24350737411309        1.52600738327438
H            4.87961635281516        0.54175025749761       -2.45334368402224
H            4.71529518835584       -1.21160862506044       -2.14730436933030
H            6.17041139813935       -0.33786760263338       -1.58837106151400
H            2.70994043021811       -0.80259293342464       -0.98733921151381
H            0.88266303737356        0.56348332828810       -1.64146958621803
H            1.59054763622528        3.52393871437670       -1.36195294344231
H           -0.03752069655624        2.91659480068067       -1.77851437170402
H            2.29211606414897        2.43316083506313       -3.28294550364553
H            1.05795601625858        2.37733268388883        0.79692246470585
H           -2.51057448316500        1.10643274272499       -0.24509062555795
H           -1.82672231714395       -2.11132247055036        1.21014948400080
H           -2.34630576474919       -2.16501334107171       -1.79475962685147
H           -3.01591696327264       -3.39035909376643       -0.68385749929466
H           -0.27234455667557       -2.86028248412595       -1.00787719458829
H           -4.04990094211553       -0.76065087429041       -0.39842874524866
H           -4.16349623625598       -2.65149584602474        1.68652640143477
H           -3.98499208000926       -0.46308023056649        2.57137323912611
H           -5.47421833277087        0.63780967210853        1.17701487968331
H           -2.41805161157968        1.61690060903350        2.18033538475255
H           -0.70416252857483        0.07765353230380        2.82052020631890
H            0.67244664164670       -0.63383365100082        0.94008575559409
H            1.36437838415785        1.35029141391942        2.84427220416610
H            3.29348430306349        0.80873504207023        1.53334973440878
H            2.74954203912512       -1.29527657825034        2.44632532207655
48
 energy: -84.822338384304 xtb: 6.7.1 (edcfbbe)
C            5.22514350787320       -0.03386437137799       -1.78175863692170
O            4.61292143477850        0.08229696359397       -0.50406309067284
C            3.23409659419447        0.10657246477719       -0.52486651916977
O            2.80307223781553        1.35513825507026       -1.02254252788604
C            1.39904961610678        1.47150136280561       -1.09536320425562
C            1.09206116232919        2.83101821534898       -1.73695665545257
O            1.44501842482086        2.87233529979776       -3.09204869166764
C            0.73311583529585        1.35912520380779        0.29557639878619
O           -0.66846958716612        1.51127722885312        0.06168111804546
C           -1.70203277076681        0.60384853260110        0.31336284286688
O           -1.35398464681101       -0.71840521448401       -0.01471083632089
C           -2.29068829981666       -1.70929202369920        0.42273260675820
C           -2.27810120732645       -2.84591240920584       -0.61130338279347
O           -1.14259608368413       -3.66350815229207       -0.51471848390836
C           -3.71760502846701       -1.15118354478873        0.57719119593547
O           -4.61233670314091       -2.15515289761676        0.97557997914310
C           -3.76003330720728        0.06770661131519        1.53606394491441
O           -4.60412754957165        1.07912518344030        1.05139743383813
C           -2.35318008424467        0.66015441505305        1.71349771568975
O           -1.72752117069266       -0.08865060744774        2.71485798429257
C            1.23050202963209        0.13815333331158        1.07084911830037
O            0.94089066055294        0.24364335830664        2.44991045123753
C            2.74804985473664       -0.08974510071008        0.91532854294831
O            3.07550291723463       -1.39656472149452        1.29987719039918
H            5.01283282471545        0.84326804060754       -2.39622437843692
H            4.87608282273025       -0.93608463366297       -2.29361042671798
H            6.29207075065751       -0.10475521549867       -1.58800715776991
H            2.82617431454370       -0.70608297980694       -1.16260672712143
H            0.99084431829604        0.67040576666529       -1.73380726949502
H            1.62183160412529        3.60665986621915       -1.16953531342243
H            0.01762497022392        3.00895930000868       -1.68319905779650
H            2.39426697574485        2.70763034581400       -3.16314554706565
H            1.02311567554877        2.25730517993999        0.86707470651764
H           -2.48089621172235        0.98052476966319       -0.37764113503968
H           -1.95762253460844       -2.10615345922657        1.39389000267511
H           -2.36532695242506       -2.40574988122047       -1.61316759373555
H           -3.13695091038647       -3.49540963829148       -0.43030637205630
H           -0.35935426018264       -3.12982041941545       -0.69372423173807
H           -4.07198061203013       -0.82585558661339       -0.40856702630354
H           -4.33161421745272       -2.52083095279066        1.82604974311141
H           -4.09005598707194       -0.27505384155654        2.52853196002899
H           -5.50722104701889        0.73736958512965        0.99823552129348
H           -2.44905406237918        1.71960311929242        1.99710720693454
H           -0.76143261741339        0.06835175852886        2.71040071407365
H            0.71078516519023       -0.75905428789256        0.72467809915867
H            1.36272009015004        1.03367999235177        2.82044478341997
H            3.29454741811280        0.64634648715053        1.52740347626541
H            2.75986070326332       -1.54487678057224        2.20363135965356
48
 energy: -84.820867576661 xtb: 6.7.1 (edcfbbe)
C            5.35048231687098        0.20152856651230       -1.77319189501792
O            4.67885007933812        0.15807424629506       -0.52102497268737
C            3.30269201669764        0.15003442690021       -0.60527971911058
O            2.85551888475670        1.43557752416729       -0.97900025489260
C            1.45285438755384        1.52769751396156       -1.09225447126070
C            1.13853886381602        2.93838791102058       -1.60876181577495
O            1.56340301871354        3.12581280340439       -2.93043253299394
C            0.73649438441291        1.26115739818115        0.25264773840464
O           -0.65215608351995        1.41134932336008       -0.05193355544837
C           -1.72250473213140        0.55371830180669        0.22775324995181
O           -1.40483390324040       -0.80070765514339        0.03899649338399
C           -2.34672795758810       -1.72836013243572        0.58729768153921
C           -2.31637477095322       -2.98454121479055       -0.29712654974966
O           -1.16635441959204       -3.76325403740707       -0.10372841019290
C           -3.77311512125266       -1.15305521384354        0.64349121889249
O           -4.68397571158408       -2.09875760040389        1.13679473886298
C           -3.82430448163848        0.17047711707364        1.44976999313781
O           -4.64990453103352        1.12211688772057        0.82957867839104
C           -2.41726272563115        0.77769706822097        1.58502736886865
O           -1.79835294134829        0.19314315882811        2.69675070808131
C            1.22338462075888       -0.05761176812301        0.86187599945604
O            0.84164946654231       -0.19419967242215        2.21442641128436
C            2.75365524370512       -0.21982168223541        0.77657024679655
O            3.10584828015861       -1.55128460366485        1.03177096880937
H            5.14071773236636        1.13723383851584       -2.29501996874434
H            5.05036560557274       -0.64492338201402       -2.39859042902483
H            6.40930350357744        0.13411553069604       -1.53834682038876
H            2.94786902564838       -0.59548834079442       -1.34878144820150
H            1.08744961478345        0.78637084347309       -1.82145753671799
H            1.61411809716527        3.66456701863878       -0.93740870844055
H            0.05813003856787        3.08339957663162       -1.59797609602037
H            2.51867203313352        2.98550341576702       -2.96228316680915
H            0.99476696658450        2.07713136178650        0.94805173265296
H           -2.45965904915092        0.88420985273061       -0.52982310171572
H           -2.02903183194766       -2.00200985189407        1.60502058114069
H           -2.41315615934286       -2.67326040484247       -1.34525451769632
H           -3.16378544583882       -3.62090307013309       -0.03432745728665
H           -0.39324509598805       -3.24528655612049       -0.35848613582251
H           -4.10231479560028       -0.94377365276986       -0.38170122854142
H           -4.42509139182884       -2.36390800150940        2.03040090723149
H           -4.17806384944639       -0.04778850119913        2.46903317501368
H           -5.55384970023709        0.78029638920273        0.79472291668865
H           -2.52198124872449        1.86456834071754        1.72720747552415
H           -0.84772741690663        0.03841727942851        2.51750456009442
H            0.75941732899299       -0.89596029809928        0.33660966683108
H            1.28605502846439        0.47970623198345        2.75177545227973
H            3.23964954238365        0.45952074771394        1.49627803848483
H            2.73388333512511       -1.81692312452033        1.88631466736879
48
 energy: -84.821443525506 xtb: 6.7.1 (edcfbbe)
C            5.49686210903115        0.45533649462967       -1.60386741692894
O            4.72600249217892        0.24206404332719       -0.42849374757089
C            3.36376052968008        0.18684786322936       -0.63530958477189
O            2.88882150507322        1.48104218721968       -0.93526711839289
C            1.49355157201478        1.53416587871079       -1.13108235917976
C            1.16790296454569        2.96658349074525       -1.57782405982568
O            1.69231712458655        3.25552865941486       -2.84456204928453
C            0.70724134159146        1.15670776297709        0.14651856440408
O           -0.65796291459730        1.31935944783057       -0.24307091824265
C           -1.75663109045559        0.51610563984309        0.08698108584443
O           -1.44871000406772       -0.85226245756919        0.05966342115687
C           -2.38407245576671       -1.72741770636622        0.69478622557141
C           -2.38417164174620       -3.04768780021710       -0.09281081534661
O           -1.25454661719143       -3.83674645020203        0.16309085362736
C           -3.79912016451663       -1.13026555721582        0.73904955383619
O           -4.72845171346800       -2.03050119891267        1.28124846277592
C           -3.80194522437224        0.21736762136201        1.49398662292940
O           -4.76475933809373        1.09521720065417        0.96784826677877
C           -2.43027703621965        0.92044003876611        1.41075511530438
O           -1.65278523998064        0.65126653493028        2.54422911373199
C            1.17945520135441       -0.22689780617846        0.62051672462744
O            0.69384771849113       -0.57685500194838        1.89866606060837
C            2.71740525042575       -0.32942166381516        0.65376214472007
O            3.10292194456797       -1.66650380730980        0.81499355312405
H            5.29739021240853        1.44238446647633       -2.02543692725949
H            5.27975474533209       -0.31515999053090       -2.34994825469242
H            6.53441387307350        0.38664511359847       -1.28825033223407
H            3.11042462351679       -0.50230132527563       -1.46956384262484
H            1.19948849752539        0.83205200925387       -1.92728519849190
H            1.56046016208145        3.65965723497404       -0.82322534811280
H            0.08607260238878        3.07729369352610       -1.64792938848222
H            2.65061459754522        3.13814141136286       -2.80673591575949
H            0.92460975416063        1.89281905377881        0.93721201515992
H           -2.47251916172386        0.76777554745928       -0.71789736716334
H           -2.04304640618432       -1.93436760218021        1.72167703636683
H           -2.47144762996343       -2.81356147755206       -1.16163888741255
H           -3.24743968330660       -3.64197722044055        0.21349127825174
H           -0.46870199884877       -3.34986229367783       -0.11255975920028
H           -4.13636480535358       -0.95463056930877       -0.28943810587580
H           -4.47946949417833       -2.25243450069739        2.18951923288028
H           -3.99678242902599        0.02742609607497        2.56222540405962
H           -5.63576098904557        0.67839127292806        1.02668245469466
H           -2.61906836573190        2.00122985954317        1.37662033885656
H           -0.94183886928423        0.02304088102345        2.30547849212775
H            0.79784983418634       -0.99081627137028       -0.06223246656033
H            1.11786119224356       -0.01746385683557        2.56809437994210
H            3.11225917980632        0.29445946553031        1.47269525013236
H            2.67458029390991       -2.02222051303719        1.60811811663313
48
 energy: -84.822160009997 xtb: 6.7.1 (edcfbbe)
C            5.53576727075627        0.53323362866234       -1.58026184663190
O            4.75171569846250        0.28291949046290       -0.42121394363451
C            3.39309283858339        0.21973076183827       -0.64731684517479
O            2.90457022175764        1.52002914695665       -0.89792601295816
C            1.51570321564258        1.55598327938523       -1.13539806907963
C            1.16967296839898        3.00405989708066       -1.51061878234604
O            1.74316193471369        3.38423327102725       -2.73086953863794
C            0.69234586784763        1.08880139095556        0.08679096101152
O           -0.65280051752586        1.19393642610250       -0.38258424334780
C           -1.75250959088090        0.42234216803736        0.00863502691285
O           -1.43036645256743       -0.93493470133042        0.15269176132391
C           -2.42608298407160       -1.76721263357365        0.75553296263805
C           -2.46873039345500       -3.09047846408514       -0.02772744757880
O           -1.38126302116003       -3.92742676925376        0.25697582470998
C           -3.81737137140391       -1.11665556771501        0.77462872934901
O           -4.77791122456402       -1.96528043727281        1.34524566874636
C           -3.77631151808867        0.25319712545486        1.48436650323536
O           -4.76891342798095        1.11314405947324        0.98465826254824
C           -2.41144526144231        0.94911694746477        1.29852241865828
O           -1.58748287702260        0.77405825256233        2.41832513284768
C            1.19603367781466       -0.28688759317345        0.55361633552208
O            0.69976848929256       -0.65482388096766        1.82318531463334
C            2.73562937821141       -0.35080239537257        0.61252550562430
O            3.15532815526066       -1.68012487792762        0.74901366092597
H            5.31726757413202        1.52033366838291       -1.99211326524468
H            5.35183131609514       -0.23236173608678       -2.34032794095860
H            6.56939614495684        0.48759461638310       -1.24799414697857
H            3.15767459055683       -0.43670333117632       -1.51231054451049
H            1.26417184183569        0.89478449682175       -1.97994961880504
H            1.50601644153869        3.66050611956046       -0.69805580557074
H            0.08926789353015        3.08933694692520       -1.62619911733467
H            2.70146942870768        3.28706943507133       -2.65521638386151
H            0.83134781168961        1.80636884675406        0.91279769530261
H           -2.46056732762511        0.58124816466678       -0.82349168798172
H           -2.11309339292431       -1.98643167564186        1.78876681879450
H           -2.52006209543136       -2.85792278459255       -1.09963086485697
H           -3.36472448772455       -3.64441337001601        0.26006280306162
H           -0.56810924227920       -3.46712989617690        0.01661573826060
H           -4.15166615526638       -0.96424305920665       -0.25838126883135
H           -4.53819672834257       -2.16672753998830        2.26088754719927
H           -3.91266412219159        0.09852822523641        2.56784777161295
H           -5.63101090001051        0.68361005569410        1.07674129086633
H           -2.60024622297462        2.02297584047521        1.18368020817731
H           -0.95468664211537        0.05212634721856        2.23177062369070
H            0.84280691470212       -1.05431017949008       -0.14060867736711
H            1.11145634832503       -0.09588357760999        2.50053455183184
H            3.09745939563671        0.26347247128592        1.45411247299646
H            2.73325658684002       -2.06199272837543        1.53314438997700
48
 energy: -84.822471720367 xtb: 6.7.1 (edcfbbe)
C            5.55730593600984        0.59502868818272       -1.58003477130491
O            4.77408208765857        0.30947948636739       -0.42867743402545
C            3.41607281344199        0.24070679330858       -0.65805360381919
O            2.91394037584248        1.54484234954652       -0.85799800424808
C            1.53088198077922        1.56912681786461       -1.12670710126114
C            1.16042299555619        3.02893918892330       -1.42485764769001
O            1.74439535800993        3.49193116558015       -2.61108752934532
C            0.68378422751087        1.01693868055577        0.04144603581597
O           -0.63569398754007        1.05178588293604       -0.50416095916193
C           -1.73949527316519        0.32175944986072       -0.05310022226549
O           -1.40997389724513       -1.00306808786964        0.27114619060199
C           -2.46418436307345       -1.80308180085257        0.81638303212556
C           -2.53715455682679       -3.11555142648673        0.01736907613021
O           -1.46739154194948       -3.97776993303686        0.29369564076744
C           -3.83262163548342       -1.10570534550553        0.80671712584158
O           -4.81670220236231       -1.90057053089265        1.41418434020401
C           -3.75645821972187        0.29346151281149        1.45217121140336
O           -4.76461178454368        1.13358968915346        0.94985680560242
C           -2.39619341412304        0.97188407618081        1.18278977038027
O           -1.54732856862416        0.88744657785722        2.29525785217631
C            1.22314818579771       -0.34072076487554        0.52315846007441
O            0.73295791979367       -0.69086531337231        1.80049422161533
C            2.76404642782825       -0.38098482275179        0.57993916428398
O            3.20677927795597       -1.70688743455226        0.67748924707549
H            5.32870108227808        1.58869820481827       -1.97017735120536
H            5.38326785029621       -0.15517007634649       -2.35764951814338
H            6.59086858530552        0.55331632641088       -1.24699348080578
H            3.18766415729617       -0.38442339707939       -1.54749483778606
H            1.31340592423019        0.95442219138347       -2.01467652429209
H            1.46877847022681        3.64479497383577       -0.57030677450251
H            0.08040497451391        3.09725387702688       -1.55571784301604
H            2.70355436296638        3.41635007112948       -2.52357422518556
H            0.73878858379701        1.72259730760004        0.88810901408377
H           -2.43511722675819        0.37855992992070       -0.90571194541327
H           -2.18687163014824       -2.04576572046752        1.85404796754398
H           -2.57986464156396       -2.87038935538185       -1.05284531377574
H           -3.44593612530972       -3.65300638224547        0.29606189500932
H           -0.64361698490138       -3.51018965825269        0.10896459601918
H           -4.16752533718130       -0.98970043518157       -0.23080424858535
H           -4.57955157999313       -2.07411315110231        2.33627911207445
H           -3.85498207906197        0.18962173923638        2.54599964734008
H           -5.62242011668513        0.70432761236827        1.07758673549603
H           -2.58415433328508        2.03241423857464        0.98346132563660
H           -0.97159461235190        0.10532666375848        2.18235930559350
H            0.88109953470357       -1.12647692708292       -0.15611939205875
H            1.13464777564878       -0.11038571924498        2.46503538752539
H            3.11507946347697        0.21312138272146        1.44019950440325
H            2.80536180858474       -2.11290473013390        1.46002600711490
48
 energy: -84.822301827233 xtb: 6.7.1 (edcfbbe)
C            5.56737067238579        0.67710618405972       -1.59484089952686
O            4.79640665159686        0.33182311245999       -0.45169924771474
C            3.43779140316172        0.25429472432198       -0.67578158703559
O            2.91716763765091        1.55914890869627       -0.81673463391730
C            1.53935561980759        1.56994735198996       -1.11024828825261
C            1.13832665108283        3.03478704861319       -1.33338957133393
O            1.75422583659907        3.58633246879603       -2.46399310322896
C            0.68187492031768        0.93515768359515        0.00554066958898
O           -0.60700706414378        0.89179524433380       -0.60745740843641
C           -1.71918953977846        0.21590403583549       -0.10016541018214
O           -1.39874904517578       -1.05350062753460        0.40698460976027
C           -2.50519067505279       -1.82845573066548        0.87956947876736
C           -2.59396530283456       -3.12659526307588        0.05861493762089
O           -1.55858317267232       -4.02325010926822        0.35721068063243
C           -3.85021005828274       -1.08641677470093        0.83365035726851
O           -4.85814630152505       -1.82100711442983        1.47684261364683
C           -3.73883663451711        0.34227587118281        1.40557152099048
O           -4.75788668489843        1.16351880235651        0.89404725818299
C           -2.38241416023453        0.99343549149712        1.05932784348919
O           -1.52151758466864        1.00599602104545        2.16747809453707
C            1.25986161237716       -0.40117521929874        0.50405117263595
O            0.78667941615411       -0.72879849696242        1.79300327054837
C            2.80266325003847       -0.42555028862529        0.54015753571736
O            3.26191005589529       -1.74926805655737        0.58087534459839
H            5.31384319334886        1.67854968285994       -1.94788256593849
H            5.40693778770132       -0.04822690236961       -2.39852192615251
H            6.60315402075371        0.64756677505329       -1.26755616252974
H            3.21153262428377       -0.33514828077527       -1.58955442256955
H            1.35316078326708        1.00101736515906       -2.03537978630151
H            1.39428748859099        3.60550477254273       -0.43139093615618
H            0.06258064290792        3.08157242064907       -1.50414636482740
H            2.71078640492922        3.52719436988278       -2.34209561534141
H            0.65149720521482        1.62847966013084        0.86317249027763
H           -2.39791188814515        0.16524672130384       -0.96387903719350
H           -2.27132412897781       -2.09702356000849        1.92052843426266
H           -2.59368471880406       -2.86710994668088       -1.00951131484473
H           -3.52690783369806       -3.64011712396530        0.30048608661671
H           -0.71659075217317       -3.56808924485435        0.23094570337064
H           -4.18478587268693       -1.01117933565381       -0.20782803581458
H           -4.62415088810793       -1.96444657796212        2.40488359135778
H           -3.80453259130879        0.29500574919471        2.50590075783967
H           -5.61242755485693        0.73941697062209        1.05683526821231
H           -2.56624233476749        2.03149054267847        0.76658887667212
H           -1.00713823914704        0.17578624969317        2.15320863933056
H            0.91884119543764       -1.20447956835856       -0.15541346733902
H            1.17052413336722       -0.11561273682020        2.43763439645504
H            3.15649787650255        0.13797441702495        1.41928775082832
H            2.90011198970653       -2.18088383561626        1.36855235503371
48
 energy: -84.821604862827 xtb: 6.7.1 (edcfbbe)
C            5.58570821411308        0.80002599477100       -1.62213287214018
O            4.83304755779206        0.36739759210831       -0.49672979786728
C            3.47464107318010        0.27050656699294       -0.71486368497824
O            2.92109520723585        1.56850511268884       -0.77144584385780
C            1.54428485914720        1.56088881321694       -1.06860900587721
C            1.10132209611887        3.02478694528600       -1.19618252639725
O            1.70655486999898        3.66815941217749       -2.28308366676732
C            0.69828064404670        0.82682876749517       -0.00643112657729
O           -0.56380982691827        0.73259969642613       -0.66596137687331
C           -1.69671282336912        0.12800527554132       -0.11888657004781
O           -1.40954698010894       -1.07841017557703        0.54097645075086
C           -2.55712968181272       -1.82209291643029        0.96180417364172
C           -2.62722957687251       -3.13470804227116        0.16375438937464
O           -1.61833539024566       -4.03466637241610        0.53631370553767
C           -3.88139040840703       -1.05024576371187        0.83540347140838
O           -4.92304435932678       -1.71670163782191        1.49854888364866
C           -3.75103223416107        0.41263868334355        1.31356243406407
O           -4.74993404791921        1.21280406067209        0.73397489480019
C           -2.37873137763037        1.01935986592758        0.94548752240209
O           -1.54270652484785        1.10922534943688        2.07067412201756
C            1.32221608611516       -0.50719031221567        0.44466467907169
O            0.87430995888230       -0.89024573769191        1.72510075406563
C            2.86653136252399       -0.49585911562694        0.46234862694126
O            3.35820081008357       -1.80831943064252        0.42241023798635
H            5.31238838283265        1.81821887955294       -1.90594607197119
H            5.42834399281921        0.12670842520473       -2.47045448475462
H            6.62542756636622        0.76640548825751       -1.30784187183025
H            3.25426599545094       -0.26713996618653       -1.66138783247782
H            1.37647815572573        1.05011467567425       -2.03077689700194
H            1.33443817184283        3.54238358477550       -0.25647422100390
H            0.02558512078537        3.05153632507010       -1.37257612739169
H            2.66425256184665        3.61624890792993       -2.16589689936624
H            0.60534016207956        1.47618020010262        0.87916801550844
H           -2.35384595105612       -0.01076145695057       -0.98834735452634
H           -2.37997108393902       -2.07525438076060        2.01715034354078
H           -2.56516004436836       -2.89837976119559       -0.90837831199960
H           -3.57860744310349       -3.63159035687209        0.36491832991631
H           -0.77183530542914       -3.57126993942187        0.49489715772614
H           -4.19190642519491       -1.03464470761882       -0.21610031887538
H           -4.71055336094494       -1.81885795247228        2.43720275881138
H           -3.83427171757542        0.43976530960976        2.41353447563602
H           -5.61304518600161        0.81192350102609        0.91021492733627
H           -2.53641856866057        2.03238402012095        0.56674380011599
H           -1.10883140034982        0.24291286099846        2.17495976894367
H            0.99222929638578       -1.29643328940570       -0.23814358667633
H            1.21296649170135       -0.26323799554649        2.38080059673205
H            3.21546806708735        0.02289181549725        1.37054405986996
H            3.01066905840142       -2.29340298069325        1.18497183275123
48
 energy: -84.822610712888 xtb: 6.7.1 (edcfbbe)
C            5.70539046980910        1.21844397863630       -1.27707235930702
O            4.88752921564189        0.51299488472905       -0.35269521907260
C            3.58287208837423        0.33139198837847       -0.76120341905103
O            2.89960903628774        1.56493234805611       -0.68682101001123
C            1.54528746000596        1.47074216408124       -1.06108167312551
C            1.00062820672233        2.90691577761485       -1.09235198095008
O            1.63376905762716        3.68696698470950       -2.06837661238001
C            0.71389360380086        0.58452154264630       -0.10476621338539
O           -0.55676240558701        0.56928746028963       -0.74966937785741
C           -1.71755347475954        0.08178041909191       -0.14614704644362
O           -1.47079837078019       -1.07629835634749        0.59609492501608
C           -2.61537155143730       -1.70353779499195        1.18006060146824
C           -2.63302808990921       -3.15447427518960        0.67428570936424
O           -1.48265317296418       -3.84069715614726        1.08896830210039
C           -3.93225714807475       -0.96999531004219        0.89089422085701
O           -4.99882422530420       -1.52886638206186        1.61073566040971
C           -3.80617606514495        0.55097365833002        1.15559322433682
O           -4.74606732799544        1.26605583724746        0.39537696787777
C           -2.40189280682875        1.09270166441437        0.79924905573781
O           -1.61873076126994        1.31195738627090        1.94361910062951
C            1.40271350845457       -0.80053937488727       -0.03184436203376
O            0.92670721602974       -1.67912273884495        0.95650426757724
C            2.92770950830586       -0.68015666310251        0.17967459697631
O            3.52959497909747       -1.92850773660527       -0.03095268739810
H            5.35417710311961        2.24449163716117       -1.40325320434766
H            5.71461619757788        0.71028208741835       -2.24635677465738
H            6.70268802693113        1.21562204222395       -0.84530790912488
H            3.53599198654136       -0.05367692208958       -1.80258433478503
H            1.46371306147150        1.03314732926447       -2.06821405035190
H            1.12740248881538        3.34856502881359       -0.09536499089690
H           -0.05861892554211        2.87946255344799       -1.34820976698008
H            2.58351042003346        3.67220649157390       -1.89068525446592
H            0.65290714478942        1.04411664493175        0.88907612393383
H           -2.38084147663030       -0.10450480319325       -1.00631128427854
H           -2.44883697621342       -1.73032607993721        2.26839495510659
H           -2.70813081869592       -3.14359306436443       -0.42258706390577
H           -3.49290146430449       -3.68673764364526        1.08576613762763
H           -0.71385055668830       -3.28843490618581        0.87489318275662
H           -4.20421987904589       -1.11328000941769       -0.16113212241830
H           -4.82562769354091       -1.47694388227291        2.56135885391538
H           -3.96704025979532        0.74035459946358        2.23099588664455
H           -5.62959926608508        0.91402452171458        0.57443486762044
H           -2.51836077596664        2.06007345823528        0.30569241452764
H           -1.33901702138764        0.44960712306766        2.28528156490987
H            1.22020679254571       -1.31133688475975       -0.98447357655159
H            1.02452071577211       -1.26952655369793        1.82678286887852
H            3.12476867929418       -0.32511143160848        1.20570266023424
H            3.00694953649867       -2.59595780255587        0.44150603907102
48
 energy: -84.825180701220 xtb: 6.7.1 (edcfbbe)
C            5.71206589887531        1.31377598238619       -1.14809656505392
O            4.87862316286185        0.58162007466766       -0.25932903697299
C            3.60151738814562        0.35132568466560       -0.72485155763259
O            2.86302875958074        1.55448139414985       -0.65953605382115
C            1.52549982231249        1.41716759803754       -1.08296874864418
C            0.91821560464951        2.82849573586382       -1.08303060094607
O            1.55216850309714        3.67549806723893       -2.00064561353248
C            0.71134336405899        0.47153317962106       -0.17382922225371
O           -0.55146781214768        0.38118686165138       -0.82509464188778
C           -1.70287447333163       -0.00108316879506       -0.13754317754397
O           -1.45291894700402       -1.03015087629857        0.78021063863321
C           -2.61937446724890       -1.69179984942842        1.26829040123280
C           -2.64303394769724       -3.10893373741587        0.67002539938257
O           -1.48639074089326       -3.82110977211253        1.01604229747450
C           -3.92238620568964       -0.92796844961907        0.98047296288843
O           -4.98493117788241       -1.41515795266552        1.75671535434127
C           -3.76278626547360        0.60391349295913        1.15247442163867
O           -4.76592986379320        1.27791766939011        0.43639151352856
C           -2.39201748366021        1.12957546874411        0.65722627756029
O           -1.58443034450031        1.55438371977613        1.72357202693774
C            1.45272970238796       -0.88772558579157       -0.14994439581646
O            0.94567326348759       -1.85902189230502        0.72935562526907
C            2.95211853730984       -0.71136715513167        0.16437952046539
O            3.62282931499684       -1.92540102321795       -0.03906665691934
H            5.33489173871482        2.32857305330283       -1.28962935956338
H            5.77819611413055        0.80736183879682       -2.11606134093143
H            6.68999948764192        1.34117062056136       -0.67491297820448
H            3.61517929990857       -0.01488037815924       -1.77402449614088
H            1.49343641489961        1.00915828998712       -2.10500889980304
H            0.98130777154662        3.23468797584840       -0.06517265163543
H           -0.12783685405703        2.76348414358650       -1.38365797795104
H            2.49199674280967        3.70412198124529       -1.77784386375495
H            0.62015453651045        0.89397112196804        0.83136472063738
H           -2.37448168632558       -0.32527217105702       -0.94764520797074
H           -2.47730128025993       -1.78283191818222        2.35438534363718
H           -2.74011117059506       -3.03010525272346       -0.42271143843239
H           -3.49544261107983       -3.66564027964394        1.06400258949755
H           -0.71643960976940       -3.27715803597218        0.77989636132473
H           -4.23365999175216       -1.11692343205952       -0.05361617386582
H           -4.77677784185079       -1.33817460977941        2.69866558230975
H           -3.84044093521763        0.85027592107172        2.22573186125722
H           -5.62843101434224        0.91970169802563        0.69116898731088
H           -2.56101337530638        2.00287944342971        0.02392176862530
H           -1.33063049258835        0.77226008763523        2.23664573389473
H            1.35562451568589       -1.33066666995264       -1.14876482895926
H            0.91716622482564       -1.50146085481744        1.62712877712543
H            3.07386730114654       -0.37358549363645        1.20743368793616
H            3.08347111314213       -2.63210868777692        0.35096351241433
48
 energy: -84.827272286548 xtb: 6.7.1 (edcfbbe)
C            5.68701564001446        1.42860721791355       -0.98328579415424
O            4.84768478427642        0.63141535554081       -0.15826177059625
C            3.60313031361508        0.36503939062005       -0.68853522497553
O            2.81449918357005        1.53632781090890       -0.61874417557858
C            1.50076195622243        1.36452421192924       -1.10449557966667
C            0.83032604970935        2.74587415492533       -1.07857583023651
O            1.46524259015068        3.65639574814982       -1.93280090864561
C            0.70799828523103        0.35189018708940       -0.25608867732408
O           -0.54784446806303        0.20265354961506       -0.90752912003098
C           -1.69344232225940       -0.07955434095204       -0.16632369040064
O           -1.44095351365446       -0.99527957323523        0.86935391596310
C           -2.60826255779256       -1.67222018990868        1.32695972697057
C           -2.65807832213385       -3.07022848174926        0.68436777145886
O           -1.51195879526620       -3.81590423091941        0.99125899599527
C           -3.90231603341132       -0.88088883155964        1.06032554854733
O           -4.94563789005981       -1.29254502294474        1.90349190451381
C           -3.69561854862496        0.65215055512382        1.15065293928325
O           -4.75979227789720        1.31551754865491        0.51793485603633
C           -2.37510609471118        1.13764256431543        0.49779553337127
O           -1.52809106193389        1.74565267675224        1.43683099999697
C            1.49172583883961       -0.97949581575394       -0.25852536955217
O            0.95814050068973       -1.99299273303398        0.55563306465398
C            2.96586873912270       -0.76066371607627        0.13257529312215
O            3.69945609771211       -1.93424062814500       -0.09126616935427
H            5.27221142896774        2.43071770747047       -1.10865465525878
H            5.81825435766570        0.95939742860909       -1.96327961068872
H            6.64073841024072        1.48101041241478       -0.46498226838660
H            3.67869292414846        0.03667825893135       -1.74762878987867
H            1.52845987550814        0.99445814467962       -2.14129372810423
H            0.82343084944605        3.11376752641127       -0.04467769031644
H           -0.19666738194030        2.64566894894416       -1.43115002001132
H            2.38978637508385        3.72398636547268       -1.66021768992280
H            0.59146060628023        0.73275715484648        0.76188851096507
H           -2.37679643333989       -0.49849584748657       -0.92022374328086
H           -2.46032138117805       -1.79590697789597        2.40751517552861
H           -2.77055990220984       -2.95887732666309       -0.40396899310520
H           -3.51498572477306       -3.62234296327822        1.07519837407119
H           -0.73321831241363       -3.30698335533451        0.71031948196505
H           -4.26693919649871       -1.10644662931483        0.05125047898993
H           -4.69130346587706       -1.18650055301647        2.83119114968115
H           -3.66213617657656        0.93921269502806        2.21643932495373
H           -5.59503446378909        0.95723850286783        0.85224671299869
H           -2.61219103204985        1.90214174787173       -0.24506558417079
H           -1.27951454257343        1.08198404351807        2.09751338604337
H            1.45633814842483       -1.38479143255761       -1.27716791259381
H            0.84163583504068       -1.65677762821144        1.45509104193485
H            3.02916372613749       -0.46250450984665        1.19248354823421
H            3.18474337417498       -2.67907524037173        0.25790512315429
48
 energy: -84.828138163137 xtb: 6.7.1 (edcfbbe)
C            5.64846553913296        1.53888445684709       -0.81417847749383
O            4.80514127909238        0.66738736934762       -0.07263312461991
C            3.59495275393318        0.38560210498405       -0.67078644096367
O            2.75959388283246        1.52209386203682       -0.56810755926044
C            1.47082919815612        1.33210319236579       -1.11498715457540
C            0.74416678944936        2.68197149973563       -1.04543350066184
O            1.38100283197084        3.66115861632392       -1.81901687532541
C            0.70736220448814        0.23897172107227       -0.34717034737454
O           -0.54826547819366        0.05591420710447       -0.98933289364917
C           -1.68727277164373       -0.14115339413928       -0.21267766354309
O           -1.42180970068163       -0.97804186005135        0.88908987138603
C           -2.58487816279812       -1.62862545105761        1.39194177522855
C           -2.67869692972529       -3.04695437186995        0.79761930703057
O           -1.53563310731576       -3.80717254681372        1.07881555069149
C           -3.87585460500793       -0.83013421342518        1.12330103897564
O           -4.89355766766807       -1.16484389231963        2.02955231081099
C           -3.64696829827593        0.70210634923284        1.09906821605069
O           -4.72301643572424        1.33264642831749        0.45294829819828
C           -2.34144351815517        1.12831572423338        0.37713499953608
O           -1.46906295498396        1.79615825243838        1.24956625144747
C            1.52749408786918       -1.06390899626220       -0.39471258512638
O            0.97899599133700       -2.11477621387005        0.36110575859681
C            2.97877034778083       -0.81562192446640        0.05708039205480
O            3.77095376801853       -1.93978614981409       -0.21606637571372
H            5.19960218311260        2.52969987465424       -0.90789670364001
H            5.84428148955722        1.12763837699239       -1.80929470185623
H            6.57403913094238        1.59993580446069       -0.24792244072660
H            3.72631972166508        0.12349984945711       -1.74268851710747
H            1.55472327269275        1.02194348783414       -2.16892867194408
H            0.66984080917777        2.99258818865736        0.00386506774951
H           -0.25952210938968        2.56183827337708       -1.45441645069521
H            2.28567105797312        3.75453624627916       -1.49308806698037
H            0.57767792052576        0.55854707026608        0.69040572228245
H           -2.39154259768462       -0.60783929563877       -0.91641559517100
H           -2.41211379197476       -1.71732608434022        2.47167805366743
H           -2.83967860082040       -2.97094020534134       -0.28715495827642
H           -3.52713003498101       -3.56829697459983        1.24531196050259
H           -0.76528129295510       -3.36190106493913        0.69078178665892
H           -4.28181102094813       -1.11615406064178        0.14564079148643
H           -4.60734425871877       -0.99084911963841        2.93749423129945
H           -3.57946400385237        1.06259900072554        2.14070471849831
H           -5.55135474439110        1.00057716730756        0.82899957550952
H           -2.59461865043042        1.83952743775673       -0.41175877495959
H           -1.21561440960624        1.18350696886135        1.95620403058910
H            1.53636339140628       -1.42732858153068       -1.42917086877136
H            0.79866786197128       -1.80135370525475        1.25910622471889
H            2.99723209141026       -0.58245968023588        1.13467809948535
H            3.29978353272242       -2.72428984936037        0.10522456845759
48
 energy: -84.827442308505 xtb: 6.7.1 (edcfbbe)
C            5.58981710266924        1.64392053786095       -0.69815649444907
O            4.78516956880039        0.67195720906451       -0.04370377025292
C            3.59003166745950        0.39370668642090       -0.67366505350050
O            2.71884922315935        1.49405292742261       -0.50276158599120
C            1.44548061389142        1.30659043720377       -1.08842716962010
C            0.68809668375988        2.63349453095835       -0.96761075023804
O            1.31375170602527        3.65400194713266       -1.69739673104957
C            0.71819944100818        0.13798747310795       -0.40256651257390
O           -0.54054439568164       -0.07097841653427       -1.03092553538574
C           -1.67898008965044       -0.18797185856804       -0.23885116965371
O           -1.41203036739604       -0.95904784735243        0.91382521351285
C           -2.57742457508877       -1.57772477668546        1.44995602425598
C           -2.69744463749665       -3.01840838962626        0.91430516529285
O           -1.55675576704786       -3.78169044778635        1.19741522236299
C           -3.86581854735615       -0.78026910455691        1.15863277319877
O           -4.86395274480619       -1.04386530689785        2.10915049067065
C           -3.63011769831013        0.74576762623157        1.01828669850349
O           -4.68867605867630        1.32505879960736        0.29902401089845
C           -2.30823375216829        1.11685916035957        0.29530181066973
O           -1.43300186009040        1.78795288992432        1.16196266967700
C            1.56741153206477       -1.13795228167704       -0.50580188540289
O            1.02079183727032       -2.21560331417798        0.21429724044927
C            3.01164081429044       -0.87784848323947       -0.03784978406680
O            3.84145260104683       -1.95063175090789       -0.39342550183755
H            5.09398533523270        2.61639780970923       -0.70852776598686
H            5.80990938398188        1.33183931382698       -1.72373677164520
H            6.50824071937919        1.69908154832430       -0.11987992891658
H            3.73965477360474        0.21129952315346       -1.75982417321515
H            1.56330240252628        1.06231857170448       -2.15740724994636
H            0.59686125510885        2.90265674026236        0.09104439396186
H           -0.30803560955002        2.51093722258718       -1.39332387015879
H            2.21450924629970        3.74874589543093       -1.36129690705197
H            0.58413410943245        0.39156899745854        0.65377894580661
H           -2.39874046022887       -0.68450438010748       -0.90418662111100
H           -2.39594105768543       -1.62538463459715        2.53053717075457
H           -2.88521592355306       -2.98574736560762       -0.16790602313834
H           -3.53961312076336       -3.51053881105177        1.40474063719084
H           -0.80027169100312       -3.39165206261635        0.73226448548316
H           -4.29732393696923       -1.12879536785369        0.21251822997753
H           -4.55663815816786       -0.80635579727209        2.99548674035098
H           -3.58244128010676        1.18893252456655        2.02812233625011
H           -5.52637046034859        1.06370756379023        0.70776791584254
H           -2.53861442968314        1.80883717383357       -0.51692080235655
H           -1.17662445213354        1.17489910091502        1.86762876973824
H            1.58501297467115       -1.46537074900188       -1.55165566501562
H            0.83165311134047       -1.92671796802869        1.11918160696122
H            3.02465246627292       -0.72473025087518        1.05391556339379
H            3.41619849492272       -2.77078894776035       -0.09985654577241
