48
 energy: -84.829440933824 gnorm: 0.075117696470 xtb: 6.7.1 (edcfbbe)
C            5.55913447946339       -1.64691439057990       -0.10404825678785
O            4.94018843295050       -0.45773973603165        0.36965157742858
C            3.57855409753246       -0.55290858872810        0.55979653437247
O            2.93835954798121       -0.54572766497493       -0.70175540322365
C            1.53248394291374       -0.62621735549148       -0.62652123857691
C            1.01773000481282       -0.70518661860489       -2.07181578668694
O            1.39411134099551       -1.89575599515666       -2.70324446128261
C            0.91708242726650        0.57930294182420        0.11693551960626
O           -0.46776338766757        0.30233254257546        0.22549019765131
C           -1.39803247479508        1.33637644601967        0.03237409422105
O           -2.23062810619615        1.02044210929350       -1.05193264145979
C           -2.94834148739515       -0.20339440760566       -0.89873471946771
C           -3.79849847438683       -0.37283250279319       -2.16451453091459
O           -3.01471193865397       -0.54325595632841       -3.31371550813016
C           -3.82476181955363       -0.19232224739649        0.36331557904871
O           -4.46114558885032       -1.42387425347814        0.58333934685134
C           -2.98508041523312        0.22048408197146        1.58249057204019
O           -3.78742411184071        0.39379512739298        2.72612484145690
C           -2.28415441111563        1.54636600667331        1.27609308244383
O           -1.51908307488517        2.01675280996975        2.34295784442295
C            1.58614328799993        0.72014876475811        1.49613468555806
O            1.23866311493412        1.88203026810555        2.19934965818619
C            3.12335776675621        0.65252103162641        1.38731023797771
O            3.68399967582016        0.55102433427547        2.66735958166994
H            5.19678409584533       -1.90462374275461       -1.10110888808388
H            5.36944099966178       -2.47724004331123        0.58315954794907
H            6.62294742219171       -1.42793816741020       -0.13836037408770
H            3.31096955171493       -1.48531529174054        1.10147340697162
H            1.23856186037068       -1.53952649743223       -0.08485757896384
H            1.39604531052680        0.16750165525879       -2.62037267686668
H           -0.07277339264395       -0.68702023757930       -2.06843785556416
H            2.35899230110317       -1.94223412962003       -2.70840147037464
H            1.08307560154123        1.49340997734102       -0.47084776572589
H           -0.90307580299750        2.27708356237495       -0.23505123015188
H           -2.22644763634572       -1.03110416717844       -0.82826506146394
H           -4.45223342105525        0.50325096226807       -2.26173240144195
H           -4.41243046756257       -1.27004122557521       -2.06747310525643
H           -2.46783817056776        0.24542717734237       -3.42231911418830
H           -4.63511222748492        0.53574385531698        0.23771621150031
H           -3.80221819159330       -2.13169412067206        0.61208229039289
H           -2.21262718795700       -0.54288459234464        1.77422612277579
H           -4.44549809908565       -0.31561149149926        2.74403247232658
H           -3.05294338744618        2.28968881986098        0.99984681215316
H           -2.03060993023306        1.89012602413082        3.15474389829955
H            1.24342236702915       -0.10819742589916        2.12733366081557
H            1.37927159845468        2.66441642259573        1.65057912454345
H            3.49692228063380        1.55398077860610        0.87280550513260
H            3.22718874108299        1.18734827736201        3.24027067795901
48
 energy: -84.834883631828 gnorm: 0.013036241328 xtb: 6.7.1 (edcfbbe)
C            5.55769362803369       -1.64622038908955       -0.10692284656713
O            4.93747534564422       -0.45706630640421        0.36494099884388
C            3.57554178686556       -0.55146161785047        0.55481370808456
O            2.93353164980282       -0.53363147938125       -0.70761019418206
C            1.52609472959585       -0.61287536017722       -0.63969846656000
C            1.01154948854337       -0.69420478563650       -2.08221294620773
O            1.39052079087205       -1.88734758843601       -2.70837334160461
C            0.91781082778015        0.56185901319659        0.15605803744776
O           -0.47109341468342        0.31328527097894        0.27778872852336
C           -1.39460666984113        1.33752638127667        0.01346758662007
O           -2.22925042691833        1.00161913773150       -1.06121732592971
C           -2.95046070354008       -0.21618615314106       -0.89887014591046
C           -3.80082296092222       -0.37983569810338       -2.16505711553735
O           -3.01711380734866       -0.54785333976822       -3.31474602963317
C           -3.82582813422395       -0.19419304787004        0.36281251040811
O           -4.46303125924512       -1.42425609691415        0.58837011062051
C           -2.98278164941808        0.22657593749111        1.57658706873057
O           -3.78396321679749        0.40184681890201        2.72098901212370
C           -2.28397071993291        1.55344391679828        1.25944035929683
O           -1.52060559784585        2.02594810231122        2.32737957051871
C            1.59446301570188        0.71255820397985        1.52290020062685
O            1.24726703276066        1.87973070871159        2.21734325994290
C            3.12856847014764        0.64993234454407        1.39306261772104
O            3.69613944737574        0.54843449639551        2.66963762202583
H            5.19644302847713       -1.90497517501629       -1.10399127356466
H            5.36833612517136       -2.47607176551518        0.58104043521101
H            6.62147680209932       -1.42660018411394       -0.14025446105703
H            3.30802741464041       -1.48590841915233        1.09324290064961
H            1.23845180666403       -1.53386421336078       -0.10591096236880
H            1.39026338398172        0.17757730854944       -2.63078867236941
H           -0.07873696731641       -0.67966697886644       -2.07614454292432
H            2.35547332079203       -1.93510921245224       -2.70987560354824
H            1.08154726588301        1.47804314233854       -0.43217062372415
H           -0.89845328936921        2.27472187219517       -0.26236905661024
H           -2.22969603354401       -1.04425362515457       -0.82625989495390
H           -4.45198829489261        0.49868171511266       -2.26019983294612
H           -4.41681230272133       -1.27542121362487       -2.06956450223634
H           -2.46944175644797        0.24072884283172       -3.42120032637226
H           -4.63520309067286        0.53460032598148        0.23482791864759
H           -3.80460300249112       -2.13258186751217        0.61622105724482
H           -2.21034886518013       -0.53632870026858        1.77093057818332
H           -4.44026218647004       -0.30939073395447        2.74295643277137
H           -3.05559966588609        2.29363689144282        0.98432186443731
H           -2.03048055825654        1.89521977663752        3.14002157154890
H            1.25491109896100       -0.11420043133798        2.15655439242928
H            1.37971165307241        2.65766842978871        1.65949435709172
H            3.49579528350822        1.55342354185264        0.87721402150675
H            3.23805822165167        1.18243533093834        3.24450425844465
48
 energy: -84.835619216660 gnorm: 0.004273539545 xtb: 6.7.1 (edcfbbe)
C            5.55786439164958       -1.64571617259691       -0.11264197870290
O            4.93799897401503       -0.45663475045600        0.35940439592041
C            3.57677093438258       -0.55124958955795        0.55298797934066
O            2.93080657805776       -0.52227795594015       -0.70699934715023
C            1.52315315029654       -0.60880828842704       -0.63411029966717
C            1.00619838219302       -0.67261378693677       -2.07677186355347
O            1.38231861945282       -1.86468078258005       -2.70687610100482
C            0.91655434785668        0.56324590590290        0.17030479876255
O           -0.47167236096284        0.31113974550142        0.29469940021487
C           -1.39204719475436        1.33085004919288        0.00215868778813
O           -2.22352304237235        0.98189036042279       -1.06837629194095
C           -2.95112181960857       -0.23038152621756       -0.89995868088032
C           -3.80284573933576       -0.39188693217768       -2.16578258934711
O           -3.01982949641867       -0.55805764121170       -3.31614609340060
C           -3.82689436237072       -0.19682482717036        0.36068625731407
O           -4.46570396820212       -1.42424833671162        0.59677698906949
C           -2.98278444829271        0.23545120827743        1.56950407881325
O           -3.78160854341012        0.41753622477876        2.71453909371467
C           -2.28813021373848        1.56314631697240        1.24352679213460
O           -1.52319634803534        2.04177673500459        2.30761708010623
C            1.59903164341189        0.69884496515428        1.53563373729575
O            1.25155794577940        1.86250603497223        2.23484987472838
C            3.13264570065507        0.64431042085665        1.40067167175796
O            3.71259590427746        0.53981340132649        2.67190368329304
H            5.19629166744901       -1.90503115559583       -1.10942795942789
H            5.36895867745651       -2.47517935188234        0.57595478909559
H            6.62154217145929       -1.42572939856282       -0.14618156350174
H            3.30897359797857       -1.49003804107388        1.08343919499328
H            1.24071054752170       -1.54241916143692       -0.11551477349964
H            1.38464245658957        0.19896815943686       -2.62608869556686
H           -0.08423986374744       -0.65809784140734       -2.07236829097474
H            2.34713821817164       -1.91650362460909       -2.70832868843123
H            1.07714439391158        1.48994276777118       -0.40540043449434
H           -0.89457242315069        2.26326969928667       -0.28570063512728
H           -2.23586531874382       -1.06299221430439       -0.82288837105884
H           -4.45133626261058        0.48890883615406       -2.25836881145050
H           -4.42168099262654       -1.28571034102558       -2.07251157391957
H           -2.47192425097352        0.23067543617172       -3.42096203735739
H           -4.63529436317828        0.53199327494985        0.22685274545147
H           -3.80840003509723       -2.13350871819787        0.62671504497289
H           -2.20751591692640       -0.52315446503500        1.76848537579812
H           -4.43517354027178       -0.29604538502873        2.74327293284880
H           -3.06124057552030        2.30072193003205        0.96535986747532
H           -2.02954515983608        1.90879501021543        3.12202434839781
H            1.26853447691408       -0.12984870008277        2.17213487442476
H            1.37599121981167        2.64222759046011        1.67742589308946
H            3.49243619248758        1.55134668798828        0.88570950234131
H            3.25628309249760        1.17027135448211        3.25224900601338
48
 energy: -84.836026562377 gnorm: 0.006172701469 xtb: 6.7.1 (edcfbbe)
C            5.55982406432921       -1.64540625449741       -0.12016592329675
O            4.94107118400672       -0.45636932973886        0.35301118366945
C            3.58053641939626       -0.55086246773376        0.54987311975126
O            2.93166622636333       -0.51016170798009       -0.70773552662617
C            1.52425007904775       -0.60160117149227       -0.62841403638560
C            1.00111438250590       -0.64979436144658       -2.06981950944907
O            1.37103567536056       -1.83847010777730       -2.71124850089831
C            0.91579795335648        0.56562434982374        0.18223513118835
O           -0.47158219352591        0.30367333107117        0.30129328957111
C           -1.38967586399767        1.32073096343414       -0.00734964864024
O           -2.21400925836267        0.95936308499767       -1.07765234782213
C           -2.95101622850285       -0.24621016421507       -0.90115907821865
C           -3.80466470017773       -0.40695357801035       -2.16634920544168
O           -3.02364497558675       -0.57254465183892       -3.31805697132883
C           -3.82743214020504       -0.19835758547459        0.35880903341079
O           -4.46794474209287       -1.42239863956498        0.60876915913086
C           -2.98459430910891        0.24701340758881        1.56386505091124
O           -3.78242014253064        0.43822248949145        2.70827383556893
C           -2.29213956707806        1.57304524684936        1.22663830764649
O           -1.52749163827848        2.06373398060572        2.28537336293045
C            1.60183720951505        0.68485237174880        1.54952204414851
O            1.25282518003816        1.83940956000222        2.26393500755533
C            3.13582530193389        0.63742513519457        1.40739806653765
O            3.72707211621998        0.52733651099202        2.67321208358890
H            5.19724167824157       -1.90476231144848       -1.11663803988884
H            5.37124742602585       -2.47478957680598        0.56862604679350
H            6.62346648220796       -1.42563471066320       -0.15475424029826
H            3.31222312395155       -1.49443208630920        1.07135632425128
H            1.24448321764242       -1.54223315033550       -0.12119559876193
H            1.38047182700561        0.22429707547339       -2.61435818687965
H           -0.08950050726626       -0.63128991770255       -2.06411991161248
H            2.33559608032158       -1.89516585773266       -2.71335280346941
H            1.07575625147977        1.50086603606215       -0.37914822318866
H           -0.88986970270102        2.24743112433490       -0.30855453777006
H           -2.24377557626108       -1.08558421677793       -0.81876191023352
H           -4.45158051560672        0.47527339483328       -2.25668214410161
H           -4.42551376302780       -1.29946708964443       -2.07413732212804
H           -2.47560258740950        0.21617457057822       -3.42235227281193
H           -4.63525258105683        0.52952263959013        0.21605014473602
H           -3.81221290868034       -2.13296826050748        0.64228822853177
H           -2.20606653349703       -0.50627134205927        1.76923058722569
H           -4.43258105828607       -0.27807518620212        2.74505211739964
H           -3.06430530255380        2.30751945014718        0.93869102902929
H           -2.03015515439024        1.93010129181440        3.10171908721903
H            1.28011669159525       -0.15069347525145        2.18191566327641
H            1.36608892874635        2.62481298456103        1.71208881659462
H            3.48823366289435        1.54934198341644        0.89589657057114
H            3.27524783211174        1.15471934589675        3.26036566259393
48
 energy: -84.836368846973 gnorm: 0.005914459878 xtb: 6.7.1 (edcfbbe)
C            5.56303513169546       -1.64411638133840       -0.12855927544913
O            4.94580571125928       -0.45506487518463        0.34650511096747
C            3.58590449902804       -0.55001277609951        0.54576116231981
O            2.93483918610153       -0.49926593424387       -0.70977656552984
C            1.52841772993435       -0.59375901071960       -0.62325743588963
C            0.99661300085492       -0.62628511019719       -2.06241783640662
O            1.35663895478425       -1.81024443661039       -2.71943191351151
C            0.91768576536384        0.56821495167483        0.19192736761790
O           -0.46906802660492        0.29696142970052        0.30147840471856
C           -1.38781243671960        1.31040220809089       -0.01636252839812
O           -2.20233836605331        0.93517993747381       -1.08906314940809
C           -2.95053537014920       -0.26278794795071       -0.90197100568734
C           -3.80727141956352       -0.42388491363080       -2.16581964642460
O           -3.02964703629710       -0.58970464779717       -3.31965674894353
C           -3.82733693107828       -0.19873199520881        0.35768789359419
O           -4.46912284158936       -1.41912048932730        0.62293397931062
C           -2.98694680508534        0.26045756846179        1.55957607225079
O           -3.78585302058603        0.46236602477004        2.70141918662053
C           -2.29559415990795        1.58274094459069        1.20803611255678
O           -1.53391450991190        2.09164299194879        2.26046937177609
C            1.60440411510678        0.66792113138863        1.56348406400730
O            1.25219484743157        1.80767181689135        2.30181935866072
C            3.13927456113178        0.63027764822733        1.41363053684315
O            3.73979421180943        0.51276640135373        2.67445717634758
H            5.19856094049157       -1.90332426118177       -1.12455201723999
H            5.37534510872350       -2.47375808807194        0.56017997901548
H            6.62669874740744       -1.42497343744188       -0.16536222675870
H            3.31798011491695       -1.49816413375508        1.05899113971537
H            1.25051146334015       -1.53694211332837       -0.12243734121200
H            1.37745795627671        0.25186263615931       -2.59949768462489
H           -0.09395240742221       -0.60120996680157       -2.05087550603118
H            2.32080051604591       -1.87259958527090       -2.72389236208602
H            1.07869003153919        1.51019339431202       -0.35493270484780
H           -0.88621948977251        2.23182730386840       -0.33053069163275
H           -2.25225824677348       -1.10950544987808       -0.81429492644221
H           -4.45406324408053        0.45868757892967       -2.25438425766666
H           -4.42864331472000       -1.31596225636676       -2.07304363427748
H           -2.48131875506027        0.19868083959820       -3.42470548269565
H           -4.63506874909526        0.52729377680099        0.20441989698709
H           -3.81508466076973       -2.13106577977572        0.66086425990438
H           -2.20623010297954       -0.48819419268074        1.77297781344580
H           -4.43231999881696       -0.25669595998186        2.74684161623313
H           -3.06557659766978        2.31292202703109        0.90430788958908
H           -2.03264524696862        1.95838811569302        3.07904784096593
H            1.29070436330720       -0.17976628172468        2.18405099273013
H            1.34968375891862        2.60302341064245        1.76093332546080
H            3.48359262725464        1.54828004263892        0.90736591978225
H            3.29418543907019        1.13737097186122        3.26914148422907
48
 energy: -84.836633796687 gnorm: 0.004333813343 xtb: 6.7.1 (edcfbbe)
C            5.56741962348268       -1.64073849264678       -0.13677867456495
O            4.95137068918656       -0.45241220710104        0.34192463425163
C            3.59183623921770       -0.54915531850372        0.54206695911681
O            2.93942873426864       -0.49184003616589       -0.71213180285616
C            1.53435279450898       -0.58733239163633       -0.62064438037187
C            0.99439475068922       -0.60706206855276       -2.05730683276454
O            1.34370771701857       -1.78566681441598       -2.72991312251390
C            0.92173326767014        0.57014226283579        0.19784377653106
O           -0.46484987133070        0.29417057651984        0.29709882122152
C           -1.38647736172360        1.30381273558156       -0.02391932319688
O           -2.19218627294813        0.91574656837566       -1.09964702154489
C           -2.94981236661413       -0.27570084288042       -0.90152555957721
C           -3.81027501944844       -0.44013901596087       -2.16314342438845
O           -3.03682820606124       -0.60789406470560       -3.31935183042393
C           -3.82641254627546       -0.19756956233093        0.35799457458876
O           -4.46847232312648       -1.41490958840434        0.63640084666888
C           -2.98873305187847        0.27409040542473        1.55730117642149
O           -3.79042147389007        0.48695733884382        2.69494887001880
C           -2.29780341556694        1.59142847277417        1.19062330744473
O           -1.54111090008424        2.12110681566855        2.23681455656852
C            1.60604530547278        0.64927525533482        1.57407201045545
O            1.24758933213803        1.76992776368185        2.34008533526379
C            3.14183902222145        0.62336523222987        1.41922597270006
O            3.74755953737976        0.49812039378044        2.67648135011156
H            5.20000025435033       -1.89879128282353       -1.13219338140669
H            5.38155020246909       -2.47144626569859        0.55120152481607
H            6.63105445551713       -1.42201647110391       -0.17665511960932
H            3.32561703807390       -1.50100001298824        1.04929793702003
H            1.25735299601534       -1.53057129169552       -0.12225276038716
H            1.37686044408187        0.27546361259978       -2.58632024074420
H           -0.09584788859896       -0.57504958540864       -2.03754858342216
H            2.30742139270876       -1.85292466265053       -2.73838931062642
H            1.08551521852534        1.51677240567679       -0.33693021108154
H           -0.88435054747442        2.22199113861102       -0.34756469237374
H           -2.25850326227609       -1.12763123048856       -0.80926758348289
H           -4.45862650861041        0.44133990764742       -2.25162001926601
H           -4.43032433700100       -1.33283693081598       -2.06703452694793
H           -2.48765332124449        0.17950732410977       -3.42692832844778
H           -4.63459774838221        0.52600771963776        0.19565141876042
H           -3.81558576896918       -2.12764948348743        0.67912424220405
H           -2.20771858894893       -0.47177263501532        1.77933373681365
H           -4.43421238939511       -0.23385984351659        2.74809515376448
H           -3.06609493287622        2.31616398206079        0.86956851939726
H           -2.03645742530838        1.98963382959543        3.05759232296389
H            1.29876382199426       -0.21431126449096        2.17624120973580
H            1.32653124933516        2.57793043807293        1.81440697559074
H            3.47842792533546        1.54765103265891        0.91930610378762
H            3.30698056045180        1.11966927953935        3.27784840823625
48
 energy: -84.836818200308 gnorm: 0.003614561041 xtb: 6.7.1 (edcfbbe)
C            5.57216773482766       -1.63473921029889       -0.14402377992529
O            4.95592616792236       -0.44852237748025        0.34019346589318
C            3.59652342063525       -0.54875561199630        0.53996042605863
O            2.94367421685366       -0.48853163144259       -0.71380775574611
C            1.53961363072797       -0.58421679794327       -0.62132303341000
C            0.99544572378089       -0.59557705487055       -2.05653048181503
O            1.33703510249155       -1.76949071467703       -2.74004455618470
C            0.92545527351045        0.57012610859927        0.19976843089354
O           -0.46137254558794        0.29458047378795        0.29156982405381
C           -1.38548460213287        1.30212327020252       -0.02909941854024
O           -2.18625768315139        0.90576953037091       -1.10681604238233
C           -2.94861475696699       -0.28195997406974       -0.89969097165937
C           -3.81246364090626       -0.45287548726940       -2.15854166829445
O           -3.04305115831664       -0.62484283913759       -3.31666971184622
C           -3.82463542351782       -0.19489273241067        0.35972596127419
O           -4.46578603501993       -1.41051708903774        0.64660676542699
C           -2.98926701394201        0.28615006563848        1.55721495060892
O           -3.79404207258394        0.50879557116063        2.69039453541336
C           -2.29856296833046        1.59895661994553        1.17797757286096
O           -1.54707794143939        2.14618733613537        2.21917509102434
C            1.60559159606251        0.63139057184119        1.57939740750716
O            1.23877522133166        1.73293003714870        2.36912921441375
C            3.14204136647204        0.61722692940327        1.42398210251059
O            3.74869499132141        0.48560294668461        2.67957939769135
H            5.20146633747932       -1.89039540697710       -1.13895754663062
H            5.38937371785793       -2.46764320854045        0.54219105288823
H            6.63551694346126       -1.41520568485593       -0.18703851545155
H            3.33330507335178       -1.50341092580855        1.04360666057508
H            1.26264995774411       -1.52738016431257       -0.12378934843538
H            1.37909830591176        0.29035352188306       -2.57922963057269
H           -0.09434318104699       -0.55878299794781       -2.03029440051179
H            2.30039098573985       -1.83954363091131       -2.75312413731414
H            1.09314778537548        1.51970519144449       -0.32690942590855
H           -0.88317264754811        2.21899827630948       -0.35762613771885
H           -2.26023904587532       -1.13552922463029       -0.80372407496423
H           -4.46339326592093        0.42651042827111       -2.24914837117494
H           -4.43008504767144       -1.34671838814533       -2.05633595277782
H           -2.49236463715304        0.16090624799679       -3.42827394963920
H           -4.63374024645187        0.52625392144764        0.19182001027160
H           -3.81300286533830       -2.12303437684835        0.69402161381472
H           -2.20932592535246       -0.45859792403208        1.78704102739575
H           -4.43703938648262       -0.21218187852981        2.74929775664988
H           -3.06658783985332        2.31814790080596        0.84342422517187
H           -2.04069795709416        2.01805352313322        3.04149367485351
H            1.30315208943980       -0.24745728497185        2.16213575514013
H            1.29978839632958        2.55236559830395        1.85866251217402
H            3.47266827227830        1.54680379744488        0.93026684530014
H            3.30910262076324        1.10285787714121        3.28584564557935
48
 energy: -84.836989790323 gnorm: 0.003794679637 xtb: 6.7.1 (edcfbbe)
C            5.57749776909073       -1.62527510906510       -0.15144102828801
O            4.95910464575916       -0.44295733652496        0.34022316666081
C            3.59982310051879       -0.54888472980220        0.53906203451348
O            2.94705796256715       -0.48798317403781       -0.71484108071879
C            1.54352239595495       -0.58441305659678       -0.62451742314739
C            0.99916229595620       -0.59012297290821       -2.05962005746996
O            1.33647368437852       -1.75996022448436       -2.75008276142341
C            0.92767588557994        0.56751657610237        0.19910578692183
O           -0.45972140231199        0.29592966814249        0.28626026677897
C           -1.38434754004308        1.30375164126206       -0.03287818099016
O           -2.18355488784982        0.90351056985373       -1.11149712034850
C           -2.94658312296559       -0.28287767341943       -0.89670152047952
C           -3.81345734620619       -0.46320908800987       -2.15226011089322
O           -3.04800431272712       -0.64197803000478       -3.31184080717792
C           -3.82186660453700       -0.19067751719177        0.36276566252779
O           -4.46098137674971       -1.40579254660928        0.65489096327797
C           -2.98862035107733        0.29806948357255        1.55889765317689
O           -3.79636117445158        0.53011259221206        2.68764057015878
C           -2.29807265236201        1.60697947411128        1.16913060907471
O           -1.55121457646299        2.16860330656408        2.20595979842375
C            1.60252199253684        0.61278934629219        1.58124742926461
O            1.22533492307210        1.69503844565230        2.39121074740229
C            3.13942349224686        0.61090476089406        1.42849408936856
O            3.74428559134689        0.47417145331968        2.68383890127466
H            5.20345739404815       -1.87752266009607       -1.14600101253115
H            5.39954259066663       -2.46165795171652        0.53192887300829
H            6.64012063546931       -1.40287930214455       -0.19758973690262
H            3.34107033141114       -1.50624070149342        1.04019281597650
H            1.26613954047443       -1.52833925899105       -0.12829428416938
H            1.38376573093777        0.29849896628111       -2.57725642429310
H           -0.09023684604967       -0.55061606199548       -2.02994030150261
H            2.29959690979987       -1.83093485967565       -2.76792319116460
H            1.10022157877235        1.51924271792107       -0.32181866064880
H           -0.88089465303504        2.21988738139815       -0.36347016817025
H           -2.25774702118135       -1.13531321426189       -0.79716659923773
H           -4.46730210299331        0.41361782748129       -2.24706451749849
H           -4.42832530420182       -1.35813206454033       -2.04136569997468
H           -2.49528915854375        0.14154085907989       -3.42897175825092
H           -4.63237712322062        0.52801292100463        0.19168542895926
H           -3.80721112151310       -2.11703664958403        0.70735679017024
H           -2.21035581820824       -0.44620302773151        1.79618950224059
H           -4.44002033397023       -0.18980915284802        2.75123922778046
H           -3.06686904781447        2.32077031158696        0.82454627426373
H           -2.04474119490317        2.04591672088483        3.02922470124378
H            1.30506498434087       -0.28036273490109        2.14472293635269
H            1.26735188040866        2.52426292546383        1.89514872515138
H            3.46503950945997        1.54530583755961        0.94103601292785
H            3.30089729240875        1.08473844011265        3.29402649316953
48
 energy: -84.837200228549 gnorm: 0.004352270028 xtb: 6.7.1 (edcfbbe)
C            5.58477156429497       -1.60932704329446       -0.16167381129974
O            4.96115408052224       -0.43394772217099        0.34084636730929
C            3.60226215273801       -0.54955241276592        0.53867203920159
O            2.94974126129419       -0.48903010881089       -0.71562615587979
C            1.54628471226790       -0.58799498523523       -0.63013103888887
C            1.00550978421491       -0.58841771881116       -2.06661180089457
O            1.34157612117423       -1.75409116055193       -2.76217081367989
C            0.92803368586243        0.56129738199916        0.19663095959331
O           -0.46036263208248        0.29686231111796        0.28073079665005
C           -1.38252786701439        1.30780390001557       -0.03704799194670
O           -2.18274388082289        0.90692231952766       -1.11564925461262
C           -2.94311957762461       -0.27987084600177       -0.89217620104408
C           -3.81313490463678       -0.47419109007903       -2.14330294684248
O           -3.05212132355585       -0.66420839583972       -3.30390615537385
C           -3.81742956247365       -0.18379825859398        0.36774852827064
O           -4.45296199790939       -1.39938923670940        0.66440076457477
C           -2.98669503745138        0.31360620836451        1.56242757935670
O           -3.79760612788043        0.55717297056985        2.68610723388415
C           -2.29618575989091        1.61849083512919        1.16129149544337
O           -1.55332601303166        2.19429012464634        2.19284812646133
C            1.59584623277561        0.58813579744662        1.58149226080383
O            1.20410113616378        1.64653184032429        2.41359959525230
C            3.13312216975353        0.60231675138333        1.43407366255490
O            3.73424542815242        0.46065683016382        2.69020005933574
H            5.20702505887041       -1.85676994713374       -1.15594809662532
H            5.41491407505460       -2.45130506292222        0.51709094075190
H            6.64588822451604       -1.38055419289401       -0.21143139925968
H            3.35063396800476       -1.51066001108037        1.03675331738511
H            1.26846959503692       -1.53411556781073       -0.13725859012542
H            1.39128196248756        0.30293601458262       -2.57892405477034
H           -0.08370679644195       -0.54762938180973       -2.03676178310959
H            2.30459015169154       -1.82444869840139       -2.78522639774696
H            1.10732203547215        1.51549164444965       -0.31812601311426
H           -0.87576498603289        2.22243973698401       -0.36867255670434
H           -2.25093714802160       -1.12884779784831       -0.78789747939800
H           -4.46996500916489        0.39969750246031       -2.24528873781034
H           -4.42521262333241       -1.36966113372614       -2.01968569173335
H           -2.49682254402585        0.11624407722221       -3.42934642262389
H           -4.63014524490761        0.53178826321029        0.19410389490402
H           -3.79681182601618       -2.10792956520792        0.72373212108309
H           -2.21047331882794       -0.42992248753891        1.80875095314831
H           -4.44296505396547       -0.16071922112596        2.75515003830223
H           -3.06637753802416        2.32643198221053        0.80760865857818
H           -2.04826194532166        2.08077833287594        3.01674771063810
H            1.30580899593919       -0.32148215363341        2.12242399224709
H            1.21985241677291        2.48596481768953        1.93366253469867
H            3.45282567359017        1.54260606350131        0.95445235070049
H            3.28039527536732        1.05939162245865        3.30480042764863
48
 energy: -84.837436900561 gnorm: 0.004650285566 xtb: 6.7.1 (edcfbbe)
C            5.59427169651762       -1.58552726188235       -0.17592677489400
O            4.96149210769982       -0.42081660416770        0.34089504547212
C            3.60357434889464       -0.55084172030792        0.53829998864758
O            2.95104944636351       -0.49067718892085       -0.71630369043663
C            1.54724031893514       -0.59498144948465       -0.63729488734246
C            1.01350390633033       -0.58942189137541       -2.07668513821375
O            1.35219534633614       -1.75090633977610       -2.77625841937218
C            0.92572754005802        0.55091056475163        0.19316560443572
O           -0.46409160665102        0.29596094144679        0.27538355232587
C           -1.37992912331745        1.31311786487656       -0.04233312176180
O           -2.18320752908871        0.91429788677135       -1.11992617374983
C           -2.93835662592182       -0.27421341490272       -0.88622548138159
C           -3.81105969652054       -0.48665728416247       -2.13207458946424
O           -3.05405469494166       -0.69323771326851       -3.29248235938076
C           -3.81153315640914       -0.17390248411248        0.37470254046731
O           -4.44203833361404       -1.39071206972573        0.67675855159213
C           -2.98378820207123        0.33407606971788        1.56743184148238
O           -3.79786259495466        0.59169040903319        2.68561960465099
C           -2.29272110121657        1.63454391816316        1.15369158581857
O           -1.55185603061874        2.22357452776355        2.17859288105873
C            1.58536065885657        0.55622861046860        1.58133507751583
O            1.17540772106358        1.58645877899103        2.43781452615014
C            3.12279097281579        0.59047690575408        1.44124677365969
O            3.71912533454510        0.44405423923600        2.69895522914609
H            5.21313833688190       -1.82697259293402       -1.17022078027602
H            5.43621449106374       -2.43544161379723        0.49608699449122
H            6.65286416260507       -1.34586938087218       -0.22927080537711
H            3.36208783018976       -1.51731756649980        1.03164264379808
H            1.26967319347596       -1.54491124221441       -0.15075937195870
H            1.40074791225215        0.30489498529065       -2.58294953097740
H           -0.07591369878471       -0.54907727538434       -2.05080242715889
H            2.31527071236161       -1.81882482935663       -2.80389379357280
H            1.11358754366828        1.50826388636260       -0.31349653921289
H           -0.86691914120179        2.22437525249387       -0.37523220919329
H           -2.24066554661406       -1.11797903250312       -0.77548135681479
H           -4.46973376738127        0.38466668813915       -2.24474810086608
H           -4.42142368402303       -1.38121956411651       -1.99239402081088
H           -2.49627482496712        0.08361428231755       -3.42935652564542
H           -4.62714979856949        0.53778888464087        0.19788349723772
H           -3.78207152500786       -2.09499613170364        0.74523190743947
H           -2.20953139956454       -0.40775320188968        1.82459002514917
H           -4.44524395462478       -0.12371383376987        2.76160702544037
H           -3.06402004096289        2.33711526429467        0.79163741224788
H           -2.04959309812504        2.12349024120823        3.00281614855330
H            1.30564466220618       -0.37149521219703        2.09714150122593
H            1.15613067899628        2.43569135891864        1.97496615871195
H            3.43510199737206        1.53802610591371        0.97127268745995
H            3.24683529884117        1.02414236141622        3.31883030979858
48
 energy: -84.837661287628 gnorm: 0.004538709070 xtb: 6.7.1 (edcfbbe)
C            5.60513714830072       -1.55553754504759       -0.19338825235803
O            4.95977895937234       -0.40465551328504        0.33964403536654
C            3.60358429417743       -0.55276175633713        0.53760424112818
O            2.95050273179786       -0.49192924210236       -0.71690839857412
C            1.54615592404569       -0.60406041800451       -0.64433525992808
C            1.02116276063357       -0.59196659839859       -2.08741653805759
O            1.36651009178657       -1.74938783502808       -2.79052058260901
C            0.92103147717116        0.53764170818818        0.18980807509030
O           -0.47035255322950        0.29279604667207        0.27071312997320
C           -1.37696822232293        1.31803021956992       -0.04839942340194
O           -2.18409016292512        0.92240956442991       -1.12421051915987
C           -2.93344998884122       -0.26806276612790       -0.87952892179656
C           -3.80744552516289       -0.49980123887690       -2.12029404765856
O           -3.05244281726475       -0.72720483225098       -3.27833390169107
C           -3.80548496065361       -0.16184220754931        0.38270837373976
O           -4.43050808895718       -1.37987008128637        0.69207046134980
C           -2.98075886036578        0.35799950545972        1.57274683922615
O           -3.79766071088543        0.63067613712598        2.68555324760962
C           -2.28788471504875        1.65349379258303        1.14625913092563
O           -1.54566624866473        2.25301935248814        2.16350671251596
C            1.57251904208531        0.52019393012531        1.58166797528541
O            1.14379139594170        1.52169382881051        2.46160828177819
C            3.10960895196089        0.57575820766906        1.44974449042361
O            3.70104339588786        0.42481633563670        2.70942970539321
H            5.22201848125578       -1.79041170793032       -1.18832775324913
H            5.46130720580965       -2.41495836166427        0.46996084814123
H            6.66027975199730       -1.30122925853419       -0.24918573759574
H            3.37440338222192       -1.52594472606158        1.02413346318598
H            1.27009230673501       -1.55864643434978       -0.16627023791306
H            1.40962588492032        0.30551092184346       -2.58715862006532
H           -0.06877195832363       -0.55422475945730       -2.06882616550681
H            2.32984465970754       -1.81274498855706       -2.82059275273632
H            1.11813153815900        1.49870144163917       -0.30645177937045
H           -0.85555090988000        2.22386683938291       -0.38377330736946
H           -2.22994591124058       -1.10620096954849       -0.76114186885553
H           -4.46546638722571        0.37025642204212       -2.24661980840070
H           -4.41837927575534       -1.39129788280812       -1.96397365725445
H           -2.49314498033270        0.04611071260962       -3.42882780950464
H           -4.62409507539224        0.54550909739410        0.20142631814876
H           -3.76602363868445       -2.07894038423682        0.77113395581680
H           -2.20813181952245       -0.38119258348804        1.84141158476817
H           -4.44623076307772       -0.08271815279405        2.76977371989338
H           -3.05890180226660        2.35262077222239        0.77717364909201
H           -2.04681903773949        2.16912370679753        2.98776555332035
H            1.30411143330425       -0.42436178531622        2.07287211791610
H            1.08473772972618        2.37756958572156        2.01421492979104
H            3.41381564388728        1.53115548438348        0.99046310119275
H            3.20497726560134        0.98099154528545        3.33457441917299
48
 energy: -84.837855638938 gnorm: 0.004701583688 xtb: 6.7.1 (edcfbbe)
C            5.61727565619147       -1.52008388782879       -0.21353853681866
O            4.95658834527615       -0.38590493505445        0.33700160902575
C            3.60291365047881       -0.55520976856448        0.53618227898891
O            2.94861783787104       -0.49222181295291       -0.71773635144477
C            1.54386401962210       -0.61390977430935       -0.65050098932679
C            1.02732951932057       -0.59480087809112       -2.09708295630568
O            1.38250014096271       -1.74773296399219       -2.80427324603378
C            0.91508100018750        0.52277323883156        0.18722508563302
O           -0.47775996718410        0.28783525329023        0.26638452573126
C           -1.37387593817996        1.32153078806744       -0.05534008210611
O           -2.18426591570125        0.92816094430399       -1.12899394879341
C           -2.92935942689996       -0.26320200205067       -0.87236995713968
C           -3.80316983292094       -0.51377287272559       -2.10867943194268
O           -3.04770850133996       -0.76564301624732       -3.26183641332797
C           -3.80012073696177       -0.14799600754813        0.39118061370247
O           -4.42014131322181       -1.36633314218583        0.71086739557595
C           -2.97807217511201        0.38494250574717        1.57753732440369
O           -3.79759752224926        0.67342771473792        2.68487236888606
C           -2.28179463564023        1.67429563296773        1.13772388149993
O           -1.53463533296321        2.28262384412362        2.14607783165192
C            1.55851940275390        0.48097322846064        1.58309359242668
O            1.11127244685982        1.45333697570591        2.48625370367175
C            3.09468411590181        0.55810673862237        1.45953864272416
O            3.68132253482911        0.40165506755921        2.72121726549638
H            5.23390541289357       -1.74773842348273       -1.20994544308326
H            5.48920555145876       -2.39018427627780        0.43915895915534
H            6.66812008529326       -1.24828932744934       -0.27006376242749
H            3.38787728373311       -1.53623977816430        1.01366013723883
H            1.27073877693901       -1.57331591753334       -0.18172701451314
H            1.41580548780340        0.30639213862371       -2.58980761497661
H           -0.06318021910760       -0.56196294815144       -2.08693723212659
H            2.34627879536934       -1.80435585542796       -2.83424175075997
H            1.12157836392287        1.48813667898629       -0.29598494987067
H           -0.84301509912646        2.22028844366575       -0.39507322328188
H           -2.22147485048927       -1.09650552442618       -0.74547575167498
H           -4.45758181866528        0.35654030062211       -2.25135871939824
H           -4.41744480422905       -1.39988008272051       -1.93634903584299
H           -2.48789279741387        0.00418176325193       -3.42773438661250
H           -4.62135394943504        0.55482760868468        0.20377229132615
H           -3.75131220362836       -2.05994249370640        0.80144353558234
H           -2.20703984516783       -0.35115343652322        1.85810390425828
H           -4.44573475690049       -0.03907599064774        2.77888194213209
H           -3.05075926615231        2.37204843063283        0.76226239322690
H           -2.03864716389927        2.21695939892809        2.97045853223934
H            1.30165015040932       -0.47944437534636        2.04978381454255
H            1.00772250590519        2.31261651873589        2.05280968204057
H            3.39035100282718        1.52190874280817        1.01231739344470
H            3.16073302799985        0.93133066357721        3.35072511167802
48
 energy: -84.837994918681 gnorm: 0.004137508268 xtb: 6.7.1 (edcfbbe)
C            5.62917629069859       -1.48372602418018       -0.23330328282364
O            4.95280009013872       -0.36710482860473        0.33402341355646
C            3.60211912631240       -0.55782790145176        0.53432512608044
O            2.94625004655950       -0.49174599579998       -0.71867079397599
C            1.54145491954852       -0.62285126040477       -0.65479761991755
C            1.03097759756334       -0.59747756313538       -2.10375515205988
O            1.39760806136068       -1.74527951040282       -2.81573666671587
C            0.90951050337865        0.50884618488221        0.18590019817517
O           -0.48436653578833        0.28220448916855        0.26265803948631
C           -1.37116952193555        1.32288655513292       -0.06199752699105
O           -2.18328945643118        0.92967626922246       -1.13365979124525
C           -2.92720565679766       -0.26069861659898       -0.86565260208299
C           -3.79945678816087       -0.52675808988007       -2.09893240371900
O           -3.04138963669247       -0.80349866156911       -3.24529421668379
C           -3.79691805920412       -0.13405061702578        0.39857451688706
O           -4.41395708922864       -1.35105675398096        0.73035404824863
C           -2.97666647512612        0.41084052553510        1.58090154426974
O           -3.79840103680569        0.71405196501424        2.68306519455137
C           -2.27545119029971        1.69307579526825        1.12874979020024
O           -1.52094323476576        2.30723265883342        2.12855389040668
C            1.54581216954174        0.44477287750571        1.58519958228902
O            1.08385651243422        1.39213395036278        2.50731012310912
C            3.08065710003889        0.53973934682877        1.46957979283579
O            3.66321160308161        0.37597028494294        2.73274517998053
H            5.24742674181963       -1.70369253364095       -1.23205138589500
H            5.51583687540109       -2.36442630046342        0.40764685471212
H            6.67547679952101       -1.19453263245633       -0.28823879277931
H            3.40122265983145       -1.54660329642859        1.00182804091839
H            1.27215514147265       -1.58628090596926       -0.19391685224185
H            1.41703699131403        0.30807509905967       -2.58989865322333
H           -0.05991222615827       -0.57174338649536       -2.10040516595808
H            2.36195354400474       -1.79365696355865       -2.84314878541439
H            1.12431788171843        1.47815960162311       -0.28403814337566
H           -0.83180727605150        2.21442993786503       -0.40718197574884
H           -2.21771037733270       -1.09120002311213       -0.73042380894233
H           -4.44773987632530        0.34513942842961       -2.25865379482011
H           -4.41950585174228       -1.40591549822926       -1.91334732637135
H           -2.48191459638953       -0.03693570471622       -3.42672675017003
H           -4.61959995396944        0.56515087583263        0.20433591863466
H           -3.74225393398311       -2.04032783394924        0.83170627202394
H           -2.20757545097662       -0.32284943308600        1.87211638434712
H           -4.44454816209279        0.00124766737476        2.78724660824556
H           -3.04071698909925        2.39180322704447        0.74834521440073
H           -2.02665165185060        2.25923834652316        2.95306728580275
H            1.29805356486292       -0.52809126740208        2.03043892245615
H            0.93915459432763        2.25023233549216        2.08479064070129
H            3.36897687342374        1.51130797047883        1.03462265130010
H            3.12410238059982        0.88210934015651        3.36522927733164
48
 energy: -84.838090972964 gnorm: 0.004261626821 xtb: 6.7.1 (edcfbbe)
C            5.63932777353034       -1.45329673640410       -0.24891075978926
O            4.95054261418025       -0.35140637027580        0.33105835055078
C            3.60273166298333       -0.55940443385381        0.53185666416137
O            2.94490777790217       -0.49072497006504       -0.71994470098387
C            1.54052741756920       -0.62899938243758       -0.65654622388310
C            1.03150131559083       -0.59985685251928       -2.10590547615163
O            1.40816563560473       -1.74238278153725       -2.82280367800758
C            0.90651434567355        0.49903151879758        0.18606713589014
O           -0.48776187341400        0.27724862397744        0.26003913935523
C           -1.36903365147151        1.32163901614157       -0.06726836061164
O           -2.18095288855686        0.92607876259211       -1.13761415397159
C           -2.92755112300522       -0.26114197039194       -0.86058635169077
C           -3.79786771846025       -0.53665751182700       -2.09260122431691
O           -3.03681215437589       -0.83390522260575       -3.23220959928388
C           -3.79681244659308       -0.12237249538783        0.40319921344030
O           -4.41423531666773       -1.33619453982301        0.74623453610463
C           -2.97702958677879        0.43098766362642        1.58203757947464
O           -3.80027085020393        0.74614336437493        2.67985697903611
C           -2.26992988581033        1.70603277081195        1.12047508185741
O           -1.50827867176905        2.32296826439887        2.11402417161852
C            1.53803632505849        0.41828147965194        1.58741411945867
O            1.06690129826326        1.34743970968706        2.52382260998018
C            3.07169696720463        0.52490588201893        1.47725991779165
O            3.65201494210040        0.35210088638860        2.74065838549335
H            5.26030279239152       -1.66627039592757       -1.25027439281062
H            5.53648282514724       -2.34237161900405        0.38154540414535
H            6.68186134519581       -1.15086858476518       -0.30038986009770
H            3.41341851228279       -1.55405966621009        0.99100580820083
H            1.27510513200884       -1.59477730413100       -0.19991688968248
H            1.41238639891403        0.31014804784243       -2.58737934062959
H           -0.05947622093866       -0.58202287733827       -2.10494045889140
H            2.37301178702613       -1.78303126010275       -2.84649580321191
H            1.12693922286118        1.47122893371268       -0.27335523484868
H           -0.82420304750634        2.20754350989091       -0.41816668006213
H           -2.21976397704603       -1.09169336892189       -0.71845396109727
H           -4.43904895348694        0.33751885953917       -2.26638036336164
H           -4.42472321546999       -1.40888096750022       -1.89830751269020
H           -2.47780603195816       -0.07032520184342       -3.42680027067285
H           -4.61911616006260        0.57528758925128        0.20268207240739
H           -3.74214466022433       -2.02359140614644        0.85590750067028
H           -2.21051398087050       -0.30208917026014        1.88111995758251
H           -4.44385632020044        0.03249167280545        2.79294899712771
H           -3.03071196326537        2.40736144279510        0.73643907647578
H           -2.01438862714328        2.28904853697332        2.93866255088420
H            1.29639755602746       -0.56359385978168        2.01635731406373
H            0.88590718610740        2.20273232212767        2.10829822937372
H            3.35464150029648        1.50286356364460        1.05340529400724
H            3.10296403274670        0.84082965848389        3.37635822853764
48
 energy: -84.838181066176 gnorm: 0.003356712285 xtb: 6.7.1 (edcfbbe)
C            5.64969830212510       -1.42395781039925       -0.26253816431710
O            4.94955637274896       -0.33620932181907        0.32823929960853
C            3.60477040608419       -0.56004755234015        0.52890342873338
O            2.94461916447518       -0.48970655871007       -0.72156537756767
C            1.54107485604588       -0.63415097702871       -0.65624116559072
C            1.02955586458421       -0.60389423415062       -2.10444315627052
O            1.41695259401688       -1.74008739847658       -2.82667460347784
C            0.90553211251770        0.49126553450304        0.18730630393967
O           -0.48874469859338        0.27213858838190        0.25824313455273
C           -1.36716812760843        1.31812697143078       -0.07128986817724
O           -2.17789471424477        0.91889520666401       -1.14066689005017
C           -2.93048812115917       -0.26317146717656       -0.85628693748103
C           -3.79826510656099       -0.54396343006347       -2.08864644264982
O           -3.03375498655373       -0.86089449187412       -3.22065779038191
C           -3.80017580528996       -0.11102999683203        0.40563068830151
O           -4.42197693878654       -1.31945155936855        0.75900833277489
C           -2.97950811026678        0.44716175061026        1.58159840606447
O           -3.80358853065778        0.77304603624205        2.67540356704491
C           -2.26430467263837        1.71416809378872        1.11325713604844
O           -1.49488295640549        2.32969864201081        2.10268659412611
C            1.53328577011895        0.39894035516001        1.58964012505890
O            1.05822619563080        1.31695956283362        2.53341502018360
C            3.06603597899225        0.51173986024550        1.48393665068541
O            3.64548170055924        0.32757770886828        2.74637631766011
H            5.27511719271646       -1.62928094780767       -1.26729568324448
H            5.55465257700942       -2.32109755483061        0.35677632430519
H            6.68890881047616       -1.11050834694232       -0.30811692017035
H            3.42635434649766       -1.55961316635469        0.98055666496736
H            1.28000717505529       -1.60097570060421       -0.20051662427693
H            1.40116024407198        0.31147488455523       -2.58281196050369
H           -0.06138523766334       -0.59658583719518       -2.10200576824511
H            2.38228271632383       -1.77223451931158       -2.84519630254998
H            1.12983008364541        1.46517786809850       -0.26437320127435
H           -0.81889024587869        2.19950319607508       -0.42799237465626
H           -2.22718568922781       -1.09611734441333       -0.70752534733222
H           -4.43029263597582        0.33367239590734       -2.27549669995986
H           -4.43393401806025       -1.40827151599538       -1.88833624500747
H           -2.47451876637590       -0.10106410875738       -3.42777867351546
H           -4.61987236832534        0.58757652826997        0.19898085978905
H           -3.75209444312090       -2.00749505122074        0.87588507359447
H           -2.21696049034710       -0.28758465742700        1.88656328079576
H           -4.44456897359674        0.05865173353822        2.79687191598603
H           -3.01921585094288        2.42042268896099        0.72736449491407
H           -2.00116494562224        2.30861199082033        2.92712901180261
H            1.29405738407788       -0.58761519735613        2.00689939445289
H            0.84712885664677        2.16386162586872        2.12096806208248
H            3.34557293538341        1.49521922119162        1.07152020550382
H            3.09097183518790        0.80111143331410        3.38677892582917
48
 energy: -84.838264803552 gnorm: 0.009245136065 xtb: 6.7.1 (edcfbbe)
C            5.66678981702499       -1.38216848274211       -0.28261701145838
O            4.95147337170011       -0.31346826096430        0.32279021192707
C            3.61083649658913       -0.55924970991168        0.52312863146082
O            2.94655161698646       -0.48772146349908       -0.72519188797084
C            1.54442787081439       -0.64083151699902       -0.65579927342937
C            1.02661995161462       -0.60985033175851       -2.10144833659488
O            1.42721107941567       -1.73589978819391       -2.83262421879538
C            0.90650620967356        0.48119861310172        0.18956083881705
O           -0.48785272327408        0.26508431263900        0.25531320057348
C           -1.36360984126435        1.31249896513157       -0.07796554927742
O           -2.17214500199250        0.90681972491300       -1.14633848913793
C           -2.93490249176034       -0.26664430912113       -0.85021131931639
C           -3.80086442451468       -0.55543727710373       -2.08240851921135
O           -3.03437172714402       -0.90127448198865       -3.20511494576422
C           -3.80546043323504       -0.09403156011867        0.40842380950988
O           -4.43536551578240       -1.29372847414043        0.77629436854460
C           -2.98349388411026        0.47124960619362        1.58065301539984
O           -3.80887361806194        0.81512687879966        2.66790740281976
C           -2.25634439677420        1.72604376977768        1.10078402449503
O           -1.47815907773594        2.34277672871180        2.08439960668683
C            1.52935961075714        0.36958493646064        1.59346843737010
O            1.04621444928671        1.26593616029924        2.55756312835420
C            3.06141720887482        0.49456566576865        1.49222950959201
O            3.64042075813230        0.29213052542688        2.75232695955546
H            5.29787811841458       -1.57657133942171       -1.29186849042481
H            5.58198872679032       -2.29062637762569        0.32141276565107
H            6.70183552200152       -1.05457139646562       -0.32018937155401
H            3.44822159954383       -1.56569173164409        0.96510746721778
H            1.28985901590126       -1.60903844190894       -0.19990582574592
H            1.38306460621389        0.31387296008732       -2.57581744657974
H           -0.06423799372946       -0.61762541085280       -2.09344267921946
H            2.39303290138853       -1.75705839160369       -2.84573502992446
H            1.13620052644929        1.45812094144701       -0.25138795517369
H           -0.81084183630590        2.18789593373780       -0.44361691677394
H           -2.23891216603016       -1.10382724210293       -0.69117443265136
H           -4.42012812256166        0.32709787119415       -2.28695162728830
H           -4.44893299832436       -1.40859755590826       -1.87164444627636
H           -2.47262130219116       -0.14842573038845       -3.43073469769492
H           -4.62052331757292        0.60701676508763        0.19237917580971
H           -3.76983771142250       -1.98407003201052        0.90434909648093
H           -2.22764372773282       -0.26687293662190        1.89529130971196
H           -4.44715369181375        0.10062597820870        2.80253833904246
H           -3.00314594048376        2.43799386310944        0.70948484736984
H           -1.98503770097567        2.34063442817552        2.90872313254915
H            1.29742540300125       -0.63005625238515        1.98917572509475
H            0.77114929953283        2.10716788559594        2.15186780380459
H            3.33462124850099        1.48744584604139        1.09799621172486
H            3.07735127683454        0.74244326706274        3.40250247460333
48
 energy: -84.838360083062 gnorm: 0.005183110857 xtb: 6.7.1 (edcfbbe)
C            5.67514177538045       -1.36556547233333       -0.28948044590957
O            4.95379707969379       -0.30412720086782        0.32115757513117
C            3.61468356771689       -0.55811078075233        0.52114132946504
O            2.94872444098047       -0.48777452318900       -0.72657685822690
C            1.54740762865312       -0.64439216102215       -0.65422860980467
C            1.02441149337375       -0.61661552657290       -2.09802425367873
O            1.43122489010350       -1.73760139878997       -2.83235389874609
C            0.90846535850349        0.47759115881661        0.19071687375304
O           -0.48591358824415        0.26148607819921        0.25531627224842
C           -1.36217369232614        1.30871559106656       -0.07881743554067
O           -2.17045326926687        0.90176557474181       -1.14692276042132
C           -2.93874938318494       -0.26738884106732       -0.84847656805394
C           -3.80401971036440       -0.55661088482486       -2.08157316532289
O           -3.03801083357883       -0.91356739976864       -3.20070554064628
C           -3.81089048207441       -0.08691670531655        0.40742999049302
O           -4.44878715534569       -1.28137449236354        0.77715338436538
C           -2.98720692017287        0.47609721351680        1.57973355363768
O           -3.81203709141416        0.82645021828274        2.66490747397650
C           -2.25299610412019        1.72594002121694        1.09885500813820
O           -1.47157295268250        2.33901515393087        2.08257643548369
C            1.52951868576786        0.36474296545269        1.59459025690612
O            1.04689506540559        1.26046117900407        2.55844640480539
C            3.06199997139390        0.48945634746635        1.49508660088141
O            3.64085038693930        0.27910749940378        2.75364868060635
H            5.30990415869776       -1.55453287062201       -1.30112817979144
H            5.59233966319006       -2.27882546300922        0.30783842225179
H            6.70917941090280       -1.03397340250011       -0.32187284992533
H            3.45823652428962       -1.56663458879826        0.96070426291544
H            1.29613609461460       -1.61240991774844       -0.19528686840309
H            1.37063810071201        0.31111603577535       -2.57268655792259
H           -0.06639353271525       -0.63330650538050       -2.08479525556424
H            2.39710576787652       -1.75382368581469       -2.84368596406428
H            1.13873655911640        1.45428097906639       -0.25044725706301
H           -0.80872080664480        2.18310502925331       -0.44648068027795
H           -2.24681421134806       -1.10729250634070       -0.68544763134802
H           -4.41689886709925        0.32876906237122       -2.29165485969467
H           -4.45817997490798       -1.40453247706961       -1.86787766107147
H           -2.47276948109928       -0.16539238199076       -3.43230222240622
H           -4.62142223618044        0.61847622129682        0.18843502222480
H           -3.78791033973684       -1.97563687450254        0.90862324910735
H           -2.23593621216645       -0.26611671012002        1.89620538024200
H           -4.45157398285311        0.11403320570671        2.80323731653221
H           -2.99588680080614        2.44173906881458        0.70738748944054
H           -1.97960916930415        2.34340426087624        2.90621470286370
H            1.29679047696084       -0.63557550915398        1.98701095991411
H            0.75824426912190        2.09258496362159        2.15306336881579
H            3.33543292569870        1.48466183036391        1.10787306388482
H            3.07905954305798        0.72509175337197        3.40695547053459
48
 energy: -84.838511804193 gnorm: 0.004913947086 xtb: 6.7.1 (edcfbbe)
C            5.69433443904591       -1.32800950917056       -0.30604291497076
O            4.95935405644302       -0.28255018387623        0.31626610873458
C            3.62370871920692       -0.55560187114126        0.51673290814502
O            2.95340842117674       -0.48816368271749       -0.72930365412553
C            1.55375357641558       -0.65397024415946       -0.65109053195184
C            1.02123841241641       -0.63326696598292       -2.09171779440436
O            1.44231436636503       -1.74310656479024       -2.83267625362082
C            0.91194582438822        0.46765093816720        0.19314171015240
O           -0.48292037185944        0.25292730687375        0.25602754873360
C           -1.35848040166902        1.30122516617393       -0.08034647733211
O           -2.16715865841862        0.89354086039116       -1.14787689078163
C           -2.94629394670817       -0.26695376188021       -0.84442372245892
C           -3.81066003290121       -0.55905763111335       -2.07834741387020
O           -3.04728322265480       -0.94221410538850       -3.19016510336987
C           -3.82226313917106       -0.06983050355662        0.40567254715289
O           -4.47827745307622       -1.25325638276973        0.77747478182729
C           -2.99523667812334        0.48730259380279        1.57887727272674
O           -3.81851006576865        0.85296813020997        2.65946354546296
C           -2.24597230086510        1.72685953733085        1.09555749455779
O           -1.45897081847294        2.33320454996036        2.07940439539876
C            1.53057848834292        0.35130201154584        1.59660536402661
O            1.04928278356092        1.24363975497206        2.56234008356737
C            3.06364782157247        0.47804916581143        1.50141042717514
O            3.64119895039904        0.25123671279627        2.75724202033951
H            5.33691746817794       -1.50498746385379       -1.32261687519264
H            5.61623952790700       -2.25116023173551        0.27710190473976
H            6.72601383710122       -0.98709840290081       -0.32705473646349
H            3.48171338972192       -1.56876657326230        0.95139921193680
H            1.31055570634841       -1.62222127195166       -0.18668814140204
H            1.34565156033474        0.30300014891644       -2.56647600117855
H           -0.06930259414052       -0.66952834327144       -2.06886235579056
H            2.40831222646704       -1.74816987016043       -2.84236356103563
H            1.14392412992924        1.44380118646726       -0.24899760645876
H           -0.80220296046732        2.17304083752886       -0.45120875535161
H           -2.26206216819853       -1.11156699123393       -0.67221513962434
H           -4.41016365474561        0.33228771018525       -2.30100218304731
H           -4.47751325030428       -1.39511971571471       -1.85593338475471
H           -2.47275147766179       -0.20545245018560       -3.43467913698751
H           -4.62231438111358        0.64576764332542        0.18030741280135
H           -3.82802167849313       -1.95637831033347        0.91587976970949
H           -2.25422337372869       -0.26357192212602        1.89986596028615
H           -4.46312521019563        0.14700664430055        2.80520306081902
H           -2.98095773689356        2.44988044596351        0.70294287548781
H           -1.97055062360960        2.35130738906949        2.90080027225384
H            1.29876692526457       -0.65024910804164        1.98281073261302
H            0.71469566937936        2.05629197776785        2.15587859421345
H            3.33634002253083        1.47864448524445        1.12912696970673
H            3.08131691693032        0.68930999665802        3.41603868833982
48
 energy: -84.838741157508 gnorm: 0.007215152710 xtb: 6.7.1 (edcfbbe)
C            5.72083054821528       -1.27541552080114       -0.33014292620479
O            4.96770744804484       -0.25099212718794        0.30656157510720
C            3.63733024217420       -0.55056194009865        0.50984414797780
O            2.95984496554713       -0.48837974073371       -0.73302789553173
C            1.56252856787312       -0.66892171935233       -0.64682138944273
C            1.01835255512968       -0.65954430196671       -2.08357185777837
O            1.45971709187225       -1.75474558497003       -2.83173371260748
C            0.91682361047116        0.45262971685530        0.19601880265839
O           -0.47904659919190        0.24029028396261        0.25796259724934
C           -1.35219336851099        1.29101355149083       -0.08210575135592
O           -2.16241127412317        0.88428472592657       -1.14883685254801
C           -2.95606526064362       -0.26461444011428       -0.83890607537027
C           -3.82007789316205       -0.56153034441617       -2.07267987125834
O           -3.06236197572977       -0.98162350958373       -3.17485058651944
C           -3.83761967467183       -0.04483948998630        0.40334842880577
O           -4.52069613056446       -1.21296601754416        0.77520288867354
C           -3.00603532594044        0.50227243437552        1.57871476148092
O           -3.82619410042161        0.88992422180435        2.65340835857415
C           -2.23638113703748        1.72836590735509        1.09197005960672
O           -1.44374885892033        2.32731392554246        2.07618662336238
C            1.53255645692262        0.33115042086813        1.59952626237294
O            1.05023437457090        1.21761798187035        2.57133591977762
C            3.06646627089335        0.46406515766101        1.50871268066385
O            3.64226658618387        0.21539462848883        2.76093619777254
H            5.37385003073445       -1.43649025253807       -1.35283039469956
H            5.64914765736071       -2.21052534303552        0.23485117643029
H            6.74906076390257       -0.92207360300277       -0.33558568712379
H            3.51642396519718       -1.56969522765084        0.93862243516339
H            1.33197886889953       -1.63779136726871       -0.17554137162900
H            1.31335429215698        0.28716643367233       -2.55874687711915
H           -0.07128238253137       -0.72289886789925       -2.04949017903684
H            2.42578664896727       -1.74365078776966       -2.84180196838070
H            1.15094444747809        1.42851733938806       -0.24752758883165
H           -0.79113999732463        2.15909755823608       -0.45612818372040
H           -2.28197460318777       -1.11492663751026       -0.65374134236646
H           -4.40133950233041        0.33780900444907       -2.31258116492624
H           -4.50422205373863       -1.38031132858291       -1.83675706194613
H           -2.47268064369259       -0.26227679162391       -3.43524926473420
H           -4.62166376203512        0.68639408574911        0.16934646842251
H           -3.88664159078213       -1.92961843061175        0.92122191719343
H           -2.27960136849272       -0.26045187767107        1.90594410842640
H           -4.48123012941967        0.19550576099860        2.80764594734947
H           -2.96119480528821        2.45998390884546        0.69651178555217
H           -1.96091961412987        2.36263888960080        2.89385077476116
H            1.30540622095703       -0.67651023023971        1.97568547002054
H            0.64510009654514        2.00131132982256        2.16560121066507
H            3.33597650086448        1.47281234492274        1.15651765445187
H            3.08503088061355        0.64578900303054        3.42661278033326
48
 energy: -84.839056369223 gnorm: 0.016055124460 xtb: 6.7.1 (edcfbbe)
C            5.75873944145978       -1.19713331924604       -0.36724969108181
O            4.97975360569144       -0.20248829858123        0.28820903691799
C            3.65831579489065       -0.54144211341548        0.49936341432841
O            2.96852763627057       -0.48939429512500       -0.73759942813951
C            1.57486708825463       -0.69461249138440       -0.63898183738750
C            1.01585129317495       -0.70611175011461       -2.07069382760068
O            1.48874379160693       -1.78148651387327       -2.82516076871750
C            0.92318633110311        0.42745144330859        0.20043559321042
O           -0.47475600473636        0.21953474640147        0.26343320412844
C           -1.34208626251836        1.27531752637702       -0.08220566479406
O           -2.15609840499633        0.87406481705097       -1.14802618578009
C           -2.97088924189159       -0.25816112251648       -0.83148388829175
C           -3.83419702048511       -0.56090905404052       -2.06459073988987
O           -3.08663678713273       -1.03390450546765       -3.15211053207324
C           -3.86138033181538       -0.00623019802668        0.39892415233876
O           -4.58889265536202       -1.15093489192040        0.76454229033406
C           -3.02286023746414        0.52021578781579        1.57968471600585
O           -3.83630887798007        0.93888367493875        2.64720440717348
C           -2.22314912119235        1.72783514884143        1.09070734395707
O           -1.42498856434133        2.31571861683632        2.07721346051017
C            1.53767153479327        0.30340671564081        1.60356506025411
O            1.05506600701496        1.18663439540422        2.58126520119367
C            3.07242968027261        0.44635574549460        1.51738239698846
O            3.64675418211525        0.16896565517304        2.76416454645761
H            5.42691920971454       -1.33536809840568       -1.39806957549884
H            5.69671121016139       -2.14785196218792        0.17261889680628
H            6.78151692106741       -0.82615132761068       -0.35006723938310
H            3.57008345173258       -1.56786007402355        0.92151722731896
H            1.36562332457498       -1.66411759788512       -0.15734660055382
H            1.26802124771495        0.25307983132570       -2.54793694042174
H           -0.07112933530963       -0.81006954596781       -2.02341417738282
H            2.45462058166998       -1.74466019604146       -2.83885288132663
H            1.15956580450621        1.40214893534629       -0.24774243085396
H           -0.77303085930387        2.13809426377081       -0.45792620155170
H           -2.31147567753785       -1.11591742816091       -0.62739448177589
H           -4.38846053849204        0.34968768668413       -2.32900208397297
H           -4.54369349209210       -1.35261064465978       -1.80970896240867
H           -2.47104170392671       -0.34274577618819       -3.42981551752779
H           -4.61829895142218        0.75126287637589        0.15305974444458
H           -3.98228706751500       -1.89058796948183        0.91726497152932
H           -2.31891394562782       -0.26058849401286        1.91411458573086
H           -4.51305558540391        0.26650549099419        2.80811116881366
H           -2.93341912458109        2.47136226333769        0.69089378468265
H           -1.95094872968625        2.37183777297224        2.88846222748448
H            1.31875924939039       -0.71137257678558        1.97098454150475
H            0.54275677400082        1.91941917290394        2.17711626914326
H            3.33529195031056        1.46596962755883        1.19165897716767
H            3.09821944833160        0.59895118422117        3.43696547245721
48
 energy: -84.839289600012 gnorm: 0.011788071858 xtb: 6.7.1 (edcfbbe)
C            5.77550924955292       -1.16132379555670       -0.38643888662389
O            4.98755846267074       -0.17589839563350        0.27122424054751
C            3.67194505631342       -0.53204048035670        0.49342632657333
O            2.97290854926487       -0.49140070761062       -0.73849339735697
C            1.58148531516029       -0.71366935369152       -0.63234089361960
C            1.01816410699455       -0.74587953176249       -2.06248267497394
O            1.50600436748960       -1.81560060996810       -2.81071454670952
C            0.92671941000723        0.41160544342748        0.20189384660117
O           -0.47343334280826        0.20622281524791        0.27126929833904
C           -1.33523183357354        1.26646422297988       -0.07734405230382
O           -2.15480532669765        0.87667668590618       -1.14339897546029
C           -2.97910015760678       -0.24851290908785       -0.83038372121221
C           -3.84361074580495       -0.55078018155564       -2.06178777560986
O           -3.10798036140863       -1.04373246516298       -3.14419967081447
C           -3.87568990929917        0.01463406192477        0.39348796559500
O           -4.63468255447982       -1.11718140570851        0.74023701841567
C           -3.03327426185297        0.51714738869807        1.58252850332124
O           -3.83858816737625        0.94809624379285        2.65013525831830
C           -2.21960596572581        1.71968097981510        1.09882458190390
O           -1.42728864040526        2.30277434936000        2.09127077841506
C            1.54530923048064        0.29780302214803        1.60484640112356
O            1.06317360635130        1.19145792084561        2.58029267502000
C            3.08091770899735        0.44705547772729        1.51605740337903
O            3.65642121832165        0.16277523635199        2.75979951951732
H            5.44986240886196       -1.29072866704092       -1.41867110712966
H            5.71618946268756       -2.11379540136474        0.14678051128373
H            6.79596032087013       -0.78600168760070       -0.35939958332176
H            3.60136034132737       -1.55833555645003        0.91848264012494
H            1.38755314130876       -1.68253691430235       -0.14329953674965
H            1.25018743790511        0.21285715074672       -2.54549854014687
H           -0.06497870338469       -0.86947856007344       -2.01256430107133
H            2.47081244622746       -1.76537096009986       -2.83517751276177
H            1.16114861359575        1.38409785407198       -0.25667972887317
H           -0.76140343023971        2.12861797401742       -0.44659313837070
H           -2.32598432366617       -1.10807742855275       -0.61806090954003
H           -4.38634595257038        0.36389002162780       -2.33266486532734
H           -4.56317830352588       -1.32772549268736       -1.79908318780227
H           -2.47045476406317       -0.37220073902807       -3.41607594140523
H           -4.61185346308156        0.79238990572437        0.14510552080443
H           -4.04928595399277       -1.87498425521848        0.88581813204738
H           -2.34278065484631       -0.27474914670807        1.91567700455574
H           -4.54069027054546        0.29820264226105        2.80136942380463
H           -2.92508439857099        2.46594368924475        0.69619645117237
H           -1.95940760188929        2.35745321848060        2.89738859745243
H            1.33243109482350       -0.71985667567497        1.97908746792899
H            0.51309367006653        1.88714961921711        2.18596080368724
H            3.33740606771875        1.46982732307090        1.19645110036529
H            3.12261483916642        0.61703120823375        3.43122451420649
48
 energy: -84.839798797382 gnorm: 0.006919149491 xtb: 6.7.1 (edcfbbe)
C            5.77076694910912       -1.16054463969872       -0.38748247153062
O            4.98178352618108       -0.17604264227161        0.26967666953246
C            3.66837574515489       -0.53414598353414        0.49245989846538
O            2.96906886856424       -0.49277374366698       -0.73851578707733
C            1.57797497987131       -0.71410023258600       -0.63066796730046
C            1.01725611068193       -0.74484646802613       -2.06113721569818
O            1.50534180781719       -1.82099212688048       -2.80478279507734
C            0.92339969254751        0.40858689495542        0.20411059754303
O           -0.47617718684612        0.20483617835392        0.27057267303319
C           -1.33580761558575        1.26590118199894       -0.07598695514880
O           -2.15280513884854        0.87438285767499       -1.14295215760916
C           -2.97927761975618       -0.24978675323147       -0.83011758911678
C           -3.84096192909891       -0.54767310504948       -2.06436740309259
O           -3.09927214114583       -1.04050166988955       -3.14422398607926
C           -3.87395121427798        0.01485156381270        0.39462306386747
O           -4.62855482904176       -1.11540024762200        0.74808779628407
C           -3.03233421340786        0.52022859384834        1.58069369783977
O           -3.83867014412464        0.94452651645346        2.65120293096600
C           -2.21975126249513        1.72167986884961        1.09644816513132
O           -1.42585864884896        2.30312341437619        2.08900160595549
C            1.54735015181132        0.29676826038111        1.60469164380665
O            1.07477042756239        1.19187894890921        2.57937986687305
C            3.07963838380066        0.44770604820438        1.51323782918412
O            3.65899526399502        0.17120290084760        2.75824037994579
H            5.44463646680216       -1.29418236970763       -1.42006462925510
H            5.71531791820159       -2.11402178039773        0.14574886816000
H            6.78936663184477       -0.78114374878330       -0.36328939027964
H            3.59917913688043       -1.56002882574578        0.91589326572506
H            1.38456938727706       -1.68188748286680       -0.14264394322933
H            1.25450789560487        0.21197874439997       -2.54628975285321
H           -0.06619599419326       -0.86600560750456       -2.01251966632953
H            2.46980125469410       -1.76716331005318       -2.82838545921600
H            1.15952580485631        1.38051679965369       -0.24813292837012
H           -0.76127418829317        2.12588413160476       -0.44717688123977
H           -2.32860925351577       -1.11163849343645       -0.61906578333930
H           -4.37957213602596        0.36868176295982       -2.33793408522532
H           -4.56439982182103       -1.32345728952531       -1.80560311528121
H           -2.46334955318078       -0.36631463338639       -3.41436906325752
H           -4.61145859456908        0.78843456443914        0.14565655816707
H           -4.04132068592843       -1.87096158732171        0.89223825735087
H           -2.33937554229184       -0.27021250073800        1.91160859060811
H           -4.53783042622334        0.29152551542750        2.79638899124496
H           -2.92316995461734        2.46978567995652        0.69384010017179
H           -1.95641722924159        2.35571569538037        2.89732560433795
H            1.33618556743880       -0.71596534794135        1.98537541297158
H            0.48519851959741        1.86042259202200        2.19559274587495
H            3.33317194733879        1.46926974757645        1.18815799876208
H            3.13020992450273        0.63189526187947        3.42893885138463
48
 energy: -84.840704915796 gnorm: 0.026909930764 xtb: 6.7.1 (edcfbbe)
C            5.75925717852785       -1.16015311493520       -0.39372912102081
O            4.96877428108186       -0.17891674064844        0.26351826206235
C            3.66057391370421       -0.54020891805343        0.48971571468345
O            2.95823988524529       -0.49819552647267       -0.73750051226736
C            1.56755033230197       -0.71516639701919       -0.62344280397506
C            1.01229427489757       -0.74429215841415       -2.05439479927018
O            1.49985445093064       -1.83904633809874       -2.78464947145233
C            0.91795953558882        0.40474445018546        0.21206671076025
O           -0.47952674180408        0.20381541779291        0.27253772209708
C           -1.33441863978757        1.26548320081414       -0.07217661626280
O           -2.14545306164438        0.86822314988029       -1.14111161301307
C           -2.97905304458920       -0.25272747121837       -0.82932919110176
C           -3.83230395360292       -0.53696947374874       -2.07201388056484
O           -3.07256795737681       -1.02967634408058       -3.14373626840706
C           -3.86964754885346        0.01460381109370        0.39745748903309
O           -4.61085878615487       -1.11317208230199        0.76983088971049
C           -3.02650227949780        0.52728413056500        1.57450924913127
O           -3.83493998668139        0.93221684597806        2.65392084968854
C           -2.21688653054705        1.72681032760845        1.09150496791228
O           -1.41743133337440        2.30153467513564        2.08597123799823
C            1.54984291648978        0.29684001243458        1.61016149597079
O            1.10715050783560        1.20865914430790        2.57712914405854
C            3.07394597995254        0.44931687042840        1.50262930133959
O            3.66697865042420        0.19830759033624        2.74980650914375
H            5.42719879086193       -1.30620782873951       -1.42539672708228
H            5.71539163185272       -2.11459390733886        0.14193159882216
H            6.77305164283250       -0.76983157420252       -0.38072118422689
H            3.59249528466839       -1.56412913186386        0.91143733765191
H            1.37413686991848       -1.68062375187470       -0.13787080277293
H            1.26880383128535        0.20394154520611       -2.54723309428612
H           -0.07243532133369       -0.85449740713888       -2.01435570110359
H            2.46345619449223       -1.77501838185502       -2.80461260667983
H            1.15813474964013        1.37552125593013       -0.22720342531614
H           -0.75836903499714        2.12045807135113       -0.44921300882031
H           -2.33595238857951       -1.12182014688672       -0.62343503695423
H           -4.35726199212710        0.38481816465479       -2.35316921631005
H           -4.56749018392114       -1.30877990023779       -1.82770098370157
H           -2.44173842398059       -0.34743816911552       -3.40804076838899
H           -4.61164337354016        0.77777659967362        0.14607360748022
H           -4.01748189124690       -1.86262025064516        0.90964481345857
H           -2.32603382158903       -0.25936010066450        1.89907401030474
H           -4.52921932300577        0.27185845448927        2.77701885857875
H           -2.91323026445888        2.48157934561212        0.68994611186502
H           -1.94366665655278        2.34862718314220        2.89994905943706
H            1.34166606407484       -0.70686530553541        2.00428328915137
H            0.36146157139457        1.76720186148749        2.22818994734398
H            3.31935796508355        1.46654717934385        1.15921998499179
H            3.15653307495754        0.68413426806360        3.41699170871466
48
 energy: -84.841191475926 gnorm: 0.018902954636 xtb: 6.7.1 (edcfbbe)
C            5.75713273154157       -1.15962354868362       -0.39573403202170
O            4.96759966590003       -0.17965795526972        0.26451627777209
C            3.65914437747084       -0.54073621473140        0.49180653882279
O            2.95740910596791       -0.50068079549716       -0.73612408165965
C            1.56637011525472       -0.71587514379788       -0.62218455069303
C            1.01088783315680       -0.74608973840421       -2.05296439472464
O            1.49673694275314       -1.84262731937734       -2.78134203808231
C            0.91863546938011        0.40670716982012        0.21129421661128
O           -0.47874382823115        0.20575650455523        0.27336377655318
C           -1.33335648358799        1.26694319178115       -0.07364468926018
O           -2.14569436401901        0.86939410763471       -1.14155874265138
C           -2.97839367921862       -0.25229786738719       -0.83014769994272
C           -3.83058646226072       -0.53508736207545       -2.07369718885722
O           -3.06943570361520       -1.02730736552429       -3.14455458910815
C           -3.86806229175420        0.01360779162465        0.39769982061430
O           -4.60733656774319       -1.11564997006733        0.77138941497799
C           -3.02301992469970        0.52627831065997        1.57437964532276
O           -3.83040172699704        0.92900918773501        2.65531569624612
C           -2.21347207527941        1.72669197604116        1.09297222141362
O           -1.40987408829820        2.29700813540842        2.08792758049437
C            1.54507620133063        0.29787312218098        1.61167829154782
O            1.09874442063269        1.21659103910523        2.57181693442871
C            3.07051811497879        0.44888684610850        1.50403423347188
O            3.66700872707754        0.20197062462262        2.75004363187850
H            5.42126995553082       -1.30611108389425       -1.42585241916921
H            5.71666811184255       -2.11349361865871        0.14072370570660
H            6.77064504636208       -0.76828352111491       -0.38678094999246
H            3.59103228301104       -1.56466651257679        0.91465082838267
H            1.37123672370485       -1.68097202401860       -0.13512304772708
H            1.27087663025893        0.19992594754762       -2.54714876202304
H           -0.07406456439970       -0.85308713928436       -2.01506747336098
H            2.46045271586118       -1.78005367344450       -2.79971293891279
H            1.15959282008612        1.37781371936152       -0.22938433811166
H           -0.75719444970264        2.12203768456531       -0.45105156184009
H           -2.33502828742822       -1.12144355494801       -0.62561447957909
H           -4.35390295559584        0.38740216563754       -2.35456992793420
H           -4.56629702693695       -1.30651708584042       -1.83204320424609
H           -2.43849777713694       -0.34474436788305       -3.40716757834740
H           -4.61164191675951        0.77662882521675        0.14713410257441
H           -4.01264160137966       -1.86462612774563        0.91079865437938
H           -2.32205874052396       -0.26095656097769        1.89716377348047
H           -4.52729218656847        0.26989311620539        2.77348600500398
H           -2.90882913911765        2.48395650501273        0.69505196676969
H           -1.93496282665498        2.34499892295693        2.90246300077519
H            1.33149700524205       -0.70786622362864        2.00200070175393
H            0.34500277057846        1.75684607512094        2.23059561355714
H            3.31451172120785        1.46544947306653        1.15728720192224
H            3.16273621757617        0.69677746745369        3.41535789219480
48
 energy: -84.842136443890 gnorm: 0.025137124726 xtb: 6.7.1 (edcfbbe)
C            5.74647339367524       -1.16003753027396       -0.40520790166017
O            4.96238186077694       -0.18506443394147        0.26829812380880
C            3.65345230922355       -0.54552450086601        0.49952534789955
O            2.95322654926382       -0.51401914051630       -0.73072276762371
C            1.56037681586489       -0.71894941344984       -0.61631633863005
C            1.00553284303563       -0.75473538909769       -2.04676423696718
O            1.48201200133474       -1.86235867733304       -2.76492765510139
C            0.92112874576211        0.41394569113153        0.20920667493967
O           -0.47640637777468        0.21546967400348        0.27742735866473
C           -1.32997954462101        1.27490687778495       -0.07808349112378
O           -2.14628148885935        0.87571653025414       -1.14211405896223
C           -2.97489280025485       -0.24979338640938       -0.83393767096928
C           -3.82235272512761       -0.52465220622237       -2.08192713259245
O           -3.05342712092364       -1.01449265285186       -3.14855729396365
C           -3.86089235624099        0.00927639645668        0.39793088196094
O           -4.59096648686608       -1.12572106966953        0.77798291559268
C           -3.00983920512482        0.52246894331808        1.57306148450071
O           -3.81360091871727        0.91283776220800        2.66116262271654
C           -2.20469571102321        1.72800268849272        1.09732716108003
O           -1.38854000189463        2.28163256796096        2.09650515156219
C            1.53581467844212        0.30835875854836        1.61592540092404
O            1.10036502830762        1.26502528242410        2.54815583643508
C            3.06373491832536        0.45018605724078        1.50635091344920
O            3.67197076928421        0.22039631579689        2.74862769120539
H            5.39200461708645       -1.30965292230834       -1.42802071482336
H            5.72270228476806       -2.11151133819658        0.13529819705653
H            6.75795427400772       -0.76239570606650       -0.41612247837838
H            3.58455248243191       -1.56844278527673        0.92870821934043
H            1.35728204119052       -1.68120828660538       -0.12221937103956
H            1.28216975688339        0.18102717361618       -2.54817945811988
H           -0.08049753482198       -0.84631428272089       -2.01668253659496
H            2.44628319800778       -1.80697399631406       -2.77635383610575
H            1.16548011005053        1.38383315304415       -0.23917960453502
H           -0.75398855865046        2.13019432946627       -0.45738471774882
H           -2.33033182107689       -1.11934736550705       -0.63581618670635
H           -4.33748161657332        0.40156925562358       -2.36216275039037
H           -4.56156853205777       -1.29425342854118       -1.85284963799318
H           -2.42230501192721       -0.32982126789700       -3.40334429941495
H           -4.61137289749789        0.77028127380515        0.15139519987742
H           -3.99038649099339       -1.87198771055907        0.91542369293918
H           -2.30418881980877       -0.26522184303472        1.88758343025210
H           -4.52167487061663        0.25911185908016        2.75498523959415
H           -2.89677513969862        2.49508851396441        0.71611103019280
H           -1.90970083280239        2.33076270073388        2.91307679519685
H            1.30199035921885       -0.70046281141238        2.00260160917141
H            0.22724511353040        1.66975492096887        2.25990160924922
H            3.30016027920393        1.46364492872281        1.14398619493927
H            3.19784947313940        0.75944362578707        3.40379839546060
48
 energy: -84.842588710549 gnorm: 0.017548781610 xtb: 6.7.1 (edcfbbe)
C            5.74571804379431       -1.16180787146327       -0.40785922763979
O            4.96803291332449       -0.18796831136706        0.27675683877753
C            3.65511709457912       -0.54616556357380        0.50699151977634
O            2.95803265153227       -0.52117413644012       -0.72717618822777
C            1.56337064262596       -0.71971893665970       -0.61834109873109
C            1.00696395190081       -0.76273299279738       -2.04890225312663
O            1.47430689844218       -1.86724725162939       -2.76727943198599
C            0.92685093961418        0.42178310558063        0.20137247744997
O           -0.47300151983917        0.22495256163088        0.27748608869232
C           -1.33026147986248        1.28295239558012       -0.08245706359847
O           -2.15240397723235        0.88745287481834       -1.14275808655178
C           -2.97117947941243       -0.24467130774220       -0.83756289083139
C           -3.82236505093872       -0.52431285926562       -2.08225920231300
O           -3.06143885337597       -1.01149973960389       -3.15256991118067
C           -3.85875921324911        0.00524306648019        0.39477666829259
O           -4.59253582519920       -1.13544046933937        0.76299097618081
C           -3.00710798565314        0.51280409994256        1.57606791772176
O           -3.80763199429039        0.90734535324236        2.66222667387946
C           -2.20661978482425        1.72528063579403        1.10316495183583
O           -1.39225950218307        2.27493269059076        2.10590566767999
C            1.53384328756272        0.31986727615340        1.61218675658839
O            1.09725367358985        1.28925924110199        2.53345360495927
C            3.06739247174692        0.45116765696326        1.51419442829384
O            3.66817526447547        0.21164352908263        2.75359175145332
H            5.37985070204488       -1.30437255884032       -1.42536592922421
H            5.72706424136453       -2.11150410394581        0.13310679427463
H            6.75858773038518       -0.76619877726812       -0.42669725969296
H            3.58471429070017       -1.56875904018713        0.94291802151885
H            1.35378300449586       -1.68021626926341       -0.11679411436657
H            1.28116378344994        0.17224678302748       -2.55117805312484
H           -0.07909810738884       -0.85040507620110       -2.01495625639392
H            2.43991767506233       -1.82908010091518       -2.77630246097724
H            1.17006981204074        1.38934392451583       -0.26310363648885
H           -0.75673605563094        2.14269456587462       -0.45726961260323
H           -2.31867793627907       -1.10820700999208       -0.64033825892068
H           -4.34290530942257        0.40055822475202       -2.35611768115761
H           -4.55541062668808       -1.29618841614813       -1.85043176315885
H           -2.42533500707668       -0.33177121259190       -3.40567713178938
H           -4.61020823169037        0.77177914629892        0.15422006678813
H           -3.99249465113466       -1.88355442398711        0.90329416941618
H           -2.30157382349775       -0.27584396084551        1.88919162898986
H           -4.52630595767912        0.26350836354232        2.75710365462651
H           -2.90394292520862        2.49210501251501        0.73371189850754
H           -1.91547447374717        2.32700919106339        2.91887288643503
H            1.28393913800235       -0.69223791255990        1.99494016256328
H            0.24997873504491        1.67573396045685        2.26831667573262
H            3.30559724363828        1.46568882092549        1.15601329062693
H            3.20400062102633        0.76571895850188        3.40202497898653
48
 energy: -84.843181515688 gnorm: 0.012367656557 xtb: 6.7.1 (edcfbbe)
C            5.74257530579859       -1.16568309029463       -0.41203957311771
O            4.96830721367150       -0.19214307746743        0.27695074549485
C            3.65527719190426       -0.54860443036885        0.50805900625644
O            2.95754306184311       -0.52567085987739       -0.72526137597756
C            1.56228469010426       -0.71898739473317       -0.61598147705825
C            1.00714665576014       -0.76577944841679       -2.04696385374425
O            1.46838635617308       -1.87744234003900       -2.75905816096202
C            0.92829859938959        0.42566691156671        0.20063188627706
O           -0.47194156275900        0.22991481785379        0.27781203805373
C           -1.33029771792191        1.28719280413628       -0.08083471015381
O           -2.15213732344814        0.89190496151044       -1.14095221410394
C           -2.96868861268771       -0.24261400935714       -0.83879525865246
C           -3.81923764866679       -0.52061896708164       -2.08458723711071
O           -3.05745299397954       -1.00586131961581       -3.15544769965367
C           -3.85737563282609        0.00279530148548        0.39319648716778
O           -4.59013423581617       -1.13882132251597        0.75852642629902
C           -3.00739793654468        0.50921506126056        1.57483621016751
O           -3.80794534367553        0.89908222159078        2.66264162842751
C           -2.20866651573760        1.72386286990665        1.10535128180228
O           -1.39823033148807        2.27016986314682        2.11299031475381
C            1.53827540574769        0.33154472080965        1.61041424538275
O            1.11691295500082        1.31473555787205        2.52234550324022
C            3.07098355955964        0.45319137973938        1.51171879845877
O            3.66957016045367        0.21495172628610        2.75210166482449
H            5.36947519650835       -1.30954341580591       -1.42691931638159
H            5.72905106337064       -2.11541650430490        0.12945621521086
H            6.75439178654347       -0.76787329052459       -0.43821128532573
H            3.58379148398260       -1.56934484396642        0.94679944254908
H            1.35012301565241       -1.67705627578426       -0.11181933637427
H            1.28590369568777        0.16610142061234       -2.55409766397341
H           -0.07956591640761       -0.84813848466056       -2.01154706158571
H            2.43427827605557       -1.84625244917270       -2.76769722814718
H            1.17113533821964        1.39070775644319       -0.26654840278245
H           -0.75838038563830        2.14820102745964       -0.45355485216658
H           -2.31446809150290       -1.10534350504197       -0.64353762471098
H           -4.33993501171904        0.40481030692966       -2.35744700753569
H           -4.55280757616439       -1.29304550278107       -1.85374815726949
H           -2.42047556956319       -0.32599921842383       -3.40672726119384
H           -4.60903467465952        0.76835747204071        0.15431169195429
H           -3.98946882197724       -1.88596852632113        0.89871388220671
H           -2.29994651264799       -0.27844498911050        1.88542914865985
H           -4.52818464376026        0.25740409404381        2.75410345182870
H           -2.90656572266559        2.49083689621636        0.73851390733033
H           -1.92527968836856        2.32370185609452        2.92376377701781
H            1.28259026287565       -0.67452348511964        2.00296884890074
H            0.21871209416466        1.64718674389124        2.28625446083564
H            3.31253177937412        1.46569701269135        1.15074362760509
H            3.21607036183332        0.78193710337033        3.39662510517715
48
 energy: -84.843642493803 gnorm: 0.017986093436 xtb: 6.7.1 (edcfbbe)
C            5.73927822139942       -1.17376644782380       -0.41758945210492
O            4.97037711721627       -0.19926172084808        0.27643064456811
C            3.65686420269264       -0.55161676455876        0.50818926821586
O            2.95829533105201       -0.52917149827977       -0.72326326535069
C            1.56248980983381       -0.71563739232554       -0.61343202256169
C            1.00864470572746       -0.76862817489945       -2.04484686522417
O            1.46041437789789       -1.89087194640999       -2.74715306858108
C            0.93075017146087        0.43179865601260        0.19981259420734
O           -0.47000266381456        0.23572990215441        0.27805313772045
C           -1.33109848961638        1.29186312591417       -0.07550112600061
O           -2.15168498023609        0.89844985638390       -1.13672113831634
C           -2.96517301291474       -0.23958117856967       -0.84028011373389
C           -3.81556583251230       -0.51714516700025       -2.08684825531793
O           -3.05522605562161       -0.99897269959589       -3.16050774069870
C           -3.85788855836476       -0.00073971814154        0.38942267524658
O           -4.59192428548980       -1.14294523787590        0.74547904151225
C           -3.01247014151095        0.50146384833213        1.57285226387053
O           -3.81376071101835        0.88649228722851        2.66187809496569
C           -2.21403901987491        1.71888838325924        1.11017078761444
O           -1.41347041518041        2.26030735081941        2.12677562711325
C            1.54792224685797        0.35257759868190        1.60637042892089
O            1.14739536367168        1.35498396519763        2.50324803820236
C            3.07940277481055        0.45654461021702        1.50761278141845
O            3.66962525180594        0.21344064469069        2.75144150351756
H            5.35786918349252       -1.31880611364061       -1.42954849630917
H            5.73025882664090       -2.12434475182102        0.12345825983623
H            6.74989556212311       -0.77440783947143       -0.45192361183266
H            3.58332943953492       -1.56952204722731        0.94983031379209
H            1.34757285608917       -1.66983357320107       -0.10594612731339
H            1.29181611810337        0.15949901666145       -2.55976349327501
H           -0.07906455080426       -0.84453843403272       -2.00482987702349
H            2.42661305066745       -1.87186694858066       -2.75731796934533
H            1.17077351633689        1.39276547944540       -0.27115879555021
H           -0.76238867831332        2.15600692552231       -0.44270501365080
H           -2.30792951086219       -1.10048492390138       -0.64660793560558
H           -4.34010878215538        0.40768321719740       -2.35751861267701
H           -4.54821946406898       -1.29161832587456       -1.85343648098386
H           -2.41667414555955       -0.31957357351056       -3.41075903804854
H           -4.60758642722943        0.76428832194162        0.15198923003493
H           -3.99191976156026       -1.88930395672839        0.88620920189673
H           -2.30391375875539       -0.28543483593692        1.88092547071071
H           -4.53432161459113        0.24756029604937        2.75450117814803
H           -2.91353246261392        2.48419212715157        0.74293888733478
H           -1.95154200364711        2.32005154245912        2.93085782039718
H            1.28493766109292       -0.64050902498308        2.01950898456912
H            0.21261959758381        1.63510813881955        2.30464072767492
H            3.33288603205817        1.46581181529426        1.14633250692496
H            3.22947094743110        0.79306832251204        3.39221206871780
48
 energy: -84.844076230831 gnorm: 0.012789074699 xtb: 6.7.1 (edcfbbe)
C            5.73723031005176       -1.18365031185702       -0.42194783979980
O            4.97289503696451       -0.20671105313771        0.27381915700870
C            3.65895411617170       -0.55384266740052        0.50618189515244
O            2.95938077115194       -0.52805317985844       -0.72282732967675
C            1.56365406809858       -0.71046590664239       -0.61138295343467
C            1.00986713191884       -0.76852437824105       -2.04258207957566
O            1.45406960603083       -1.89992644373026       -2.73631837654138
C            0.93273309175074        0.43709834009806        0.20080524423570
O           -0.46800921968720        0.23816675966787        0.27915965940929
C           -1.33216932624479        1.29300362210902       -0.06762530560621
O           -2.15052973686105        0.90200727205472       -1.13152484979804
C           -2.96307771610921       -0.23804152464010       -0.84119472627564
C           -3.81295838660548       -0.51586672988646       -2.08841422918699
O           -3.05484841208341       -0.99427739611965       -3.16547637592503
C           -3.86133863300247       -0.00367141197465        0.38502294163937
O           -4.59819451169897       -1.14532807426195        0.73041585823472
C           -3.02122038052316        0.49275991117102        1.57068040251107
O           -3.82415617098861        0.87496033944876        2.66003684031492
C           -2.22031071162256        1.71168414240161        1.11553412279451
O           -1.43091001351891        2.24859271497564        2.14074727399707
C            1.55948923879167        0.37436811438920        1.60280573477187
O            1.17538987362476        1.39365963325498        2.48428513534612
C            3.08968468263705        0.45971209335534        1.50349506209242
O            3.66960170174914        0.20641322031491        2.75206408537507
H            5.35220752435641       -1.32967279745620       -1.43295059895072
H            5.72826435544065       -2.13561156781184        0.11787827338107
H            6.74730558850302       -0.78493816168762       -0.46013415929571
H            3.58277198700577       -1.56963220932461        0.94827335619336
H            1.34810498600685       -1.66143038149880       -0.10188156731474
H            1.29584180515752        0.15641304490639       -2.56450605849155
H           -0.07857854240250       -0.83989516925943       -1.99800919172243
H            2.42018588909305       -1.89028421377161       -2.74971408651207
H            1.16816281615280        1.39469739401237       -0.27276045263622
H           -0.76683512004717        2.16063877214628       -0.42892499450718
H           -2.30426230863782       -1.09784052407318       -0.64748774161824
H           -4.34305169559423        0.40728852471801       -2.35721916169467
H           -4.54386638905818       -1.29297652997569       -1.85062528084110
H           -2.41591141454287       -0.31477024110718       -3.41633246570565
H           -4.60756898689526        0.76138670750445        0.14716376497864
H           -3.99984088314901       -1.89150605937042        0.87145853645688
H           -2.31359495596575       -0.29461254201733        1.87770935088795
H           -4.54228435592869        0.23628264989923        2.75773832342982
H           -2.92096272821297        2.47477482344924        0.74367006786697
H           -1.98271441129109        2.31680182289339        2.93629995433898
H            1.29152849495163       -0.60286979552850        2.04089255422305
H            0.23996604075279        1.65635406740879        2.30937084062066
H            3.36041300159778        1.46559664745177        1.14522407977762
H            3.23948993222507        0.79173179018752        3.39259034730518
48
 energy: -84.844539620438 gnorm: 0.015144253070 xtb: 6.7.1 (edcfbbe)
C            5.73000156475992       -1.20002423401428       -0.43220830816943
O            4.97605536099355       -0.22120520710924        0.27299531090665
C            3.65959988141928       -0.55894514876606        0.50787817258506
O            2.96030125711281       -0.53102649667493       -0.72030683959750
C            1.56371700801460       -0.70388540680936       -0.60664110672231
C            1.00776096689422       -0.77231110757782       -2.03636622373080
O            1.43674407774550       -1.91727101246937       -2.71653248790267
C            0.93844008129568        0.45033192454583        0.20024996001762
O           -0.46256999509048        0.24649455448050        0.28490738256567
C           -1.33207705962690        1.29736747171870       -0.05939256585713
O           -2.15116187430905        0.90944903289725       -1.12453364230921
C           -2.95935203361136       -0.23568875332741       -0.84517438315317
C           -3.80628963658947       -0.51133538250306       -2.09480214998627
O           -3.04948569797310       -0.98312531993548       -3.17499559814668
C           -3.86485745391059       -0.01107726579122        0.37768458343374
O           -4.60326964277394       -1.15594140042695        0.70861192257142
C           -3.02816037088858        0.47496786516341        1.56823306665310
O           -3.83120258616119        0.85110518311695        2.65983424122063
C           -2.22564029622142        1.69986177198920        1.12701999044567
O           -1.44507199678631        2.22162905612471        2.16571432123017
C            1.57089252196664        0.41403830659433        1.60023612823087
O            1.21357641778150        1.48232365008309        2.44049187657230
C            3.10310378336985        0.46408802079364        1.50286903698317
O            3.67249997163954        0.19669823064594        2.75464203291947
H            5.33199321647923       -1.34566324968083       -1.43854113411842
H            5.72616179294290       -2.15192825759109        0.10804030918417
H            6.74006187607251       -0.80278904549810       -0.48352737673108
H            3.57749447885242       -1.57266890756788        0.95361372236319
H            1.34328041660755       -1.64967179928059       -0.08894072495469
H            1.30386472960766        0.14317868002328       -2.56949012357906
H           -0.08164202495779       -0.83027690514026       -1.98991494293879
H            2.40312693305497       -1.92459163132409       -2.73081550648629
H            1.16735041342123        1.40307271637488       -0.28716308501143
H           -0.77246338394941        2.17143445212121       -0.41340838887292
H           -2.29732882241232       -1.09337252146209       -0.65304867509287
H           -4.34158372091873        0.41038007295625       -2.35908688919537
H           -4.53400379252353       -1.29196524398994       -1.85740132641683
H           -2.41033130410337       -0.30283491520624       -3.42338863778943
H           -4.60949996500270        0.75604665696481        0.14149998117757
H           -4.00505093748954       -1.90216666002418        0.84932015950576
H           -2.32158954161835       -0.31517928294009        1.87085733524846
H           -4.55313533448696        0.21577111463263        2.75410162159893
H           -2.92715044421227        2.46547638384485        0.75950341149912
H           -2.01384646937041        2.30276676171297        2.94906429439117
H            1.27966117638839       -0.54238602814030        2.07246617938001
H            0.25100055555804        1.67407473721271        2.32258897001241
H            3.39739689892073        1.46422837384585        1.14597686969074
H            3.27267604403062        0.81253930375410        3.39076227279807
48
 energy: -84.844958703397 gnorm: 0.008187477877 xtb: 6.7.1 (edcfbbe)
C            5.72422112418344       -1.21621622648238       -0.43903490142234
O            4.97955434936607       -0.23259170822624        0.26905632269288
C            3.66023214932722       -0.55927758209797        0.50700564561057
O            2.96044236594683       -0.52674335595247       -0.72049409644167
C            1.56407336328921       -0.69672363111048       -0.60249127882275
C            1.00326943343185       -0.77213920892641       -2.02936927922594
O            1.42250553474660       -1.92557318736244       -2.70080560324851
C            0.94264288828668        0.46170461875611        0.20142698001104
O           -0.45750371976632        0.24964925524929        0.29211902229611
C           -1.33167008521147        1.29592423955895       -0.05256765904521
O           -2.15158131248602        0.90855241580690       -1.11888800117079
C           -2.95914834532318       -0.23806201424646       -0.84774034004752
C           -3.80136455982305       -0.51043345141729       -2.10083180582139
O           -3.04255051508211       -0.97666734928827       -3.18154917136227
C           -3.87043603906401       -0.01738276119022        0.37205580804654
O           -4.61099411739207       -1.16350415208804        0.69497866744424
C           -3.03492411985567        0.46143217613069        1.56625848972726
O           -3.83945689888260        0.83452869178867        2.65848168972740
C           -2.22827333019824        1.68912071608086        1.13600175349973
O           -1.45133856760259        2.19930857249843        2.18229144928988
C            1.58055402537522        0.44746568763795        1.59895665713108
O            1.23485293729722        1.54903295237441        2.40418946469186
C            3.11451078790421        0.46966652695869        1.50352760025478
O            3.67846344660620        0.18767218087782        2.75631962817244
H            5.32087870925985       -1.36094515619537       -1.44334323476962
H            5.71781192710390       -2.16717523339126        0.10236593796993
H            6.73622553500701       -0.82516718191172       -0.49641706832719
H            3.57051923053730       -1.57276503221759        0.95360603967726
H            1.34300767433498       -1.63996635141834       -0.07849584509422
H            1.30753003106789        0.13464826209682       -2.57028482529936
H           -0.08609693523921       -0.82026941893183       -1.98390814631140
H            2.38830362800542       -1.93875952480534       -2.71712794319833
H            1.16357584974749        1.41253363704817       -0.29745093177028
H           -0.77694042622254        2.17456580875999       -0.40397687523364
H           -2.29784231804519       -1.09602393980125       -0.65491015744888
H           -4.33866472540522        0.41036756798062       -2.36250263395637
H           -4.52712761829640       -1.29358175868641       -1.86792640900165
H           -2.40661237133831       -0.29318522899530       -3.42860063991794
H           -4.61352445514887        0.75252278857869        0.13495147458015
H           -4.01346944641566       -1.91114487819907        0.83407443936596
H           -2.33109654420412       -0.33233939905930        1.86707338478796
H           -4.56122866974928        0.19709127282584        2.74942146502141
H           -2.92892675728831        2.45820336150250        0.77179511312923
H           -2.02939548830827        2.28754669535907        2.95734871149767
H            1.27254880732683       -0.49083858352374        2.09704571006280
H            0.27967631334823        1.71761276634333        2.32764748315987
H            3.42755277517766        1.46546607731712        1.15159129745180
H            3.29721151998056        0.81285318324521        3.39260964731666
48
 energy: -84.845170229140 gnorm: 0.008159749180 xtb: 6.7.1 (edcfbbe)
C            5.71516563644212       -1.23486515275253       -0.44529668189295
O            4.98258575134643       -0.24426156884192        0.26536114222314
C            3.65965190794645       -0.55697061665797        0.50621236193938
O            2.95969190268372       -0.52240021729767       -0.72105145736386
C            1.56357460007467       -0.68889219488884       -0.59822711018995
C            0.99789518919017       -0.77284575938334       -2.02202414822640
O            1.40437509311324       -1.93854226931685       -2.68187694201559
C            0.94662524485636        0.47481337200300        0.20083742746905
O           -0.45229258445181        0.25432796820462        0.29870393023363
C           -1.33130784196548        1.29520808681387       -0.04738646603606
O           -2.15263428903307        0.90662341169322       -1.11341655130708
C           -2.95874444210991       -0.24184374436541       -0.85029670851583
C           -3.79444726286898       -0.50855634452457       -2.10887872681020
O           -3.02928687981658       -0.96803080482471       -3.18810000866939
C           -3.87435162064548       -0.02498681026859        0.36692482759764
O           -4.61652583655462       -1.17170477784330        0.68566970607947
C           -3.03947428695233        0.44883237485193        1.56413690127855
O           -3.84630818465401        0.81648582991851        2.65712824310836
C           -2.22909373373817        1.67873517110379        1.14514990398449
O           -1.45240028492543        2.17437283611669        2.19943055660729
C            1.58964717254097        0.48440605378552        1.59594983568347
O            1.25825783333153        1.61648726343719        2.36498506451115
C            3.12450187405254        0.47977117359222        1.50215873115916
O            3.68499361550744        0.18598013973979        2.75439608910888
H            5.30451970423533       -1.37892164862902       -1.44653969847906
H            5.70561589934904       -2.18403319142497        0.09850526134914
H            6.72986029351488       -0.85179420075465       -0.51073252050703
H            3.55998673684548       -1.56921443266409        0.95577481224694
H            1.34212417000821       -1.62896476832573       -0.06647132106368
H            1.31327775240153        0.12312466824903       -2.57308085820532
H           -0.09152935932192       -0.80799961099112       -1.97672525534877
H            2.36976002648239       -1.95762245414738       -2.70034658059813
H            1.15913144560754        1.42320831454868       -0.30957203081389
H           -0.78203026961888        2.17770795771806       -0.39812559670652
H           -2.29848472658495       -1.10065359141638       -0.65776304219266
H           -4.33055785547973        0.41299694212802       -2.36824850636088
H           -4.52010362205064       -1.29378470509448       -1.88564861755607
H           -2.39783042466896       -0.27954812358760       -3.43201644435066
H           -4.61654034704521        0.74710635089456        0.12962198223553
H           -4.01977329223803       -1.92115568924364        0.82182426127824
H           -2.33728629305885       -0.34781773028950        1.86227791796743
H           -4.56770855348191        0.17647418203252        2.74010288158831
H           -2.92745143827450        2.45360645139666        0.78909183011204
H           -2.03512716724029        2.26572236729843        2.96917607530841
H            1.26602186063136       -0.43602469062357        2.11655842199714
H            0.28399664846372        1.74065416289796        2.35306760449132
H            3.45333078505038        1.47064267401737        1.15293452920248
H            3.32669649380036        0.82414048593992        3.38932800944890
48
 energy: -84.845308646201 gnorm: 0.003754272125 xtb: 6.7.1 (edcfbbe)
C            5.70982057932722       -1.24349088617637       -0.44269107304157
O            4.98215683149847       -0.24667001278526        0.26352947810064
C            3.65753117781870       -0.55193754010474        0.50402934637382
O            2.95835369023802       -0.51624868755493       -0.72380877754357
C            1.56318374638322       -0.68594036651764       -0.59819816009734
C            0.99478378185172       -0.77014141235783       -2.02030808242787
O            1.39778105355804       -1.93898787238044       -2.67820898908541
C            0.94595319710816        0.47647212435311        0.20096041729489
O           -0.45175830858142        0.25231109224008        0.30041568226315
C           -1.33182146576068        1.29130958080092       -0.04612710019222
O           -2.15331120257300        0.90047214262472       -1.11158585012835
C           -2.96035985875276       -0.24704964895617       -0.84978146646119
C           -3.79146129065181       -0.50952957452204       -2.11252979063886
O           -3.01879858133740       -0.96551865104802       -3.18866432027493
C           -3.87568514248132       -0.02773265933162        0.36665500310122
O           -4.61921315191055       -1.17234520401995        0.68987179417263
C           -3.04033979211324        0.44706855444685        1.56426637729775
O           -3.85027733369129        0.81300723176508        2.65591363033408
C           -2.22747802210645        1.67526395798050        1.14774850217685
O           -1.44584612135791        2.16554700961691        2.20196072051405
C            1.59040763230277        0.49317029295688        1.59535710947791
O            1.26126699538556        1.62868791577752        2.35301325347913
C            3.12457724245085        0.48663293904136        1.49983344483768
O            3.68671102871035        0.19005982093990        2.75026000139440
H            5.30168796562272       -1.38643559584853       -1.44477188591355
H            5.69209171961363       -2.19158912089170        0.10265341318206
H            6.72754754542416       -0.86814261565818       -0.50579612994662
H            3.55190433099407       -1.56352220688424        0.95441520510281
H            1.34508074941790       -1.62622047584383       -0.06529507366606
H            1.31376374640184        0.12232489474891       -2.57348944235872
H           -0.09423804080677       -0.80128180070230       -1.97465164404095
H            2.36300084082807       -1.95436455021110       -2.69890044342258
H            1.15509992825986        1.42474830011613       -0.31093569246923
H           -0.78428117351929        2.17354136013728       -0.39997690661023
H           -2.30268850185379       -1.10792086713251       -0.65695443018293
H           -4.32396352841772        0.41364536039586       -2.37210243870912
H           -4.51887445233098       -1.29513562159130       -1.89825178994047
H           -2.39204104775655       -0.27222772418821       -3.43091465806617
H           -4.61730615110606        0.74495691980995        0.12847783879342
H           -4.02399105367196       -1.92395465781878        0.82235082475543
H           -2.33921742552569       -0.35047197450703        1.86275502394108
H           -4.56777861558706        0.16802181532200        2.73467632241220
H           -2.92275291806045        2.45434154917843        0.79662709068937
H           -2.02285531098058        2.25085206128427        2.97501526290312
H            1.26803795347056       -0.42199215136717        2.11994049106389
H            0.29317391973155        1.75943753359559        2.35867679423000
H            3.45582915626275        1.47586691884329        1.15095019679592
H            3.33659071909054        0.83110564283591        3.38707395528972
48
 energy: -84.845385798212 gnorm: 0.004223513505 xtb: 6.7.1 (edcfbbe)
C            5.70249193360867       -1.25744950291494       -0.43991506830307
O            4.98225694839828       -0.25297568798140        0.26284402917563
C            3.65556781256487       -0.54891542129515        0.50206165673762
O            2.95759091180511       -0.51180320186045       -0.72617234499928
C            1.56306566961547       -0.68291089422375       -0.59800715055256
C            0.99203590404614       -0.76793957557129       -2.01872119198495
O            1.38728281683442       -1.94185193090987       -2.67352987806841
C            0.94565152137858        0.47848969635612        0.20074375334769
O           -0.45125197020988        0.25125133793095        0.30244942225264
C           -1.33328807560609        1.28846712253222       -0.04181618388316
O           -2.15461065015322        0.89708512577133       -1.10717128873778
C           -2.96080728647421       -0.25145456467446       -0.84954217042690
C           -3.78632949696847       -0.50923837906692       -2.11738259355990
O           -3.00575235675520       -0.95875595194522       -3.19134078307910
C           -3.87761547209977       -0.03257256708346        0.36497952385350
O           -4.62349136786834       -1.17551639763875        0.68873115038663
C           -3.04345288439849        0.44035625844552        1.56464207428323
O           -3.85718183920260        0.80261058240064        2.65494171803573
C           -2.22837794905230        1.66844212672635        1.15406906495958
O           -1.44472140340835        2.14968974255803        2.21206195599398
C            1.59372920036379        0.51089573630334        1.59437029365630
O            1.27993388859787        1.66804293961273        2.32788817045136
C            3.12802005878927        0.49464525387956        1.49527685355081
O            3.68901600418081        0.19596734544272        2.74554556720975
H            5.29514024341486       -1.39815025391973       -1.44259500093546
H            5.67469647255183       -2.20474037229589        0.10682480158784
H            6.72390700648597       -0.89173662401725       -0.50126303567236
H            3.54239373003560       -1.55844814836786        0.95490783596293
H            1.34762913904719       -1.62267715313768       -0.06373748388764
H            1.31585825219692        0.12051847858762       -2.57526377712239
H           -0.09703324987641       -0.79213239175480       -1.97076103037152
H            2.35273432853784       -1.95911548814175       -2.69758390991072
H            1.15066633227442        1.42464766680113       -0.31589010039675
H           -0.78871416650463        2.17205346697160       -0.39611669235967
H           -2.30406634896058       -1.11339918505390       -0.65737162986401
H           -4.31732279175323        0.41518356248107       -2.37551646182151
H           -4.51439780392215       -1.29669202304936       -1.91229297272175
H           -2.38375212939556       -0.26009100343361       -3.43076631727729
H           -4.61768336399842        0.74111219902670        0.12692124411026
H           -4.03054069279306       -1.92966219376709        0.81626367969671
H           -2.34333097116628       -0.35821505238415        1.86250452506822
H           -4.57119955510074        0.15377216216597        2.72959778829018
H           -2.92070701723350        2.45232138720857        0.80934411013611
H           -2.02000197909905        2.22901014170186        2.98720400691686
H            1.26659049924625       -0.39276341911817        2.13745900617027
H            0.31264732224996        1.78867748855168        2.35841040990423
H            3.46489919426964        1.48116820502662        1.14443531231393
H            3.35182267255664        0.84479249798151        3.38176214606316
48
 energy: -84.845432605555 gnorm: 0.002681659803 xtb: 6.7.1 (edcfbbe)
C            5.69825101814603       -1.26815352959718       -0.43457825558939
O            4.98278811285500       -0.25749280841446        0.26430282000201
C            3.65468920965976       -0.54695613795164        0.50132707051806
O            2.95790047197618       -0.50910841589835       -0.72753351999521
C            1.56341134736393       -0.68143130727579       -0.59925015871707
C            0.99095486685101       -0.76629942265981       -2.01968458972490
O            1.38189951356847       -1.94092465146741       -2.67513007801818
C            0.94467414122680        0.47937355301752        0.19939191895092
O           -0.45174544206695        0.25046083379603        0.30266073883671
C           -1.33495338772091        1.28719377112480       -0.03949217506738
O           -2.15631708727104        0.89620487483020       -1.10434309931417
C           -2.96103263670499       -0.25365267878002       -0.84849557359728
C           -3.78305187148239       -0.50959610926915       -2.11918528687522
O           -2.99736047435062       -0.95423129128525       -3.19167425616552
C           -3.87842734660962       -0.03514708427356        0.36480470374517
O           -4.62592559352211       -1.17716557838789        0.68887232890191
C           -3.04479444062448        0.43641537863690        1.56585516864189
O           -3.86061863733860        0.79656328198874        2.65507456266081
C           -2.22902912648922        1.66454770977149        1.15833067588719
O           -1.44314451329059        2.14036480372381        2.21777440452152
C            1.59608482318319        0.52140478615159        1.59154975753261
O            1.28798665846457        1.68513539742163        2.31283044744044
C            3.13071398536434        0.50067966173927        1.49131250658741
O            3.69136042130105        0.20555588232496        2.74203973082404
H            5.29358469368317       -1.40607815445540       -1.43883184074732
H            5.65983121904459       -2.21480547528098        0.11308081093497
H            6.72302861091305       -0.91100539552319       -0.49136736469118
H            3.53621285413235       -1.55471434616415        0.95619550929165
H            1.34970631753983       -1.62188853996860       -0.06589423478381
H            1.31573484466587        0.12160782603621       -2.57660986698731
H           -0.09818773375374       -0.78753268487762       -1.96954255949765
H            2.34761384630736       -1.96036138690194       -2.70232500874064
H            1.14733326942232        1.42421331334100       -0.32000622816681
H           -0.79179096729783        2.17170797309880       -0.39334407727986
H           -2.30361273337581       -1.11529748154048       -0.65692318935128
H           -4.31436627744609        0.41502275515655       -2.37617818215064
H           -4.51050432476247       -1.29877349149967       -1.91934868577024
H           -2.37822098110056       -0.25227418365582       -3.42885096835821
H           -4.61735667707894        0.73929638219795        0.12726369518181
H           -4.03473046349611       -1.93317275144147        0.81217070915403
H           -2.34502637494169       -0.36247460046497        1.86344429622343
H           -4.57355025475068        0.14665129757625        2.72754956315609
H           -2.91970066781579        2.45148428609407        0.81831371885623
H           -2.01564281723246        2.21157378877144        2.99677474882428
H            1.26818283355513       -0.37606025096170        2.14399065389594
H            0.32110330103746        1.80454350929282        2.35506585326927
H            3.46671422765138        1.48605818971416        1.13637408629687
H            3.35932728379098        0.85853164321411        3.37572175314286
48
 energy: -84.845481055574 gnorm: 0.003236458092 xtb: 6.7.1 (edcfbbe)
C            5.69342030640402       -1.28406523969271       -0.42575705000987
O            4.98316490448439       -0.26584869895752        0.26784395034953
C            3.65290869719808       -0.54624280716825        0.50172582474835
O            2.95837378326085       -0.50753727991512       -0.72838198711115
C            1.56348779406841       -0.68016881955998       -0.60159636808799
C            0.99044243532225       -0.76356338016935       -2.02245514809928
O            1.37707521300781       -1.93759182022506       -2.67981143675350
C            0.94387426992495        0.48055010742941        0.19722364466699
O           -0.45201316501235        0.25011983509286        0.30291720312307
C           -1.33687668953507        1.28670891396211       -0.03628748712156
O           -2.15883924988741        0.89759027147055       -1.10034583864977
C           -2.96085105907925       -0.25486549343589       -0.84706365818167
C           -3.77919260513098       -0.51003543911027       -2.12034188580633
O           -2.98848394671169       -0.94754632350932       -3.19188029310929
C           -3.87913724383249       -0.03847009206046        0.36501194908484
O           -4.62844567208804       -1.18016313641694        0.68707603525320
C           -3.04612674984120        0.43018558157966        1.56795493826367
O           -3.86307212089655        0.78707506755474        2.65707316637521
C           -2.22976012088645        1.65909844983196        1.16468662718669
O           -1.44156389644659        2.12836959264710        2.22562718363484
C            1.59818973625024        0.53476775675655        1.58757782283626
O            1.29645639080818        1.70804456595282        2.29301847744146
C            3.13343558993584        0.50817085506451        1.48571580683770
O            3.69410379533293        0.22114727145823        2.73758300571580
H            5.29445324430332       -1.41709696468806       -1.43301189341539
H            5.63973472504948       -2.23025259282786        0.12192090234979
H            6.72263927866641       -0.93848183669309       -0.47424740067806
H            3.52719707700539       -1.55161911683433        0.95938317555466
H            1.35036569711178       -1.62149058518489       -0.06962731100251
H            1.31507178653336        0.12531298920921       -2.57862594269541
H           -0.09879116009466       -0.78270155086592       -1.96968782597034
H            2.34270888821865       -1.96052586310132       -2.71185705770055
H            1.14368860870861        1.42349430352097       -0.32674085718705
H           -0.79521343291044        2.17299564472247       -0.38784573660603
H           -2.30113107683359       -1.11483717206165       -0.65611513766233
H           -4.31326900809089        0.41366223161065       -2.37530553694640
H           -4.50420374485679       -1.30246168782278       -1.92537484900005
H           -2.37196528105843       -0.24211240567784       -3.42541566012545
H           -4.61673685768286        0.73720373363480        0.12878159891461
H           -4.03911655407701       -1.93827546760005        0.80460181406650
H           -2.34655734809616       -0.36939427547974        1.86399958093231
H           -4.57711912504465        0.13817528584588        2.72650775340978
H           -2.91961226016372        2.44906347966490        0.83070326482652
H           -2.01011247992446        2.18584741042504        3.00992240431564
H            1.26847355733963       -0.35462536743080        2.15178087984389
H            0.32967416311968        1.82560385230675        2.34448558047694
H            3.46893246921324        1.49134215688830        1.12245786901909
H            3.37031547826400        0.88543720109600        3.36567893553887
48
 energy: -84.845520564525 gnorm: 0.003744938832 xtb: 6.7.1 (edcfbbe)
C            5.68982178253118       -1.30074856602643       -0.41515130750911
O            4.98354592730285       -0.27510142279406        0.27196928864218
C            3.65095661607617       -0.54596500776834        0.50303230509126
O            2.95914483913148       -0.50757777341866       -0.72874539286971
C            1.56353301459175       -0.67924932345375       -0.60459562240829
C            0.99088998718458       -0.75982458823057       -2.02629581677735
O            1.37587891217113       -1.93138877962195       -2.68698379352890
C            0.94351431006128        0.48147754232997        0.19478575881346
O           -0.45194222841532        0.24989792733810        0.30293659243337
C           -1.33831022027032        1.28674544681424       -0.03365605406101
O           -2.16136316548001        0.90029457549691       -1.09689630771887
C           -2.96059241589345       -0.25478250844712       -0.84543808519102
C           -3.77667631375169       -0.51091028042734       -2.11980065375248
O           -2.98298515570236       -0.94138699672276       -3.19145268834916
C           -3.87959477272890       -0.04091757025945        0.36603213154741
O           -4.63022503351227       -1.18283044680303        0.68473706043788
C           -3.04634190024490        0.42397519442694        1.57029047388487
O           -3.86230649761814        0.77794783949911        2.66078699440518
C           -2.22982268540394        1.65408000007569        1.17057537793496
O           -1.43985291019363        2.11825852754150        2.23216672184020
C            1.59967851934257        0.54519991773812        1.58336355686217
O            1.30137118840195        1.72563263128296        2.27677916666381
C            3.13513460835177        0.51654231332614        1.47951595072541
O            3.69775390561210        0.24238868165750        2.73290517089547
H            5.29937174627895       -1.42863470039391       -1.42648685454290
H            5.61987421894735       -2.24657392404592        0.13163635629671
H            6.72337238439643       -0.96666221606026       -0.45283541612601
H            3.51793991805938       -1.54885412892738        0.96413504700073
H            1.34919120280210       -1.62138750290726       -0.07437482412534
H            1.31409579957245        0.13164641999975       -2.57996611220407
H           -0.09843191822916       -0.77922012945432       -1.97209808546366
H            2.34106978796861       -1.95646665364913       -2.72404552912945
H            1.14076417193714        1.42292010160027       -0.33344094036536
H           -0.79750575557922        2.17477747533307       -0.38210838326471
H           -2.29790210514244       -1.11235727659180       -0.65461729569401
H           -4.31551835192805        0.41074100300409       -2.37259700735749
H           -4.49783722797649       -1.30732180614904       -1.92725223128411
H           -2.36788267716120       -0.23344108651185       -3.42094656968458
H           -4.61616057751620        0.73617199269447        0.13139830088245
H           -4.04215440543035       -1.94256690133197        0.79697111664321
H           -2.34681971599854       -0.37665201641285        1.86378449729574
H           -4.57971871924029        0.13229756088889        2.72731080595617
H           -2.92004992170091        2.44583574662508        0.84146711585306
H           -2.00409808306936        2.16018965432773        3.02139084926909
H            1.26935717235147       -0.33782233182500        2.15635027025668
H            0.33474958358401        1.84505699426243        2.32925181276905
H            3.46848699533494        1.49706607824311        1.10579663059103
H            3.37459320768234        0.90949345509707        3.35389865029599
48
 energy: -84.845554870205 gnorm: 0.003386263389 xtb: 6.7.1 (edcfbbe)
C            5.68661555342287       -1.31616267803592       -0.40643137485761
O            4.98321419185735       -0.28529045643303        0.27584334497067
C            3.64840877922923       -0.54754154593022        0.50484623279910
O            2.95931144425000       -0.50909824164029       -0.72854714699688
C            1.56289842879250       -0.67741891524642       -0.60682486243892
C            0.99145905191679       -0.75560022827784       -2.02922730433903
O            1.37640809350680       -1.92562547858011       -2.69190956364976
C            0.94374769416860        0.48404782564388        0.19258363298092
O           -0.45133401440533        0.25087363015319        0.30306345274091
C           -1.33921817620860        1.28744565525560       -0.03194286338962
O           -2.16346669669058        0.90308241040785       -1.09460648310861
C           -2.96025486490309       -0.25416347479545       -0.84465342989615
C           -3.77542629949433       -0.51165342555544       -2.11906480355715
O           -2.98054663510905       -0.93578539906089       -3.19195424214623
C           -3.87989007546250       -0.04324976622834        0.36694998461169
O           -4.63083974587791       -1.18594892960969        0.68169619497911
C           -3.04555224148391        0.41772938546866        1.57163739656179
O           -3.85900823669188        0.76846345496658        2.66508791600259
C           -2.22960528061017        1.64975575625744        1.17514516095385
O           -1.43906711079656        2.11012069343985        2.23748757083062
C            1.60067258602934        0.55449940272162        1.57973273041583
O            1.30351946150720        1.74026843055497        2.26490042700495
C            3.13599872792724        0.52270321287631        1.47468270224126
O            3.70040743218052        0.25845280573953        2.72946017704316
H            5.30405917818072       -1.43981044310229       -1.42140555407614
H            5.60432268229530       -2.26187316989673        0.13855866711335
H            6.72318012684385       -0.99055908740889       -0.43484260872788
H            3.50843562337766       -1.54826301087166        0.96910386242542
H            1.34549828770506       -1.61961438183825       -0.07755333678360
H            1.31453209588606        0.13763483738727       -2.58074170320536
H           -0.09801223800745       -0.77547961222048       -1.97563877236918
H            2.34107684620085       -1.95131236041399       -2.73227149063186
H            1.13864415187691        1.42459455462786       -0.33886854010705
H           -0.79929526712808        2.17705843443268       -0.37766863541760
H           -2.29500873418166       -1.10964846840125       -0.65384777944659
H           -4.31954897962263        0.40759601478205       -2.36962939725592
H           -4.49242278678280       -1.31213792854469       -1.92733870621039
H           -2.36607381999692       -0.22595711569931       -3.41746581644607
H           -4.61607086534560        0.73499831714129        0.13397114565218
H           -4.04297015619724       -1.94638010718083        0.79038081174278
H           -2.34563607790713       -0.38405299297389        1.86154235320052
H           -4.58037567981492        0.12657408540193        2.72848766317898
H           -2.92118318037491        2.44210390470349        0.84950600049582
H           -2.00059891076861        2.13998883063560        3.02896052727263
H            1.26864825784251       -0.32355907096845        2.15838706683047
H            0.33549340065942        1.85990102422749        2.31844793764394
H            3.47090954039819        1.49954984608026        1.09186384421837
H            3.38394147942034        0.93873691757110        3.34359064206055
48
 energy: -84.845580563628 gnorm: 0.002124742450 xtb: 6.7.1 (edcfbbe)
C            5.68463328236427       -1.32618293232966       -0.40024680014256
O            4.98253589042580       -0.29205482976386        0.27810184603053
C            3.64643508913716       -0.54878883254350        0.50625859223245
O            2.95909833291806       -0.51131720774912       -0.72823152598585
C            1.56215375459798       -0.67574689413881       -0.60814279873479
C            0.99250252913126       -0.75143625374203       -2.03114267786461
O            1.37991187404559       -1.91994402700780       -2.69549091549233
C            0.94424121304964        0.48612839188318        0.19136047156480
O           -0.45068355873801        0.25192251088558        0.30279705998719
C           -1.33943618231807        1.28803049605378       -0.03184583808268
O           -2.16452172197741        0.90427091996628       -1.09424337817609
C           -2.96021034886665       -0.25368647762298       -0.84446389884779
C           -3.77637423406395       -0.51237578384883       -2.11779149980414
O           -2.98223281962746       -0.93232187464310       -3.19276461764982
C           -3.87956821861605       -0.04460820822224        0.36819320845367
O           -4.63013609809215       -1.18792945291000        0.68055834222507
C           -3.04344506529827        0.41409162361067        1.57207888969737
O           -3.85378865729935        0.76226350942204        2.66893594078372
C           -2.22912121311583        1.64791865369768        1.17648685594017
O           -1.43896439845317        2.10823817866774        2.23857812867273
C            1.60101519250137        0.55750392250014        1.57805916421370
O            1.30246702662653        1.74415942088275        2.26280712216544
C            3.13566925226864        0.52692898959646        1.47135926370103
O            3.70292025938244        0.27061607479362        2.72685698931679
H            5.30825813865922       -1.44809691603387       -1.41780088006429
H            5.59506452978358       -2.27160267466081        0.14337835306887
H            6.72271373856546       -1.00522084279450       -0.42226813398706
H            3.50204041160331       -1.54775058691681        0.97328095713091
H            1.34127248071626       -1.61759707691820       -0.07943110028756
H            1.31566443936642        0.14302323333632       -2.58052420839064
H           -0.09703353658792       -0.77285736598882       -1.97979546855081
H            2.34438120286205       -1.94350459894595       -2.73620293149570
H            1.13791258740928        1.42675817950704       -0.34075270667881
H           -0.80013233681214        2.17827146091029       -0.37676533149006
H           -2.29386668785731       -1.10829841713886       -0.65373807871365
H           -4.32469505066242        0.40489829768119       -2.36650491697085
H           -4.49006044155844       -1.31584715905152       -1.92539663144327
H           -2.36771814934736       -0.22153719360004       -3.41537885166464
H           -4.61592585047337        0.73420450264173        0.13656921710525
H           -4.04175078647114       -1.94817148696968        0.78844285101941
H           -2.34251093056595       -0.38814108129890        1.85858733399979
H           -4.57772999707547        0.12302784377752        2.73049474274185
H           -2.92271778213972        2.43914578967062        0.85180088652873
H           -1.99905007001070        2.13145606998777        3.03024695173897
H            1.26918565407482       -0.31969226955486        2.15745339249592
H            0.33432118920848        1.86706691998846        2.31064041004724
H            3.47093411879522        1.50085249218610        1.08250001611864
H            3.38633899020602        0.95392610443637        3.33657923371348
48
 energy: -84.845601540899 gnorm: 0.001625909982 xtb: 6.7.1 (edcfbbe)
C            5.68179717137572       -1.33635787636551       -0.39503221014833
O            4.98191714757416       -0.29860772521616        0.27967480808652
C            3.64464882423902       -0.54979235616265        0.50736564219846
O            2.95862914216774       -0.51336071104780       -0.72792122925298
C            1.56129035322766       -0.67293107465991       -0.60881895186263
C            0.99363150043487       -0.74662784962788       -2.03232967539095
O            1.38395867526894       -1.91447626907104       -2.69742154421843
C            0.94493558645518        0.48957541252154        0.19040234386285
O           -0.44985601714336        0.25385284657346        0.30244203113535
C           -1.33983884069245        1.28857703904044       -0.03246798056571
O           -2.16538575363749        0.90379176558767       -1.09467497633708
C           -2.96037310368087       -0.25427497196306       -0.84482855990363
C           -3.77820128250113       -0.51305059271247       -2.11699092472951
O           -2.98498835076093       -0.92851589825811       -3.19463244578101
C           -3.87895725858863       -0.04664972514930        0.36926535865673
O           -4.62891565552594       -1.19037338184807        0.68056339443299
C           -3.04065600485572        0.41056992639254        1.57185707300939
O           -3.84802792331199        0.75541197736867        2.67231196892667
C           -2.22931841888799        1.64669776447689        1.17638401152961
O           -1.44009177339424        2.10832949694316        2.23835763421823
C            1.60201976681565        0.56071450980094        1.57698070924119
O            1.30264784730379        1.74728142154138        2.26361320049410
C            3.13592999238086        0.53104822991877        1.46836004757136
O            3.70586493940725        0.28053077115007        2.72423027864369
H            5.30974041945614       -1.45746124443215       -1.41432789245627
H            5.58596143020668       -2.28117086534608        0.14815136066042
H            6.72139487959928       -1.01984053075126       -0.41279360339895
H            3.49578573144171       -1.54678877732458        0.97735170128402
H            1.33657354772852       -1.61403638950480       -0.08018764889557
H            1.31799248967760        0.14789499616709       -2.58025679145844
H           -0.09592341212805       -0.76900484708655       -1.98407180394211
H            2.34863954821524       -1.93491979940472       -2.73601294251277
H            1.13736137652587        1.43057354138695       -0.34169592856716
H           -0.80197825269289        2.17934508881659       -0.37812613437440
H           -2.29386153490449       -1.10896958069250       -0.65479270342879
H           -4.33010196568062        0.40268174004040       -2.36325734167189
H           -4.48887615055092       -1.31930094649895       -1.92455637443448
H           -2.37097981219972       -0.21635346712413       -3.41445933052031
H           -4.61571215506151        0.73244780423390        0.13906236873807
H           -4.03985152085186       -1.95013892878451        0.78917609412265
H           -2.33781334874677       -0.39128335648424        1.85475452369779
H           -4.57298547150857        0.11734937933309        2.73215713606101
H           -2.92528912124547        2.43617364911750        0.85220313260023
H           -1.99957232278394        2.12721697935237        3.02955040910995
H            1.27076687282512       -0.31684103449365        2.15612680746183
H            0.33416212228387        1.87243233989503        2.30760685774744
H            3.47200115783207        1.50207168116403        1.07474148051583
H            3.38990197062903        0.96655298108684        3.33044964922167
48
 energy: -84.845623253542 gnorm: 0.002033628991 xtb: 6.7.1 (edcfbbe)
C            5.67683748862698       -1.35051765059391       -0.38758469684268
O            4.98115840701759       -0.30684280781579        0.28201925020974
C            3.64253658587693       -0.55056877793537        0.50881827428894
O            2.95814894542639       -0.51538420802596       -0.72743078613339
C            1.56032322938425       -0.66835310459544       -0.60975586568247
C            0.99570452500685       -0.73937274505715       -2.03430257235121
O            1.39065568080296       -1.90608392533640       -2.70040975844517
C            0.94556000561518        0.49490177763332        0.18910932380834
O           -0.44906488603990        0.25723605738875        0.30127221133208
C           -1.34104434436290        1.28944308261088       -0.03425100210434
O           -2.16664394648857        0.90166743766500       -1.09606743740845
C           -2.96074346323504       -0.25633465027840       -0.84549271522870
C           -3.78156277018085       -0.51392402615911       -2.11601435693352
O           -2.98963594253783       -0.92250682485916       -3.19770846364907
C           -3.87718710343803       -0.05029922884772        0.37101580928791
O           -4.62598429180320       -1.19437180711933        0.68302670898216
C           -3.03587982676357        0.40657912122781        1.57146993134999
O           -3.83988754405207        0.74590757272483        2.67635397976516
C           -2.23033139040975        1.64616452105545        1.17478937189983
O           -1.44176119891232        2.11163346763780        2.23568035332219
C            1.60330279194914        0.56372142136165        1.57579663078737
O            1.30234896688549        1.74714142189471        2.26804277271526
C            3.13655600703033        0.53646402199799        1.46448855821700
O            3.70987210437505        0.29355082125312        2.72063231080191
H            5.30884388997258       -1.47102556237382       -1.40852617911149
H            5.57213470774428       -2.29391287796699        0.15652205474094
H            6.71884458692818       -1.04106447762326       -0.40106361811652
H            3.48787787081233       -1.54473526058795        0.98265602190292
H            1.33053611388372       -1.60855372662498       -0.08160457262631
H            1.32153464483406        0.15528591457839       -2.58020018902642
H           -0.09381546901605       -0.76317241635375       -1.99006080911817
H            2.35601403206508       -1.92243600349484       -2.73315439746148
H            1.13686378039375        1.43654975485994       -0.34201023635589
H           -0.80585409903586        2.18086068508130       -0.38229370249300
H           -2.29438875732930       -1.11177748139374       -0.65758258893065
H           -4.33771126304669        0.40032944734208       -2.35797043514045
H           -4.48839263127197       -1.32372548422764       -1.92450988721293
H           -2.37729461104109       -0.20785240656668       -3.41410244949480
H           -4.61483859917278        0.72861736143461        0.14297486474351
H           -4.03603708732568       -1.95329515071362        0.79373201857750
H           -2.32918355052408       -0.39342495388776        1.84959326686242
H           -4.56460497457574        0.10768594108901        2.73413986314961
H           -2.92976282622589        2.43267956281573        0.85106784062314
H           -2.00002357856233        2.12528771862356        3.02754142718245
H            1.27433168186189       -0.31647036371468        2.15240571592279
H            0.33446284629046        1.87630427476272        2.30536925381720
H            3.47200650869911        1.50443148594057        1.06437841450545
H            3.39517579569034        0.98355619340021        3.32268351926034
48
 energy: -84.845636004450 gnorm: 0.001813278624 xtb: 6.7.1 (edcfbbe)
C            5.67360852378013       -1.35806377887221       -0.38447187331810
O            4.98136262193638       -0.31073438841687        0.28317467819735
C            3.64195198328075       -0.55022101705887        0.50944617729528
O            2.95832727025863       -0.51498509110442       -0.72720800092305
C            1.56030735037439       -0.66573637697379       -0.61026481262473
C            0.99672929352329       -0.73618271803765       -2.03530783794813
O            1.39271985097212       -1.90272114621074       -2.70129946526227
C            0.94583923757179        0.49793808518014        0.18832319072755
O           -0.44862958454149        0.25914080215604        0.30075660060005
C           -1.34194812830094        1.28987103073077       -0.03490198168913
O           -2.16735118133846        0.90038474339208       -1.09641713596657
C           -2.96078520353708       -0.25796758636610       -0.84583005164859
C           -3.78266330994713       -0.51417080931031       -2.11605018816260
O           -2.99093319348472       -0.91891590844994       -3.19943528111219
C           -3.87607030541844       -0.05285743478471        0.37160189775232
O           -4.62414775153191       -1.19721585382571        0.68464016441797
C           -3.03397307380341        0.40450536603359        1.57146300710693
O           -3.83742912127105        0.74085303334638        2.67750248651866
C           -2.23126937706428        1.64569942218507        1.17438710533658
O           -1.44248725927250        2.11273803174369        2.23474076859570
C            1.60424885346168        0.56699897512211        1.57497319093060
O            1.30362127262806        1.75013000807224        2.26779059639816
C            3.13768403708770        0.53940287241776        1.46286592884724
O            3.71152093312445        0.29896853952995        2.71906102312109
H            5.30559441958789       -1.47857293908890       -1.40533613360997
H            5.56474436529370       -2.30026650313835        0.16110869685481
H            6.71689275560705       -1.05288817699643       -0.39774053972308
H            3.48427676987113       -1.54320710763298        0.98471436132023
H            1.32884579217470       -1.60559198329680       -0.08224615713708
H            1.32322962331722        0.15841508477271       -2.58074985691109
H           -0.09277877820291       -0.75990181216725       -1.99205497104483
H            2.35835013949629       -1.91914363911491       -2.73029734193938
H            1.13640841600604        1.43962805012188       -0.34294828337583
H           -0.80842731949583        2.18191112688909       -0.38401033693570
H           -2.29428407379586       -1.11369454852720       -0.65954808631108
H           -4.34035921328750        0.39980917806188       -2.35541218885267
H           -4.48796665818602       -1.32550126353696       -1.92596728605120
H           -2.38031046848975       -0.20252498203462       -3.41479865955021
H           -4.61434443515954        0.72566309060401        0.14449426508277
H           -4.03389267862657       -1.95580082072079        0.79613313856401
H           -2.32523744723871       -0.39422981941543        1.84782968210300
H           -4.56133030439202        0.10156143637789        2.73429607100728
H           -2.93197806293468        2.43120212131482        0.85125879843394
H           -2.00014575302311        2.12506631667196        3.02739634911965
H            1.27586035462668       -0.31386969699752        2.15153815806539
H            0.33514254205466        1.87752727179132        2.30652316439781
H            3.47273061785160        1.50656719190528        1.06023156848349
H            3.39874270033830        0.99097676609390        3.31952842840564
48
 energy: -84.845657870840 gnorm: 0.001268104858 xtb: 6.7.1 (edcfbbe)
C            5.66598490542814       -1.37424758140556       -0.37679550145065
O            4.98184231168007       -0.31839237803575        0.28631617662905
C            3.64082487384839       -0.54860484011362        0.51095607578638
O            2.95928757354211       -0.51258533117364       -0.72680492167386
C            1.56086201356539       -0.66022647088925       -0.61219285568312
C            0.99973649977227       -0.72919398059263       -2.03861111430933
O            1.39824853304879       -1.89430854450204       -2.70504703567267
C            0.94597427808753        0.50361181127754        0.18635975976230
O           -0.44811089173114        0.26288346112630        0.29884100959089
C           -1.34414394876593        1.29087682137711       -0.03674899529838
O           -2.16879421765110        0.89789940422649       -1.09753659295065
C           -2.96058719710746       -0.26163428058478       -0.84636295681261
C           -3.78540536859555       -0.51443301733354       -2.11563119336280
O           -2.99463039743967       -0.91039424695507       -3.20286877321391
C           -3.87253818543127       -0.05886653813272        0.37340600282857
O           -4.61783781288654       -1.20442593967848        0.68980037516614
C           -3.02932802008870        0.40097664534920        1.57198941731327
O           -3.83240719217479        0.73087910965750        2.67955718100360
C           -2.23334317245626        1.64543272187666        1.17297967753722
O           -1.44339265780297        2.11736380821720        2.23100502017658
C            1.60545752312854        0.57185177531992        1.57294799042590
O            1.30362746393116        1.75179891671375        2.26859977635326
C            3.13961677738292        0.54557831846490        1.45978529292665
O            3.71395799758296        0.31103107777955        2.71614330321029
H            5.29628474804211       -1.49594245221470       -1.39676535487589
H            5.54863291537971       -2.31294551509946        0.17347407639982
H            6.71178804538418       -1.07853973344709       -0.39136948458382
H            3.47683092984571       -1.53927314919749        0.98856165334853
H            1.32668093204968       -1.59986399968115       -0.08526376093869
H            1.32623129969207        0.16659362164904       -2.58239021180012
H           -0.08979635132419       -0.75354967852814       -1.99658365752898
H            2.36431736248386       -1.91292043865251       -2.72433817624222
H            1.13555181596442        1.44550869115238       -0.34438959485507
H           -0.81378601572986        2.18414045462837       -0.38769458876068
H           -2.29314809712142       -1.11760246611122       -0.66452099037479
H           -4.34653568833656        0.39915949702526       -2.34858023501697
H           -4.48742847937139       -1.32898144229560       -1.92853814840493
H           -2.38851954352731       -0.18993052605012       -3.41694075284011
H           -4.61308995468660        0.71780924624001        0.14842284095415
H           -4.02635363917237       -1.96179067095432        0.80252283383337
H           -2.31568386226368       -0.39434289094687        1.84527751105821
H           -4.55354669904378        0.08821467878318        2.73525355666974
H           -2.93691916684976        2.42833235114623        0.85050538853665
H           -1.99922756818349        2.12891945050938        3.02604069590399
H            1.27984218314639       -0.31186530908779        2.14761686818359
H            0.33540744816220        1.87612151826673        2.30776912868089
H            3.47218073818873        1.51196160694994        1.05172394098161
H            3.40538200039359        1.00790957679090        3.31360236961889
48
 energy: -84.845666251599 gnorm: 0.000455701953 xtb: 6.7.1 (edcfbbe)
C            5.66520069990118       -1.37700341604591       -0.37464566723344
O            4.98172675220817       -0.31995907131047        0.28695862204374
C            3.64029087853818       -0.54829677419844        0.51088113938994
O            2.95964407670469       -0.51137994919331       -0.72736591291106
C            1.56107341795032       -0.65979778086882       -0.61355773700572
C            1.00035634462164       -0.72763240683645       -2.04009858002277
O            1.39874421494295       -1.89206136664482       -2.70749278558512
C            0.94586817498673        0.50345133672832        0.18550290592749
O           -0.44809234837097        0.26275317098046        0.29836096281262
C           -1.34402837685689        1.29129316319298       -0.03679739697163
O           -2.16897097327270        0.89906371386330       -1.09740451747223
C           -2.96002462909205       -0.26120237665647       -0.84604576531822
C           -3.78523972727998       -0.51489585607939       -2.11483177216901
O           -2.99504579109367       -0.91022588841172       -3.20247354499304
C           -3.87169872612861       -0.05968669727345        0.37412290592406
O           -4.61494028172921       -1.20651260939488        0.69024328673817
C           -3.02879165772799        0.40095902652290        1.57247309912450
O           -3.83184488024253        0.73126386617041        2.68001660427207
C           -2.23301067577297        1.64551824450679        1.17318568451548
O           -1.44349706743772        2.11774408355037        2.23113669014379
C            1.60501817516730        0.57244222254678        1.57191947575993
O            1.30203697132349        1.75307872573950        2.26638344170676
C            3.13913569177051        0.54645014332688        1.45927898516388
O            3.71294919063901        0.31226185896086        2.71600143480729
H            5.29543780923847       -1.50010768357994       -1.39445011606429
H            5.54761960809895       -2.31480724961294        0.17674520097731
H            6.71095985357354       -1.08175880515272       -0.38986929999931
H            3.47467999845970       -1.53895864788835        0.98820741743054
H            1.32703295573794       -1.59991330627050       -0.08728800166966
H            1.32649329465333        0.16919097141759       -2.58295740281656
H           -0.08930932827129       -0.75223066963450       -1.99825722679529
H            2.36437631242037       -1.91189896373106       -2.72716382402767
H            1.13532974033904        1.44546651743765       -0.34523905874191
H           -0.81315861456758        2.18458982991627       -0.38680433630829
H           -2.29152660192619       -1.11625733398122       -0.66443428034738
H           -4.34751920132288        0.39804660423989       -2.34744287319953
H           -4.48654512231182       -1.33005113695652       -1.92685465419119
H           -2.38953703472528       -0.18935146040596       -3.41705394423682
H           -4.61355264633988        0.71592654929209        0.14936153102605
H           -4.02206680476023       -1.96293678639048        0.80158998133128
H           -2.31502845717890       -0.39426828690565        1.84615463493063
H           -4.55253026369786        0.08805570401489        2.73671620659616
H           -2.93710294264531        2.42797816659251        0.85023460662584
H           -1.99956457250334        2.13105928694719        3.02548597869778
H            1.27949315218779       -0.31055864769203        2.14733919507804
H            0.33372649369402        1.87440389764881        2.30880706028313
H            3.47243609604998        1.51247702574624        1.05128878794157
H            3.40299386404182        1.00827220464977        3.31361588479166
48
 energy: -84.845675734432 gnorm: 0.000594566408 xtb: 6.7.1 (edcfbbe)
C            5.66354797522517       -1.38248456302635       -0.37008489027074
O            4.98134889822135       -0.32283876251773        0.28838170958050
C            3.63913868466007       -0.54789962453211        0.51063972726333
O            2.96010511681476       -0.50927211682029       -0.72851987411998
C            1.56134349098664       -0.65888717587800       -0.61633696679777
C            1.00135709014653       -0.72493180708299       -2.04313530858846
O            1.39974209572542       -1.88773493123615       -2.71273895226215
C            0.94556416829527        0.50335628964820        0.18366805949771
O           -0.44821795562470        0.26260592966485        0.29724448678307
C           -1.34408190278849        1.29208608758080       -0.03665834270895
O           -2.16959558202323        0.90131587547749       -1.09692966084038
C           -2.95883333524140       -0.26052405061805       -0.84544462159030
C           -3.78487779793676       -0.51551636730410       -2.11334608619747
O           -2.99567150590755       -0.90948912964261       -3.20188906456027
C           -3.87011129393204       -0.06169083504665        0.37550666579212
O           -4.60940191197606       -1.21114013846583        0.69116721056707
C           -3.02799109962052        0.40078769927005        1.57354387742399
O           -3.83136239651466        0.73221483344610        2.68059579220661
C           -2.23273715434584        1.64559909619021        1.17380049488182
O           -1.44397191288064        2.11843097384581        2.23165552798020
C            1.60459202838467        0.57353186112184        1.56987005125066
O            1.30071071274217        1.75556202090021        2.26223167664191
C            3.13855970573406        0.54783228303104        1.45832919866258
O            3.71157658500327        0.31458890556898        2.71572957669896
H            5.29314504396568       -1.50886046239648       -1.38936644157089
H            5.54570490942965       -2.31840892076542        0.18439977009945
H            6.70944854237723       -1.08791598924624       -0.38704025385605
H            3.47035762175427       -1.53823737409844        0.98769895232386
H            1.32779861980240       -1.59997590030057       -0.09155969821371
H            1.32698330302036        0.17334848304974       -2.58422064990754
H           -0.08840017445096       -0.74994004212949       -2.00161862710913
H            2.36516488707586       -1.90883407640374       -2.73326316618475
H            1.13469319291579        1.44550017259224       -0.34711852756458
H           -0.81233455016029        2.18539496406493       -0.38516846438095
H           -2.28827298101955       -1.11404023355891       -0.66459708275570
H           -4.34944212002798        0.39629187233579       -2.34506570119970
H           -4.48452836740509       -1.33191853021071       -1.92399672925154
H           -2.39146216893976       -0.18775072862216       -3.41735152354299
H           -4.61447340261972        0.71182392878566        0.15155002854741
H           -4.01381585274245       -1.96580325199599        0.79987082719634
H           -2.31400700011568       -0.39390961667838        1.84840440527124
H           -4.55063069798230        0.08761648672984        2.73961305614349
H           -2.93759423406572        2.42727775661297        0.85021506383307
H           -2.00108688700785        2.13576448945284        3.02498869333375
H            1.27899729342340       -0.30840229474863        2.14656714521591
H            0.33210100308725        1.87291654367912        2.30983071234136
H            3.47234776886705        1.51344328983366        1.04995591667108
H            3.39857058967388        1.00911022334528        3.31347503267734
48
 energy: -84.845681821123 gnorm: 0.000705027376 xtb: 6.7.1 (edcfbbe)
C            5.66222250963780       -1.38760739867402       -0.36606808741183
O            4.98104603815556       -0.32553263730249        0.28947376242381
C            3.63821938372194       -0.54795108268885        0.51035760059465
O            2.96038700935539       -0.50790720308197       -0.72944416521505
C            1.56147407657458       -0.65781658366011       -0.61844559706267
C            1.00216026218151       -0.72217126361163       -2.04563458987997
O            1.40077589720429       -1.88396484912587       -2.71663738966693
C            0.94532408893883        0.50380196784808        0.18224590953030
O           -0.44834144190586        0.26297233841688        0.29643679043237
C           -1.34436326278510        1.29281347387364       -0.03651332347525
O           -2.17039220584439        0.90274827223743       -1.09645538831116
C           -2.95797173787282       -0.26030157313163       -0.84505130067214
C           -3.78466330424994       -0.51611165078108       -2.11232464881810
O           -2.99599565058728       -0.90855073081219       -3.20173981305640
C           -3.86870203421061       -0.06375292652978        0.37669421216975
O           -4.60483990531614       -1.21534400387455        0.69218549736512
C           -3.02732420601417        0.40046701065235        1.57459151724648
O           -3.83140939868171        0.73275364688578        2.68091532174364
C           -2.23279160743194        1.64562595974678        1.17432797009780
O           -1.44433205111486        2.11907945268555        2.23201500011900
C            1.60422075836747        0.57478145480564        1.56847280636494
O            1.30044556293361        1.75766538327497        2.25958793741338
C            3.13808861451754        0.54868457433442        1.45719159657748
O            3.71058590639956        0.31625155021056        2.71495079612030
H            5.29095857338583       -1.51721032550444       -1.38462954062763
H            5.54434256666392       -2.32163589050669        0.19164335412154
H            6.70825888200989       -1.09365712745781       -0.38480286238206
H            3.46691179161772       -1.53796611123734        0.98715945570440
H            1.32786172679532       -1.59949545863298       -0.09474291954497
H            1.32757616185112        0.17694818274912       -2.58550690626542
H           -0.08761904552194       -0.74757981916135       -2.00430317748290
H            2.36621040994300       -1.90489798479557       -2.73800396893568
H            1.13412349334918        1.44601594749521       -0.34856715467525
H           -0.81248679586772        2.18631072566642       -0.38432137324252
H           -2.28589127534819       -1.11277040597061       -0.66506373557018
H           -4.35080546276165        0.39496320628575       -2.34313627460099
H           -4.48298327111440       -1.33355997414361       -1.92250337965144
H           -2.39301222392901       -0.18591453955218       -3.41761851065018
H           -4.61516385569755        0.70792088989782        0.15342742045777
H           -4.00716577735203       -1.96860731543483        0.79909409776155
H           -2.31299984178158       -0.39347858135118        1.85064352132784
H           -4.54889201308896        0.08642098114203        2.74211478362233
H           -2.93831548388305        2.42664784219518        0.85059382074831
H           -2.00239817349651        2.13966330456915        3.02465849316117
H            1.27809216327014       -0.30650596242380        2.14579770153074
H            0.33183390131081        1.87378492572080        2.30961792789795
H            3.47227445450913        1.51394929606985        1.04829237552721
H            3.39546283517979        1.01001415562301        3.31250746203395
48
 energy: -84.845687268238 gnorm: 0.000508224623 xtb: 6.7.1 (edcfbbe)
C            5.66111301795043       -1.39198358387407       -0.36277494379469
O            4.98067091781924       -0.32773378542418        0.29009399888602
C            3.63741997367705       -0.54821241954702        0.51008824042523
O            2.96033211655221       -0.50718734861420       -0.73013985679589
C            1.56131291212038       -0.65653724454811       -0.61985370002892
C            1.00253679291489       -0.71983656122042       -2.04735842117565
O            1.40176424497868       -1.88094896101426       -2.71926702185383
C            0.94508173890191        0.50482211670138        0.18125204516524
O           -0.44849358359045        0.26365898633408        0.29586767104556
C           -1.34485508243212        1.29334035551400       -0.03647048164496
O           -2.17119514835597        0.90332872997020       -1.09620141632721
C           -2.95737834739034       -0.26056073998395       -0.84482480836455
C           -3.78459248979196       -0.51647009871903       -2.11173158398223
O           -2.99605606117720       -0.90743903001446       -3.20183981679093
C           -3.86768430498769       -0.06569376401134        0.37751811009170
O           -4.60148008016042       -1.21883230311133        0.69318869453646
C           -3.02687632384519        0.40009507173580        1.57530462581540
O           -3.83177282327128        0.73292270679049        2.68088905887699
C           -2.23309206010730        1.64563565143666        1.17464977351557
O           -1.44447185371974        2.11965174534942        2.23204151497856
C            1.60419916485134        0.57589249900513        1.56746619210374
O            1.30099862031271        1.75905098197078        2.25816850568066
C            3.13803466051046        0.54916481852498        1.45634506222733
O            3.71044821617876        0.31756034115602        2.71427119110982
H            5.28890972801543       -1.52472151991309       -1.38056343130540
H            5.54354788468387       -2.32422751030280        0.19807360708469
H            6.70721537160143       -1.09833035157226       -0.38331736074658
H            3.46436144703400       -1.53791326334743        0.98681167715225
H            1.32716333952751       -1.59851226052711       -0.09696714486612
H            1.32803332929509        0.17971796743280       -2.58628370942180
H           -0.08723401307722       -0.74553514613892       -2.00639632151769
H            2.36728973940035       -1.90074642533876       -2.74116528011814
H            1.13349477724406        1.44712833339151       -0.34952741391400
H           -0.81336942666203        2.18709496142289       -0.38421747848506
H           -2.28433141169996       -1.11247857646185       -0.66569909754685
H           -4.35178577359003        0.39416042482292       -2.34174146773699
H           -4.48187316085271       -1.33478054490490       -1.92205813653767
H           -2.39412424153390       -0.18394890094393       -3.41774411759428
H           -4.61576263796786        0.70455342864269        0.15485312309667
H           -4.00232895638493       -1.97104413587938        0.79917375136775
H           -2.31217617743848       -0.39307841993760        1.85238513113183
H           -4.54732406359657        0.08468882070167        2.74403546111092
H           -2.93917875088011        2.42617273677655        0.85113709556040
H           -2.00308455272324        2.14247248290404        3.02432812938188
H            1.27759874366553       -0.30513640803149        2.14497629339623
H            0.33249453541015        1.87556271563468        2.30861534456281
H            3.47238636628738        1.51408003844874        1.04663692606127
H            3.39411072833595        1.01112653169970        3.31145481064384
48
 energy: -84.845693090440 gnorm: 0.000256250525 xtb: 6.7.1 (edcfbbe)
C            5.65997341660320       -1.39681440214603       -0.35945104503612
O            4.98023554529019       -0.33012358522564        0.29030056021373
C            3.63661256527749       -0.54870554244035        0.50982111957289
O            2.96001000271376       -0.50692439083084       -0.73067927094863
C            1.56088042412097       -0.65496311056904       -0.62093770991688
C            1.00273196775612       -0.71707287662063       -2.04882248617382
O            1.40291604179047       -1.87761255170136       -2.72137032304999
C            0.94496203802221        0.50638909990212        0.18048533322095
O           -0.44854225155499        0.26477847067678        0.29541761693420
C           -1.34545867810994        1.29389486052292       -0.03654988124943
O           -2.17198339556087        0.90337341800779       -1.09609281100178
C           -2.95696997307206       -0.26114818283694       -0.84475850089462
C           -3.78461694007201       -0.51695218425126       -2.11142750599960
O           -2.99598895100370       -0.90604463517512       -3.20228373002105
C           -3.86670154740769       -0.06777488692893        0.37824059385940
O           -4.59834253448371       -1.22223687446391        0.69437768203477
C           -3.02640966329486        0.39962535285956        1.57590799797201
O           -3.83216106905991        0.73265410861697        2.68081371824882
C           -2.23362271887249        1.64563484355212        1.17474430381787
O           -1.44453542781639        2.12026421315773        2.23166112369193
C            1.60426287658890        0.57723038350771        1.56673751600008
O            1.30185003585219        1.76031568205708        2.25766464560237
C            3.13809190160738        0.54969910964736        1.45524207857998
O            3.71056898653715        0.31893513762047        2.71322238093140
H            5.28655084760437       -1.53335270762068       -1.37626821940871
H            5.54299846872363       -2.32692819690408        0.20513702751217
H            6.70608470976121       -1.10325321346082       -0.38223863832991
H            3.46196985379487       -1.53801716303598        0.98666380422877
H            1.32564151661869       -1.59694780246947       -0.09857973075591
H            1.32832909644959        0.18280502550331       -2.58696114971934
H           -0.08700700127288       -0.74317573618002       -2.00844957306166
H            2.36856111542095       -1.89574811119121       -2.74343352927582
H            1.13293365248112        1.44885494678183       -0.35011092757303
H           -0.81480812676291        2.18801435291810       -0.38467888128794
H           -2.28326611842251       -1.11277460624846       -0.66658403181425
H           -4.35269365531419        0.39336687022605       -2.34040585153178
H           -4.48093760151429       -1.33615630217291       -1.92237139855929
H           -2.39515569936814       -0.18153421262163       -3.41778871915172
H           -4.61629764509948        0.70110211393143        0.15608945682824
H           -3.99789685719357       -1.97346731780726        0.80000560811369
H           -2.31116118714109       -0.39268799325918        1.85382760179786
H           -4.54537911173182        0.08208919432525        2.74597927963140
H           -2.94033278538211        2.42571118245594        0.85171291097102
H           -2.00326235966122        2.14456501552021        3.02389159898937
H            1.27727917939374       -0.30388355890258        2.14404865210105
H            0.33346456803257        1.87802426605488        2.30730673517016
H            3.47275187964618        1.51415045038321        1.04454362239749
H            3.39386765113858        1.01281518988277        3.30988397033538
48
 energy: -84.845698724399 gnorm: 0.000267509357 xtb: 6.7.1 (edcfbbe)
C            5.65857120756591       -1.40223317197016       -0.35583981332957
O            4.97968241182016       -0.33269584258415        0.29024002950781
C            3.63569764000010       -0.54916148179401        0.50957914323282
O            2.95953886955032       -0.50692550844831       -0.73119362389984
C            1.56024545815485       -0.65304666440458       -0.62192625808833
C            1.00279061787613       -0.71396443638517       -2.05015446343262
O            1.40426368706738       -1.87369523845869       -2.72356759572611
C            0.94475161047314        0.50838895971961        0.17972451703534
O           -0.44869178079207        0.26617306163441        0.29489321478928
C           -1.34627519871792        1.29452817378144       -0.03685826551254
O           -2.17282808556502        0.90319132072934       -1.09624865290163
C           -2.95658338472926       -0.26197311332847       -0.84475121228838
C           -3.78475771506753       -0.51747309388676       -2.11117835820991
O           -2.99596866299793       -0.90437970050052       -3.20280331828373
C           -3.86577958726350       -0.06995513736984        0.37885798437805
O           -4.59525731898542       -1.22567375721217        0.69561166799601
C           -3.02575116414837        0.39907184243110        1.57622053587416
O           -3.83208996632709        0.73189070320304        2.68074151855009
C           -2.23420456134687        1.64572061441464        1.17468787765445
O           -1.44453524277098        2.12103154800384        2.23102078748302
C            1.60448455512532        0.57866014021762        1.56587110920868
O            1.30263926703603        1.76141367019790        2.25738901364413
C            3.13832923210882        0.55042458336626        1.45416105696029
O            3.71112171665169        0.32073805572922        2.71218164738469
H            5.28376621997851       -1.54329431641755       -1.37152175667187
H            5.54241251157681       -2.32985501971042        0.21305046560970
H            6.70464534644969       -1.10874918439596       -0.38133334365599
H            3.45948337993606       -1.53791257501146        0.98688946949794
H            1.32348415940581       -1.59496613224870       -0.10015829958281
H            1.32845014469339        0.18647777281427       -2.58718573776942
H           -0.08694077811136       -0.74059726279643       -2.01056166368303
H            2.36999327996422       -1.89029441907878       -2.74515116989141
H            1.13230787407244        1.45104527151323       -0.35062782663416
H           -0.81661174615318        2.18904924891833       -0.38548167132801
H           -2.28221420281336       -1.11332581385982       -0.66752292727103
H           -4.35402604833056        0.39238129449944       -2.33905006786389
H           -4.47986958679035       -1.33780355634928       -1.92279124146785
H           -2.39630391005555       -0.17872355212179       -3.41769163884109
H           -4.61688571454133        0.69758656991079        0.15722696596622
H           -3.99350430632013       -1.97586745264492        0.80123163645220
H           -2.30973773965142       -0.39233601024366        1.85463004036839
H           -4.54285357261124        0.07886274170948        2.74790139679989
H           -2.94165978429467        2.42526720955942        0.85219445082860
H           -2.00293248645053        2.14597718950830        3.02348385072633
H            1.27738194017036       -0.30263855172663        2.14291531175452
H            0.33431467040025        1.88013936903683        2.30594514460099
H            3.47327551810322        1.51425620447676        1.04220367170324
H            3.39462826873236        1.01525859069576        3.30822942181424
48
 energy: -84.845703584876 gnorm: 0.000357580833 xtb: 6.7.1 (edcfbbe)
C            5.65709262418778       -1.40752668732543       -0.35233018246365
O            4.97912584403628       -0.33516901175723        0.29007890603338
C            3.63480313262636       -0.54956275443215        0.50942930189059
O            2.95903195263029       -0.50710999044407       -0.73155918975738
C            1.55957450938145       -0.65138225835920       -0.62285010177102
C            1.00285039738757       -0.71087459884164       -2.05144764348545
O            1.40562787029334       -1.86960922745746       -2.72588578140308
C            0.94472046742198        0.51021711043024        0.17902953302473
O           -0.44864942119207        0.26750123254277        0.29437914710154
C           -1.34688828489796        1.29519395355144       -0.03722509833960
O           -2.17347091085667        0.90312174807377       -1.09642115515369
C           -2.95628056657865       -0.26259807272067       -0.84482755260997
C           -3.78488704974185       -0.51815737495976       -2.11098402814587
O           -2.99604886143059       -0.90273976271375       -3.20345701792921
C           -3.86484576090219       -0.07179014098061        0.37943295690087
O           -4.59247576470178       -1.22853668250132        0.69672820237142
C           -3.02495792814430        0.39845172845423        1.57649503518770
O           -3.83147505226775        0.73066891993520        2.68106166158318
C           -2.23475472170827        1.64577034715286        1.17449294508560
O           -1.44465464508982        2.12170888796698        2.23027761533080
C            1.60461343457445        0.58005103365412        1.56515235288657
O            1.30306704885208        1.76251857144202        2.25723881327049
C            3.13845057523838        0.55140949423902        1.45291945150163
O            3.71154249993313        0.32276459136611        2.71096100542620
H            5.28086039475510       -1.55307540073212       -1.36685766223030
H            5.54168061679045       -2.33263746467498        0.22082471736267
H            6.70314631315211       -1.11418261765578       -0.38056256145327
H            3.45711812183711       -1.53771268485768        0.98737718906177
H            1.32131618457479       -1.59319115476675       -0.10155725089527
H            1.32834417198805        0.19029233024159       -2.58732913293620
H           -0.08686962073707       -0.73818697824371       -2.01261913315062
H            2.37142154077573       -1.88525327741128       -2.74635679160597
H            1.13189514669893        1.45306272569080       -0.35107372528056
H           -0.81808573287243        2.19007062169556       -0.38627353605260
H           -2.28132517884230       -1.11366235671349       -0.66843378059127
H           -4.35549680416295        0.39115093093850       -2.33762248300214
H           -4.47873659780829       -1.33966594055309       -1.92314910173047
H           -2.39744621289406       -0.17598501646453       -3.41759789594426
H           -4.61721971294380        0.69462953389712        0.15829940721749
H           -3.98959545306996       -1.97781808634136        0.80245115774253
H           -2.30806346068612       -0.39216678648759        1.85484658809301
H           -4.54024201782687        0.07565318902566        2.74975059419662
H           -2.94298625118577        2.42478867862166        0.85251545436479
H           -2.00250144048090        2.14644553579135        3.02313760475529
H            1.27754533955730       -0.30149143866930        2.14192196870709
H            0.33476289566362        1.88184004612705        2.30491833281848
H            3.47366722983650        1.51465538258189        1.03978971062231
H            3.39569618093116        1.01811231584060        3.30639417639722
