48
 energy: -84.852830993042 xtb: 6.7.1 (edcfbbe)
C            5.51271500000000        1.29621200000000       -0.28726400000000
O            4.40432400000000        1.18325800000000        0.60117900000000
C            3.37626800000000        0.37209500000000        0.15593700000000
O            2.77498100000000        0.93947400000000       -0.98725100000000
C            1.68672900000000        0.17452900000000       -1.47227800000000
C            1.19711900000000        0.84633300000000       -2.76087900000000
O            2.18101800000000        0.86641000000000       -3.75948300000000
C            0.55286900000000        0.09032100000000       -0.42874900000000
O           -0.46157000000000       -0.75398300000000       -0.95083100000000
C           -1.78848700000000       -0.33165300000000       -1.19525100000000
O           -2.64043300000000       -1.36823400000000       -0.80378600000000
C           -2.73453700000000       -1.54110200000000        0.61011000000000
C           -3.60268300000000       -2.78651000000000        0.83963900000000
O           -3.69290900000000       -3.13224400000000        2.19997900000000
C           -3.35190700000000       -0.29024800000000        1.25505600000000
O           -3.43015400000000       -0.37857300000000        2.65459300000000
C           -2.47759900000000        0.92232800000000        0.91228000000000
O           -3.07799800000000        2.13308100000000        1.31610900000000
C           -2.30481500000000        0.99648600000000       -0.60856000000000
O           -1.50973200000000        2.08047400000000       -1.01270800000000
C            1.13558800000000       -0.53437800000000        0.85050800000000
O            0.17186700000000       -0.56350000000000        1.87084600000000
C            2.36112700000000        0.26720000000000        1.30156600000000
O            2.90426400000000       -0.38791600000000        2.41680100000000
H            5.21900700000000        1.81261200000000       -1.20112300000000
H            5.90646700000000        0.30598100000000       -0.53156200000000
H            6.25483600000000        1.87730100000000        0.25227800000000
H            3.75326300000000       -0.64182500000000       -0.10100500000000
H            2.02723200000000       -0.84722200000000       -1.70139500000000
H            0.85052300000000        1.85826800000000       -2.52115200000000
H            0.36337200000000        0.26823400000000       -3.15964800000000
H            2.93988700000000        1.36863900000000       -3.42978100000000
H            0.18120700000000        1.09280600000000       -0.21873400000000
H           -1.91182400000000       -0.28027800000000       -2.28940200000000
H           -1.73064400000000       -1.68796600000000        1.03130700000000
H           -3.20159200000000       -3.60461300000000        0.23446500000000
H           -4.62067700000000       -2.57767500000000        0.50313200000000
H           -2.85728400000000       -3.52309700000000        2.49320400000000
H           -4.35575300000000       -0.13080300000000        0.82444200000000
H           -3.79064700000000       -1.25314900000000        2.88843800000000
H           -1.50801200000000        0.79618200000000        1.41033700000000
H           -3.31846800000000        2.05054800000000        2.25061000000000
H           -3.31652000000000        1.10776700000000       -1.03523600000000
H           -1.89170100000000        2.88288900000000       -0.61968100000000
H            1.45283500000000       -1.56330500000000        0.61503800000000
H            0.62691700000000       -0.79076500000000        2.69880400000000
H            2.04815700000000        1.28990800000000        1.55945800000000
H            3.69337200000000        0.08969600000000        2.71312600000000
48
 energy: -84.853332710651 xtb: 6.7.1 (edcfbbe)
C            5.51103030417686        1.31597018724300       -0.29704309776687
O            4.41039628399652        1.19188223018898        0.59931370459666
C            3.37862792607063        0.38593997503572        0.15357401011956
O            2.73620617573619        0.99065735647661       -0.94775242440961
C            1.65622592198287        0.22044732599194       -1.44676110570483
C            1.11974126926999        0.94346663709376       -2.68717028695850
O            2.07617389838227        1.01935733232433       -3.71058119964096
C            0.56304507748979        0.03636186021889       -0.37278520211415
O           -0.43975884766495       -0.83252846567579       -0.87520747686441
C           -1.74499751707876       -0.41139504523349       -1.21046557553046
O           -2.62698927210309       -1.41700312567335       -0.79558894262685
C           -2.74702514051987       -1.54785028401165        0.61936659635872
C           -3.63791884105255       -2.77304389940855        0.87010028122033
O           -3.74884980786386       -3.08057250363216        2.23811476956001
C           -3.35621878667864       -0.27017843177991        1.21594940730280
O           -3.44985749662635       -0.31120625725636        2.61684768406949
C           -2.45797452141263        0.91438610899767        0.84202200481363
O           -3.03591888109806        2.14812018724837        1.20449726227645
C           -2.26849739148119        0.93984365117494       -0.68081234900363
O           -1.46934403818169        2.01227069543352       -1.10528652438088
C            1.18503504907280       -0.59865293695533        0.87858147392567
O            0.22670306994609       -0.65767643815502        1.90333953224531
C            2.39834043183727        0.22385383472571        1.32333197887548
O            2.98818032696368       -0.44331613170683        2.40682202482532
H            5.20744599006772        1.83070980801064       -1.20842851270472
H            5.91152212855821        0.32932379412539       -0.54504039785845
H            6.25222347864484        1.90252073875987        0.23786746016831
H            3.75898222217042       -0.61226680667053       -0.15374858713039
H            2.02380072214720       -0.77576312754570       -1.74109863804214
H            0.76797782881539        1.93809408359796       -2.39343328420860
H            0.28248512409892        0.37464884391144       -3.09088838735051
H            2.82929054004486        1.53413055178358       -3.38782378297266
H            0.15981038983897        1.01643985267663       -0.11657510195844
H           -1.82915700733767       -0.40848014838699       -2.30774611239465
H           -1.75271149354543       -1.69710935650307        1.06235536488957
H           -3.24324914309766       -3.61310660152115        0.29132654102016
H           -4.64861519497847       -2.55702164684078        0.51633655292982
H           -2.92392115813699       -3.47953591401636        2.55005359838489
H           -4.35289036794359       -0.11051442395103        0.76953771953967
H           -3.82469105109932       -1.17259802057315        2.87531794740403
H           -1.49629460237577        0.78246061213999        1.35554240321744
H           -3.28668394055226        2.09689196611815        2.13858432742693
H           -3.27447663067532        1.03597800489365       -1.12364557356221
H           -1.86366140266565        2.82527382865293       -0.74731511616693
H            1.51925024119582       -1.61682449052320        0.62377119336186
H            0.68378169337687       -0.90477176305192        2.72411083498216
H            2.06439309834141        1.23087647944912        1.61478447539281
H            3.76903134130207        0.05150287255876        2.69723153629942
48
 energy: -84.852364286470 xtb: 6.7.1 (edcfbbe)
C            5.49132925419073        1.37759311877429       -0.32939479290331
O            4.43164140033314        1.17850784812971        0.60219429329655
C            3.39557874684896        0.38095323148726        0.15050272041561
O            2.70520001808051        1.03541945819573       -0.89127640128950
C            1.62592250023475        0.27322211663176       -1.40723805726260
C            1.06442677702455        1.05160062935967       -2.60038303519006
O            1.99165023576174        1.13285579562631       -3.65096199802029
C            0.57837665898242       -0.00458222495155       -0.30734154682701
O           -0.42051654204820       -0.88826945417320       -0.78978042295064
C           -1.70155043387985       -0.48173087658492       -1.21526914503003
O           -2.60647578714759       -1.46098873659811       -0.77765782086487
C           -2.75702720772101       -1.54266257923627        0.63717325327742
C           -3.64886865623564       -2.76213999573213        0.91158258129814
O           -3.79548851298105       -3.01497663626422        2.28725063657963
C           -3.38640218249490       -0.24693096553973        1.16803395755378
O           -3.51232983984531       -0.22892659175790        2.56681509208088
C           -2.47986554599787        0.92053983621300        0.76598365278598
O           -3.06414370381793        2.16860411414631        1.06096698758667
C           -2.24567328743282        0.88850335752694       -0.75246565131380
O           -1.44217174187285        1.95407703061990       -1.18257867632715
C            1.24242760264433       -0.67276918577926        0.90140825784936
O            0.30073816023548       -0.76347212867887        1.93968664040307
C            2.46325674486247        0.13841912775856        1.34570449050339
O            3.10180241567062       -0.58284478505328        2.36521946512611
H            5.14316077957183        1.94977945805917       -1.18927075671951
H            5.89052950370822        0.41535665577035       -0.66145856258230
H            6.24943504563250        1.93559838063091        0.21241167188339
H            3.77871031466335       -0.59239075377967       -0.22562731723547
H            2.00761014075099       -0.69754298027408       -1.76623383477326
H            0.75433817173662        2.04515761264433       -2.26366766322131
H            0.19757370713314        0.52476279452551       -2.99658016395208
H            2.76650406878866        1.62058607249438       -3.33788299569581
H            0.15430666650150        0.95128703252817        0.00659427803228
H           -1.74437064754489       -0.53300165420967       -2.31217229040118
H           -1.77250469581589       -1.67074537469132        1.10794351370397
H           -3.23447528398537       -3.62216427449230        0.37806340797306
H           -4.65015673048839       -2.56588473575545        0.52144144991586
H           -2.98068570784851       -3.40518282404926        2.63470483067915
H           -4.37199117732023       -0.10968902995869        0.69107501707540
H           -3.89254341178429       -1.07894935063836        2.85333651381416
H           -1.53264582437341        0.80992649174311        1.31259516279326
H           -3.35804213517533        2.15130977662989        1.98374784232638
H           -3.23882630383185        0.96281139476644       -1.22761839755576
H           -1.85051106498926        2.77080324780919       -0.84927878597613
H            1.57272560017887       -1.68087633435402        0.60659744409903
H            0.76448763473850       -1.05912777986635        2.74015835953333
H            2.13007801820276        1.12255050528982        1.70728054383991
H            3.88545425536046       -0.09438283356014        2.65914926834766
48
 energy: -84.849899381247 xtb: 6.7.1 (edcfbbe)
C            5.46781310076011        1.45500111867657       -0.34024271816271
O            4.44518232050164        1.17412168204592        0.61130307022591
C            3.41260173449935        0.37882860508578        0.14686232172376
O            2.67366294017353        1.07563120710321       -0.83172696738829
C            1.59342062846265        0.32242509463126       -1.36319787158748
C            1.02189177330441        1.14723070603736       -2.51855185016557
O            1.91378907375413        1.19218849154549       -3.60240392408731
C            0.59317425929815       -0.04286185117641       -0.24245048034762
O           -0.41192048484852       -0.92825613700044       -0.70464893259996
C           -1.66612038308176       -0.54090766537024       -1.21356579777047
O           -2.59290589947042       -1.49358680300524       -0.75345431765946
C           -2.76999245598090       -1.52836207485951        0.65905374160502
C           -3.65621837823397       -2.74580157191361        0.95950397842672
O           -3.82249300533453       -2.95258164351872        2.34063191228592
C           -3.42318267453891       -0.22084055253095        1.12569023390660
O           -3.57386251873824       -0.14481595328626        2.52035748770471
C           -2.52107173596319        0.93618855113455        0.68965575425492
O           -3.12709347761788        2.18960619317398        0.90650417222610
C           -2.23540593757509        0.84414388825483       -0.81911957838413
O           -1.43071600653171        1.90745622577237       -1.24813024568827
C            1.30659067643806       -0.75947347196891        0.90711717108003
O            0.39373343410048       -0.91415770734455        1.96335512153693
C            2.52942133779121        0.04461235830089        1.35703036972553
O            3.21870166414532       -0.72655009558714        2.30444256238127
H            5.07699424295792        2.06747823631451       -1.15277096274762
H            5.87916155352210        0.52470051372762       -0.74112678015151
H            6.22977082630302        2.00001860147894        0.20931682977048
H            3.80456919984928       -0.56169200374081       -0.29772694436084
H            1.98537560916140       -0.62323578115484       -1.77788876464410
H            0.78466056580703        2.15072333492264       -2.15635335333413
H            0.11255896329171        0.67941294517290       -2.89006969227910
H            2.71616631448525        1.65410686088537       -3.32184736551402
H            0.16238529243292        0.88766600462995        0.13877008861790
H           -1.66864899279268       -0.64646612073340       -2.30585709053977
H           -1.79447259382326       -1.63169895147765        1.15469102640363
H           -3.22641464625990       -3.61961458906589        0.46183339693287
H           -4.65279896760309       -2.57126157348143        0.54753172398015
H           -3.01098373538604       -3.32637100611037        2.71314669857877
H           -4.40085609289632       -0.11480294625359        0.62563662816098
H           -3.95238397585865       -0.98496604545255        2.83581195034162
H           -1.58865868243020        0.86564408093118        1.26848617884556
H           -3.44368725616674        2.21696481784136        1.82149034704630
H           -3.21267127063262        0.89150792807939       -1.32979659236959
H           -1.85856149027657        2.72504152248226       -0.94236212238947
H            1.63966663768652       -1.74622117412929        0.55059241554809
H            0.87857661071601       -1.25925471275660        2.73063362874330
H            2.19362762895685        0.99739844349657        1.79256951274892
H            4.00762226804618       -0.24432397870602        2.59475705467731
48
 energy: -84.846025970564 xtb: 6.7.1 (edcfbbe)
C            5.42902379583556        1.55832686473962       -0.34902959082818
O            4.45376018243307        1.18041213979745        0.61846727074533
C            3.42928673040708        0.38260493802295        0.14062044387256
O            2.63861371431460        1.11070939521274       -0.77230370585655
C            1.56701970056183        0.35287571087745       -1.31808692750005
C            0.99284989420865        1.19464192363056       -2.45850918435373
O            1.89255553991256        1.24822586622224       -3.53677274616298
C            0.61198753842222       -0.08838023204077       -0.18252440929314
O           -0.41102058182918       -0.96206235201503       -0.62292717883529
C           -1.63584183653103       -0.59282650644001       -1.20678972536385
O           -2.58753352740373       -1.51466150554626       -0.72449145635032
C           -2.78756667632544       -1.50879033115237        0.68390533046666
C           -3.67445460088481       -2.72105452805944        1.00441798354554
O           -3.87872286555918       -2.87813207766260        2.38713595952717
C           -3.45733774178404       -0.19103781332739        1.09171432325856
O           -3.62901014262776       -0.06111433547882        2.47999161527108
C           -2.55554951055202        0.95123307657896        0.62156351174061
O           -3.17476252020585        2.20829091354899        0.76931254200864
C           -2.22826413577162        0.80427767137215       -0.87581722909225
O           -1.43167851664633        1.87132012736211       -1.30659363039597
C            1.37541389704412       -0.85086074461004        0.90193456278398
O            0.49882825608427       -1.07370771486399        1.97583496180630
C            2.59767027200169       -0.04802292263181        1.35690103577518
O            3.33769704865156       -0.86001788725770        2.22883632226500
H            4.98872440955964        2.21477630725625       -1.09959617765342
H            5.84939748293779        0.67171976260191       -0.83122391051457
H            6.19723100814786        2.08609725973619        0.20860684416237
H            3.83303183973606       -0.51866073737503       -0.37033831459486
H            1.98048195642945       -0.56981139178820       -1.76643995063492
H            0.76122195871593        2.19469166965410       -2.08612314511942
H            0.08475992421625        0.73595800888530       -2.84248452256127
H            2.69029814745907        1.71343579284984       -3.24868880919764
H            0.18927613568252        0.81933285686382        0.26467807041802
H           -1.60242888528636       -0.74792684728994       -2.29097133118072
H           -1.82115572554940       -1.59328699437024        1.20066653211141
H           -3.22620716125701       -3.60949345018184        0.55120655748795
H           -4.65980189616553       -2.56751121815205        0.55828082844064
H           -3.08238348879209       -3.24855648124550        2.79422349719247
H           -4.42760795792213       -0.11168804117373        0.57308374298351
H           -4.01483772443510       -0.88796616832020        2.82034259211611
H           -1.63497432975263        0.91640553136315        1.22268571645574
H           -3.50838561632172        2.27662199999722        1.67611712375845
H           -3.19157950276115        0.82100182605358       -1.41463800306254
H           -1.87674649497246        2.68595807218441       -1.01671764324677
H            1.71248305530831       -1.81162821849812        0.48427834799657
H            1.00751853317491       -1.47451453435974        2.69901170761963
H            2.25724839176677        0.86722718447314        1.86366043230737
H            4.12147001889689       -0.37443886649690        2.52707276954824
48
 energy: -84.840355967305 xtb: 6.7.1 (edcfbbe)
C            5.34329554720184        1.72850666206111       -0.27646770645523
O            4.42161232268152        1.20275199084323        0.67445486645524
C            3.43350011983745        0.38940551754792        0.14820502596371
O            2.58998824781219        1.14138782335181       -0.69548990449077
C            1.54853564634874        0.36947042582905       -1.28119254280162
C            0.97436532349336        1.22448146642864       -2.41042659431735
O            1.89885129279203        1.31866010753766       -3.46574560976553
C            0.63104634655773       -0.15920598108243       -0.15022101421352
O           -0.42389548424616       -1.00285993171406       -0.56675617056878
C           -1.62551161776156       -0.66087154274611       -1.20940597615857
O           -2.59225703311421       -1.54846176575140       -0.68361598226229
C           -2.79204358178753       -1.47778335904869        0.72204000456578
C           -3.67542065581264       -2.67422958616201        1.10378085521911
O           -3.88172291949342       -2.75445229649567        2.49313746947700
C           -3.46636205279410       -0.14430396033421        1.06506161243533
O           -3.62891247231597        0.05718001453889        2.44609749311352
C           -2.57673577715647        0.97540774805861        0.52512837588876
O           -3.20856896172311        2.23255986284565        0.59779769859980
C           -2.24616255105883        0.74521783237819       -0.96161326407372
O           -1.48656477339270        1.81252505812932       -1.44966045327161
C            1.44298404822116       -0.98604830606987        0.84851712708219
O            0.60310425095322       -1.32128902771665        1.92191876839689
C            2.65170793903196       -0.18227126182995        1.33953155472731
O            3.44574188501691       -1.04113504902805        2.11372329052398
H            4.84180514294973        2.42478396425793       -0.94860553616118
H            5.79914331891481        0.91843870719297       -0.85204211247465
H            6.09636640999168        2.24724200246822        0.30958638278255
H            3.87627973546185       -0.44553365556612       -0.43827574806403
H            2.00294417070459       -0.51913702181653       -1.76080533986310
H            0.71455048321989        2.21162714220497       -2.02477309560269
H            0.08725229648485        0.75388612675746       -2.82701561568234
H            2.67212649624030        1.81087668626487       -3.15652093081213
H            0.23507591495197        0.72104654325906        0.37745613236295
H           -1.56801946499353       -0.87859670119611       -2.28045564483713
H           -1.82589497066639       -1.53903617284841        1.24312092225625
H           -3.22196714007569       -3.58507190986698        0.70266476914906
H           -4.66083129968464       -2.55025509120894        0.64901406631031
H           -3.07290919179133       -3.06747631281214        2.92300537308236
H           -4.44060126661882       -0.09781092053481        0.55015891953543
H           -4.01670353485141       -0.75090406556202        2.82780912433951
H           -1.65380363954786        0.98917915698908        1.12334150598121
H           -3.53177578493897        2.35863892364110        1.50205984745730
H           -3.20969586522285        0.70210633879114       -1.49937302478156
H           -1.95171515005472        2.62622768217459       -1.18851101259014
H            1.79692392540169       -1.89881588817349        0.34640010557530
H            1.13716090033698       -1.78983796055806        2.58318281325596
H            2.29373891477285        0.66944204462118        1.93710246224797
H            4.21997250072548       -0.55566906855624        2.43615975559713
48
 energy: -84.832051704832 xtb: 6.7.1 (edcfbbe)
C            5.34853563729611        1.75800355270973       -0.15610988669222
O            4.44472205565000        1.12913078659280        0.74813236238431
C            3.45840283126972        0.35932609139708        0.15779123214973
O            2.57053694796732        1.18582945575341       -0.56169980553618
C            1.52448848820468        0.47137267632505       -1.21270363839083
C            0.91246159629747        1.46402661383531       -2.19704006169926
O            1.86554159704540        1.84253119996375       -3.15738931341883
C            0.64838486275691       -0.19192687021561       -0.12424791676963
O           -0.42642501318969       -1.01559731984073       -0.53153383970579
C           -1.62896539727005       -0.79742726627936       -1.22692427242411
O           -2.54374556625426       -1.67950236380109       -0.59712267467018
C           -2.73587207704988       -1.44594124451253        0.79259562821165
C           -3.59060849015300       -2.60658419039409        1.32269876492766
O           -3.77417792507938       -2.52861327817074        2.71539874551176
C           -3.43573083728380       -0.09641737701721        1.00884725642688
O           -3.51762803344411        0.26029206618308        2.36590458750999
C           -2.64808193320515        0.99396854276642        0.27859054498502
O           -3.36941011979170        2.20188159494811        0.21337932242783
C           -2.38026675614695        0.56181216668425       -1.17242107505993
O           -1.79787813455944        1.59618377198298       -1.90633294284769
C            1.50560852133125       -1.11589799287967        0.74963127685032
O            0.70820886317270       -1.58086326716634        1.80599804854051
C            2.72468261028607       -0.36446445265790        1.29399192369615
O            3.55190815075946       -1.30224941974951        1.92871871285938
H            4.83063155021426        2.50490074361679       -0.75790561646703
H            5.81469380841094        1.01345048320809       -0.80692118865863
H            6.09663717020928        2.23420762122159        0.47099997784825
H            3.89847203589125       -0.38852143016885       -0.53686122398875
H            1.97919941291980       -0.34077904714626       -1.81048049668307
H            0.53632653167868        2.33421694460554       -1.65316077315515
H            0.09858713245223        0.99950398015163       -2.74745176667741
H            2.59560754573613        2.28834705374385       -2.70542271132908
H            0.27670881098909        0.62422674074741        0.51883779565009
H           -1.53375715804558       -1.13867818770932       -2.26282031625324
H           -1.76391667329983       -1.43393672097208        1.30631791942941
H           -3.12422767297983       -3.54849477853636        1.02217332260651
H           -4.58467002563831       -2.55407181571339        0.87296423865540
H           -2.96088691444448       -2.80137095531108        3.16369000337482
H           -4.44314985736823       -0.14516299343986        0.56227756046918
H           -3.87949623409321       -0.49952336361789        2.85682469321257
H           -1.69993393949557        1.15723978795071        0.81039302578891
H           -3.66637154055238        2.42909676115179        1.10672674102876
H           -3.36150172557161        0.31540939264443       -1.61697169174784
H           -2.34337869712421        2.38771770713925       -1.75969048820361
H            1.84792379206946       -1.96035433688279        0.13329810664251
H            1.26570251361605       -2.13079969859141        2.37972271458651
H            2.38071727023291        0.40239782901139        2.00375331607512
H            4.32538893811710       -0.84790219610786        2.29503683560493
48
 energy: -84.840715375165 xtb: 6.7.1 (edcfbbe)
C            4.42511771405625       -0.51660627422757       -2.05816813602675
O            4.26376829923114       -0.13324839925773       -0.69603145458944
C            2.94222659698456       -0.05522480722929       -0.27453304728147
O            2.33791791585756        1.05443272085827       -0.89822384578189
C            1.12675124473435        1.54693203239251       -0.30805147168595
C            1.39477231226121        2.91267951909474        0.34982881069197
O            1.88804793638945        3.83826890590206       -0.58297841500607
C            0.51481431534590        0.56347054943395        0.68732022481098
O            0.04401373770459       -0.65622865116498        0.12675540227874
C           -0.83316266599749       -0.86556338017114       -0.96172613254831
O           -1.62451561388869       -1.96653213318106       -0.57768329223277
C           -2.45823397643786       -1.71440734255543        0.54766333996019
C           -3.13106255249828       -3.04993870586625        0.90231823827883
O           -3.90075496016026       -2.96081165546444        2.07583483852758
C           -3.50129751024222       -0.63037962006903        0.22855711555180
O           -4.23487315006791       -0.25028753093215        1.36496009573938
C           -2.79625513836582        0.61959162043783       -0.31290044658228
O           -3.70851816293621        1.53290872393301       -0.87262709557772
C           -1.83756489322406        0.20859126714701       -1.43784100193397
O           -1.23666009011155        1.31042725646127       -2.05497098271921
C            1.51273529680064        0.13557052001653        1.77907835677174
O            1.36454059188428        1.01270921543165        2.86270581149802
C            2.95687403917675        0.09423504930542        1.25183010430109
O            3.61575541958904       -0.98143523932365        1.86483674133734
H            3.93067193715079        0.19569915692930       -2.71959033834263
H            4.00901007610939       -1.51512104550208       -2.21964446638995
H            5.49701696504861       -0.51883177391566       -2.23320318066019
H            2.39665543521716       -0.98126451699209       -0.54542500776183
H            0.44963836063587        1.70193430090977       -1.15184476582680
H            2.09210198609102        2.80293818390872        1.18863990015748
H            0.45806074011368        3.32498552104333        0.72746913809170
H            2.61751964196431        3.42078233087942       -1.06461388554553
H           -0.30491677084852        1.08729174160604        1.20088664633549
H           -0.24661736082133       -1.20729545896389       -1.82481283631661
H           -1.84239828193855       -1.36895689073162        1.39077494698330
H           -2.35697486753506       -3.81847735383264        0.97260163742806
H           -3.81643199838458       -3.32519360583143        0.09746609522673
H           -3.32491983803726       -2.99994069616532        2.85274796285974
H           -4.17434395611927       -1.00775419676306       -0.55890363126557
H           -4.59061109894591       -1.05434589123243        1.78422666306614
H           -2.24597667279037        1.09935538362677        0.50881653650609
H           -4.38239066307449        1.74457281641424       -0.21001340169022
H           -2.44364933555302       -0.33102753981339       -2.18725176639452
H           -1.93968037025971        1.94962673682916       -2.26197675778677
H            1.25125168298438       -0.89394238363952        2.06353791959421
H            1.88081569493352        0.68397890765298        3.61427595905911
H            3.46667851420731        1.04086614022812        1.48569748510195
H            4.49505099508881       -1.07904060303736        1.46766834922298
48
 energy: -84.837718680601 xtb: 6.7.1 (edcfbbe)
C            4.29898644582031       -0.35265083892311       -2.18355159401890
O            4.20735058135434       -0.01733586575513       -0.80244395744492
C            2.91191637912772       -0.00013547989248       -0.30124570038681
O            2.23373071311982        1.10593669688133       -0.85031201871425
C            1.04194623569421        1.53316355497281       -0.17520886378541
C            1.29783666033703        2.88722462513620        0.51124205102030
O            1.65049923777195        3.87134875070367       -0.42526796410095
C            0.52654523846942        0.49631743338547        0.81670591036713
O            0.05019164229483       -0.72931573130950        0.26902613789049
C           -0.74833260243748       -0.99374230515524       -0.86671356295267
O           -1.59010867040903       -2.05084173662667       -0.46434653103068
C           -2.48309990940139       -1.70446539545411        0.58862976689063
C           -3.23690347779565       -2.99164536482745        0.95996709012447
O           -4.06238413382450       -2.81517917785055        2.08424963266162
C           -3.45790256361336       -0.59355712209851        0.15895855305063
O           -4.20591862962822       -0.10262202495667        1.24259804441394
C           -2.68289526013925        0.58635676415875       -0.44342709501096
O           -3.53868116825896        1.48479307924242       -1.10627728352784
C           -1.70046162614568        0.05034529481520       -1.49095390754067
O           -1.05033804672557        1.06824817972385       -2.19624850920296
C            1.60199487230576        0.08029167542344        1.83775806040587
O            1.48955487541829        0.93213324425156        2.94547450323206
C            3.01302088800422        0.09970173303473        1.22609713593322
O            3.73783973991408       -0.97458796549036        1.76271221938089
H            3.73497191023834        0.35682273817044       -2.78999574489332
H            3.91537920891530       -1.36321568253426       -2.35151427509035
H            5.35694350274302       -0.30333914484489       -2.42403053717410
H            2.38381528005215       -0.93691636159718       -0.57116973364063
H            0.31609022602260        1.69261541783172       -0.97609792071787
H            2.07520926403571        2.78741575172437        1.27740052249189
H            0.38028012784815        3.23317051343372        0.98971628407826
H            2.36607351718656        3.52269016378027       -0.97721450777614
H           -0.27893307906714        0.97429596204323        1.39699704237002
H           -0.10860887008989       -1.40572617548935       -1.65863664155258
H           -1.90715157773434       -1.34435231146806        1.45338024832747
H           -2.50495241995655       -3.79036148301700        1.10533662919571
H           -3.88978295786224       -3.27135194383635        0.12987554131748
H           -3.53191055084100       -2.86225947492007        2.89217908209962
H           -4.12484350424791       -0.99075251913767       -0.62386972568309
H           -4.63837730958797       -0.85358697077428        1.68610531484497
H           -2.14326434619509        1.10792333026327        0.35955836718272
H           -4.23035574195665        1.76640263019784       -0.48975372915180
H           -2.29123059954869       -0.54906634006648       -2.20610732191070
H           -1.72965471507684        1.70006590510775       -2.48903504450171
H            1.39039451408549       -0.96230121224190        2.11535376828398
H            2.05138557240986        0.59975263661705        3.66134728158319
H            3.50872708117070        1.05323183991366        1.46275689116436
H            4.59540551546949       -1.03094638694252        1.31347901527309
48
 energy: -84.834943989633 xtb: 6.7.1 (edcfbbe)
C            4.09287941345604       -0.13896107472643       -2.35121960807370
O            4.10192129420807        0.12484651622347       -0.95126408036494
C            2.85103659303697        0.06972569847138       -0.35035948786962
O            2.09536215157721        1.17298456538762       -0.79179138492846
C            0.94689259712501        1.51845582233218       -0.00928014049161
C            1.20613033468998        2.85117624552682        0.71839787901359
O            1.46414557057422        3.88097029782907       -0.19960048025505
C            0.54586474524382        0.42487830746238        0.97200150349266
O            0.06581585967264       -0.81221109190399        0.44662441745467
C           -0.65762651849371       -1.14699451637435       -0.71934707636739
O           -1.55517541098164       -2.14855562061895       -0.29848248784209
C           -2.52120095997707       -1.68454379577697        0.63949817876366
C           -3.35809394945891       -2.90667727852143        1.04986152198171
O           -4.28062238160546       -2.59763599012035        2.06524198129226
C           -3.41197298206252       -0.58081114871217        0.04002479658785
O           -4.22876468171493        0.01594896712322        1.01491891682755
C           -2.54525516133689        0.52274659025891       -0.58379565803703
O           -3.30987585232131        1.40208198063161       -1.37070147241725
C           -1.51736211211429       -0.13899448591900       -1.50862394505439
O           -0.76598535612393        0.77294561940366       -2.25644988921378
C            1.71675952157192        0.02751953683624        1.89457771405894
O            1.67127257564978        0.85178083103102        3.02810413070113
C            3.07086382229774        0.10710735684907        1.16751094982505
O            3.86064429984077       -0.97030884607819        1.59501895639647
H            3.44167829545796        0.56493124066783       -2.87058135788943
H            3.75003796681625       -1.16064178652150       -2.53891386036656
H            5.12239501186138       -0.01808779238331       -2.67497649491199
H            2.33648203180243       -0.87362314528074       -0.62292845302009
H            0.15792878834181        1.69138004644453       -0.74441111375483
H            2.03622759434529        2.74700724527623        1.42589941314074
H            0.31316219106745        3.14707485122453        1.27133777432203
H            2.14469056213243        3.57193754827688       -0.81593435075975
H           -0.23274501712420        0.84994125505456        1.62662887281166
H            0.02736973247189       -1.64340652787100       -1.42119654425623
H           -2.00568720893432       -1.27181386574066        1.51902410526098
H           -2.67727039764370       -3.71089056868930        1.34091871160654
H           -3.93954468684971       -3.24344239559255        0.18857573491673
H           -3.82754767083336       -2.55780011843890        2.91955913278422
H           -4.02641065909788       -1.01830019110738       -0.76412746582096
H           -4.72023585524724       -0.68858055031665        1.47474857115198
H           -2.04062398297312        1.07855796677605        0.21941709238440
H           -4.02901879511176        1.75878307367678       -0.82882992385924
H           -2.08122237474829       -0.78426601816231       -2.20494567645753
H           -1.38885427637498        1.36705157783025       -2.70798492107741
H            1.56181116290113       -1.02671691240534        2.16443687586293
H            2.28897503058437        0.51648691045953        3.69565011413295
H            3.56286514973525        1.06312426725843        1.40218372762226
H            4.68788139730087       -0.97618768696386        1.08906769344564
48
 energy: -84.832849001911 xtb: 6.7.1 (edcfbbe)
C            3.92436134496089        0.02466532969991       -2.46947680014161
O            4.01612781450049        0.23537299478497       -1.06346878934477
C            2.80721134059075        0.12863685809021       -0.38905665038833
O            2.00526931027948        1.23163626477540       -0.73589446213137
C            0.88162094589083        1.49493834143273        0.10873431103846
C            1.12196671426221        2.81639910370647        0.86536539611925
O            1.29505920475672        3.88042822661540       -0.03298476463245
C            0.57577858192068        0.36249999856705        1.08075011690415
O            0.06789110096757       -0.88030073648482        0.58914705543918
C           -0.60009718738101       -1.27373278555479       -0.58916559698523
O           -1.55819580231827       -2.21187387036886       -0.15720227260594
C           -2.56606326527241       -1.65398979478070        0.67933315605434
C           -3.46949730250665       -2.81885365512918        1.11428161774142
O           -4.44220828136983       -2.41284886665483        2.04483352398538
C           -3.37631358327040       -0.56990379264998       -0.05455572699235
O           -4.23390961635725        0.12102224822821        0.81810280345955
C           -2.42916408588905        0.46088607114549       -0.68587141385439
O           -3.10553663949114        1.31581508676586       -1.57328186383171
C           -1.36584563424827       -0.29133175489616       -1.49605619583148
O           -0.51941381142697        0.53801907333418       -2.23823109473261
C            1.81548579741322       -0.01816510170324        1.91842472824597
O            1.81869844813660        0.78398106394941        3.06892520187076
C            3.12058577308137        0.11314781507837        1.11293676447076
O            3.95457949691431       -0.96380118348008        1.44824101000559
H            3.21694582918200        0.72339146237713       -2.91698416735840
H            3.60363562360992       -1.00049859834873       -2.67570115693512
H            4.92602822992737        0.19438083355033       -2.85326396758442
H            2.29490690685248       -0.81403291786844       -0.66816994368517
H            0.05106339228016        1.66092042282703       -0.57997069804097
H            1.98845857284724        2.72386684797137        1.52923504035336
H            0.24547914852407        3.06090427172618        1.46744041613376
H            1.96623321929531        3.62119538108900       -0.68187973798362
H           -0.16635796483693        0.75555951011250        1.79525759180020
H            0.10314381833396       -1.84489367723529       -1.21263234959170
H           -2.09492263536859       -1.19587658310289        1.56142435681409
H           -2.83717562971187       -3.62196361112338        1.50140765043671
H           -4.00751603772578       -3.19509559785974        0.24133414087275
H           -4.04250012198309       -2.33202142427734        2.92240973427376
H           -3.95139060592616       -1.04382228611793       -0.86699757938346
H           -4.77565227049693       -0.53180825026521        1.29690285318841
H           -1.96373732945943        1.04551120828121        0.12090744628015
H           -3.84797099380310        1.72386168281754       -1.10389435128828
H           -1.90707053316202       -0.95813629998329       -2.19013363579764
H           -1.07558658759108        1.11796384836603       -2.78486978023077
H            1.70463774287139       -1.08058915936992        2.17707726841000
H            2.47435285293494        0.44347734426944        3.69582862035776
H            3.60959388277014        1.06916779840080        1.35480699385368
H            4.74700818451549       -0.93411622552415        0.89011807740976
48
 energy: -84.830910820365 xtb: 6.7.1 (edcfbbe)
C            3.73688120620595        0.16161286769347       -2.58021740393831
O            3.92142067762103        0.32709541356059       -1.17714352164596
C            2.76222900009269        0.18899945561460       -0.42749443546667
O            1.93737920386425        1.30313175317160       -0.66684890521356
C            0.83849058537519        1.48086351498128        0.23039178552939
C            1.06170605219467        2.78564273158724        1.02219334784690
O            1.17194156724917        3.88231985438542        0.15430224775142
C            0.62218754456744        0.31219237344959        1.18527254432248
O            0.07430821165227       -0.92859900371786        0.72628126452718
C           -0.55353808417951       -1.37557678618535       -0.45394593995527
O           -1.56794697214273       -2.24729184916530       -0.01352576967925
C           -2.61176280369807       -1.60643209650422        0.71026595741058
C           -3.55326973046858       -2.71730020037411        1.20251804394201
O           -4.57964003015048       -2.21556156113251        2.02250336579455
C           -3.35710169644305       -0.59506651096262       -0.17750988763775
O           -4.29037403768193        0.16219587439258        0.54971733028919
C           -2.34524064324168        0.38170941028260       -0.79091072827047
O           -2.92626079103710        1.19109671562292       -1.78243233134631
C           -1.22626048753761       -0.42577421384526       -1.46420617136999
O           -0.30532895793068        0.35817428392759       -2.16595554432724
C            1.92446751300401       -0.06558343784797        1.92751958835078
O            1.98491929095816        0.69650569804770        3.10402538361123
C            3.17363173507830        0.12353666268978        1.04907343537424
O            4.05141013962390       -0.94312991771555        1.29196653229248
H            3.00183593428048        0.87309856012807       -2.95665392281556
H            3.40072198807660       -0.85631987336700       -2.79752759671702
H            4.71108069817490        0.34447821058327       -3.02386609424912
H            2.23107678831297       -0.74167763863440       -0.71003002919200
H           -0.02871342641602        1.63600726470970       -0.41392990430237
H            1.95332967965335        2.69653117194130        1.65267510134386
H            0.19936290407151        2.98395468380083        1.66047772351178
H            1.82900164224536        3.66457205210364       -0.52372841195140
H           -0.07053738016934        0.67597244003093        1.96140608042534
H            0.15447503981141       -2.01650850641095       -0.99982511882743
H           -2.18449460467137       -1.06874227455535        1.56949365154004
H           -2.95538725833758       -3.47955421841084        1.70921462000082
H           -4.03853844560365       -3.17813417175921        0.33903536769796
H           -4.23563742076156       -2.03827774275413        2.90998437952502
H           -3.85451100994311       -1.13876746302913       -0.99745246760642
H           -4.86122230401246       -0.45115498141552        1.04694227687578
H           -1.94566066332118        1.00696896311831        0.02120052364182
H           -3.70779606790114        1.62501436286917       -1.40917898487941
H           -1.71925547032260       -1.11644599034633       -2.17156815944780
H           -0.80976191800143        0.93430731341911       -2.76468791620594
H            1.85187463062152       -1.13807666871439        2.15599410854003
H            2.68101192734175        0.34410848401209        3.67852625825280
H            3.65498073524211        1.08277084620678        1.29414543750585
H            4.79851280952787       -0.87889293028164        0.67699574135640
48
 energy: -84.828947992114 xtb: 6.7.1 (edcfbbe)
C            3.51897660822880        0.37514486579781       -2.68115854205630
O            3.81112750693308        0.39054830496699       -1.28747883137637
C            2.70387319906168        0.24090564088346       -0.46589541527211
O            1.91680302914270        1.40232140026452       -0.55080430966833
C            0.81172513202502        1.47776117505880        0.35389429841417
C            0.97612372810326        2.77771055206326        1.16799430601093
O            1.02018400668455        3.89548329893312        0.32175340659736
C            0.68213682649931        0.28370168415289        1.29503669059937
O            0.09452508565959       -0.95624197739930        0.87889177770961
C           -0.49775804360798       -1.46632896504753       -0.29324126272361
O           -1.56424306968836       -2.26794795468684        0.15502377214853
C           -2.64076778063422       -1.55436559251630        0.74888085780536
C           -3.61819084684939       -2.61153265118435        1.28744740398256
O           -4.70139673651354       -2.03367225653751        1.97271967563218
C           -3.31591647527587       -0.64082402468224       -0.28681074257048
O           -4.30517634952256        0.17878109710087        0.28141569066444
C           -2.25192318113993        0.27842308094712       -0.89750668859387
O           -2.74263074527509        0.99870711906859       -2.00064830160421
C           -1.07861786480129       -0.57211333541416       -1.40768708839968
O           -0.09603219401818        0.17524981820684       -2.06590618565097
C            2.03801792046770       -0.08830719736935        1.94090219652464
O            2.19781946161954        0.70762746796951        3.08620956758444
C            3.22121122041877        0.05528385149187        0.96635083676619
O            4.03021330162295       -1.08539665721625        1.08068681478338
H            2.86454318972336        1.20585347829832       -2.94354631070002
H            3.03421356699222       -0.56605418574118       -2.95473016678066
H            4.47991779481188        0.47084736344781       -3.17836620678804
H            2.11062698778221       -0.64064863244458       -0.77697013634785
H           -0.07572434313599        1.59012562075580       -0.27217426945711
H            1.88128195707332        2.71435837770098        1.78218298807321
H            0.11374418048024        2.92167259961076        1.82040140862996
H            1.70524029968231        3.74022411038993       -0.34522413762506
H            0.04476094272895        0.62261821723324        2.12668372515120
H            0.20910881032779       -2.17404256185177       -0.75207515430530
H           -2.26158057395587       -0.93350830680472        1.57378209160613
H           -3.05975581806289       -3.31241772356024        1.91373780989830
H           -4.03849501611275       -3.16406645706751        0.44398994508078
H           -4.42177675904662       -1.76023389163572        2.85805700076367
H           -3.74180809763338       -1.26591958507916       -1.08845539782129
H           -4.92004422806072       -0.38395946520134        0.78559243348982
H           -1.92575667928052        0.97272938908784       -0.10904035330438
H           -3.55525677305022        1.45369283428802       -1.73410630012231
H           -1.51067082409226       -1.30048362815443       -2.11739131838210
H           -0.55016652870979        0.72719011033345       -2.72416612911934
H            1.96974390035687       -1.15220082511659        2.20704758036527
H            2.91148640954079        0.34713809089220        3.63329823646060
H            3.79052015791683        0.96392841404406        1.21740378752201
H            4.73576091259194       -1.03776913340655        0.41748175168241
48
 energy: -84.827067824984 xtb: 6.7.1 (edcfbbe)
C            3.40492008180870        0.53888311968087       -2.73623219654708
O            3.74938633073138        0.49967949371777       -1.35489701387409
C            2.67982649039894        0.29636199292784       -0.49670075531658
O            1.87975360843077        1.45339660712696       -0.48410934056747
C            0.78441880737848        1.45101253189251        0.43706221151324
C            0.90801043698967        2.73880430500244        1.27694529265766
O            0.95125169752771        3.87354049782857        0.45391639122152
C            0.73086273290755        0.23472668496504        1.35769077338339
O            0.09029141558163       -0.99001180451351        0.97881351946991
C           -0.48456149807186       -1.54191184395541       -0.18433493172355
O           -1.59846626220792       -2.27105044733972        0.27191642169178
C           -2.67539772601559       -1.49488423754783        0.77549185700470
C           -3.68680002542550       -2.49047340679257        1.36701869952371
O           -4.78401476359964       -1.84319237653702        1.96199116109843
C           -3.29929321286358       -0.66472674168369       -0.35608639183546
O           -4.30420866609256        0.20472826886681        0.09897555888716
C           -2.19678368791285        0.19274389969556       -0.98476969311914
O           -2.62048137310106        0.82279814337193       -2.16874793839061
C           -0.99919233333470       -0.69193718697321       -1.36868287196769
O            0.01740715840685        0.02899707390421       -2.00543055466475
C            2.12469269826927       -0.14043912457229        1.91799238647035
O            2.33030199901616        0.62756456537059        3.07636146708077
C            3.26200488120486        0.04407791622168        0.89855531296104
O            4.06947565523295       -1.10350362196061        0.92098906835369
H            2.75557892718096        1.38889355386054       -2.94403152526815
H            2.89502885573236       -0.38437857429865       -3.02314779052726
H            4.34800898735767        0.63815523769417       -3.26584990263492
H            2.07957180917461       -0.57317039229676       -0.82492857139501
H           -0.11932214164363        1.52923988548695       -0.17045804795141
H            1.80229422752288        2.67616002468785        1.90775794305059
H            0.02960274767079        2.85532450324719        1.91328928879366
H            1.64666510639209        3.73623040525406       -0.20659922640796
H            0.15302466783363        0.55460728105692        2.23905854287981
H            0.20697442779821       -2.30070107379485       -0.57897756971203
H           -2.31011008405174       -0.81379159852853        1.55798437337936
H           -3.16138131870940       -3.14294754260541        2.06925864675012
H           -4.08553086239296       -3.10681235216379        0.55810319101392
H           -4.53331272169448       -1.50502774345742        2.83342512426009
H           -3.69487957259136       -1.35044979257853       -1.12279783361722
H           -4.93549472715620       -0.30869725395495        0.63511082809608
H           -1.91099259634772        0.94976020182131       -0.23974535749110
H           -3.43925380752846        1.30700507637502       -1.98547778573394
H           -1.39402221522733       -1.45081575886597       -2.06835620393354
H           -0.40806913034144        0.56393267323846       -2.69651010306726
H            2.08009858132133       -1.21134159556504        2.15955007271948
H            3.06764232280210        0.25806515101592        3.58469975744144
H            3.84638356764339        0.93845223822878        1.16515160478115
H            4.74808765331438       -1.02288389060698        0.23324488205029
48
 energy: -84.824546144010 xtb: 6.7.1 (edcfbbe)
C            3.31506880424404        0.71078826839209       -2.78622286176389
O            3.68543830772462        0.69657764798529       -1.41130415855197
C            2.66149047617384        0.36788618058048       -0.53635426289659
O            1.74599446203430        1.43678962172852       -0.48837504730131
C            0.74612400544172        1.38353471100112        0.53240991974575
C            0.92655110371502        2.63564642442798        1.41748628845153
O            0.89158317662494        3.80860743425967        0.65022956982810
C            0.77261134574200        0.13428995931596        1.40779006120698
O            0.06284284702922       -1.06069074007667        1.06645682713081
C           -0.52253376336375       -1.64425271175079       -0.07832080143840
O           -1.68685889621552       -2.27334351880552        0.39835701625506
C           -2.73245000438728       -1.40328414422639        0.80331664126485
C           -3.79483583330652       -2.28748266547669        1.47683139247110
O           -4.87075945725131       -1.53647006994960        1.98212846092372
C           -3.30046333863656       -0.67305758691314       -0.42194010993932
O           -4.28447681088469        0.27186343306284       -0.08731386199030
C           -2.15465837198565        0.07891707555479       -1.10453539195796
O           -2.51802132926105        0.56569333732273       -2.37432221013555
C           -0.95596870867978       -0.85549156832283       -1.33764652732141
O            0.10870333491066       -0.19204083752323       -1.95693955027693
C            2.20682549038156       -0.25825531807523        1.84620815366708
O            2.42545560432492        0.33464038528089        3.10231822173651
C            3.29467675208458        0.14275503031262        0.83925349106642
O            4.25934529848560       -0.87593314845028        0.80072421798047
H            2.58702618475896        1.49839600124859       -2.97811587140312
H            2.88803043915679       -0.25417754901213       -3.07035194085082
H            4.23598181315106        0.89964274419427       -3.33071069261193
H            2.14640734541226       -0.55276803444887       -0.86973401717497
H           -0.21102313807040        1.47438943052870        0.01346902809202
H            1.86922606783135        2.55620923631151        1.97228126190022
H            0.10250147258593        2.71125165180109        2.12825427647167
H            1.52332206182741        3.71194406685196       -0.07800489994851
H            0.27888810803738        0.42462180199229        2.34837257713116
H            0.13127681848576       -2.46639392040505       -0.40403557588282
H           -2.34659980665680       -0.66126246441896        1.51758814661191
H           -3.30752932373189       -2.88469976420482        2.25196447110707
H           -4.20900056331257       -2.96754545933464        0.72895438695928
H           -4.61726814382434       -1.12027945652986        2.81836697443013
H           -3.70061394385654       -1.42181752588375       -1.12465902627788
H           -4.94326526916562       -0.15918681768614        0.48672829265895
H           -1.88420885543918        0.92007208284982       -0.44997448713550
H           -3.32822717094617        1.08944998651495       -2.28600121464125
H           -1.32679308816172       -1.65065779327165       -2.01033131237199
H           -0.26848464590454        0.31499646788516       -2.69506044384426
H            2.22450286257063       -1.35439962257196        1.92462399773648
H            3.22720818824409       -0.03695209081220        3.49982795054711
H            3.74947738612329        1.09593527409715        1.15087072454559
H            4.89747778725868       -0.67446244874030        0.09892463495691
48
 energy: -84.822301332968 xtb: 6.7.1 (edcfbbe)
C            3.31684720309769        1.15732045937042       -2.77633121048048
O            3.63105315079751        1.09779470763665       -1.38910656233407
C            2.65937776959747        0.49683398401869       -0.59715680920867
O            1.54198962965474        1.35313824102599       -0.52289551668643
C            0.68506410924898        1.25587496271962        0.61168164611517
C            0.91238975883110        2.49919816356145        1.50382151372518
O            0.83364679438633        3.67904922062295        0.75041013646364
C            0.80664448149579       -0.00827134022592        1.45952095095448
O            0.01106287719173       -1.16862159712213        1.21029848037491
C           -0.61429342751581       -1.80420214718955        0.11333748838928
O           -1.83317740567798       -2.28211358582928        0.62339777796280
C           -2.81543780534253       -1.28529160809856        0.86645520688944
C           -3.96352538147958       -1.97979131975799        1.61689561044766
O           -4.98750772638048       -1.08437118953147        1.97321853628572
C           -3.29075025657644       -0.69517274659969       -0.46972626490754
O           -4.21823020722196        0.34783856330002       -0.30928473582941
C           -2.07934328249713       -0.12086861637601       -1.21101905192229
O           -2.37333082780295        0.17417649851619       -2.55633326231668
C           -0.93005384260199       -1.14010485819346       -1.24624366511173
O            0.21454872852341       -0.61920359638349       -1.85900368499553
C            2.27688395692235       -0.44830712363281        1.68548503694113
O            2.57120786305736       -0.21226239085429        3.03915387707747
C            3.28725162482005        0.25816158686196        0.77584633689640
O            4.42207531996712       -0.56315572734182        0.67869524464067
H            2.44971824105604        1.79490177536217       -2.94589891192893
H            3.11291755475592        0.15406081092919       -3.15876098297910
H            4.19719629064323        1.57712504162479       -3.25508954992631
H            2.34655649868671       -0.46927070353538       -1.03585548922807
H           -0.32605483274051        1.33533420595384        0.20286710872006
H            1.88291812688803        2.42471493782967        2.01011167018012
H            0.12641966716316        2.56292381041485        2.25775821458065
H            1.37869126194143        3.56337175421640       -0.04346693473919
H            0.45346791776892        0.26899131183692        2.46382265994494
H           -0.02834509619324       -2.71133187691603       -0.10075685174797
H           -2.38739884834282       -0.48264433892378        1.48508352722431
H           -3.54667366691875       -2.49695587950237        2.48499174342482
H           -4.41328919398856       -2.72467778961637        0.95654693585686
H           -4.71937927159428       -0.56854757714436        2.74680527054419
H           -3.71991542673179       -1.50872833021835       -1.07729846535080
H           -4.91775497403311        0.04686902282260        0.29876456614451
H           -1.78070440469839        0.80130635005479       -0.69315622537048
H           -3.15435397398432        0.74671516653826       -2.58364476673656
H           -1.31145384381951       -1.98421084584243       -1.84994062564052
H           -0.07921600906612       -0.19350303916699       -2.68124680099683
H            2.33694051837986       -1.52290135039319        1.46144713916055
H            3.44705399517406       -0.57304442511209        3.24220018286752
H            3.56042807361812        1.23451130307079        1.20328517255007
H            5.02783532110407       -0.18266479559693        0.02379698287099
48
 energy: -84.829484373187 xtb: 6.7.1 (edcfbbe)
C            3.57937730718998        2.85446811103217       -1.73045263145095
O            3.48102837910923        2.16525529479098       -0.48914234607502
C            3.01731912758074        0.84554689437030       -0.60274216398550
O            1.64906431502902        0.78539629963758       -0.90870660952912
C            0.72049733306187        0.80641876881339        0.16684013514538
C            0.62059374972326        2.20797465185983        0.80437428143675
O            0.02941260070867        3.13603008155004       -0.07023683430948
C            0.96621289848953       -0.27844695448288        1.23114274021315
O           -0.02086352722989       -1.27302283536261        1.46293549011019
C           -0.85579455660041       -2.04516591821991        0.62136568045851
O           -2.09876987537964       -2.10636281616083        1.26155904561222
C           -2.90812592892328       -0.94924597190648        1.09939105016123
C           -4.10186450543941       -1.11934199938271        2.05286140797020
O           -4.96746239790689       -0.01145199316424        2.03732002880057
C           -3.35980351065589       -0.85835975972983       -0.36596181532951
O           -4.15812532911377        0.26768391152753       -0.63037003689847
C           -2.12373627459914       -0.75233796498673       -1.26806148925530
O           -2.44026528253324       -0.99921520172003       -2.61898563761708
C           -1.05817037417789       -1.79978939192441       -0.89337785823320
O            0.17605566426460       -1.56495553002499       -1.51344620482963
C            2.31485514754140       -0.97044118297521        0.94678608555334
O            2.65246890895630       -1.75559281524470        2.05700734852271
C            3.37915401789697        0.10257406701636        0.69032054746202
O            4.62420127759982       -0.53793945989770        0.59152433803235
H            2.62935256802192        2.82443760316545       -2.26715261444229
H            4.35616148890706        2.40129807881414       -2.35285339405384
H            3.84561091465042        3.87778556568493       -1.48212766859600
H            3.50854966677395        0.34518639546254       -1.45344035375876
H           -0.22899922292372        0.61288405666367       -0.32861541888480
H            1.61609457037640        2.54677814222308        1.11531201317720
H           -0.03601017190354        2.16350834873672        1.67472993218500
H            0.56712194259110        3.19863911675568       -0.87211756784528
H            1.04699792964446        0.17488301013573        2.22542936976420
H           -0.46704989303446       -3.07396282986806        0.71139798704594
H           -2.33431023568258       -0.04799522014377        1.36265773843928
H           -3.71510437564824       -1.32690804545006        3.05437310426113
H           -4.68880906204651       -1.98096591894294        1.72702038536906
H           -4.57791884509831        0.71848356906726        2.53954670570632
H           -3.89935248401485       -1.78671169861335       -0.61589026576142
H           -4.85424154197683        0.32207235835487        0.04915865210274
H           -1.74304980747132        0.27453655405851       -1.17239887705938
H           -3.16907437149473       -0.41516311935686       -2.87675203174057
H           -1.47762029282877       -2.75525696747340       -1.25521472778014
H            0.02149986572904       -1.49201057926041       -2.46831771764682
H            2.20770261041764       -1.59387210090890        0.04604233345374
H            3.56387543227329       -2.06787695111267        1.93374811752355
H            3.37384430380296        0.81578289691007        1.52593646875333
H            5.33746685084569        0.11476266986267        0.63106588601239
48
 energy: -84.832597517792 xtb: 6.7.1 (edcfbbe)
C            3.33496295414873        2.87784041114590       -1.77057101106947
O            3.35342316945460        2.14321915708337       -0.55155495711599
C            2.85458809597631        0.83658199713727       -0.66254603760819
O            1.45997103305481        0.81516602322688       -0.82994969370164
C            0.66033665969854        0.81954195014458        0.34305336732973
C            0.68407445941707        2.19011560279139        1.05329763435619
O            0.03529351326271        3.18203757930320        0.29804138670683
C            0.98184525906683       -0.32543539247526        1.32178655036283
O           -0.03734389293979       -1.27600209784714        1.58038518084232
C           -0.85141378251879       -2.06318613002836        0.72977399146063
O           -2.12774972763704       -2.05445450367644        1.30504092239624
C           -2.86819910855005       -0.86673431422770        1.05435613938247
C           -4.11099861963951       -0.92316095989439        1.95680187500939
O           -4.90469067784732        0.23273583905422        1.85023991679638
C           -3.25012656219631       -0.81573706803352       -0.43316593535106
O           -3.95991443612133        0.34765144163411       -0.77746456700811
C           -1.98186418886865       -0.84168935223877       -1.29714123029257
O           -2.27230788088374       -1.19796196317544       -2.63075878771370
C           -0.97245981049368       -1.89425413602808       -0.80443094138267
O            0.29087045889427       -1.72551671181965       -1.38604605807699
C            2.28586040712167       -1.02617979114591        0.89756971496169
O            2.71794001291609       -1.83425789211185        1.95945626621856
C            3.33218657691687        0.04411624491742        0.56326831854694
O            4.55068669482691       -0.60789333968206        0.31640468702277
H            2.33731132719004        2.86777529856173       -2.21350274918432
H            4.04672513511427        2.44774803314944       -2.48050591557991
H            3.62810783060703        3.89114662039482       -1.51147654414575
H            3.24707115017427        0.35782798945415       -1.57409182179411
H           -0.35279473086801        0.68262819604300       -0.03721418888442
H            1.71858351164132        2.48065865949384        1.26918371981135
H            0.12464736390018        2.11831871618445        1.98725758387129
H            0.49807693020980        3.29037053758341       -0.54431891917886
H            1.15325341302245        0.07247918748538        2.32814563787181
H           -0.49974119159269       -3.09644576708119        0.89082993375309
H           -2.25999234117955        0.01486865884738        1.30729677075732
H           -3.78271645592053       -1.10348323828473        2.98427752783525
H           -4.73577686454192       -1.76236911142408        1.64345402875977
H           -4.48159814223835        0.96607153733498        2.31942116116847
H           -3.84248551465081       -1.71696853698328       -0.66304332518458
H           -4.67770542694979        0.47567960173092       -0.13072422409392
H           -1.54507495098021        0.16601340916477       -1.28801848489210
H           -2.94888180402567       -0.59539615985375       -2.97357056211660
H           -1.40330920234125       -2.85759926735727       -1.13080607000493
H            0.16997527139930       -1.70688827985145       -2.34823973486444
H            2.09492253041362       -1.63168726201668        0.00042675874149
H            3.60613328458262       -2.16021799604230        1.74077644403931
H            3.42481481434335        0.72937165243057        1.41697778505363
H            5.27548047446125        0.03354816239662        0.30510107228730
48
 energy: -84.835747824396 xtb: 6.7.1 (edcfbbe)
C            2.94973064577472        2.66659759526844       -2.08142866721903
O            3.15165436770884        2.02204579150984       -0.82867985242147
C            2.56342912188229        0.75158133738692       -0.73608735966630
O            1.16227817565344        0.83322096542059       -0.65659776136600
C            0.60114985662501        0.89083893159450        0.64572448887059
C            0.91938317691556        2.22146779552074        1.36256740092600
O            0.24973238701158        3.30208332605163        0.76334540123955
C            0.95140780714740       -0.33937501645921        1.50424513364380
O           -0.08945246539430       -1.28134317327002        1.70852293681070
C           -0.82787980242128       -2.08035278283304        0.80105477644254
O           -2.15180059239386       -2.06304128020425        1.26391602911326
C           -2.83950451666746       -0.84767870535037        0.99831208454270
C           -4.18513820588315       -0.93419409713175        1.73696994220666
O           -4.93326232667285        0.25125755129248        1.62439124726636
C           -3.04553575035633       -0.67252485476406       -0.51585538380126
O           -3.62119636481687        0.56951216772811       -0.83668331949297
C           -1.70799953913794       -0.76192319141615       -1.26491220528078
O           -1.91378466362141       -1.03716403348701       -2.63502650169697
C           -0.85200388430967       -1.92046453253794       -0.73609634244700
O            0.43908248330262       -1.90598513325891       -1.28147337568970
C            2.23762385865389       -1.02172329513005        1.00499961030604
O            2.80956777724800       -1.70546308504985        2.09078216205307
C            3.21124328806480        0.02573960895191        0.45243877915709
O            4.37894107164225       -0.64953202275775        0.06148957263544
H            1.88579220913120        2.72900766423081       -2.31801836947253
H            3.46239062913438        2.11680894128856       -2.87553288998131
H            3.37671590061990        3.65984785276959       -1.97580388972266
H            2.76005418690232        0.17480213859499       -1.65397782352905
H           -0.47969611708024        0.89709504389986        0.47321453597185
H            1.99920062789385        2.40131241967901        1.37769943995598
H            0.54450218424608        2.17369718520085        2.38584500766568
H            0.56934344491891        3.40888067367680       -0.14332440270160
H            1.14623862987792       -0.02459265022030        2.53547801760977
H           -0.49341313864718       -3.11344682649098        0.99366345656551
H           -2.25678671769238        0.00090816209136        1.38727429565640
H           -3.98955463381967       -1.20117152347914        2.77903133000965
H           -4.78439721615950       -1.72809084671337        1.28562492608610
H           -4.57586173798452        0.92369638996841        2.22205511102632
H           -3.68266228865578       -1.49994747287486       -0.87068247279459
H           -4.41318817877795        0.69449265307716       -0.28259865117592
H           -1.17229754164515        0.18851664038342       -1.17179132484214
H           -2.48397527967154       -0.34737228941392       -3.00482317939032
H           -1.37598329050863       -2.83564916784157       -1.06638969517548
H            0.34020198231401       -1.87714164144181       -2.24659431599592
H            1.98894052100110       -1.72079186537831        0.19646386452418
H            3.65728492553307       -2.07671971332628        1.79874481851805
H            3.43767698871617        0.75423708295787        1.24222993446742
H            5.08180502844468       -0.01196545754656       -0.13022388373528
48
 energy: -84.837138917548 xtb: 6.7.1 (edcfbbe)
C            2.80481031336818        2.70936380832768       -2.12878810837481
O            3.08439616597934        2.03060840168891       -0.90937364909479
C            2.47043630411787        0.77428754495370       -0.79842702507414
O            1.07920468524817        0.88740946411535       -0.63049337403849
C            0.59763686442772        0.92806385602588        0.70671762625216
C            0.98278665894876        2.23575480377371        1.42977934453245
O            0.26308859773486        3.33334554920867        0.92624258008968
C            0.97775855249391       -0.33547793346345        1.50439712714985
O           -0.08662395930375       -1.23699734883986        1.76370613574701
C           -0.81666822122686       -2.09844415889485        0.90783648552121
O           -2.14996694946663       -2.02817195721024        1.34614857483774
C           -2.80869238058604       -0.81211023591070        1.02182638146863
C           -4.17416150715099       -0.84925102246007        1.72772064781054
O           -4.89363128047131        0.34716640728118        1.55735401877980
C           -2.97525371278347       -0.67904082369495       -0.50138728908964
O           -3.50079442706763        0.57105703518787       -0.87223846054701
C           -1.62534064182855       -0.84037260060674       -1.21344985449440
O           -1.80838826053115       -1.13438582552544       -2.58355721231491
C           -0.84238567467258       -2.02649998113290       -0.63694835699517
O            0.43523141384497       -2.12029380322162       -1.20621579044565
C            2.22493334145750       -1.02722524239785        0.93271445231018
O            2.84895687403446       -1.71784292130002        1.98684124391713
C            3.17597515372391        0.01713700566883        0.33651623240219
O            4.30755130226626       -0.66724781706500       -0.13601322871247
H            1.72807397569682        2.80948525751296       -2.27790464340928
H            3.23470486237107        2.16259152302636       -2.97238601857968
H            3.26991042410055        3.68656937181144       -2.03672243162567
H            2.59313243919392        0.20818972022943       -1.73565436284516
H           -0.49186798415113        0.95493150356356        0.59624856325927
H            2.06010600741829        2.41496867074473        1.35045257075423
H            0.70317661574639        2.15874845294014        2.48141363906202
H            0.49157072749393        3.46340006529327       -0.00477308298420
H            1.23974109166302       -0.04228637066055        2.52871303819230
H           -0.49682327818192       -3.11932055645913        1.16982715602260
H           -2.22202583649725        0.03875795260879        1.39903347308938
H           -4.01158167056971       -1.08583064443333        2.78265190145244
H           -4.77841502796885       -1.64477617043319        1.28596985386666
H           -4.53807370026767        1.03096819427787        2.14305958496977
H           -3.63245202848569       -1.49511873465109       -0.84556397756899
H           -4.30872533496986        0.73156831419179       -0.35158753787548
H           -1.04413005243461        0.08262387945001       -1.12234049201408
H           -2.32664942735410       -0.42148054463775       -2.98462240788042
H           -1.42578834704336       -2.92449270763047       -0.90860848688562
H            0.31557838393736       -2.14297365388017       -2.16948032042376
H            1.93675216929241       -1.72368635966491        0.13745423878610
H            3.67406732067663       -2.09917561318565        1.64747677522421
H            3.46122730416222        0.72989397803433        1.12208957381116
H            4.99762915471089       -0.03439441157789       -0.38217245002624
48
 energy: -84.837267981402 xtb: 6.7.1 (edcfbbe)
C            2.75328468423733        2.85514819247802       -2.05358883842239
O            3.06088604685748        2.10124647617755       -0.88630989747158
C            2.43046914061125        0.85056141805787       -0.83059255318110
O            1.04503341208072        0.96983713060904       -0.62066362262492
C            0.59686053587404        0.95929545693200        0.73124034269337
C            1.00689878508198        2.23337498980721        1.49717973073298
O            0.24506769338657        3.34513703654124        1.09825978975991
C            0.99406725717532       -0.34186724158288        1.46306513333109
O           -0.09220260809578       -1.19777713397922        1.78373139616703
C           -0.82902497239070       -2.12771235938008        1.01030348869261
O           -2.16522695984746       -1.98836812652687        1.43158360407998
C           -2.78308526607776       -0.77530153146291        1.02637510185678
C           -4.16987209126926       -0.74439870648525        1.69002931840476
O           -4.85227639130477        0.45893329481380        1.43648173974837
C           -2.90252224737855       -0.70051621634678       -0.50606938736045
O           -3.35109104651265        0.55933886494371       -0.93991056391503
C           -1.54774978072518       -0.96652658236021       -1.17632818977496
O           -1.71568930214158       -1.29033975439269       -2.54127559795954
C           -0.87195497766767       -2.18271560520557       -0.53432008709333
O            0.37417846198838       -2.44844600229227       -1.11737515108089
C            2.18706291487235       -1.04010035777914        0.80020855900443
O            2.82456467805164       -1.81726758003281        1.78452379627855
C            3.14794505207575        0.01786605500353        0.24242948612751
O            4.25321231378246       -0.65960389462351       -0.29578095926200
H            1.67409499114483        2.97957165636226       -2.15976401144021
H            3.14578844634197        2.35276707022415       -2.94178583516710
H            3.23730632128615        3.81821896515400       -1.92001667368926
H            2.52198145551288        0.33841070200328       -1.80245176814599
H           -0.49479780466957        0.99344700726923        0.64392582112436
H            2.07579450513406        2.43098209030333        1.36287452677957
H            0.79242023057111        2.09745680613604        2.55803047717349
H            0.40435796396302        3.52347393130863        0.16097650385422
H            1.33420822299964       -0.07890723079808        2.47398618035754
H           -0.52708892463477       -3.12634766847508        1.36044355163552
H           -2.18742048949472        0.07797214702917        1.38300922049711
H           -4.04542152764304       -0.93020228277888        2.76004223678156
H           -4.78055084057155       -1.54682514870520        1.27009460636758
H           -4.50334631143005        1.16093590964820        2.00427809137827
H           -3.59480267168418       -1.49301625251425       -0.83629545055997
H           -4.17581569152045        0.77028828129438       -0.46591554134986
H           -0.90655463891860       -0.08293915447827       -1.09371881989996
H           -2.18423670470461       -0.56202942919832       -2.97416923746185
H           -1.54386932059548       -3.03898069875188       -0.72263309852602
H            0.23079620572181       -2.52680534285696       -2.07498886423409
H            1.85240214704275       -1.67441647295174       -0.02662442387610
H            3.62005157205027       -2.20654677491899        1.38831971370496
H            3.46399750018453        0.68092972555489        1.05927444354131
H            4.95186703977177       -0.02724234556297       -0.51660561632602
48
 energy: -84.836668582958 xtb: 6.7.1 (edcfbbe)
C            2.72561281056788        3.02206598845021       -1.95377945589116
O            3.03539796898406        2.18375315581957       -0.84550034835286
C            2.38231657470127        0.94464093838801       -0.86728121838779
O            1.00418361531976        1.06933619729012       -0.61444323364879
C            0.58869269181821        0.99843833473845        0.74773455378164
C            1.02398776612371        2.23242211834367        1.56044163310810
O            0.27647158104678        3.37150870035304        1.21465453736930
C            1.00224693766658       -0.33688147802482        1.41097190951846
O           -0.09848023138716       -1.14548500434120        1.80584272398172
C           -0.84190807966308       -2.14417043882361        1.13243944759688
O           -2.17958578261621       -1.94446465547593        1.53016062015615
C           -2.76526777065602       -0.75130298322154        1.03021865593323
C           -4.17452818200370       -0.66029193916125        1.63819138072092
O           -4.79947033368271        0.56324055958394        1.33665232148669
C           -2.82755040878434       -0.74680759805122       -0.50834195979661
O           -3.20623433946756        0.51107739987726       -1.00977096688901
C           -1.46362104313232       -1.10382551129703       -1.11648245610640
O           -1.59234285162302       -1.45647995426292       -2.47752596397477
C           -0.89722969699989       -2.33338527480837       -0.40003060845391
O            0.31019082298336       -2.76505278940495       -0.96182044495719
C            2.11991688741586       -1.04113749619309        0.64011932854840
O            2.75900455145948       -1.92102240787137        1.53215528394949
C            3.10475876207125        0.01667080073872        0.12145600438676
O            4.16249816796726       -0.66353980230718       -0.50121159230145
H            1.64643399114271        3.15968184043122       -2.04430512287078
H            3.11060630738016        2.58230813889134       -2.87792404692942
H            3.21616567062669        3.97035995501273       -1.75475302646980
H            2.43841482621429        0.50658028656079       -1.87762966904293
H           -0.50418567338693        1.03923225288491        0.68207152580099
H            2.09520102685262        2.41738325942526        1.42348520735500
H            0.81657608631375        2.05464140744067        2.61650980230838
H            0.41672048238354        3.57328672256311        0.27905457525848
H            1.43535195383584       -0.10628264853693        2.39492734203897
H           -0.55195761836510       -3.10753347459580        1.57620720766116
H           -2.17136612550513        0.11292662856595        1.36270677090172
H           -4.09659448614919       -0.83170556200042        2.71492927228498
H           -4.79976189539428       -1.44647590114295        1.20899272714012
H           -4.45472615683437        1.26031632689158        1.91316240808181
H           -3.54302424552188       -1.52177337457958       -0.83102618447404
H           -4.03297102367741        0.78022865781451       -0.57048805453418
H           -0.77745957818745       -0.25496648173036       -1.02646897877823
H           -1.99338454289000       -0.71154950146496       -2.94753951847749
H           -1.64620230185316       -3.13699701559712       -0.51455396470303
H            0.15863562346504       -2.88434041734309       -1.91445169089346
H            1.72340054046769       -1.59346820608530       -0.21673986402776
H            3.50873371991730       -2.32480225128154        1.06779772047312
H            3.47233126668979        0.61153603430414        0.96861248032537
H            4.88399874863621       -0.04790025463291       -0.69394439172561
48
 energy: -84.835424688433 xtb: 6.7.1 (edcfbbe)
C            2.70426843079009        3.15455519687888       -1.87193908998135
O            3.02311870989950        2.24081411994328       -0.82791828400207
C            2.32900469092858        1.02714158784038       -0.89981675788233
O            0.96588347330659        1.17620647036290       -0.58492431041098
C            0.59934373497506        1.04616858537049        0.78762400692513
C            1.08834056149301        2.22842912196520        1.64301916536067
O            0.37421489876964        3.40533942624724        1.36133906768576
C            1.01247076736224       -0.32829424925006        1.36898542438477
O           -0.10249619859145       -1.08631656870127        1.82542176353046
C           -0.84976310227221       -2.13706273268029        1.24585567814277
O           -2.18892745430757       -1.88892083385037        1.61468998142583
C           -2.75629579304946       -0.72676309775679        1.02838272247911
C           -4.18418904238118       -0.60512887899841        1.58588140418205
O           -4.80606273964038        0.59006262210656        1.18244240025242
C           -2.77174131296183       -0.80133979178941       -0.51007704774883
O           -3.10706956081127        0.43713095454638       -1.08491603203522
C           -1.39698097543774       -1.21561459115751       -1.05455951775984
O           -1.48196930875444       -1.60393849500976       -2.40784075084751
C           -0.90610881413072       -2.43627829714770       -0.26868159909169
O            0.27521018700342       -2.97886311087409       -0.78633595732872
C            2.04494425894220       -1.03350922580671        0.49230742203574
O            2.67736448030437       -2.00634747721426        1.28440675844061
C            3.05503133275054        0.01417701156183       -0.00023928692779
O            4.05688014323868       -0.66752517480779       -0.70743441385963
H            1.62877220922309        3.33747771770572       -1.91081709868852
H            3.03602880754989        2.75692884504805       -2.83485721830671
H            3.23926441232920        4.07021958243025       -1.63795943355522
H            2.33048022383006        0.65117453859896       -1.93669175070112
H           -0.49441331596968        1.10580741002447        0.75917134684277
H            2.16308796338439        2.38305623559273        1.49364681410198
H            0.89322779074784        2.00922207038574        2.69364636902873
H            0.49720824475040        3.63728206363098        0.43026172711556
H            1.53366264947129       -0.14502496837596        2.32127576318576
H           -0.57071646404281       -3.06318997279984        1.76720603333563
H           -2.17224146864298        0.15542729330915        1.32977193511941
H           -4.13982346572125       -0.70095386176337        2.67372579645721
H           -4.79061299871535       -1.42400167877009        1.19240915125207
H           -4.48570907708333        1.32489122229188        1.72474930919873
H           -3.49346484906090       -1.57654509317802       -0.81727620812370
H           -3.95412111067138        0.73210125668013       -0.70527440305230
H           -0.69304663659034       -0.38081378478374       -0.95646634730074
H           -1.85090877359414       -0.86634957113333       -2.91473904824267
H           -1.70111089430265       -3.19967424055430       -0.33551081587859
H            0.12390380950118       -3.15830830295764       -1.72954208956652
H            1.58333175150262       -1.49947429102198       -0.38247169336241
H            3.37746691681782       -2.41718270918663        0.75371179824321
H            3.47930011170197        0.54167267512087        0.86457600520649
H            4.80595980864336       -0.07787175777199       -0.87473600487142
48
 energy: -84.833645260611 xtb: 6.7.1 (edcfbbe)
C            2.71419106134569        3.28622041334911       -1.77597086198236
O            3.02334573003735        2.29649112654423       -0.80019987514420
C            2.27725989094170        1.11872472565815       -0.92401654763131
O            0.93539275554028        1.29483888487531       -0.53943325556040
C            0.62567736809907        1.09834711666477        0.83895380307865
C            1.18293398801765        2.21623293368693        1.73652666187507
O            0.50865243888154        3.43229100007245        1.53510056005773
C            1.02421285575421       -0.31653773242477        1.32633594179437
O           -0.10648103788366       -1.01780517623441        1.83807473316847
C           -0.86022943007709       -2.10843390997060        1.35462574192453
O           -2.20061801994184       -1.81645552654861        1.68823598115884
C           -2.75825838096050       -0.70420999898640        1.00467243487312
C           -4.19527529833115       -0.54361460822837        1.52770695308076
O           -4.80992814168543        0.61807414524812        1.02695648429484
C           -2.74858979687957       -0.89529027769341       -0.52302150352275
O           -3.07878360738591        0.29390012608783       -1.19607761325636
C           -1.35842827922425       -1.33693802992311       -1.00067001307290
O           -1.39133290674898       -1.78485967364648       -2.33614105931271
C           -0.90584551802880       -2.51931894390142       -0.13301475109933
O            0.26696288035271       -3.13024278649146       -0.58622403476574
C            1.96011921502464       -1.01508045390628        0.34416084133700
O            2.57818226165392       -2.07189656450430        1.02888538946819
C            2.99694024897463        0.01714243532482       -0.12905492021797
O            3.93012960904317       -0.65924544825273       -0.92869106670124
H            1.64724205624525        3.51674411656789       -1.76934827831887
H            2.99981175019546        2.93551664309788       -2.77145478504768
H            3.29605099897895        4.16197097232725       -1.50405279672339
H            2.21961552490418        0.81685226150021       -1.98319815436613
H           -0.46674046380048        1.18254347906325        0.86012989089681
H            2.25865722791097        2.33646650612443        1.56341273754824
H            1.00729519742982        1.94932634155024        2.77952214534579
H            0.61877366180690        3.70797337170402        0.61430488928958
H            1.63033112946085       -0.19660259131065        2.23887744968763
H           -0.59511253857232       -2.99091318642432        1.95233874572625
H           -2.17909287159830        0.20015313239937        1.24402522126257
H           -4.16983155106915       -0.56038122924428        2.62027853995457
H           -4.79499509370936       -1.38967441613594        1.18451173640718
H           -4.49704887670788        1.39129230714193        1.51779337899077
H           -3.46036287878443       -1.69603654221010       -0.78440718128315
H           -3.92928448540869        0.61678579068689       -0.84798469805992
H           -0.66355289502287       -0.49157967143969       -0.90970060739707
H           -1.77638632898429       -1.08546897601962       -2.88417749517635
H           -1.72180655270987       -3.26303339473166       -0.15758079125558
H            0.12276801812452       -3.39040413354575       -1.51112697868321
H            1.43341926114060       -1.38759255370049       -0.53863725201503
H            3.22154816848021       -2.48454913408400        0.43185922545845
H            3.48542017708028        0.46627264772239        0.74583484205726
H            4.70304848402175       -0.09800230074523       -1.08545711909752
48
 energy: -84.831380671913 xtb: 6.7.1 (edcfbbe)
C            2.68434119403156        3.41089538329482       -1.66877840405770
O            3.01324133349043        2.34454152645319       -0.78475294817778
C            2.21083562588128        1.20696743406896       -0.93551390431140
O            0.90425427727535        1.40968564754657       -0.45508706359695
C            0.67907765757465        1.14420513493545        0.92774449067630
C            1.33941765903239        2.18250016710672        1.84982033817988
O            0.72012652368573        3.43966909804785        1.74536350491407
C            1.04042559530160       -0.31308029676024        1.30276857447815
O           -0.11485560251551       -0.96013885980543        1.83632687069986
C           -0.87769861137154       -2.07458661590824        1.43344417872530
O           -2.21772432515693       -1.73350233810075        1.72179041997708
C           -2.75635773600860       -0.67622079350279        0.94355107039764
C           -4.17907726292584       -0.42504580370930        1.46911683672031
O           -4.77959465592819        0.68732139328470        0.85218190392578
C           -2.76830054385803       -1.02706479989731       -0.55326043511682
O           -3.12648363106642        0.07202202438194       -1.35221839646107
C           -1.36660663048604       -1.48051642329724       -0.97767468942213
O           -1.36221256647665       -2.01584144377659       -2.27954046387138
C           -0.90793132547879       -2.59318242335024       -0.02168136955121
O            0.27303774854470       -3.22284660983958       -0.42231771662119
C            1.89512440699040       -0.99198359197306        0.23725339226735
O            2.53107082438877       -2.08176790299315        0.84786309818586
C            2.93243180331935        0.03160476419673       -0.25678236550278
O            3.77653862667870       -0.63523876434073       -1.15738593149366
H            1.62591031526845        3.66622186609860       -1.59054748123767
H            2.91021047318850        3.12806068286227       -2.70050013559832
H            3.30356932318204        4.24967511647607       -1.36457414589005
H            2.07569786661117        0.97763774791705       -2.00567774799684
H           -0.40530061137740        1.26607175514991        1.02988786095396
H            2.41003948328391        2.25881178800564        1.62758855513524
H            1.20090874376954        1.86811222333343        2.88509289869286
H            0.80083880904678        3.75714645162631        0.83507296576151
H            1.70527396079974       -0.27525318208850        2.18240856253728
H           -0.63765193966677       -2.91237048901878        2.10124857923493
H           -2.14831155810277        0.23062237311405        1.07945074533590
H           -4.13277676906835       -0.31955728621654        2.55598811593107
H           -4.80236201574129       -1.29021084339645        1.23273522199185
H           -4.44060145020396        1.50338107869045        1.24653144762961
H           -3.46496777326812       -1.86593285620655       -0.71722379707913
H           -3.96131024812289        0.43941297788684       -1.00978190505455
H           -0.69442400283666       -0.61130449146003       -0.92678669939489
H           -1.79236605034789       -1.38201517865294       -2.87235193135451
H           -1.71817943618606       -3.34380908496291        0.00144950148479
H            0.14194136735819       -3.53305828765523       -1.33403437159921
H            1.31503153154139       -1.31891146388851       -0.62956292621836
H            3.10642412496713       -2.50501290477966        0.19279474311132
H            3.50011151581022        0.41032174638392        0.60349294927513
H            4.55921095396118       -0.09644247413623       -1.34144931765430
48
 energy: -84.828517787141 xtb: 6.7.1 (edcfbbe)
C            2.46909302275273        3.50781729106398       -1.62781934688901
O            2.89035383857555        2.39978455352620       -0.83929138887852
C            2.04294928426660        1.28643513759964       -0.91550152012015
O            0.82451002220368        1.50609595163068       -0.24871017904691
C            0.79005487341534        1.16254550364774        1.13428134359558
C            1.66024072787994        2.08606390847613        2.00347560499121
O            1.15667340719506        3.39787546783844        2.02814048866021
C            1.07615281866579       -0.34164376799229        1.35108324240154
O           -0.12728674412066       -0.92751224026478        1.85690668981097
C           -0.92311576394472       -2.03268608331702        1.50077177325701
O           -2.25528584311340       -1.61797176892019        1.71825055441370
C           -2.74400841664814       -0.61681825321173        0.83916998430895
C           -4.15852557997290       -0.26535979603628        1.32886192249450
O           -4.73647547430215        0.77508657015180        0.57944856205114
C           -2.76415462042995       -1.12399569282618       -0.61080713541701
O           -3.11031823213324       -0.11772104871331       -1.52814401857914
C           -1.35945804887339       -1.61986555396616       -0.96687539551279
O           -1.32501359425274       -2.25666826250120       -2.22072171891291
C           -0.91992513914330       -2.65278084843542        0.08529030801170
O            0.27680121661627       -3.29826502451731       -0.23427439522478
C            1.85455216699660       -0.97208275851930        0.19818897520458
O            2.57828998386931       -2.04695835731979        0.73773128181063
C            2.82259792584946        0.07337017784027       -0.38372752541929
O            3.53313413915040       -0.56033005735280       -1.41546635520408
H            1.43825614822901        3.78035429029667       -1.39345529704695
H            2.54270948219420        3.26371380959443       -2.69109413227241
H            3.14566638847098        4.32087299942928       -1.38106946103772
H            1.75703522158533        1.10078201509796       -1.96436336254120
H           -0.25269541394022        1.34562571372080        1.41704106227001
H            2.69790436074036        2.08040295864937        1.65256222794393
H            1.62055096591051        1.73211159350852        3.03430126630338
H            1.17310364343989        3.75840349821664        1.13032516419639
H            1.77059176020934       -0.43039128501838        2.20437928150997
H           -0.74514282202363       -2.83178413560621        2.23301531722013
H           -2.09657873820857        0.27185966847777        0.88415360536997
H           -4.10908380663449       -0.02833753245597        2.39477507989813
H           -4.80057913279578       -1.13976523877922        1.20056772299219
H           -4.37972659402685        1.62653527799323        0.86968155168713
H           -3.46584387764056       -1.97114004681973       -0.68397632455667
H           -3.93593944192365        0.30076721548777       -1.22329629438702
H           -0.69180853225186       -0.74474951988889       -0.96887244418660
H           -1.75335499278235       -1.67827547761294       -2.86932792866669
H           -1.72757077187903       -3.40443201180822        0.14133099716407
H            0.17048920414402       -3.68900190214863       -1.11731100569112
H            1.21456308554139       -1.31314147462476       -0.61789451621437
H            3.07416967782671       -2.47574228542637        0.02401844948374
H            3.50411508325951        0.40548708624173        0.40979314112412
H            4.29733011579562       -0.02457717774527       -1.67206320903501
48
 energy: -84.831241037491 xtb: 6.7.1 (edcfbbe)
C            1.14386670791000        3.42779106058701       -1.50157683697568
O            1.90763863886352        2.27207046683815       -1.17804745794214
C            1.15132188181652        1.18876148136420       -0.69697843007986
O            0.53469444759636        1.50189660541686        0.52341183799990
C            1.17438470904173        1.03143908247105        1.70129379347530
C            2.57196874601012        1.63983749567294        1.94463544221284
O            2.75525408248674        2.05019734526097        3.27509203155200
C            1.18137762560887       -0.50658853468995        1.69553197708356
O           -0.17053790170172       -0.87269554464487        1.99068226029885
C           -1.09380941206911       -1.84454155429666        1.55838106225711
O           -2.33365181083766       -1.18135922999330        1.50351430879860
C           -2.43420190933129       -0.22748252789870        0.45327981379122
C           -3.78849035819830        0.47484706897306        0.64401643766668
O           -3.98802541119438        1.51702843411299       -0.27874958451231
C           -2.35779044945679       -0.91370688046318       -0.92109010319571
O           -2.27498196775148        0.02612066306016       -1.96568690113383
C           -1.11490127682365       -1.80940306562769       -1.00857115719898
O           -1.20696968968545       -2.71610723921109       -2.08469338196806
C           -0.98728032633866       -2.66619024612199        0.25770233308001
O            0.14755751868758       -3.48799340885989        0.24414959815006
C            1.90965486739319       -1.04046529905089        0.45582379718588
O            3.17022105464771       -1.48806720170923        0.91730338353691
C            2.13152638853462        0.00012467236523       -0.66488152940160
O            2.09116601386840       -0.70003133721632       -1.88522651022949
H            0.64064249079121        3.81633775890898       -0.61431452527494
H            0.40219736455941        3.18897944642011       -2.26864361933474
H            1.85932366067332        4.15291415244828       -1.87874926346509
H            0.32180323762663        0.98386680222381       -1.39777080038330
H            0.49846775694373        1.34955647484474        2.50211434546116
H            2.71706335286078        2.47660154245698        1.24988412147139
H            3.34561498893269        0.89077248290753        1.76472637999120
H            2.16454550935598        2.79104038288093        3.47637790528755
H            1.77840743806581       -0.85243643495706        2.55316454116870
H           -1.19944578869906       -2.56452165079291        2.38558604449294
H           -1.61198819283300        0.49937944898129        0.53151172946943
H           -3.85451500023739        0.82136667279372        1.67855799846079
H           -4.58650377190158       -0.25227400183709        0.47481865071659
H           -3.50780142757816        2.30494469223790        0.01171162488425
H           -3.24569554522200       -1.55497451542123       -1.04598283408492
H           -3.02889208032480        0.63731004663793       -1.88155755283158
H           -0.23544072373474       -1.17002541418817       -1.13825163934894
H           -1.31527600018256       -2.21595655137118       -2.90631938636428
H           -1.89129528133691       -3.29844314801667        0.29049503554318
H            0.11059424921715       -4.03035607380202       -0.56104291746246
H            1.36388652951674       -1.88668420102311        0.03821769586986
H            3.57863015976433       -2.05257055796085        0.24456305606261
H            3.12699824367193        0.43852673752263       -0.50836436096273
H            2.44868327745093       -0.14884369751265       -2.59656542770211
48
 energy: -84.830999950895 xtb: 6.7.1 (edcfbbe)
C            1.10719807757864        3.52126819882984       -1.40432339718604
O            1.86344567964749        2.34462812545733       -1.14488831713656
C            1.11692704508103        1.26999361801470       -0.62983442398392
O            0.59875427163478        1.58016033813163        0.63758407521198
C            1.26443338662183        1.01949059030630        1.76297608336969
C            2.69859047611349        1.54997934349087        1.97055663246588
O            2.94586890152681        1.92571211926192        3.30020444312840
C            1.18565597564456       -0.51289552992113        1.66830679085921
O           -0.18422376974520       -0.79516210417882        1.96781848642256
C           -1.12487128102407       -1.77644710432685        1.60113890576408
O           -2.35128104831092       -1.09834341729002        1.47411992240862
C           -2.43380735892246       -0.20982522601078        0.37015894494414
C           -3.78631838102667        0.50951079048268        0.51264379901929
O           -3.99242312005202        1.47476579981960       -0.48938719343027
C           -2.36168843882594       -0.98694243507893       -0.95349292408844
O           -2.26624192103774       -0.12180508004692       -2.05951644577265
C           -1.12638717194063       -1.89634840763515       -0.97166908301955
O           -1.22153510146190       -2.87373525376709       -1.98473125507681
C           -1.00231218594259       -2.67292099505268        0.34989999026546
O            0.14266658926100       -3.47957251373394        0.39640274982388
C            1.87905568799009       -1.01275906342439        0.39613880412059
O            3.14974341333833       -1.47226162657084        0.81678454563732
C            2.07085510439234        0.06269386569945       -0.69383410153006
O            1.95401217300805       -0.58495824470828       -1.93772695004348
H            0.63128043909125        3.88032938554220       -0.49011891182301
H            0.34596619171852        3.32173743868561       -2.16322071792885
H            1.82294842614224        4.25186323768156       -1.77027835233460
H            0.23854653181723        1.08951909591857       -1.27646907412040
H            0.63735092017187        1.32666359159210        2.60581942483986
H            2.86159937305310        2.39227924365839        1.28660978991031
H            3.42630048654575        0.76680168813607        1.75148698138521
H            2.40011217315960        2.69070875584963        3.53284193806115
H            1.77618313789890       -0.94067829218217        2.49478634287480
H           -1.25722646719995       -2.43777796898947        2.47084687511520
H           -1.60617586947495        0.51359825189544        0.41115983526479
H           -3.84580636305257        0.93604189448084        1.51663231221713
H           -4.58307168615647       -0.23143142073528        0.40772971854332
H           -3.56663476636391        2.30523088259141       -0.23624617612851
H           -3.25617614794153       -1.62570463570015       -1.03604604845648
H           -3.01564833565638        0.49932756453362       -2.01966122214422
H           -0.24770927194218       -1.26678213830332       -1.14924546762278
H           -1.32301450444055       -2.42842758412850       -2.83821593888447
H           -1.90049370964559       -3.31108587970591        0.40955391811766
H            0.11024726977494       -4.08678845556322       -0.36100956183068
H            1.32558642098444       -1.84847125030783       -0.02941815038741
H            3.53913078264994       -2.02724213628017        0.12505657224649
H            3.08216215393156        0.47436884944503       -0.56962514752664
H            2.27842240568954       -0.00831321816507       -2.64481600605744
48
 energy: -84.829816597276 xtb: 6.7.1 (edcfbbe)
C            1.15538000633972        3.68692144328340       -1.20422742201215
O            1.87624581389427        2.46927949883995       -1.05453463158032
C            1.11864513473226        1.40271429471490       -0.53860247704755
O            0.70175214378657        1.67752960063225        0.77314716635153
C            1.37923299047634        1.00102932527672        1.82611327392805
C            2.85313969909671        1.42743886913407        1.99259402890857
O            3.16824306881207        1.77209901884173        3.31661561666010
C            1.18654772312173       -0.51166968743691        1.62957888414140
O           -0.19838671573853       -0.69011450049377        1.93253434663438
C           -1.16847749776240       -1.66788329324234        1.63596040388992
O           -2.37330108280186       -0.97428862951790        1.42693112441713
C           -2.45096133993707       -0.21011287199307        0.23581357577727
C           -3.78124578787478        0.55860654523153        0.32109380172229
O           -3.98334059881805        1.41250300343995       -0.77806521795020
C           -2.42582249919221       -1.13985687996756       -0.98575249444443
O           -2.37373178862463       -0.42512819880473       -2.19597573159501
C           -1.18141099212867       -2.03319087212113       -0.92438059948680
O           -1.27102238906742       -3.11054919852060       -1.83037174580210
C           -1.03118755857628       -2.67273963279683        0.46953656870141
O            0.13786536433103       -3.43561848490580        0.58924312608654
C            1.82777563215116       -0.96295827834723        0.31284895188130
O            3.09856265361598       -1.46880809916505        0.67327041651015
C            2.00545956987484        0.15923167630870       -0.72978917499486
O            1.77293086379399       -0.41063505280325       -1.99524002561347
H            0.71582645336488        3.99068167228973       -0.25252290689094
H            0.36892562529161        3.56956742161160       -1.95478462406167
H            1.88572368634661        4.41940513641727       -1.53586786345376
H            0.19424089915103        1.28745087796326       -1.13466985289125
H            0.81208740689441        1.29052518194022        2.71588630200271
H            3.05207784204125        2.26436650920249        1.31161175868628
H            3.51644045368802        0.59801223562290        1.74216690601367
H            2.69260007802321        2.57664019791692        3.56913068107249
H            1.75675977899556       -1.04214376060505        2.40994344842039
H           -1.33475750665779       -2.24633380894509        2.55686700171194
H           -1.60397354082386        0.48946816304714        0.18448274167167
H           -3.80879827258647        1.09438045687569        1.27261997936923
H           -4.59812156491057       -0.16736409973897        0.31239309222183
H           -3.53566900950742        2.25563233492884       -0.62581177402620
H           -3.31915718996378       -1.78495870383025       -0.95309970487671
H           -3.10379350716511        0.21979033526568       -2.19835751839998
H           -0.31940544119237       -1.40645107114120       -1.18253284906880
H           -1.41767256376633       -2.75627238528696       -2.71939504977176
H           -1.91156362010802       -3.32687916346817        0.58988394946201
H            0.11402471338925       -4.12924216347742       -0.08998876475682
H            1.24476812951542       -1.76526434172757       -0.13438459006986
H            3.45517502786259       -1.99934279517935       -0.05429735964239
H            3.04287722728470        0.51488976154474       -0.65337585610020
H            2.05848904796347        0.19963512077173       -2.69075580069368
48
 energy: -84.828980135550 xtb: 6.7.1 (edcfbbe)
C            1.50339597111180        4.02045188557286       -0.69359191911716
O            2.06861347356034        2.71773562717314       -0.78400799399003
C            1.23605930454923        1.68978485527023       -0.30781968753600
O            0.96237146455837        1.86587268290671        1.05476996887612
C            1.55992521212037        0.95654702509445        1.96309017935406
C            3.09107069349579        1.11747097024643        2.08982306888142
O            3.51234651843210        1.25336569235617        3.42201524665691
C            1.12040363055416       -0.47644938786536        1.61127782380258
O           -0.28056124630686       -0.43704330618592        1.85871069230818
C           -1.32713976624079       -1.35241620253179        1.59198123423649
O           -2.43468445799670       -0.59827865790089        1.18776725119221
C           -2.46999624744295       -0.20239609408175       -0.17497903551451
C           -3.69457658099639        0.72095036447799       -0.30250537623612
O           -3.88694413714501        1.19923511753081       -1.61070932681233
C           -2.60947809316770       -1.45061824270620       -1.05846320331421
O           -2.64178747341057       -1.15580093537603       -2.43161973759724
C           -1.39889398519308       -2.35890948203699       -0.82011641367050
O           -1.58461030866968       -3.63633051558802       -1.38451092843640
C           -1.16925379091370       -2.59782513692765        0.68561733477562
O            0.05238680768185       -3.22928159370230        0.95049598742010
C            1.63064344257527       -0.82821009551822        0.20679848570898
O            2.79345913962673       -1.60107609700328        0.39576344421663
C            1.95214933551291        0.38476609038969       -0.68838632024337
O            1.61903394063405        0.01323395757329       -2.00487786688271
H            1.21668413544280        4.24219998758282        0.33573281206382
H            0.62668433841877        4.09924945750598       -1.34233624781065
H            2.28234195549327        4.69981029699755       -1.02714508203949
H            0.26063915348878        1.74070453696539       -0.82663257074073
H            1.08966221258400        1.21775399031580        2.91682702903007
H            3.39854521508686        1.98559677565157        1.49249051635713
H            3.59730485112410        0.22625988613900        1.71519203292447
H            3.17799281674753        2.08424543505362        3.78901451331024
H            1.59164488988320       -1.19510177008397        2.29599550080070
H           -1.62290059143456       -1.73129761146956        2.58475530205220
H           -1.54710857958178        0.33426594017094       -0.44268474876576
H           -3.59155651120807        1.53135769559517        0.42361488306053
H           -4.58479015569827        0.14188918470898       -0.04569861870991
H           -3.30034673126394        1.94868868366443       -1.78191799864975
H           -3.52222752857356       -1.98838502822818       -0.75325808012612
H           -3.29945387472726       -0.45187966477213       -2.57949128169484
H           -0.53734449269863       -1.87256435452531       -1.29937859942526
H           -1.81330217671966       -3.52871525889623       -2.31968029127055
H           -2.00260491471891       -3.25417940159231        0.98950652113212
H            0.05350447069200       -4.08858768019886        0.50054929695330
H            0.87698747803671       -1.41521899929140       -0.31499474293480
H            3.05647281753163       -2.00018103739755       -0.44661251276602
H            3.02863063677723        0.58928452956863       -0.60728214099268
H            1.96060407695939        0.67001888665374       -2.62960461541330
48
 energy: -84.836034675252 xtb: 6.7.1 (edcfbbe)
C            1.12406192140255        4.05736526124838       -0.62391701937953
O            1.44214223968420        2.77053681401357       -1.14605294606363
C            1.28408724267767        1.73041774580781       -0.24391624608615
O            2.19482727843931        1.88012170886339        0.82191895804604
C            1.96426759493971        0.97627801066430        1.88664773297694
C            3.31955672296753        0.74177724357444        2.57516299215708
O            3.19647949562362        0.06766552139522        3.79722768951851
C            1.30024899077716       -0.35296056457929        1.46131348207340
O           -0.08829483916039       -0.11540716285351        1.68097093287553
C           -1.21104699846064       -0.96919436392996        1.50835137272946
O           -2.24923674579841       -0.20067272990043        0.97469554875833
C           -2.36219239243004       -0.10034598273294       -0.44148930197005
C           -3.58654945970782        0.80100008474928       -0.68045495909744
O           -3.84353417930695        1.02584778481777       -2.04342633022434
C           -2.56385392926671       -1.49736553265423       -1.04313452533864
O           -2.69091149375335       -1.48695289183999       -2.44095195111782
C           -1.32669312014290       -2.33073147921515       -0.70031163200606
O           -1.46938435951352       -3.67632851848974       -1.09408471736139
C           -1.11137500374985       -2.35040941998316        0.82155848095752
O            0.08351906609008       -2.98346167064784        1.18857210473823
C            1.75820319989143       -0.73245775472539        0.04149733645556
O            3.10298396098068       -1.13173552506148        0.15951820664166
C            1.60940609278554        0.42125760199722       -0.97561509525588
O            0.63090213637249        0.09130412982720       -1.92866699502221
H            1.81233880004778        4.32272280918062        0.17956231443597
H            0.09751524920269        4.07016057607981       -0.24639251025362
H            1.23183661034967        4.74252974140392       -1.45961923483980
H            0.25081344098584        1.71027250910365        0.15713666545788
H            1.26391850765231        1.44680584067769        2.59830463492766
H            3.80664920569782        1.71625726809885        2.69614558074860
H            3.93705328173920        0.11277617198947        1.93310320422562
H            2.72589774205173        0.62719347761238        4.43191408521747
H            1.64624268287173       -1.15009723671259        2.13225895606899
H           -1.55107694989747       -1.16390962161573        2.54055092837159
H           -1.45614474024209        0.34137735030266       -0.88056232824670
H           -3.44359420521359        1.73396588153401       -0.12844921692539
H           -4.46668465532710        0.29700828461243       -0.27374682316297
H           -3.24800859551609        1.70676876940639       -2.38589867665194
H           -3.45162621564099       -1.95842260479171       -0.57805817518190
H           -3.32837733284410       -0.79258911122389       -2.68804764457704
H           -0.47948278438920       -1.87665011634484       -1.22963849754968
H           -1.74089402254280       -3.68755839761256       -2.02409516118013
H           -1.96816355087759       -2.91881977325573        1.22242401243549
H            0.06163183353090       -3.88972368859261        0.84118728331214
H            1.14957265760829       -1.56795163227413       -0.30456350728942
H            3.33759406054723       -1.72523493329691       -0.56856454872811
H            2.58705012878824        0.57704801377770       -1.45211676844705
H            0.71832175642922        0.69051518046408       -2.68476366261186
48
 energy: -84.838009941095 xtb: 6.7.1 (edcfbbe)
C            1.25466089249650        4.25619947677909       -0.43545283865442
O            1.49864891588624        2.99603117286925       -1.05319268992587
C            1.31317147115010        1.90264736395129       -0.22122445099806
O            2.26811254609398        1.93049760865733        0.81696410978653
C            2.03184784211041        0.96283728792019        1.82318124407777
C            3.39514660365129        0.62507819030347        2.44924473074234
O            3.27942532857380       -0.14742618394302        3.61232917380162
C            1.30690716690654       -0.30500882170835        1.32094951776646
O           -0.06816404028844       -0.03989435067547        1.58316343567798
C           -1.17450188535880       -0.93005004634209        1.52786649967952
O           -2.25543731967056       -0.23187128830609        0.98363358922870
C           -2.41117312551127       -0.21406211402544       -0.43177205972739
C           -3.66307791165269        0.64570631875566       -0.68192299347530
O           -3.98499888698270        0.76282423670442       -2.04477169972231
C           -2.60609665204878       -1.64883682916354       -0.93982118466989
O           -2.77262929449448       -1.72949508033511       -2.33151607419610
C           -1.34761647627812       -2.44208903313957       -0.58452264240713
O           -1.48722798613796       -3.81390234973565       -0.87148596683483
C           -1.05763596954680       -2.35052774307438        0.92296163876147
O            0.17713519218090       -2.92126567805732        1.25756092259055
C            1.69518416818862       -0.59278133779580       -0.13874399547610
O            3.02428385643935       -1.05050954039183       -0.11396691481433
C            1.53914712441502        0.63711480976173       -1.05945366079686
O            0.49030150059276        0.41208688775470       -1.96768101663869
H            1.95387381395903        4.41937121764219        0.38561272713637
H            0.22838767466562        4.30118079346692       -0.05962351805439
H            1.40709764947288        4.99476775891160       -1.21703282163922
H            0.29398910724340        1.90338250066915        0.21469438670221
H            1.37048550613748        1.40757083157386        2.58642631184082
H            3.92177116433903        1.56764484698279        2.63811895674736
H            3.97118235340188        0.03204327960988        1.73787357741566
H            2.84541011790335        0.36983680455004        4.30610638521621
H            1.64389444450812       -1.15792677537987        1.92275334433785
H           -1.46522259072852       -1.06376825749375        2.58352116485685
H           -1.52812868127951        0.22098852422168       -0.92156419432323
H           -3.51639803599597        1.62013800202430       -0.20840833419237
H           -4.51346867104882        0.15767383002471       -0.19946616077559
H           -3.41604453088669        1.42307671014394       -2.46403975514885
H           -3.47148591778120       -2.09319965334932       -0.41997525858918
H           -3.43833207573633       -1.06996551388157       -2.59953632936549
H           -0.52811086916029       -2.02248509174379       -1.18387610920999
H           -1.80016562427896       -3.89891566442469       -1.78459013489673
H           -1.87163143646018       -2.92171873227213        1.40209519075867
H            0.17859992011815       -3.83915154220031        0.94132927060303
H            1.03403155602120       -1.37286485072633       -0.51936422245495
H            3.21694410977897       -1.55279113679447       -0.91944005302483
H            2.49113485236482        0.78893722152610       -1.58637396617417
H            0.54676941882257        1.07286497532576       -2.67408332123130
48
 energy: -84.839851716304 xtb: 6.7.1 (edcfbbe)
C            1.42947413698927        4.40034081779729       -0.23105194036131
O            1.62480403245910        3.17435470744614       -0.92954734557077
C            1.37977057037161        2.03885578735636       -0.17289326404408
O            2.33960416295142        1.93912109307098        0.85578683613769
C            2.05169030018459        0.91692058484489        1.79155023769096
C            3.39761300554632        0.44235027962579        2.36519467335435
O            3.24591247501436       -0.39032616800741        3.48162638750321
C            1.23862390518876       -0.26301928021804        1.21686660100052
O           -0.12241444888740        0.07928734499234        1.46052241336245
C           -1.23702937394400       -0.79943626738090        1.52067519700967
O           -2.31187522384524       -0.16615133882442        0.89337284146067
C           -2.39333237523734       -0.28186260183820       -0.52474137311179
C           -3.61262102739716        0.56484689914361       -0.92938640440830
O           -3.86292172041620        0.53930107481045       -2.31197297215085
C           -2.58976591595990       -1.75658510236204       -0.90563926194768
O           -2.66110186974771       -1.96371477183730       -2.29303227040320
C           -1.39682121818357       -2.56465127508760       -0.38881624834882
O           -1.61873034771372       -3.95208108889817       -0.49249865266506
C           -1.14861867994822       -2.28704135557885        1.10176224528815
O            0.05275108782267       -2.85277831317209        1.54643086929176
C            1.58572069229864       -0.47940876227801       -0.26800977789978
O            2.85986081035220       -1.06745855642818       -0.30438861487478
C            1.52849435515403        0.82359691314998       -1.09609197892098
O            0.47369633324465        0.74043106780083       -2.02151112855290
H            2.12653315913636        4.47800941020627        0.60438401328837
H            0.40212095730219        4.46465318808608        0.13917318921592
H            1.62115164874999        5.18206211544632       -0.96021224306143
H            0.36406327758908        2.06727183540612        0.26888788379644
H            1.43420082053031        1.34877323263983        2.59796143755255
H            3.99597337664018        1.33059705105518        2.59853413506495
H            3.91556438781218       -0.14614168006167        1.60662413278301
H            2.86346904933695        0.11256594126547        4.21539208360885
H            1.51221277688533       -1.16953094971833        1.76603611877804
H           -1.52672316204765       -0.79749672423929        2.58519012333114
H           -1.47918829299853        0.09971283195982       -1.00250126646975
H           -3.46746167594976        1.58289917420979       -0.55740803471930
H           -4.49756019704428        0.14638324597041       -0.44398007280556
H           -3.22781565040608        1.10642650510793       -2.77095088904407
H           -3.50428250500714       -2.12494562147385       -0.41100898523468
H           -3.30781343253422       -1.33502880977902       -2.66315289467507
H           -0.52310276112026       -2.29136417762665       -0.99601727116237
H           -1.88690847694200       -4.15245890815334       -1.40194944485632
H           -1.99833248991635       -2.76315344974973        1.62186509941794
H            0.04036150723646       -3.79861482844451        1.32791952112396
H            0.83764220548369       -1.15243142570623       -0.69795701631255
H            3.01929312233281       -1.46555035723271       -1.17304479900408
H            2.49256144735134        0.94629223962012       -1.60994227714109
H            0.54125355367364        1.49617158870963       -2.62456565380334
48
 energy: -84.842577510178 xtb: 6.7.1 (edcfbbe)
C            1.67623353982720        4.50416236375208       -0.04596738162958
O            1.76015139535849        3.31507891685694       -0.82586841918105
C            1.43781737374080        2.15403257669908       -0.13915257565412
O            2.40027429418277        1.91402570920224        0.86284606684454
C            2.05331371032914        0.84875841888466        1.72721543241446
C            3.37286272955685        0.23899636185117        2.23259725247697
O            3.18627621838241       -0.66507814454406        3.28608925988386
C            1.14941465538579       -0.22861630750102        1.09128285117739
O           -0.19145600170970        0.19639976799098        1.32104484930741
C           -1.31254230457270       -0.65129203273466        1.51583568740222
O           -2.39330122308333       -0.10078119446420        0.82365815973426
C           -2.40781309532827       -0.34566573480203       -0.58167274251106
C           -3.63701009458898        0.40489223996358       -1.12180503838898
O           -3.79182224093433        0.26271442742425       -2.51144684680967
C           -2.52093333193028       -1.85492797409353       -0.85689891245256
O           -2.45641695648808       -2.15970856136670       -2.22703455261507
C           -1.37251985280127       -2.60652722803767       -0.17344046214870
O           -1.60226421876965       -3.99670608734319       -0.15850307067659
C           -1.25005656577057       -2.17705049261222        1.29237276656087
O           -0.12277359101308       -2.72382469872239        1.91803501706163
C            1.46673764757809       -0.36375019165381       -0.41403506485815
O            2.69165504951883       -1.03812496123698       -0.51907160240612
C            1.48033439171494        0.99776836611948       -1.14446847930975
O            0.39759038243397        1.05031623382798       -2.03886507718155
H            2.38394303335002        4.46660731730368        0.78325845946091
H            0.66120222964786        4.63182853233233        0.34115766287486
H            1.92926073815615        5.31300222070109       -0.72516701232750
H            0.43280818257983        2.22889279911864        0.32067706581540
H            1.48442441956177        1.26356601716581        2.57721261093327
H            4.03683529542307        1.06384674526061        2.51593942236697
H            3.83296296206361       -0.32361916550564        1.41912670235781
H            2.86269570982047       -0.19606841481519        4.06874922616734
H            1.35072333451260       -1.18269874167296        1.58443445727557
H           -1.58825176598237       -0.50995801691336        2.57527379081408
H           -1.49095122120623        0.04427563905424       -1.04785937878385
H           -3.56125713205395        1.45416247094719       -0.82321804007713
H           -4.53324141856473       -0.01915162963450       -0.66287541915316
H           -3.14246981459009        0.81378950700814       -2.97034852151842
H           -3.46908861258628       -2.21582353466454       -0.42384286481012
H           -3.10822265593863       -1.60529570623705       -2.69403079361857
H           -0.44396150998973       -2.39923866244135       -0.71970030810807
H           -1.76363211187579       -4.29167371998385       -1.06700909640037
H           -2.16490939634817       -2.55447468867647        1.78285843791069
H           -0.13671016851478       -3.68517713288234        1.78173815244750
H            0.66430697191309       -0.94391475290825       -0.88614408765359
H            2.85074275029518       -1.29968474256966       -1.43819543031033
H            2.43580566252421        1.09432528212254       -1.68093537203229
H            0.46322891803547        1.87738376235625       -2.54036276478048
48
 energy: -84.845182423541 xtb: 6.7.1 (edcfbbe)
C            1.84156097624546        4.54307944150714        0.05259375735670
O            1.87250462766625        3.38397983243699       -0.77501827605523
C            1.48264882700084        2.21567881339329       -0.13692044820286
O            2.42348082776849        1.88690954882614        0.86104984602749
C            2.00681389300963        0.81641358462729        1.68781068697444
C            3.28439920119961        0.12683886467819        2.19843674890392
O            3.03429440067935       -0.79390144750654        3.22390527712403
C            1.06476341507624       -0.18994175171703        0.99489356768773
O           -0.26556679497048        0.29033403465108        1.17560272763633
C           -1.38492728349001       -0.51735537144567        1.49136455080817
O           -2.46881003675359       -0.05665644426060        0.73889791271780
C           -2.41363440764243       -0.40449388024008       -0.64363900914611
C           -3.64947801215440        0.23808988395608       -1.29430072425632
O           -3.71124551631831        0.00177211204069       -2.67860674500482
C           -2.43418255655055       -1.93362615172211       -0.82294815908340
O           -2.24514034119956       -2.31293823090566       -2.16318325422429
C           -1.32102368266673       -2.60078694198332       -0.00328562487348
O           -1.52677213520343       -3.99103829191043        0.10004197229060
C           -1.32162685851368       -2.05492758847491        1.42679091104425
O           -0.25331059607569       -2.54144102018982        2.19140724841584
C            1.41104780206256       -0.28919228258127       -0.50785759545590
O            2.62167066445184       -0.98760318151208       -0.61314477974513
C            1.46236106872938        1.09821380705630       -1.18683167712574
O            0.36308857532274        1.22041212880526       -2.05326397371147
H            2.53274094621924        4.43214137586021        0.88899322821814
H            0.82876149499739        4.71033172629745        0.43052939476225
H            2.14914857696191        5.36423538581908       -0.58805183106059
H            0.48008217890677        2.32764181481925        0.32046312034446
H            1.44225415129302        1.23354735576498        2.53974954793154
H            3.98370492621651        0.90936082968178        2.51478039005911
H            3.73033796208748       -0.43607789633721        1.37734969518300
H            2.72762672572252       -0.32892240572840        4.01561816337007
H            1.20281899061503       -1.16491458841267        1.46630181560027
H           -1.65580145938589       -0.25789810938861        2.52889814105145
H           -1.49875109870443        0.00495775801717       -1.09701394208212
H           -3.64783197896950        1.30661055282644       -1.06150271242998
H           -4.54763022320042       -0.20802306304213       -0.86094417418289
H           -3.05399465477141        0.54997216514692       -3.13013052918368
H           -3.39868110029173       -2.31261537935320       -0.44529309598136
H           -2.89794583160834       -1.83817319789888       -2.70964545387305
H           -0.35426274612025       -2.41054876073113       -0.48501198139356
H           -1.60607230322627       -4.35864949610590       -0.79253137759391
H           -2.27664327535541       -2.38174556492246        1.87466339423654
H           -0.26040141243558       -3.51107326826534        2.14004275439579
H            0.60505807176228       -0.83472874078831       -1.01734177260147
H            2.80503243152565       -1.19782145824757       -1.54114172874242
H            2.40876543871938        1.18034260932499       -1.74173535261437
H            0.42876444364678        2.07422403882655       -2.50735671344296
48
 energy: -84.846720605078 xtb: 6.7.1 (edcfbbe)
C            2.06918831915281        4.51623096606646        0.14605410349400
O            2.01696548911038        3.39283134392848       -0.72779557477310
C            1.55791086235732        2.22550773754245       -0.13497785002952
O            2.47265763585451        1.80844941859621        0.85523551842728
C            1.99736335504526        0.72542250110859        1.63558651494127
C            3.23589422892727       -0.05063684584123        2.11630927443903
O            2.93792856935470       -0.99898189349303        3.10298785117784
C            1.01058774183931       -0.19311054454672        0.88702256371390
O           -0.29959906923988        0.34721589835031        1.04640714543456
C           -1.42296236308197       -0.39231556885861        1.48188590723122
O           -2.51825855909007        0.01911015130909        0.71412649135912
C           -2.45114681922205       -0.39550941540802       -0.64849148150193
C           -3.68794087023897        0.19331302968696       -1.34539239546480
O           -3.70303194285028       -0.08299843113176       -2.72391953873785
C           -2.44086509914505       -1.93134242797649       -0.75781784182381
O           -2.21146692348277       -2.36172561268520       -2.07651167682536
C           -1.33962429624210       -2.54556700325342        0.11874614702743
O           -1.52916953842123       -3.93225133120141        0.27992071005342
C           -1.38597864495758       -1.93063293710742        1.52017316450013
O           -0.35117241417510       -2.38478023386195        2.34768781218701
C            1.36744657645382       -0.25642909602558       -0.61338275493717
O            2.55005386767480       -0.99731652300634       -0.74004419558923
C            1.47427231465634        1.15525655086715       -1.23185479863277
O            0.36870367038340        1.35982054844899       -2.07333304478480
H            2.77223650328556        4.33288756182439        0.95957618217622
H            1.07646175381651        4.72329344050918        0.55597336701420
H            2.40738210893735        5.34506390324074       -0.46887620162033
H            0.56088661318665        2.37775197809738        0.32293908594438
H            1.45105900813606        1.13238359445996        2.50399419952799
H            3.97425852216160        0.68090991774294        2.46416402924597
H            3.65339294519825       -0.60073983026964        1.27200940731748
H            2.65606251485810       -0.55155157228306        3.91346458739908
H            1.08834352918796       -1.18868000219861        1.32780847561064
H           -1.65811332667365       -0.04443270556567        2.50065031652273
H           -1.53950892913705        0.00950815654890       -1.11252545952296
H           -3.72120959276427        1.26721806907069       -1.14198174628478
H           -4.58556886375998       -0.26622928803725       -0.92531152106531
H           -3.05693250835925        0.47923613877226       -3.17459436211018
H           -3.40853341162793       -2.31137969227726       -0.38929116573776
H           -2.85211748002831       -1.91387889320831       -2.65882640036124
H           -0.36330848841586       -2.36057943660740       -0.34546217900241
H           -1.57974387286611       -4.34133007084858       -0.59654758454005
H           -2.36037831854432       -2.21662947150322        1.95322653287013
H           -0.36704338555950       -3.35577933433527        2.34716386435478
H            0.54305888050475       -0.75111011050742       -1.14676559437529
H            2.72295751654108       -1.18947925175038       -1.67408262712948
H            2.41536468495986        1.22010763436751       -1.79797578409127
H            0.45323381605946        2.23387220312849       -2.48386747885225
