48
 energy: -84.842569816448 xtb: 6.7.1 (edcfbbe)
C            5.74402100000000        0.81879300000000       -0.77825400000000
O            4.68669600000000        1.41442700000000       -0.03572900000000
C            3.54150600000000        0.64797600000000        0.06637500000000
O            2.93225700000000        0.51495200000000       -1.19910000000000
C            1.72399300000000       -0.21869200000000       -1.15818900000000
C            1.24419700000000       -0.37181600000000       -2.60731100000000
O            2.12452500000000       -1.14278800000000       -3.37714200000000
C            0.66747400000000        0.48564200000000       -0.28044600000000
O           -0.49457300000000       -0.32088800000000       -0.23297600000000
C           -1.69325200000000        0.22740800000000       -0.73819100000000
O           -2.55234700000000       -0.83575000000000       -1.00738900000000
C           -2.90321200000000       -1.57611800000000        0.16075700000000
C           -3.85341000000000       -2.69572300000000       -0.29314100000000
O           -4.15942500000000       -3.58588500000000        0.75189200000000
C           -3.56758500000000       -0.68401600000000        1.22583800000000
O           -3.75807100000000       -1.37532400000000        2.43490100000000
C           -2.68922700000000        0.54058300000000        1.51782400000000
O           -3.34370400000000        1.45972100000000        2.35989700000000
C           -2.38745800000000        1.23704700000000        0.19329300000000
O           -1.61102400000000        2.39306600000000        0.32310800000000
C            1.26482100000000        0.62250700000000        1.13258900000000
O            0.38630500000000        1.29017400000000        1.99227200000000
C            2.60214500000000        1.36578600000000        1.04503300000000
O            3.14734800000000        1.41177500000000        2.33766900000000
H            5.46997000000000        0.71884400000000       -1.82919400000000
H            5.99295400000000       -0.16410800000000       -0.36714200000000
H            6.58896000000000        1.49433400000000       -0.67470900000000
H            3.77648200000000       -0.36639600000000        0.46056800000000
H            1.91039200000000       -1.21884400000000       -0.73517700000000
H            1.11803900000000        0.62933100000000       -3.04018300000000
H            0.28667500000000       -0.89519500000000       -2.61121500000000
H            2.99183400000000       -0.71711100000000       -3.35674400000000
H            0.43454300000000        1.47886500000000       -0.67394900000000
H           -1.50426300000000        0.71525900000000       -1.70767400000000
H           -1.99258200000000       -2.00923600000000        0.59961600000000
H           -3.40501700000000       -3.20757300000000       -1.14993800000000
H           -4.80017400000000       -2.25457200000000       -0.61301200000000
H           -3.39793200000000       -4.15522000000000        0.92453800000000
H           -4.53442300000000       -0.32235800000000        0.83447200000000
H           -4.20355400000000       -2.21640400000000        2.23324700000000
H           -1.74409300000000        0.21296400000000        1.97247300000000
H           -3.62772100000000        0.98205300000000        3.15070500000000
H           -3.34989700000000        1.49233000000000       -0.28731600000000
H           -1.84059400000000        2.80307700000000        1.16911100000000
H            1.45573100000000       -0.39479300000000        1.51801900000000
H            0.88936200000000        1.54340300000000        2.78099300000000
H            2.42408200000000        2.38013700000000        0.65705600000000
H            4.00922400000000        1.84835600000000        2.29536100000000
48
 energy: -84.843449059676 xtb: 6.7.1 (edcfbbe)
C            5.73142132385590        0.89343132585536       -0.84094877914648
O            4.68708889014600        1.43319754236887       -0.03943016943544
C            3.55700531082310        0.64367464454928        0.05518965334387
O            2.90977025653248        0.57268630462527       -1.19657683738683
C            1.71895453348254       -0.19117256269270       -1.16082935065103
C            1.20391519627175       -0.28271083528936       -2.60200161198218
O            2.10595260401135       -0.95243837546166       -3.43895476586019
C            0.68714483602341        0.44352037496331       -0.20529905959093
O           -0.47564813723505       -0.36146030999420       -0.14491338303900
C           -1.64700793201240        0.14715795352575       -0.74609814577628
O           -2.49845542186903       -0.92961593821109       -0.98170540829508
C           -2.89543364943997       -1.60358880668492        0.21131373241176
C           -3.82110353280848       -2.75220686028044       -0.22053507288654
O           -4.18209405650058       -3.57742575821721        0.85949711185684
C           -3.60766090131301       -0.65164467522687        1.18916772995027
O           -3.86116587010118       -1.26822499950851        2.42635664737502
C           -2.73655061738499        0.58493748964096        1.44860865708940
O           -3.42297106689593        1.55148518809362        2.20910127762184
C           -2.37440641319808        1.20873454064396        0.10241491940170
O           -1.59106656725996        2.36275360374678        0.21925950991046
C            1.31800003683249        0.52209315090622        1.19396429016021
O            0.44044862674961        1.14349896002700        2.08969079293767
C            2.64148733533122        1.28956317604206        1.10525671272718
O            3.23204975900430        1.27162874455527        2.37829274189487
H            5.42597522962995        0.83490609367862       -1.88633920772146
H            6.01226054496547       -0.10158662906409       -0.48271800800270
H            6.56603183184010        1.58102279228163       -0.73347844558518
H            3.81925184061564       -0.38756371299917        0.38263390913453
H            1.94452562954474       -1.20780850861543       -0.79851371818949
H            1.00835162383126        0.73325717546795       -2.97046965850165
H            0.28010227604752       -0.86326452274593       -2.61584774498451
H            2.95386700914826       -0.49073918240275       -3.39365894981015
H            0.43536616139345        1.45507235735590       -0.53709412486430
H           -1.41873586121407        0.57641612197863       -1.73291378182617
H           -2.00340882821056       -2.00453642954747        0.71382392836453
H           -3.32861754555990       -3.31482188704514       -1.01931658248915
H           -4.74916686901367       -2.33370536162128       -0.61663650576993
H           -3.43304359541763       -4.13731642862756        1.10287340975765
H           -4.55211101220713       -0.31136850216528        0.72954569621342
H           -4.30244692954240       -2.11779550805901        2.25406044249994
H           -1.81181920315409        0.28298816252522        1.96046405300584
H           -3.74473506468976        1.11727014287501        3.01040177730035
H           -3.31228773262095        1.44942890877260       -0.43046167027658
H           -1.90292027977957        2.84447331985468        0.99916987175124
H            1.53017025574392       -0.50603274760639        1.53511680156174
H            0.94313077930363        1.35725218638359        2.89005240558876
H            2.43582970985501        2.32103494370113        0.78129187296129
H            4.08475348557427        1.72554332909820        2.33067904145186
48
 energy: -84.843325429590 xtb: 6.7.1 (edcfbbe)
C            5.71730715548819        0.94120928794559       -0.87782313755270
O            4.69079773618819        1.42651294009601       -0.02046787380994
C            3.56492520038954        0.62887742832300        0.05155106233693
O            2.88288195023717        0.64132052211266       -1.18340884474353
C            1.70477718927127       -0.14502587720545       -1.17275719925551
C            1.17298750761869       -0.15753594509361       -2.61083809180725
O            2.11854699801066       -0.67323660433706       -3.50719253673995
C            0.69677756868296        0.41356273353063       -0.14634939482125
O           -0.46716842070204       -0.38834763231447       -0.07320958701711
C           -1.61331500858378        0.06081828807624       -0.76372973617270
O           -2.44985905636514       -1.03676564673461       -0.95141199524159
C           -2.88251362007242       -1.63330537511497        0.26985826838085
C           -3.79143332996351       -2.81111318357135       -0.11689514181423
O           -4.19247700014692       -3.56213887651850        1.00237285694709
C           -3.62885182453571       -0.62529786834792        1.16248708425595
O           -3.91247847691298       -1.16285094838626        2.42961719067283
C           -2.77413651342360        0.63309900519229        1.36271062123296
O           -3.48758487314897        1.64360591888045        2.03663891379022
C           -2.37982854928875        1.16936200427393       -0.01236750102427
O           -1.61295430913211        2.33914392461515        0.05750085531588
C            1.35861487706750        0.42140915884352        1.23887337404438
O            0.48910872958218        0.99725451551139        2.17340014130465
C            2.67725553623456        1.19880739127369        1.16753697215863
O            3.30184655586186        1.09827945288655        2.42022033562690
H            5.38763818708695        0.94377171789405       -1.91746986820769
H            6.01023211464897       -0.07215419537779       -0.58722493754895
H            6.55181594215194        1.62522958278581       -0.74894707435734
H            3.83727521338304       -0.42147925209545        0.30043510894030
H            1.95991851013668       -1.17778191077233       -0.88064858744819
H            0.88571677289239        0.86469148970296       -2.89180483570976
H            0.30478374833966       -0.81556602987029       -2.67003304077622
H            2.92784506281733       -0.15204788186111       -3.41725613827536
H            0.43077686305178        1.44216671717669       -0.41103374803633
H           -1.35364002145442        0.42433401494936       -1.76677647062640
H           -2.00607056949619       -1.99612138081699        0.82567920147082
H           -3.27025735182194       -3.42547949904013       -0.85725957735084
H           -4.70407835860491       -2.42219663451526       -0.57425641249173
H           -3.45233655336464       -4.10062453452337        1.31193426581259
H           -4.56265097816688       -0.32434349102008        0.65603348418013
H           -4.34460089538987       -2.02477462312034        2.29967145046402
H           -1.86123071164485        0.37442032651129        1.91848712350021
H           -3.82532623003153        1.26470755687848        2.85902652825755
H           -3.30254765269497        1.36358516045885       -0.58809894395754
H           -1.97985626962892        2.87840131312474        0.77408649180046
H            1.57860946670588       -0.62073374078654        1.52635960230464
H            0.99247640586946        1.14809894382303        2.98725665921088
H            2.46018498664337        2.24861762075389        0.91860785719936
H            4.15209429340055        1.55763409867283        2.38040122405274
48
 energy: -84.842264419392 xtb: 6.7.1 (edcfbbe)
C            5.70906242590961        0.96090801811635       -0.88596968222335
O            4.70021551962049        1.38760421843973        0.02178557972126
C            3.56697744433241        0.59795862117624        0.05173024208004
O            2.85776941922275        0.71929582132332       -1.16137566420668
C            1.68021905867657       -0.07017412203180       -1.20167816340786
C            1.14831137660179        0.03786082738954       -2.63660294138939
O            2.12112707502228       -0.33928574186891       -3.57250520255393
C            0.69680403429319        0.40068482517505       -0.10770592113492
O           -0.46982167379823       -0.39542581761647       -0.02436713721436
C           -1.59658928557767       -0.02407195222762       -0.78785806823744
O           -2.40945893225967       -1.14896343456364       -0.91001258549309
C           -2.86026569858488       -1.65862497621315        0.34391420983650
C           -3.73693036710207       -2.88182614610245        0.03146882155162
O           -4.13975524608512       -3.55700660609846        1.19762549773520
C           -3.64588373008295       -0.60014612427566        1.13891731335057
O           -3.95302309295616       -1.04506648153402        2.43611653670418
C           -2.81736738595859        0.68526411175295        1.26239437816836
O           -3.56245918597490        1.73000607071636        1.84370998432811
C           -2.40235205893226        1.12327600015997       -0.14158425730835
O           -1.65662291220867        2.30948427020446       -0.14171192696531
C            1.38530055806673        0.31440073618846        1.26140908554201
O            0.52818063764826        0.83673224242796        2.23907454001474
C            2.70884502015443        1.08434256858605        1.22793292126947
O            3.35610280600708        0.87827807358340        2.45583739756837
H            5.37007972673766        1.06007952757293       -1.91774408837846
H            5.98613084125295       -0.07888351040077       -0.68822888335419
H            6.55735806400070        1.61627992900001       -0.70737930539381
H            3.83191846713179       -0.47195296656627        0.20748033917258
H            1.94545950433181       -1.12246545163846       -1.00100214897845
H            0.81324123486204        1.06838312808591       -2.81614343174640
H            0.31742035201504       -0.65508826365586       -2.77388408122066
H            2.90546188943022        0.20450481070392       -3.41922552828546
H            0.42331373955805        1.44590704162789       -0.29359080271803
H           -1.31827603832347        0.26797956771480       -1.80680753475338
H           -1.99087999144333       -1.95897946382079        0.94593113248686
H           -3.19018643166471       -3.53710579873531       -0.65337222819991
H           -4.65056347161984       -2.54953144224580       -0.46676274586709
H           -3.39217766172191       -4.05076198311426        1.55982328466144
H           -4.57157630447465       -0.35591705351090        0.58870224552802
H           -4.35964014478762       -1.92578094258261        2.36229360146233
H           -1.91279916000715        0.48446011183490        1.85527933772453
H           -3.91910332016375        1.40372215168789        2.68052777191461
H           -3.31430291937575        1.25661423358381       -0.75003026131577
H           -2.07744266204276        2.90974641860055        0.49200412406953
H            1.59888911429084       -0.74567960898965        1.47814569360845
H            1.03129595896420        0.90481684657849        3.06398924209323
H            2.49776096515127        2.15247730133947        1.06759612322478
H            4.21023043568217        1.33167039274417        2.43533916161996
48
 energy: -84.840437249016 xtb: 6.7.1 (edcfbbe)
C            5.70996578518682        0.93622661355798       -0.88793481324082
O            4.72074015267559        1.32408006590205        0.05827477361992
C            3.57072107431444        0.55847097627448        0.04965247308112
O            2.83730161761881        0.80243837513690       -1.12936158974113
C            1.65340011325959        0.02638887206855       -1.23442584992467
C            1.11582700731597        0.30147161708459       -2.64816882341098
O            2.12277152514856        0.16666255748995       -3.61374943265584
C            0.69676965483108        0.39493690478292       -0.07792795507783
O           -0.46650243136986       -0.40415918320977        0.01653900671672
C           -1.57691476432075       -0.13457189463137       -0.80904706201326
O           -2.35688022007910       -1.28882366816620       -0.84655867471783
C           -2.83235940349761       -1.69176262294796        0.43715882288382
C           -3.67141079233119       -2.96063104901237        0.21792612949973
O           -4.08739415650139       -3.53715579776068        1.43144754766981
C           -3.66485547039061       -0.58430786379122        1.10800197436003
O           -4.00342362161195       -0.91426881488754        2.43143587388699
C           -2.86661615188825        0.72546581776640        1.13705716781842
O           -3.64748452755781        1.80006071389619        1.60562867801887
C           -2.42366531655982        1.04703766415734       -0.29009601104623
O           -1.69670015128887        2.24238936097541       -0.37543812240474
C            1.41045355927579        0.21227377117074        1.26951190900686
O            0.56750447216153        0.68266960130344        2.28597230432667
C            2.74596659553841        0.96049579233887        1.27904964696223
O            3.40888689550601        0.63909242315231        2.47327731230810
H            5.34904955505004        1.07279218579363       -1.90801951486978
H            5.99364793228000       -0.10965613285261       -0.73644701264974
H            6.56038892363473        1.58684105076257       -0.70247641762854
H            3.81358292623374       -0.52602568658103        0.10645277590545
H            1.91650189000452       -1.04184282993176       -1.14853033731022
H            0.68210230706285        1.31050282353213       -2.67500972865330
H            0.35801918907711       -0.43757942437520       -2.91018427900255
H            2.85796307257125        0.73786142147203       -3.35254505878202
H            0.41459065665235        1.45085156698222       -0.18048431477153
H           -1.28181781441787        0.06624966123675       -1.84350445169237
H           -1.97434687907130       -1.91189345091705        1.08809064072321
H           -3.09201476203292       -3.66135200310522       -0.39086241821560
H           -4.58002669441781       -2.69944533097835       -0.32948146660375
H           -3.33558343241197       -3.96921781650276        1.85801221663975
H           -4.57764575972415       -0.41330285463137        0.51058813122326
H           -4.38737284245627       -1.80811228810207        2.42963903949602
H           -1.97437028639854        0.59556944404888        1.76811171495680
H           -4.02637120247545        1.53754401955981        2.45506999727644
H           -3.32115392769489        1.10904665365751       -0.92993983846612
H           -2.15958408603507        2.89687251192617        0.16944409766397
H            1.60896780862527       -0.86280396539724        1.41278551127463
H            1.06491989206304        0.65522275784491        3.11641747029772
H            2.55250332857651        2.04172246685694        1.21292898363055
H            4.27194674862983        1.07567496637899        2.47520491338689
48
 energy: -84.838397770791 xtb: 6.7.1 (edcfbbe)
C            5.71029150826512        0.87476576307647       -0.92371474770084
O            4.75943828677441        1.23525688911077        0.07172379208887
C            3.58264598505617        0.51173138486025        0.04258646921989
O            2.82395330023207        0.87936949541309       -1.08607708411952
C            1.62217510866770        0.14076291284276       -1.24293309883367
C            1.05598427268306        0.60135252414985       -2.60175458209947
O            2.06142680763333        0.72261303425341       -3.56918097141781
C            0.70344517053780        0.40297720350375       -0.02716223293176
O           -0.44898713708916       -0.41112392662215        0.07400796498504
C           -1.53409242204486       -0.25410010395074       -0.81006134621881
O           -2.27770295578039       -1.43211626175963       -0.76573967531977
C           -2.80156984457404       -1.72449183138054        0.52929604155005
C           -3.59971986356037       -3.03126830394501        0.39659198746383
O           -4.07263797784871       -3.49285127248589        1.63797638722580
C           -3.69119071513206       -0.58157322784214        1.05073328138921
O           -4.09139743053184       -0.79400896856781        2.38070084065603
C           -2.92086272604782        0.74383117231810        0.99541465079981
O           -3.73872225844691        1.83752833117032        1.33842945609016
C           -2.42598794265561        0.94765633334417       -0.43681615044079
O           -1.71606621648867        2.14526432446890       -0.60040189197789
C            1.45024213055928        0.13216836861207        1.28882685397048
O            0.63579461427366        0.56438215688904        2.34563968773569
C            2.80491082257455        0.84350997740247        1.32105313893116
O            3.48578412907731        0.41493529502136        2.47067280501286
H            5.31220278855933        1.04518938811746       -1.92467578779338
H            5.99309193482189       -0.17686003548582       -0.81692701873199
H            6.57077307862291        1.51487437663175       -0.74909350874621
H            3.78618844040260       -0.58116699172514        0.00448678553853
H            1.86470629653969       -0.93449950099144       -1.28288008703814
H            0.52905035036452        1.55493618289901       -2.46266110829039
H            0.36699945100400       -0.14540503472509       -2.99759889785443
H            2.74864545629605        1.29885022935086       -3.20805359502579
H            0.40867145169583        1.46140891686416       -0.04395954954280
H           -1.20719836921474       -0.15144078140462       -1.84860397511892
H           -1.96948727974636       -1.85632878232688        1.23568050227262
H           -2.97245886207736       -3.77477805223465       -0.10438321369514
H           -4.48060970094519       -2.85059697020852       -0.22382163936827
H           -3.33754926233469       -3.85820875184916        2.14817588202658
H           -4.57482159513628       -0.49042198435384        0.39483433116919
H           -4.45347363276957       -1.69494566455794        2.44428220051112
H           -2.05289312650679        0.68623912044719        1.67042847164367
H           -4.15503767786888        1.63694059990460        2.18751670321454
H           -3.29697302683666        0.93250050653845       -1.11436378322886
H           -2.22609257878912        2.84158015844651       -0.15922976224661
H            1.62454086244712       -0.95370451929309        1.36705125979013
H            1.14020640903433        0.46415036497057        3.16607144174821
H            2.64210075710850        1.93154609647914        1.34026939595454
H            4.36226117237214        0.82356983908016        2.48112929222216
48
 energy: -84.836928961725 xtb: 6.7.1 (edcfbbe)
C            5.69706269922525        0.67414429114355       -1.01507665173034
O            4.82587273231851        1.05360039051879        0.04495817086861
C            3.59133183300239        0.43331177952054        0.02669061091287
O            2.82060005991606        0.94376062909639       -1.03512003047934
C            1.57211601047342        0.29786554708477       -1.21757100505440
C            0.97412683852679        0.96296320658877       -2.48179575895773
O            1.95957966437285        1.31070242811841       -3.41471793790029
C            0.70850577262774        0.46196547587680        0.05598010544639
O           -0.42579032097896       -0.37901159306474        0.15439381974191
C           -1.46865839645912       -0.34092781670327       -0.78924475851820
O           -2.16963755526539       -1.54121100900962       -0.67579719640853
C           -2.75724993088350       -1.73749007250860        0.60968578774965
C           -3.47822495446400       -3.09387682913439        0.56453253055660
O           -3.98818496192597       -3.46550330797041        1.82150315779475
C           -3.73182671835909       -0.59910163293936        0.95854228436764
O           -4.21930877198485       -0.70554481165777        2.27214581549100
C           -3.01238006311681        0.74944446665376        0.83145597827274
O           -3.89291191916397        1.83226499013266        1.01433665231200
C           -2.41994860400999        0.85286886004770       -0.57485984907063
O           -1.73401668755930        2.05809075891459       -0.77912938347514
C            1.49523631207844        0.10707212839282        1.33028955793957
O            0.73666064300678        0.53324197229136        2.43041612826890
C            2.88778839968258        0.74102032758656        1.35178602543080
O            3.57995365654941        0.21157046387184        2.45155698803319
H            5.25121540866902        0.89674464966526       -1.98535018423632
H            5.92529032332680       -0.39451020797577       -0.95458132642576
H            6.60107750745231        1.25996680484216       -0.87366966542848
H            3.69881683286002       -0.66712470591976       -0.09287959706577
H            1.74675321179968       -0.77705376931536       -1.39260537214345
H            0.39103510274538        1.84255262806175       -2.17909861343783
H            0.32064257921805        0.26589593257026       -3.00761492991661
H            2.61574298322988        1.85902477918990       -2.96343902972448
H            0.39835896059357        1.51434504162349        0.12782646305692
H           -1.08784777585628       -0.32697472459085       -1.81530820942528
H           -1.96538066045409       -1.75279635574981        1.37198173756607
H           -2.78787664792424       -3.84284798926200        0.16504542523322
H           -4.33503594797366       -3.02196099542237       -0.10940126791685
H           -3.26299707839127       -3.74725144283937        2.39487763607212
H           -4.56760167831142       -0.61164056394955        0.23708825412748
H           -4.52916354819716       -1.61801515653942        2.40588880867598
H           -2.19583538594911        0.78962374941060        1.56945829947742
H           -4.37280092192460        1.68417789647654        1.84026595333001
H           -3.23925340214933        0.75638828131212       -1.30742271619520
H           -2.30259399733852        2.76864053442273       -0.44465942791958
H            1.61647376540967       -0.98840579446851        1.35698656042756
H            1.25494629421459        0.36129118831760        3.23000175614449
H            2.79107953956771        1.83400544842387        1.43384712182869
H            4.48425677739285        0.55470411248075        2.44128719619033
48
 energy: -84.837873065386 xtb: 6.7.1 (edcfbbe)
C            5.60484947645147        0.11677674490919       -1.09587628587712
O            4.88027492390924        0.63214722269047        0.01416170645238
C            3.54062108271806        0.29135246367422        0.04285663118268
O            2.85637199920453        0.95210601391501       -0.99449886703461
C            1.48172441035681        0.62199135577198       -1.11989825965530
C            0.96486176988959        1.61133318758462       -2.18064389723542
O            1.33455276207052        1.22929674236187       -3.47875453123437
C            0.69269328863283        0.70333977529324        0.20682367411816
O           -0.39337374724636       -0.21248524809307        0.26553138120772
C           -1.35492670123637       -0.30660973862396       -0.75839453695493
O           -1.96623205713164       -1.55634259513105       -0.63502450908221
C           -2.62283715937235       -1.76274043351261        0.61271671663334
C           -3.20675884737763       -3.18372326405157        0.57366313411391
O           -3.78673938397475       -3.55159192082681        1.80090480735902
C           -3.72320543928579       -0.71306172891546        0.83972354045840
O           -4.29414868815417       -0.81184117709729        2.11979648463153
C           -3.12026181984318        0.68881144400306        0.69931774242094
O           -4.10514932453866        1.69218186731780        0.76659023620281
C           -2.43016180025011        0.79828532717610       -0.66202280284478
O           -1.85627542199186        2.06225252710960       -0.85289433796111
C            1.50230011647611        0.33632999435912        1.46296010281817
O            0.86347976816677        0.93057431649946        2.56155259979543
C            2.96925472481175        0.76056788043662        1.38384777611178
O            3.63631929206545        0.18500251024885        2.47587097151208
H            5.22973318585890        0.53418666919188       -2.03113469461245
H            5.53242254451779       -0.97480327130840       -1.12490869085447
H            6.63605613020158        0.42055667386944       -0.93730184841507
H            3.40744900606058       -0.80769127306416       -0.06413109881550
H            1.40060380851400       -0.41370045623222       -1.49414623229096
H            1.37247550334072        2.59758337808359       -1.92792763829127
H           -0.12152752384353        1.67310292300859       -2.16721798289990
H            2.29897611353900        1.24322351106344       -3.53763834544345
H            0.31911753383037        1.72906173113942        0.33708527891579
H           -0.89967069638181       -0.30641701399128       -1.75554572936506
H           -1.89185899157192       -1.67508900707461        1.42931480730943
H           -2.41762904604706       -3.87806847334001        0.26941078460498
H           -4.00474256161724       -3.22232792842498       -0.17141013436013
H           -3.09077806790130       -3.73296517875736        2.44646150216607
H           -4.49802200705133       -0.83419514145719        0.06284263147279
H           -4.53666519310818       -1.74191677488067        2.27018481133121
H           -2.37032701248155        0.83539184755633        1.49263955389179
H           -4.63382633174172        1.53180794337182        1.55988718847140
H           -3.17619030220631        0.59854797162255       -1.44999308168882
H           -2.51364955556034        2.71946963378458       -0.57693659665686
H            1.47935498762591       -0.76138107011295        1.56196856646607
H            1.38729465710117        0.73444763878545        3.35185919852853
H            3.04071364204219        1.85838280278864        1.41017402538245
H            4.58345494468487        0.35883958567333        2.38164019703439
48
 energy: -84.835915009414 xtb: 6.7.1 (edcfbbe)
C            5.60836341448984        0.28009589522079       -1.17461211442533
O            4.89229573222123        0.68951691584927       -0.01589622779400
C            3.56403969271518        0.30727942992915        0.01343833866026
O            2.83723406737195        1.02176582293355       -0.95693127817372
C            1.47098207551519        0.65422654313462       -1.08201009158433
C            0.92920704512500        1.65382321476502       -2.11719609205915
O            1.37890434648824        1.34934876076773       -3.41045885821301
C            0.71175775141225        0.66855123948941        0.26431760121041
O           -0.40757667679225       -0.20776004201534        0.31443841079053
C           -1.32387921993848       -0.36926825013146       -0.73922161063307
O           -1.95252341832343       -1.60447279331011       -0.55199985346866
C           -2.64644267670825       -1.73835674268361        0.68423268431554
C           -3.20183725518447       -3.17078933962233        0.72385142435981
O           -3.84412362019504       -3.45609836459887        1.94191238074535
C           -3.77114294719412       -0.69679521845702        0.78870799076503
O           -4.40700305020576       -0.71532749102188        2.04127150608771
C           -3.16694242654818        0.69482704055904        0.58590367847864
O           -4.15470102611065        1.69731366259608        0.54665624666784
C           -2.41215388850172        0.73393949398070       -0.74555899040992
O           -1.85152916795908        1.99929229999381       -0.96275507850479
C            1.55104144408729        0.20331682776307        1.46795444084746
O            0.92952942560794        0.69146446643142        2.62699339664154
C            3.00994071714165        0.65610062735029        1.39744991833923
O            3.70620549315622        0.00576194896288        2.42741102177739
H            5.20788373453816        0.76048957200903       -2.06838058896977
H            5.56010473428622       -0.80730553924772       -1.28867032845800
H            6.63509384949571        0.59514628269065       -1.00915347472780
H            3.46014828063042       -0.78437662066253       -0.17380928504524
H            1.42171455707665       -0.37269626899171       -1.48595951857505
H            1.25953331450305        2.65320595876956       -1.80854253864329
H           -0.15688474642479        1.64306666250860       -2.15171690435666
H            2.34301715704081        1.41129445006317       -3.41847604841947
H            0.37497205653098        1.69691588234733        0.46519711301663
H           -0.83628141869598       -0.43272901467460       -1.71795516015949
H           -1.94795205280191       -1.57775238833108        1.51755011800444
H           -2.38500954671104       -3.86926866318567        0.51911083538696
H           -3.95494296086862       -3.28315790856103       -0.05923107234881
H           -3.18266144198047       -3.57198163497015        2.63674717162176
H           -4.50251668876493       -0.87976516564408       -0.01747342809766
H           -4.64641119081979       -1.63653793650202        2.24230175109088
H           -2.45500678556777        0.89344616888091        1.40294444861416
H           -4.72664609944713        1.57492143154697        1.31638389679240
H           -3.11819705178253        0.48760894879615       -1.55683969742791
H           -2.53021082056578        2.65355163443484       -0.73386276549449
H            1.54307118145518       -0.89920503402873        1.47139335966560
H            1.47554553696987        0.43811816847376        3.38554014826588
H            3.06439957841185        1.74932299029871        1.51141240698996
H            4.64758897885249        0.20993206111871        2.33707666094020
48
 energy: -84.833063985726 xtb: 6.7.1 (edcfbbe)
C            5.60986440711856        0.48815119898760       -1.21581146827631
O            4.88696903810981        0.77568631949047       -0.02508180748765
C            3.57615847029497        0.33806127928888       -0.01779352743743
O            2.80560240754584        1.10505280703518       -0.91172885876621
C            1.45919188317191        0.67571606181524       -1.06604473982652
C            0.89244251992260        1.67959441943835       -2.08060716355740
O            1.56060968903723        1.57903702439472       -3.30964458001328
C            0.71782907506869        0.60989186752081        0.28805351187799
O           -0.43515922055734       -0.22183144555181        0.33037559403813
C           -1.31407361639032       -0.45372844251480       -0.73787600960876
O           -1.96713057029679       -1.66457074581797       -0.47529691051826
C           -2.67149972796989       -1.71169494315155        0.75988971314959
C           -3.21583654174829       -3.14115039790870        0.90522521191398
O           -3.84948716530631       -3.34001404922960        2.14492535820468
C           -3.80329369889331       -0.67437830201929        0.76746024796677
O           -4.46178407902981       -0.60231014863941        2.00651766957514
C           -3.19546701866877        0.69773131783961        0.47020932352134
O           -4.18119431931509        1.69378110520072        0.33197711613816
C           -2.40939569255955        0.64393666238102       -0.84466413819935
O           -1.86283281050943        1.89961592637566       -1.13388876067813
C            1.57951786901202        0.04006715170478        1.43074961581030
O            0.95945904946901        0.39130418742176        2.63876182522177
C            3.02656298901948        0.53382786456131        1.39744802490292
O            3.74700740270235       -0.19847199217013        2.35304646879386
H            5.19048456225283        1.02766841082045       -2.06596611841037
H            5.59622693688082       -0.58676573424292       -1.42056867645964
H            6.62676007502733        0.82147162736467       -1.02690887539225
H            3.51359397801199       -0.73537633063530       -0.30343855625371
H            1.46748120091535       -0.33815528233501       -1.50509144151723
H            0.99905130822980        2.68407449070334       -1.65401310006363
H           -0.15832753247411        1.49661008387362       -2.28317365747124
H            2.49766651464071        1.75619426096722       -3.15385017247786
H            0.42156708508533        1.63362788087232        0.56654126986332
H           -0.80161275576274       -0.58817266930578       -1.69584579056841
H           -1.98402492833921       -1.48236827502135        1.58618920304124
H           -2.39440581477242       -3.84683150439419        0.74778230437314
H           -3.97258306615291       -3.31678798644616        0.13735066939102
H           -3.18342613435485       -3.38840927840005        2.84350337572540
H           -4.51931437160664       -0.92093498135772       -0.03561214353152
H           -4.68066782420220       -1.50882056852777        2.28335605251829
H           -2.50252136011333        0.95919391825942        1.28582023581735
H           -4.77028522889575        1.63264216099175        1.09596438011490
H           -3.09619153923384        0.33256082020147       -1.65036141000994
H           -2.55561978281791        2.55634596910426       -0.96083146681411
H            1.59629980612081       -1.05705498387355        1.32080300091047
H            1.51939813254718        0.07274636881536        3.36168929072236
H            3.05490493487768        1.61108075837853        1.61992287136502
H            4.68148344702067        0.04215612344168        2.28402296179120
48
 energy: -84.829497792592 xtb: 6.7.1 (edcfbbe)
C            5.61379545714350        0.68093627025797       -1.21629139818898
O            4.88194295790542        0.85482386809029       -0.00880436378264
C            3.58815997110101        0.37056035796192       -0.03743989122974
O            2.78261369828558        1.19045462893624       -0.85049429243362
C            1.45594619818499        0.71819151834185       -1.04831935699626
C            0.86604895997711        1.74194881807912       -2.02792798207779
O            1.63652266778942        1.80835557595358       -3.19787187624963
C            0.72474227935446        0.55850156276993        0.30300212406577
O           -0.45753452028068       -0.23232308598258        0.32941789793438
C           -1.30364228060370       -0.53614628709801       -0.74385738102830
O           -1.97832586904581       -1.71924224862186       -0.40304389666339
C           -2.68131395170319       -1.68066279565281        0.83214877014887
C           -3.21529406017478       -3.09884395835118        1.08465907919406
O           -3.85386226269386       -3.20472986478566        2.33326083218818
C           -3.81916332841217       -0.65353428599451        0.75783420405104
O           -4.47878653611343       -0.48297439301561        1.98671911289010
C           -3.21402044749688        0.69007228535686        0.35011016500839
O           -4.20254741763662        1.66687623056379        0.12170658221521
C           -2.41611955385450        0.53607084658000       -0.95087072819850
O           -1.91033177999021        1.77802833764611       -1.34664209697671
C            1.60420771895120       -0.11891307833262        1.37351124148586
O            0.98520545592398        0.08319100168558        2.61551880297103
C            3.04078556720642        0.40606889578743        1.39108799053754
O            3.77959409725564       -0.40730615919047        2.26336611000238
H            5.15862817267221        1.24249836181152       -2.03298217820606
H            5.66218477589243       -0.37930778396127       -1.48328006649606
H            6.61030146860971        1.06215751369439       -1.01060359585794
H            3.56203710815296       -0.67170768114815       -0.42547188029017
H            1.51145687997687       -0.27238011733028       -1.53498707944629
H            0.82695306437274        2.71575643941275       -1.52595734102605
H           -0.13674517524592        1.46458070134740       -2.33669789518789
H            2.53826383344028        2.04615298840525       -2.94395021163616
H            0.46489976163530        1.56505932547067        0.66804705135667
H           -0.77114511666181       -0.73819379320951       -1.67840993003113
H           -1.99659762299861       -1.38604159666335        1.63947701754972
H           -2.38760137861174       -3.80820862085707        0.98729525657398
H           -3.96652331323959       -3.34014470121866        0.32935903038080
H           -3.19074976216835       -3.18961135033674        3.03610036090681
H           -4.53347938264589       -0.96743381890016       -0.02283314129096
H           -4.69915824247276       -1.36464486355618        2.33312694469429
H           -2.52969314322598        1.02185080857775        1.14708289607579
H           -4.80016233417014        1.66344630205817        0.88132674717207
H           -3.08979106918423        0.13579048826562       -1.72829440046330
H           -2.62028643879924        2.42629386361883       -1.21349456341696
H            1.64204691018015       -1.19696452108523        1.14287035582458
H            1.56149809833876       -0.29363849255770        3.29648058941138
H            3.04694828047818        1.45409083125452        1.72583750443041
H            4.70808958394629       -0.13880428817661        2.22266478650676
48
 energy: -84.825275690424 xtb: 6.7.1 (edcfbbe)
C            5.59951149732267        0.83656487342772       -1.20641850490579
O            4.88072484259887        0.84673565647211        0.02088196878704
C            3.58869529734749        0.36152467332266       -0.05425291026086
O            2.77920551924633        1.25889520061651       -0.77471214935349
C            1.44378930820846        0.82796845481886       -1.00847157877333
C            0.85688848674813        1.97824901516857       -1.83609217768945
O            1.58096817943393        2.15962308031839       -3.02452292395976
C            0.71759193172741        0.52882258684673        0.31925996312526
O           -0.47224142548909       -0.25517720352996        0.30060909550158
C           -1.28174492509130       -0.65800071436676       -0.76708317894899
O           -1.95137399980722       -1.81345806800067       -0.31586418802722
C           -2.65612437426951       -1.65452647544427        0.90930942449000
C           -3.20111907026544       -3.03837406667274        1.29409799666616
O           -3.82267295696902       -3.02207315222943        2.55579948227063
C           -3.79101622601107       -0.63118218197553        0.75302571210180
O           -4.40713960324415       -0.32259940835104        1.97770234603336
C           -3.20460443065432        0.65649803795054        0.17154932112658
O           -4.20529991920625        1.59079750960534       -0.15779945178852
C           -2.43843397740179        0.32724606697943       -1.11524729931936
O           -2.03189371159468        1.49727252865184       -1.75969287318046
C            1.60841774153682       -0.25779202005762        1.30788328264211
O            0.99803519296102       -0.18521256215407        2.56859958153264
C            3.04854978718944        0.25194983082360        1.37293472326987
O            3.78428806816243       -0.65376815977618        2.15223405017813
H            5.13700897130018        1.50396550051766       -1.93462773931755
H            5.64372821649821       -0.17769335852432       -1.61485436620748
H            6.59863100217325        1.18663140926032       -0.96137951774162
H            3.56514521996986       -0.63572227829290       -0.54690797896694
H            1.47445948431882       -0.09391474999641       -1.61478194390509
H            0.88383851870428        2.88659397658738       -1.22101104491658
H           -0.16653915521717        1.76627968978418       -2.12818206217018
H            2.50186450582076        2.33117022261463       -2.78668114995965
H            0.46115924801806        1.48901000967579        0.79288348546398
H           -0.72316891386635       -0.93988843617173       -1.66582287760624
H           -1.96877495215643       -1.29378931240695        1.68696770419551
H           -2.38253417254128       -3.76325119809271        1.25077805067471
H           -3.96606333699361       -3.33865032348974        0.57436290792559
H           -3.14813897842500       -2.95780134754542        3.24491943625586
H           -4.53394783498598       -1.02547738064900        0.03813544624460
H           -4.63098945135703       -1.15993523386721        2.41851861396686
H           -2.50679355391566        1.08974065563729        0.90495185932027
H           -4.77908423826823        1.69268084195948        0.61319125438967
H           -3.10873049097141       -0.24374178885303       -1.78176962785534
H           -2.76560424921469        2.12911724229366       -1.68800953894345
H            1.63959455240238       -1.30592003101035        0.96480382657575
H            1.57239658622944       -0.64142316743302        3.20091883836279
H            3.06550464668738        1.25947511771955        1.81469394748477
H            4.71403513175425       -0.38743947818236        2.13865866080648
48
 energy: -84.834971883958 xtb: 6.7.1 (edcfbbe)
C            3.88434906774320       -1.15297540675190       -1.93680021878291
O            3.93369489656442       -0.38850549877731       -0.73932588605103
C            2.69039374402697       -0.05472248391655       -0.21648987719308
O            2.06074496193122        0.86172408647326       -1.08334667746325
C            1.10057762712423        1.76251576703550       -0.51986778843907
C            1.72585230150286        3.16097855506457       -0.34707009649187
O            2.32430906777551        3.59062180285094       -1.54122373125846
C            0.50981534557148        1.25870071312725        0.79060066168316
O           -0.37408393101355        0.14187960233867        0.71306709889769
C           -0.74471507221213       -0.48503958605249       -0.49007073440479
O           -1.16531787326391       -1.77902111429883       -0.15723579802348
C           -2.24194390098940       -1.83027585486329        0.77285825976569
C           -2.50040732120340       -3.31686552312315        1.06631669862548
O           -3.49119028298136       -3.49603985819841        2.04770454939941
C           -3.49424411446876       -1.14740339255573        0.20027788237028
O           -4.52720485454925       -1.04714068006395        1.14710774484001
C           -3.12486286230126        0.26945615649500       -0.24680386729215
O           -4.18574185073079        0.90117208047951       -0.92172488516435
C           -1.93676354089779        0.20106051735824       -1.21010128956204
O           -1.61110213598901        1.47068001874883       -1.70040683228560
C            1.60210109156796        0.92598513451571        1.83061758524287
O            1.75161094289501        2.04448922795808        2.66500814333751
C            2.93523458571408        0.52122303971940        1.18169103155389
O            3.55232743176418       -0.43070741450998        2.00854591505400
H            3.38596062255809       -0.59661502539550       -2.73247962802337
H            3.35437857710968       -2.09518678757090       -1.76440095812918
H            4.92021830278476       -1.34594239607422       -2.20341254718779
H            2.06309860878864       -0.96756996924270       -0.12071142886875
H            0.31875253789320        1.84414055844164       -1.28003144779131
H            2.45582369339722        3.16340531709952        0.47174569646058
H            0.93848056942467        3.87906681084642       -0.11162878180719
H            2.82569818976618        2.84461768284743       -1.90033315139965
H           -0.07750116000617        2.08482726626204        1.21747105518422
H            0.09335877107652       -0.59864983737052       -1.18634850887336
H           -1.95565408991210       -1.30802812497496        1.69658882191831
H           -1.55407484002182       -3.78814258710339        1.34854018487071
H           -2.86898470005106       -3.80106972200197        0.15906580063319
H           -3.12709713579066       -3.28821720664205        2.91837193801776
H           -3.83553225773581       -1.71112524199075       -0.68488611845621
H           -4.66718954336666       -1.92840002050157        1.53405439596274
H           -2.83523111699950        0.85628747192692        0.63918678437815
H           -4.97867486913319        0.81040260656965       -0.37629768531238
H           -2.20735277053730       -0.46424676879442       -2.04809490886074
H           -2.44457505198194        1.90989315914852       -1.93179269261217
H            1.24683146622249        0.05667284661120        2.40370882457104
H            2.35015433843251        1.81686972544965        3.38974066963851
H            3.58121216730843        1.40547512485970        1.07159639760620
H            4.34446446636395       -0.76025495775886        1.56050528227353
48
 energy: -84.832759834213 xtb: 6.7.1 (edcfbbe)
C            3.91785136873050       -1.00827870758276       -2.04225366206640
O            3.96779677914495       -0.24994552033283       -0.84088282476478
C            2.72719316933366        0.00154345047191       -0.26799246047047
O            2.02117451005294        0.91161103088408       -1.08019389784910
C            1.05817664473080        1.76997578894489       -0.45536803021292
C            1.65339690121137        3.17751861107359       -0.25320348138815
O            2.20205728747120        3.66370730807540       -1.44962480777653
C            0.51724350295607        1.20684723686428        0.85170767140667
O           -0.39733879325934        0.11510379445446        0.76488472507018
C           -0.70495307165631       -0.57923144149476       -0.41861048822671
O           -1.18174803526382       -1.84044405944574       -0.03193800000007
C           -2.30170798131320       -1.81246899963569        0.84474254939221
C           -2.61163322745719       -3.27368452483398        1.20803572628997
O           -3.64731858224851       -3.37265046260994        2.15390358727462
C           -3.50867948528149       -1.13754143024975        0.17440283646167
O           -4.57710215329669       -0.94910539452520        1.06683684408577
C           -3.07828191021149        0.23420383486080       -0.35062632975415
O           -4.08847890322734        0.84434277147332       -1.11712912885140
C           -1.85133690617971        0.06306978038782       -1.25164544930658
O           -1.49718836042624        1.27473425804646       -1.85400509485778
C            1.64617389865729        0.83359287462692        1.84068898769265
O            1.76993895097292        1.89101401294657        2.75569617009192
C            2.98221803661113        0.53524096789779        1.14379999101627
O            3.67353960738294       -0.41266091184552        1.91498153596027
H            3.34137907528564       -0.48641010467170       -2.80792046868826
H            3.46843691357378       -1.98852356513840       -1.85331060454737
H            4.95079551297172       -1.12279485758649       -2.35992965754072
H            2.15298723258640       -0.94749061827273       -0.18589044636574
H            0.25597285902900        1.85354102264433       -1.19310278897358
H            2.40935424818084        3.17266348250643        0.54193820859709
H            0.85663074901321        3.86682304321420        0.03204592077090
H            2.69827854757220        2.93986559728432       -1.85781415191973
H           -0.04820968105823        2.01336337913326        1.34058736533676
H            0.16699017030890       -0.75053840107384       -1.05751401148088
H           -2.04723188103099       -1.24456948800545        1.75056954969602
H           -1.69101583001874       -3.75179609078213        1.55599437699458
H           -2.95483579967729       -3.79862639227262        0.31354693634409
H           -3.31297963397886       -3.13034789259198        3.02755105218208
H           -3.82878396126157       -1.75016341067510       -0.68594511603685
H           -4.75684585041072       -1.79978763205303        1.50264984357975
H           -2.81132822558445        0.87485271791554        0.50456265202207
H           -4.90757227776165        0.81276027076671       -0.60493518667292
H           -2.09567518155220       -0.67795587472305       -2.03256632085258
H           -2.32067140300529        1.70142722699680       -2.14017840813435
H            1.33748230088866       -0.09015075252663        2.35289870835235
H            2.40031474565805        1.63788302987651        3.44413477821471
H            3.57494244520763        1.45789797667897        1.05553200061708
H            4.47058979541908       -0.67841711446485        1.43437468358937
48
 energy: -84.830588489757 xtb: 6.7.1 (edcfbbe)
C            4.01148008760231       -0.70589239937830       -2.20339726499338
O            4.02459757972215       -0.02592563588441       -0.95504129485832
C            2.78079030854094        0.06795538926829       -0.34006340457228
O            1.96252229503709        0.94127283457008       -1.08131325613626
C            1.00336501018815        1.74431164429426       -0.38613355544745
C            1.56016158012223        3.16360434295952       -0.15134559110092
O            2.09596242528081        3.69050187554112       -1.33624493341391
C            0.51896883257306        1.12182316796986        0.91590301184609
O           -0.42385998074593        0.05502628556898        0.83208680198412
C           -0.67608001984580       -0.72349824698564       -0.31080430083442
O           -1.22694378497648       -1.93050408819354        0.15106040549715
C           -2.39547588993928       -1.78290006460218        0.94900316926122
C           -2.79536349334954       -3.19489273378988        1.40693693761182
O           -3.88857221464882       -3.17055023542899        2.29096368015164
C           -3.53181022524857       -1.11593652384997        0.15677786596020
O           -4.62698559589556       -0.79306080664481        0.97533111031964
C           -3.00907221754077        0.17674756914255       -0.47514019484469
O           -3.94543129013479        0.74585756537788       -1.35816073145931
C           -1.74496535288578       -0.14214997788591       -1.27997570695078
O           -1.31680516091095        0.96768012185546       -2.01468288469280
C            1.69027939068238        0.69694774037260        1.83642147386394
O            1.78948296247843        1.65756941313614        2.85597673628457
C            3.02521156508774        0.53819645346768        1.09505682655193
O            3.79948800812751       -0.40013154208361        1.79694599037245
H            3.35393899949285       -0.20173714803701       -2.91345048418051
H            3.67652845060313       -1.73937423265387       -2.06840074599848
H            5.03815550069627       -0.68662030546154       -2.55891259284964
H            2.30650436504155       -0.93798339629233       -0.30350181362564
H            0.17658152641913        1.82515931131287       -1.09688383216171
H            2.31609249873206        3.16292201471897        0.64438728956349
H            0.74473275460132        3.82439107220727        0.14943020794739
H            2.57955948659195        2.97698836414509       -1.77753661545945
H           -0.01647999161528        1.90440215329192        1.47122314878470
H            0.23197312603048       -0.97908802314498       -0.86632551448327
H           -2.16924211532286       -1.15381526913832        1.82130342739483
H           -1.92102739010252       -3.68204627151113        1.84887364088770
H           -3.11009928523819       -3.77661237197403        0.53742835450094
H           -3.59422101612932       -2.86857936028241        3.16033473139403
H           -3.84583797889542       -1.79153008002157       -0.65742956849495
H           -4.87561431322180       -1.59217851232776        1.47080894489695
H           -2.75867832040003        0.89013935264684        0.32547256552017
H           -4.78833326871918        0.81698685355070       -0.89066304456867
H           -1.97688137493517       -0.96899966510676       -1.97389615245053
H           -2.10964718760312        1.37048546983752       -2.40362900285814
H            1.43682785895279       -0.28855097174610        2.25647162181750
H            2.46359828591241        1.37415974378862        3.48899584730447
H            3.54905207211957        1.50425641228513        1.05223388966113
H            4.61157064312420       -0.56482746524507        1.29699068374547
48
 energy: -84.829110023115 xtb: 6.7.1 (edcfbbe)
C            4.01061181957121       -0.40202059289977       -2.37743997647407
O            4.01904050730454        0.18373635857284       -1.08185001703885
C            2.79341801811862        0.13432102321046       -0.42337243098213
O            1.88087671774726        0.98383683358033       -1.07383762299376
C            0.94967053229690        1.73451849857448       -0.29557949623075
C            1.49023153756669        3.15356127696603       -0.01854146584794
O            1.96064060497212        3.74756957923893       -1.19917327546585
C            0.52758551080757        1.04980856338045        0.99775506454824
O           -0.43852446798639        0.00563767320834        0.92302818689435
C           -0.63883731364761       -0.85939465100961       -0.16663976839099
O           -1.26806313506422       -1.99926770724475        0.36429334738841
C           -2.48664639936620       -1.72971196557922        1.04797042468789
C           -2.97563791182313       -3.06675271213121        1.62720618702939
O           -4.11546409966165       -2.90236569834353        2.43429113652077
C           -3.53238074016300       -1.11966509360423        0.10031641290114
O           -4.67756308153666       -0.68267320589490        0.78674689101967
C           -2.91649125235275        0.08438303784687       -0.61839103094816
O           -3.75733390008265        0.57568248352213       -1.63394112979634
C           -1.60261062346691       -0.35328737465442       -1.27452808069755
O           -1.07333683122458        0.65120278241287       -2.08890301528979
C            1.74505941834587        0.56572469344665        1.82818158621482
O            1.86336693074090        1.42313109182604        2.93453775173938
C            3.05795981950110        0.51374845602235        1.03467208242789
O            3.88871111138951       -0.43987069227859        1.64683533607839
H            3.27447048622755        0.08532078235934       -3.01868933966065
H            3.78096205943713       -1.47018268390406       -2.30847598707305
H            5.01279599978220       -0.25712600879194       -2.77182436318578
H            2.40108046283502       -0.90664745584483       -0.45023393835116
H            0.09097162117163        1.83182246210313       -0.96609650271226
H            2.28174237064879        3.13150086087275        0.74149888921128
H            0.67751545882380        3.78252550916450        0.35029691471043
H            2.43914868197179        3.06747771032961       -1.69531476335704
H            0.02984819122560        1.80227108194487        1.62313472312615
H            0.30066836720925       -1.19880030877726       -0.61716888173350
H           -2.30101597566653       -1.01516737523439        1.86191545319009
H           -2.15063069284918       -3.53534279366714        2.17209532307213
H           -3.26646063134150       -3.72850722003809        0.80811027622573
H           -3.85869668759223       -2.51590401591542        3.28203683535668
H           -3.80404750332941       -1.86953760360437       -0.66267550786496
H           -4.98635093390196       -1.41274812380665        1.35000566680405
H           -2.70929911042328        0.87444881764351        0.12019757636443
H           -4.63485187114208        0.71346249216801       -1.25312105813678
H           -1.80861901437721       -1.24688424501076       -1.89018280092433
H           -1.81169261607449        1.01098294772954       -2.60647332787562
H            1.52985734532156       -0.46241160289114        2.15878618157327
H            2.56693051713813        1.09467559373043        3.51145608033771
H            3.54389853883009        1.49996885905258        1.04789599262115
H            4.69749033686330       -0.52705051540238        1.12267532019224
48
 energy: -84.828663984266 xtb: 6.7.1 (edcfbbe)
C            3.97100907677984       -0.12406458101570       -2.52474597818697
O            3.99193967225422        0.36671181226113       -1.19051513065228
C            2.79532740578190        0.19306984713217       -0.49822223455753
O            1.80487122357479        1.01267867765216       -1.06491282915968
C            0.89563819253649        1.70648031908653       -0.21818516269206
C            1.40506382150519        3.13573388289767        0.07044496736566
O            1.80006397219975        3.77159976638244       -1.11573681298922
C            0.54799988273215        0.97952908057937        1.07666924853677
O           -0.44766313695043       -0.03529771884938        1.02767286168932
C           -0.60357288489803       -0.98232543423709        0.00046777458280
O           -1.31312647508615       -2.04951578203546        0.58008373293161
C           -2.56844085066070       -1.67456520912725        1.13665713549556
C           -3.16456177982496       -2.93806028018759        1.77773435805489
O           -4.35987205138307       -2.66272492244325        2.46578890217769
C           -3.51134251193555       -1.10191006465062        0.06456127097651
O           -4.67475866075653       -0.55147456736312        0.62787349394065
C           -2.78843578167839        0.00286332552103       -0.71301838227823
O           -3.53113388463063        0.42956183024457       -1.82902138689007
C           -1.45517102171166       -0.55407637333403       -1.22280795115575
O           -0.81204550197602        0.32893523687071       -2.09211049245957
C            1.80479237543303        0.43871036170356        1.80760493227515
O            1.94883200008326        1.17538676484549        2.99455766462419
C            3.08898327495438        0.50075927735504        0.97095131689798
O            3.98446445717199       -0.44347134132599        1.50207108307611
H            3.17386770228328        0.35001673446648       -3.09943254240279
H            3.82257554364333       -1.20854460291848       -2.52710851740802
H            4.94226748978489        0.12406826825132       -2.94432847205556
H            2.47018258257755       -0.86751578295168       -0.58189087400198
H            0.00095712639845        1.79598591047062       -0.84209512971158
H            2.23343375465721        3.11868985531077        0.79066665535583
H            0.59303310874137        3.73059490257274        0.49355703719816
H            2.27045045725025        3.11654425767419       -1.65219787271915
H            0.10184869896142        1.71152982810847        1.76114414531616
H            0.35661990104249       -1.39165871551603       -0.33809697785435
H           -2.41305177329068       -0.90356225412841        1.90414219897780
H           -2.41046141742283       -3.38961733363965        2.42918167974125
H           -3.41501737924880       -3.65518539480205        0.99258274930772
H           -4.15805050022950       -2.22123667768171        3.30138232445878
H           -3.77152972004834       -1.90363400032218       -0.64817745754221
H           -5.06230275421959       -1.21623347851899        1.22271209403714
H           -2.59641158589798        0.85002413089426       -0.03603596371213
H           -4.42384778307655        0.64427724921036       -1.52730845301449
H           -1.66280554151642       -1.49986386796637       -1.75499926033570
H           -1.48343314262667        0.65098950970396       -2.71449398899090
H            1.62382834377285       -0.62387458560898        2.03566574890995
H            2.68953971242034        0.81169986425073        3.49961487909760
H            3.52648263911461        1.50761358822642        1.02958663116343
H            4.78296191655241       -0.45564149532309        0.95555282000439
48
 energy: -84.828967666608 xtb: 6.7.1 (edcfbbe)
C            3.86568407701515       -0.00071901742659       -2.64018590178419
O            3.94145311423757        0.42820986683639       -1.28657238063176
C            2.76712888215890        0.24620938619390       -0.56137242524952
O            1.78382194929500        1.12050617524269       -1.04849309350801
C            0.86005932085510        1.71547515211804       -0.14527793444387
C            1.31541764032423        3.15525896337807        0.18313605571576
O            1.62398381918184        3.85870774623204       -0.98995201315417
C            0.58237507930188        0.93357956691136        1.13809431541687
O           -0.44176364850323       -0.05154529946498        1.10999536626277
C           -0.56598619049356       -1.06841859825297        0.14670150079200
O           -1.34351247716446       -2.06929665079593        0.75499456199099
C           -2.62255629687645       -1.62089277245945        1.19071269230653
C           -3.30117702287255       -2.81747318282757        1.87638861187723
O           -4.52731395417286       -2.45822058612404        2.46383211803586
C           -3.46997217881132       -1.10431031837301        0.01509490379937
O           -4.65217322260083       -0.48462006974149        0.45331811641048
C           -2.66164135087804       -0.07795336905011       -0.78623673370183
O           -3.31255569997654        0.28764771434056       -1.97832164951538
C           -1.31604835401034       -0.70878428143331       -1.15983112344320
O           -0.57594127508899        0.08626706043098       -2.03588881467707
C            1.86521433067020        0.35084181075471        1.78373679288196
O            2.04610919950402        1.00090851686300        3.01564630535366
C            3.11609089935433        0.48543397309794        0.90862253081066
O            4.05134222458004       -0.46217869089121        1.35737430111490
H            3.05439990648881        0.50807435052908       -3.16250595703459
H            3.70305424835093       -1.08210430237531       -2.68614429677521
H            4.82443120374955        0.25551629242325       -3.08308543247427
H            2.41228262104452       -0.80082975367810       -0.68347809503209
H           -0.06170567575890        1.78609406789665       -0.73225358659931
H            2.17994775543075        3.13963861490200        0.86035134663393
H            0.50172568594805        3.69533945483924        0.67099870482153
H            2.10929424059428        3.25304367580478       -1.56969856968429
H            0.18255349903125        1.64370593144695        1.87263783368929
H            0.40171715042472       -1.52920104308344       -0.09325340325760
H           -2.49729343826598       -0.79961714594461        1.91028837649192
H           -2.60555135730183       -3.24359490274670        2.60531471149599
H           -3.52585590798982       -3.58090319289728        1.12790307043018
H           -4.36290555820988       -1.96516402709729        3.27853418794954
H           -3.70491126646712       -1.94912485190616       -0.65530508745607
H           -5.09916540048626       -1.09249714395269        1.06698140640978
H           -2.48941101992229        0.80971283101388       -0.15733953354395
H           -4.21557659195203        0.55108403110770       -1.75578309217446
H           -1.52021686843565       -1.68423179411413       -1.63773339475539
H           -1.18331708745572        0.38647651171824       -2.73003406295782
H            1.70031387267530       -0.72714185052446        1.94291367308959
H            2.81830418743612        0.62148257658474        3.45819562294882
H            3.53085090445050        1.49975238787379        1.00190475976003
H            4.81899424293259       -0.44014399569612        0.76856052625261
48
 energy: -84.829867790827 xtb: 6.7.1 (edcfbbe)
C            3.58366583443254        0.00426854680116       -2.78079678680627
O            3.80796628569748        0.34535815034782       -1.41855006974721
C            2.67353631913962        0.29054491641775       -0.61971964071780
O            1.81235693441264        1.33511279434289       -0.98248252141838
C            0.83452384656259        1.77033879839080       -0.04405855830221
C            1.20083981739619        3.21443606207818        0.36871849844635
O            1.42453858019593        4.02095761648803       -0.75505117127810
C            0.63176723763213        0.91671854592405        1.21357025335364
O           -0.40468279922952       -0.05469907210824        1.19217989036393
C           -0.49551915797644       -1.14032452961705        0.30262014228536
O           -1.33886004899331       -2.07131162424384        0.92932858991322
C           -2.63742552294504       -1.56152787701234        1.21766673314703
C           -3.40472030870402       -2.68109637021236        1.93885330601337
O           -4.66671934927602       -2.24837881124775        2.38397876937830
C           -3.36996013551786       -1.12624933297853       -0.06398495421787
O           -4.57036854302275       -0.45436113013309        0.22013164249609
C           -2.47569657032925       -0.17742944779153       -0.87051765509593
O           -3.01851658610044        0.10943436263947       -2.13547954710804
C           -1.12052096985814       -0.85823817742891       -1.08176725781078
O           -0.27337910205636       -0.13759285367900       -1.92503688703052
C            1.94254942536603        0.32016463078478        1.78216699295629
O            2.20346484323805        0.97513639225244        2.99772502056732
C            3.13993304493476        0.43203198509818        0.83169529763611
O            4.05680335617165       -0.57475405576150        1.17414893046756
H            2.85428156704910        0.67700876698291       -3.23241764940781
H            3.22109878041240       -1.02510288517479       -2.85860081776638
H            4.54900728982163        0.10412138255803       -3.26983297493830
H            2.15873669979710       -0.68339939338669       -0.75906723197955
H           -0.10684147650034        1.80500675819096       -0.60552304579965
H            2.08943947251860        3.19570995803184        1.01530948408861
H            0.37437618337634        3.66678112525755        0.91962954665756
H            1.96588391294048        3.50950335411172       -1.37358662009816
H            0.26188366169359        1.59194661162906        1.99554371245156
H            0.47229308854917       -1.64670257837045        0.17695825633584
H           -2.54730906631396       -0.68616147635407        1.87602282510870
H           -2.78616847957670       -3.05645176547102        2.75937990580367
H           -3.58474587637249       -3.50140525686463        1.24014765452389
H           -4.56032531663161       -1.69150423316399        3.16659913261637
H           -3.56617828799269       -2.01802865561293       -0.68412443402060
H           -5.08005329610053       -1.00185874458851        0.84207653825249
H           -2.33567410711138        0.75147439391539       -0.29517988925019
H           -3.93294129873171        0.39632034356487       -2.00886485280440
H           -1.30774490296464       -1.85698001316268       -1.51683615791757
H           -0.80404937617506        0.14903455785365       -2.68426199546347
H            1.77312360219133       -0.75406096140510        1.96029411013928
H            2.99335585490862        0.58618913017309        3.39828071622158
H            3.60313289969899        1.42554579367284        0.93735120507302
H            4.75984027621930       -0.58552590615889        0.50884934055541
48
 energy: -84.830422501243 xtb: 6.7.1 (edcfbbe)
C            3.49378122644695        0.10366247637589       -2.86264701327705
O            3.76352968979593        0.39705402553966       -1.49785300483427
C            2.65422524355231        0.33178105376800       -0.66634218160760
O            1.80628221424045        1.41103484255576       -0.95535668619108
C            0.81838140108559        1.77162623793988        0.00619065099766
C            1.12864247373042        3.22072564201237        0.44322834325338
O            1.28558339696728        4.06397059782374       -0.66457016195894
C            0.67716288879549        0.87780144214963        1.24833965033541
O           -0.39794862238688       -0.05091772016382        1.24270120363036
C           -0.47798513263253       -1.19193691346315        0.42283461989344
O           -1.37951576459716       -2.06043581498364        1.05660040756038
C           -2.67767922965320       -1.50752250119278        1.24880080517308
C           -3.50529451773907       -2.56737462518698        1.99352846002664
O           -4.78028510836582       -2.08698191489962        2.34164643259373
C           -3.33442827850377       -1.13669670441003       -0.09239808586485
O           -4.53377019555858       -0.42773266135665        0.08703322634067
C           -2.37780661425853       -0.25262924219951       -0.89911373502717
O           -2.84708642428220       -0.01948624277867       -2.20406552331496
C           -1.02846209587617       -0.96895533463101       -1.00474344609086
O           -0.12817595851838       -0.30025628898135       -1.83657261705008
C            1.99594961914605        0.24561271277164        1.74780503254657
O            2.28825786060280        0.83029440895281        2.99246525401136
C            3.16635231719112        0.41355225586024        0.77429479998414
O            4.10309258522022       -0.59613331229269        1.04588668214700
H            2.78141566463496        0.81701165020613       -3.27747698596707
H            3.08881678014994       -0.90799712680817       -2.95950931545074
H            4.45033390065572        0.18043392424142       -3.37287608771604
H            2.11266663037799       -0.62318540242249       -0.82444233375504
H           -0.13612523457332        1.77197330017129       -0.53459489603724
H            2.03586791209148        3.22317596441461        1.06422019571024
H            0.29872158143615        3.62268212312875        1.02703370472402
H            1.84936340034589        3.60124341036558       -1.30126047399381
H            0.35928104256525        1.53946437474886        2.06559375913825
H            0.47927119907535       -1.72924718572286        0.37245786176737
H           -2.60008207624470       -0.59609866675104        1.85807699484755
H           -2.93968154483082       -2.90251720428186        2.86767433969507
H           -3.66392921280437       -3.42555895730857        1.33638401174472
H           -4.70540721457620       -1.48806129292288        3.09632052071542
H           -3.51613585829243       -2.05976533079793       -0.66955353009558
H           -5.08556879678325       -0.92700033464384        0.71367471433466
H           -2.24702115296401        0.70197215260668       -0.36490170723753
H           -3.76087214470835        0.28942978770815       -2.13998867596903
H           -1.21308209513737       -1.98320363854626       -1.40328079033456
H           -0.62367524512061       -0.02287823712913       -2.62264364039466
H            1.83325953996681       -0.83671998260369        1.87193894027685
H            3.09071515681924        0.42307528958409        3.34770408212126
H            3.61992738958581        1.40781606452121        0.91203282836202
H            4.77913566060020       -0.57610127692779        0.35320911264341
48
 energy: -84.829932984028 xtb: 6.7.1 (edcfbbe)
C            3.50369230767187        0.27964944422565       -2.93337306609407
O            3.77079222020972        0.54418581862321       -1.56234927954770
C            2.67532979195218        0.39288394252327       -0.72300764958059
O            1.77507862080192        1.44482792135174       -0.95647665305010
C            0.80511839701194        1.74704706779783        0.04400441986362
C            1.07783695838932        3.19459754848155        0.50877061538874
O            1.15281394897501        4.07328423916826       -0.57971195944508
C            0.72300462229942        0.80877854824595        1.26221602534877
O           -0.39780965655161       -0.06577323704854        1.27748004318603
C           -0.49856365613486       -1.25878364237465        0.53706330746567
O           -1.45896848627399       -2.04707161510935        1.18637423502107
C           -2.74268753005880       -1.44123456362955        1.28712597042281
C           -3.63044526472283       -2.41525837434211        2.07832645775177
O           -4.89927063975341       -1.87035472397582        2.34466755373703
C           -3.33341180795507       -1.15952740811342       -0.10451290379619
O           -4.52585304990659       -0.42059776388846       -0.03439054101463
C           -2.32168960968015       -0.35202981711457       -0.92322291664751
O           -2.72683054170758       -0.19566319618921       -2.26086192111267
C           -0.98421340411720       -1.09828317880057       -0.92385828863664
O           -0.03356737300589       -0.48160869851403       -1.74066826140903
C            2.04599816159803        0.13338775031170        1.67600933110679
O            2.34652959107361        0.57763366064095        2.97560497804607
C            3.19919294550361        0.42839200274435        0.71440839178400
O            4.19311645202437       -0.54047739198676        0.92423231322945
H            2.76952913789286        0.98295277524584       -3.32736204216032
H            3.12856796402892       -0.74061477280035       -3.05585063314597
H            4.45536189531402        0.39808754458941       -3.44491719364659
H            2.17394022249894       -0.57672373694011       -0.91608095511439
H           -0.16447703791701        1.72917029000644       -0.46939469729534
H            2.01089421035429        3.21694543467724        1.08995818080454
H            0.25891643960426        3.54704366052238        1.13826038794742
H            1.72050814503986        3.66024254166005       -1.24609544214268
H            0.47173029025398        1.45435005345210        2.11667807241258
H            0.43425094681913       -1.83750336848659        0.55206911747862
H           -2.65703545418272       -0.48757482832230        1.82671999694983
H           -3.10532133009841       -2.70183358271488        2.99412894422235
H           -3.79673305306567       -3.31466659744019        1.48084746333488
H           -4.82904439499865       -1.21688285323278        3.05316638527222
H           -3.50532913868158       -2.11974110024901       -0.62096399116100
H           -5.11006052609232       -0.85581864178094        0.61046034962869
H           -2.19365692302280        0.63325649040100       -0.44703530316473
H           -3.63893380262703        0.12473834318064       -2.25910594217714
H           -1.17016024618024       -2.12602679432521       -1.28497546044777
H           -0.48978663183512       -0.22386149002868       -2.55658024263048
H            1.90613373353349       -0.95844770044203        1.68105308988135
H            3.16670100925603        0.15388085574776        3.26543686614704
H            3.59691734260245        1.43662412053516        0.90943617946154
H            4.85189248708976       -0.45560115964796        0.21978236131131
48
 energy: -84.839416211281 xtb: 6.7.1 (edcfbbe)
C            3.85646445037310        3.21832299196694       -0.82964498794156
O            3.50579346542955        2.12738017883671        0.01197053175692
C            3.41958961666874        0.89453074719827       -0.64487721726494
O            2.29276092193684        0.78143413636929       -1.46849424143262
C            1.01347896995296        0.73653273799711       -0.83654890585015
C            0.34733008950085        2.11926972659085       -0.86560164739902
O            0.00268723338452        2.51060108079254       -2.17073738350344
C            1.06780089741465        0.18446940934894        0.59790512515122
O           -0.21378474363856       -0.20195244316700        1.05407053981972
C           -0.71150666925152       -1.51256408973801        0.88243565005902
O           -1.73940173833610       -1.66574432805474        1.81973279590956
C           -2.82732259919387       -0.76832253046713        1.62321483038254
C           -3.83722306946753       -1.04516160831442        2.74861202831536
O           -4.90718316438797       -0.13182349474575        2.73648371682493
C           -3.47623623933459       -0.96084469737689        0.24033430103441
O           -4.44040131865171        0.02572293974727       -0.02821985295349
C           -2.40469992648345       -0.88356828164614       -0.85443326971397
O           -2.91678577595527       -1.24507786443816       -2.11433435085608
C           -1.28615185742305       -1.86707592823940       -0.50415265958522
O           -0.28698664372427       -1.92765722957190       -1.48457515830231
C            2.15004343775852       -0.90011291794201        0.62821728250188
O            2.12910382441699       -1.59230970908674        1.85032129346929
C            3.50595122925020       -0.20682379827697        0.43618380261885
O            4.43678092353469       -1.21063398202619        0.12296840760857
H            3.12226453198586        3.35762077438870       -1.62630429576550
H            4.84270475734713        3.05297990550157       -1.27399035178167
H            3.87904318937383        4.09403785456540       -0.18621329521575
H            4.25795974513321        0.77822505711032       -1.35370466607255
H            0.43113580399175        0.04599678477990       -1.45432159168044
H            1.01659767244749        2.85569053648823       -0.40044116146611
H           -0.58123833864298        2.07972491145092       -0.29152563694749
H            0.75869289750831        2.33200384992974       -2.74655821492384
H            1.35774070898061        0.98350255720369        1.29315274394118
H            0.05027587829396       -2.25080448044885        1.16182425331077
H           -2.46356967709230        0.26722904055916        1.69108761357459
H           -3.30345200940138       -1.04010773907824        3.70341770603528
H           -4.27233391463756       -2.03657816806365        2.60286180944340
H           -4.60984986153778        0.71852097660670        3.08610066557277
H           -3.93250663169515       -1.96511322120484        0.19843871401586
H           -5.04430443188878        0.06947729175645        0.73336722816704
H           -2.00247182093973        0.14028283045518       -0.88721535958768
H           -3.69879117037163       -0.70324192829897       -2.28427611392663
H           -1.74046620509212       -2.86552342915387       -0.38309379841796
H           -0.73211525601904       -2.05915776855230       -2.33595652202549
H            1.98726849979422       -1.59159866137714       -0.21359528610530
H            2.89829596296233       -2.17981761079490        1.87142417427109
H            3.76463144061374        0.29185088976748        1.38244020005062
H            5.33438541563409       -0.85379159067563        0.14573566568891
48
 energy: -84.839983743169 xtb: 6.7.1 (edcfbbe)
C            3.88202122133911        3.21498575445675       -0.79722852354813
O            3.53962859872412        2.09402890732367        0.00753558737493
C            3.39868889960657        0.89430555604202       -0.69927935206112
O            2.24357637173889        0.84894955101699       -1.48924591822765
C            0.98727237852720        0.80967546605268       -0.81454459432601
C            0.36194455488560        2.20914609592006       -0.75566098652606
O            0.03389665701200        2.68889909152560       -2.03550305843061
C            1.06956546719207        0.17964348165894        0.58665085070409
O           -0.22559317362579       -0.16843398749648        1.04065576241385
C           -0.70901896028285       -1.49347278738958        0.96675617696217
O           -1.75746461506033       -1.59366388889790        1.88619570025914
C           -2.85256747818389       -0.72657068825072        1.61459404707603
C           -3.87688490328174       -0.94413898202248        2.73997695097664
O           -4.96199488516395       -0.05369802523806        2.64787218203377
C           -3.47051669442664       -1.02405447583103        0.23749418865167
O           -4.45640710035852       -0.08614716164372       -0.11373452097844
C           -2.37559595814912       -0.98053374670370       -0.83430100056471
O           -2.85242169014823       -1.40556360445423       -2.08832528559720
C           -1.24318788040749       -1.92260009399358       -0.41719762753176
O           -0.21679076663164       -1.97743747080948       -1.36991596729594
C            2.12444767274726       -0.92798359745160        0.54380322792595
O            2.14086164063003       -1.65432197191756        1.74805838415956
C            3.48808740119717       -0.25371592059712        0.33156712061201
O            4.38793899711088       -1.26288057735867       -0.04782356733558
H            3.12525980321845        3.40076035973410       -1.56251472794824
H            4.85098303328443        3.05439109664497       -1.27959742741200
H            3.93901433634680        4.06105943553555       -0.11729340912158
H            4.21068702008580        0.78667793808173       -1.43932585975305
H            0.36312975470084        0.16696618545793       -1.44470438580557
H            1.05255138936262        2.89506560204942       -0.24676838271866
H           -0.56826010830509        2.16051206380777       -0.18564201483455
H            0.77760159872670        2.50156158780417       -2.62456431375099
H            1.40582966838522        0.93874092669523        1.30784400916905
H            0.05184373774738       -2.20341715024401        1.30981620015070
H           -2.50430970754021        0.31647847180539        1.61887943937140
H           -3.36038586457491       -0.86423442988401        3.70095831773333
H           -4.29195896111560       -1.95103378799106        2.65531354170269
H           -4.68445703444916        0.82473681804576        2.93932972260458
H           -3.89634672655842       -2.04228883227835        0.25147475218302
H           -5.07267646104116       -0.00496543411635        0.63468628448570
H           -1.99118567719132        0.04906683375658       -0.90348107010455
H           -3.65351372057031       -0.90186997727971       -2.28564409282204
H           -1.67203062691752       -2.92927986473127       -0.27597510583999
H           -0.63483910999683       -2.14587015420566       -2.22833669224694
H            1.91790107963631       -1.59231575521934       -0.30843916929414
H            2.89679175932908       -2.25853375112958        1.71709591207899
H            3.78485013704557        0.20120807539307        1.28886804552787
H            5.29403343193028       -0.92783346760162       -0.02689424131979
48
 energy: -84.839408942631 xtb: 6.7.1 (edcfbbe)
C            3.91738626198185        3.21513692914833       -0.76370090274488
O            3.57842284191308        2.06818504054520        0.00494434015100
C            3.38370668598130        0.90312984120141       -0.74573713397458
O            2.20512400414783        0.92211947390937       -1.50143721745530
C            0.97086049615528        0.87973291549483       -0.78979929841967
C            0.38299268742037        2.28741881545562       -0.63617290167233
O            0.04465260781808        2.84893079057267       -1.87964981103163
C            1.07181935257112        0.16668826005421        0.56916575867261
O           -0.23721919208800       -0.15086297964398        1.01250824623195
C           -0.71027549703367       -1.48082406595040        1.03694067711336
O           -1.77867496835346       -1.52631105300279        1.93682209402885
C           -2.87508069339277       -0.68692885258771        1.59728476787902
C           -3.90975855204297       -0.83627767405874        2.72423570621920
O           -5.00014592147217        0.03736312644535        2.56148320561828
C           -3.47196364130103       -1.08424872101176        0.23740806576009
O           -4.47046228023965       -0.19110402393407       -0.18712379276483
C           -2.35900644302194       -1.08453242991254       -0.81477068202603
O           -2.80628023355756       -1.57797530885528       -2.05481884264272
C           -1.21717075427155       -1.98625614136763       -0.33533936317001
O           -0.17921128501876       -2.04844997615490       -1.27518075691037
C            2.10569535647464       -0.95328352753228        0.45780297874736
O            2.15204821771427       -1.71620608768277        1.63995516633385
C            3.47361133550695       -0.28807155409935        0.23478019012983
O            4.34831964508003       -1.29448503509085       -0.20593651577637
H            3.13216791324520        3.45811817752165       -1.48287695112375
H            4.85765032648908        3.04990674360384       -1.29838257857737
H            4.03134378800220        4.02645007026189       -0.04947372562132
H            4.17024927213498        0.80524962225034       -1.51421050518298
H            0.30957007097665        0.28780255581047       -1.43393902488267
H            1.10067368146110        2.92470298963882       -0.10217874045937
H           -0.53738453742171        2.22628208567291       -0.05215364324634
H            0.77093680591208        2.67381940357294       -2.49383263776367
H            1.44478610035436        0.88043642571542        1.32087197647737
H            0.04791990573080       -2.16121413748785        1.43742799537019
H           -2.53443745543501        0.35679481298193        1.53442850798877
H           -3.40417191098711       -0.68825658341716        3.68302008789345
H           -4.31683900232651       -1.84974639299683        2.70326176666712
H           -4.73000949264227        0.93732991112292        2.78703919374571
H           -3.87777316775843       -2.10790670254154        0.31192690996878
H           -5.09496205501010       -0.06803121488967        0.54857020714778
H           -1.98594256211867       -0.05433109476691       -0.92912304965736
H           -3.61389362791673       -1.10059161026641       -2.28820385529155
H           -1.62631392586765       -2.99586170179771       -0.16186472027451
H           -0.58622912730705       -2.24403556782121       -2.13314045641488
H            1.86998548083479       -1.58984540301156       -0.40591433181912
H            2.89190972790829       -2.33556366713528        1.55952097773931
H            3.80044965801427        0.12315708143882        1.20211917775585
H            5.26092261806686       -0.97755384778542       -0.18307146350237
48
 energy: -84.837779225870 xtb: 6.7.1 (edcfbbe)
C            3.98224393826400        3.21505540321150       -0.75638916754309
O            3.63049201488621        2.05335897974909       -0.01626988551113
C            3.36571908990667        0.92339294578928       -0.79818551412422
O            2.15934919389825        1.00863629526558       -1.50497957281363
C            0.95380372921086        0.97313893167483       -0.74744951573612
C            0.43808165376315        2.39087778991497       -0.47403375422961
O            0.09253597682357        3.05767235334754       -1.66226835681684
C            1.06656282938911        0.16035450905699        0.55275624565010
O           -0.25322522824827       -0.14476529301485        0.97945578545906
C           -0.71697696581553       -1.47175782148822        1.09993836475918
O           -1.80563958439828       -1.45748854935577        1.97768990278871
C           -2.89941285456073       -0.64812812559528        1.56730525140980
C           -3.94250471869670       -0.71831250184994        2.69439095819589
O           -5.04249449687277        0.12407248004800        2.45173761640882
C           -3.48055073469758       -1.15143460729050        0.23701330094234
O           -4.47728466807211       -0.29998993839169       -0.26975945975984
C           -2.35358766807494       -1.22365792647707       -0.79579537189973
O           -2.78133668835451       -1.81364504686399       -2.00057311913060
C           -1.20498885046068       -2.07410755659475       -0.24311051188401
O           -0.16579853356316       -2.17990790701110       -1.17734410474773
C            2.08173525120233       -0.96410755786149        0.35821148244800
O            2.15218857762949       -1.78012479046070        1.50420059321652
C            3.45314536801676       -0.30415718602781        0.13619597403059
O            4.30800810612352       -1.30358684405162       -0.35673108765713
H            3.17953030380170        3.51303690197615       -1.43441316617673
H            4.89454115787946        3.03607684707606       -1.33352219034458
H            4.15388331262233        3.99469356793990       -0.01870957478513
H            4.11710664662223        0.82650297535533       -1.60113758278796
H            0.24047367570896        0.45913572994552       -1.40416288511529
H            1.20117115660285        2.95267482377194        0.08132607791221
H           -0.46723252750945        2.32780696634887        0.13240294712674
H            0.78936089098394        2.89127335108914       -2.31205197478889
H            1.46999547856420        0.81359477123428        1.34522417014106
H            0.03721897265996       -2.11738249919311        1.55942979002300
H           -2.56161451180874        0.38904723889353        1.42861672670922
H           -3.44842002712371       -0.48530566332755        3.64210310951023
H           -4.33515106979357       -1.73593736633008        2.75268918545131
H           -4.78936475775069        1.04134213822385        2.61880353053106
H           -3.88164537576831       -2.16866917993663        0.38592581896314
H           -5.11434896441311       -0.12471467744499        0.44389635195904
H           -1.98891424102173       -0.20094655672443       -0.98407915592274
H           -3.59954426137665       -1.37419375522563       -2.26912942013003
H           -1.60116027512090       -3.07616453920873       -0.00656814542035
H           -0.57236650926527       -2.42046629806788       -2.02416858703921
H            1.82120189780199       -1.55957636889630       -0.52548639953595
H            2.86838342662576       -2.41642205971681        1.36435582957647
H            3.80112673049850        0.06563332428458        1.11280344670381
H            5.22570265579188       -1.00242798704536       -0.32666886918302
48
 energy: -84.835817568766 xtb: 6.7.1 (edcfbbe)
C            4.03017681557867        3.22745045172987       -0.72539840119068
O            3.67361703475160        2.03950532088681       -0.03063917015895
C            3.33906330026837        0.95988417446352       -0.85476807211542
O            2.10473630667252        1.11503313418181       -1.50062868030345
C            0.93414745359809        1.07059488928041       -0.69210989201534
C            0.49459642974391        2.48185130115796       -0.28372359585569
O            0.13196995988435        3.25681776267075       -1.39885469995570
C            1.06283783301375        0.14986848874174        0.53248427553912
O           -0.26232061168099       -0.15241545544726        0.94869244663474
C           -0.72095863622183       -1.46717420274258        1.17014122095779
O           -1.82882101905877       -1.37834263250010        2.02237470306486
C           -2.91069353484405       -0.60122787686043        1.52806407671443
C           -3.96993114881621       -0.56346073201353        2.64139553066833
O           -5.06212708428235        0.25679343005204        2.30522682883989
C           -3.47640833002211       -1.21732287068978        0.23966201687707
O           -4.46409889349570       -0.41260112150044       -0.35340156665289
C           -2.33267893670124       -1.38058720480937       -0.76303271063391
O           -2.74180124740315       -2.06772593115339       -1.92183666404678
C           -1.19925459279138       -2.18707621233378       -0.11956331730095
O           -0.16171531472660       -2.40154640715558       -1.03484972052200
C            2.05174014501527       -0.97142150322475        0.22234192681395
O            2.14117908418635       -1.87050290588458        1.30197231053629
C            3.42814175546651       -0.31655851044569        0.01124373305534
O            4.25939819733333       -1.29755516829805       -0.55409616518302
H            3.20520270298702        3.59129029204775       -1.34167727235328
H            4.90360951566899        3.04904514434130       -1.35984021979001
H            4.26957349426224        3.95813476213156        0.04285325593741
H            4.04992837444300        0.88233920536997       -1.69564900783281
H            0.16893628745100        0.64477277202682       -1.35402352149078
H            1.30461194286990        2.96363693743587        0.28010131533725
H           -0.38734113729124        2.40685717932478        0.35463523395733
H            0.79195742519775        3.11220557161563       -2.09090381321126
H            1.50300745364665        0.72554370531335        1.36612471704849
H            0.02628087288566       -2.07143903058482        1.69266005120217
H           -2.56385925226812        0.41760199893609        1.30271237934397
H           -3.48875178186512       -0.24517008171247        3.57086016950702
H           -4.36905343438607       -1.56959509917327        2.78787073016465
H           -4.80304830037838        1.18490214474744        2.37584395364494
H           -3.88175157892384       -2.21735415265040        0.47089306726960
H           -5.10842081554227       -0.17343812566919        0.33503958011517
H           -1.95756478275236       -0.37922447817902       -1.02983935754209
H           -3.55712103785366       -1.65469917198062       -2.23692928388338
H           -1.61166136248476       -3.15564024003000        0.21163756602599
H           -0.57504991643151       -2.69398972506520       -1.86237914260120
H            1.75979477225775       -1.49640781455870       -0.69435507588487
H            2.81631509775117       -2.52682968577812        1.07725215526460
H            3.80012478521607       -0.00612603964083        0.99936642700336
H            5.18348424342766       -1.01869656411063       -0.50946525425634
48
 energy: -84.834214792937 xtb: 6.7.1 (edcfbbe)
C            4.07968287741924        3.22907379720272       -0.68752645375113
O            3.71360126970048        2.01096853634470       -0.05240458807257
C            3.29408613853037        1.00188448537798       -0.92489199383247
O            2.03117875676674        1.24041795582023       -1.48615973119461
C            0.90760398176501        1.17801531737526       -0.61602126614304
C            0.55738542539523        2.56639276611930       -0.06473653111429
O            0.15979238039138        3.44790249127539       -1.08440965814604
C            1.05690876086703        0.15191319684483        0.51956003284494
O           -0.26988272961200       -0.15029933770521        0.93064093189435
C           -0.71861842643526       -1.44561631802695        1.25679832788088
O           -1.84877318546811       -1.28165671398551        2.07192690117047
C           -2.91311720483595       -0.54947838088207        1.47962858277385
C           -4.00407189949058       -0.40834728944919        2.55331825694660
O           -5.07706628151707        0.38875154916418        2.11455120766762
C           -3.44801057287733       -1.27355806576151        0.23471063147856
O           -4.40465575137778       -0.51226075863240       -0.45832628325979
C           -2.27889944894424       -1.54656021239812       -0.71342987423041
O           -2.66525623177842       -2.34169598611962       -1.80923551600872
C           -1.17777534970202       -2.29782823589689        0.04319434243778
O           -0.13363898904304       -2.65192459794343       -0.81727979397234
C            1.99748776680100       -0.96443062789120        0.07400146736319
O            2.10368108089124       -1.94306968052490        1.07814097883078
C            3.38330578812281       -0.33437916677086       -0.15469369505338
O            4.15532160135271       -1.29333946008336       -0.83097389566525
H            3.23937729632333        3.66044897014062       -1.23576637336828
H            4.91317818130966        3.06270336396497       -1.37663543562870
H            4.38425887965601        3.89920773109485        0.11217537608628
H            3.95281560502985        0.95838710404726       -1.80956075492414
H            0.08587702054530        0.84548831739853       -1.26334475336852
H            1.42146034854265        2.96588513221776        0.48273597101867
H           -0.28565391236905        2.47059791072456        0.62150388396548
H            0.77317584094727        3.34575169516436       -1.82498997094234
H            1.54367787637629        0.63531032951804        1.38568867618139
H            0.02117532490147       -1.99280801246498        1.84918041981032
H           -2.55521051940836        0.44433339984415        1.17433661015822
H           -3.54734503431171       -0.01530373208663        3.46633143604509
H           -4.41828713608439       -1.39488992229650        2.77320642612364
H           -4.81347163353191        1.31836965405453        2.12043335005567
H           -3.87666607232477       -2.24284836868690        0.54248003292332
H           -5.06689960104630       -0.20730563253421        0.18558965896777
H           -1.88093833658298       -0.58209402623187       -1.06787529712464
H           -3.46529304648873       -1.95350575596070       -2.18849531916775
H           -1.62258607318434       -3.20894279969740        0.48024949073892
H           -0.54466722721495       -3.02851190405503       -1.61122316066790
H            1.65021877441688       -1.40859391633755       -0.86540696585942
H            2.69131653713759       -2.63663662746550        0.74854426889695
H            3.81097752406482       -0.10864509696469        0.83353557814620
H            5.08923817278815       -1.04727335467754       -0.80559048657573
48
 energy: -84.833277441266 xtb: 6.7.1 (edcfbbe)
C            4.13687260972246        3.21394303916159       -0.67789034665483
O            3.75447344931954        1.97503840479236       -0.09483243771127
C            3.24068004473046        1.03997943122523       -0.99873116968400
O            1.95633898994436        1.36042325278052       -1.46271625366061
C            0.88781063693342        1.28586779613751       -0.52820102304427
C            0.64512846086033        2.64177094646584        0.14867065641666
O            0.22334121204482        3.61703697054445       -0.77108554183671
C            1.04525641276895        0.16629850985664        0.51411615352130
O           -0.28479830334411       -0.13401814238336        0.91374160383248
C           -0.71457513640033       -1.40691991173095        1.33569428113565
O           -1.87018190796825       -1.19297973277270        2.10634479854490
C           -2.91954703042268       -0.51405731243436        1.42967607930031
C           -4.04498510689980       -0.30380570107433        2.45522952245242
O           -5.10654828494726        0.45142894331629        1.92443942910875
C           -3.41413848709690       -1.32737386887845        0.22350195878174
O           -4.33478317763546       -0.61152895452186       -0.56121608265825
C           -2.21662080106809       -1.68675723633669       -0.65808447163009
O           -2.57520212177558       -2.57576559539901       -1.68952921792208
C           -1.14535018215158       -2.37213945391297        0.19787267723463
O           -0.09082463350955       -2.83290312417867       -0.59573899405716
C            1.93146425988811       -0.94437274637395       -0.04051007064253
O            2.06185120421717       -1.96153378700285        0.92048797725684
C            3.32283289977080       -0.34632277280490       -0.32191703000246
O            4.01343323464363       -1.28152154146676       -1.11031839504477
H            3.28609203168158        3.71259931933745       -1.14729485790049
H            4.92032782194029        3.05629922631971       -1.42532399257732
H            4.51737547414914        3.82063171825488        0.13974072857455
H            3.84146396667226        1.02882041666103       -1.92468798553181
H            0.01039239790727        1.04738059613313       -1.14303882061722
H            1.56256887217006        2.95869783276094        0.66195798487548
H           -0.15411262141990        2.53012032861535        0.88331213274430
H            0.77907739559304        3.54781814913354       -1.55941568447692
H            1.56986596040126        0.55861448915767        1.40410932170276
H            0.02029714957421       -1.88884769703910        1.98867015427207
H           -2.55776838157166        0.45810150201746        1.06506962948926
H           -3.62082690632043        0.15829818970076        3.35144895358796
H           -4.46166720017390       -1.27460668723479        2.73290256761851
H           -4.84648692358135        1.38043482902876        1.87089694128635
H           -3.86649741231421       -2.26602252604924        0.58716814863268
H           -5.02229520410951       -0.26029105149355        0.03034813384939
H           -1.80054314654028       -0.76019020138527       -1.08496807015756
H           -3.35860666117284       -2.21793237260256       -2.12842011420810
H           -1.61590144120881       -3.22624930616703        0.71611255455178
H           -0.49285860861206       -3.28740427973756       -1.35272776492176
H            1.51830086717663       -1.33640423704464       -0.97594807970358
H            2.49231033580304       -2.71711748514226        0.50037949663763
H            3.81924410759653       -0.20250012014783        0.64897857139378
H            4.95831844069144       -1.08003832453026       -1.11478902714548
48
 energy: -84.832482492699 xtb: 6.7.1 (edcfbbe)
C            4.18530095842715        3.19372138224875       -0.68714135612559
O            3.79146758007624        1.93754280693174       -0.15086425322656
C            3.18411420688619        1.07631541452503       -1.07028861685393
O            1.88678721907223        1.46946426996311       -1.42982983613314
C            0.87867944559352        1.38065112767267       -0.43268649252051
C            0.75225277893835        2.69231584868924        0.35478891517751
O            0.32721810090578        3.75253921590545       -0.46435388955187
C            1.03149111300696        0.17796811219759        0.51270176530519
O           -0.30473812031517       -0.12109861121859        0.89035277687696
C           -0.71734754488058       -1.36720472924709        1.39746654930868
O           -1.89954891539460       -1.11980812291299        2.11956750758006
C           -2.93263591804970       -0.49323413881023        1.37168549625575
C           -4.08595686172598       -0.21711599248750        2.34933273834863
O           -5.12890392789042        0.50404667303307        1.73991168855765
C           -3.39062809696047       -1.38988559921166        0.21112110014231
O           -4.29039979388097       -0.73548411166695       -0.64786154403431
C           -2.16582477174544       -1.80383809754151       -0.60655537645094
O           -2.49018797223091       -2.76516576597218       -1.58327780492300
C           -1.11867718692218       -2.42272691418812        0.32737911142642
O           -0.05596750964460       -2.95765953834555       -0.40641326485959
C            1.87657543333013       -0.92459116082000       -0.11449394265378
O            2.05618474651265       -1.93794671624826        0.84417515664449
C            3.25899550633529       -0.35017922846864       -0.48212110509988
O            3.84729574537800       -1.25847645312172       -1.37845164832662
H            3.32668685126711        3.75160242103304       -1.06739553300351
H            4.91006858256369        3.05183531352404       -1.49459028292755
H            4.64440425469827        3.73580650709037        0.13559627740898
H            3.72385029568863        1.09945634141346       -2.03310602004328
H           -0.04743131944450        1.23570649425562       -1.00399662167275
H            1.71491471733266        2.92528953604608        0.82871958970006
H           -0.00615704735184        2.56631823907350        1.12949459168043
H            0.82670923105275        3.71254606721900       -1.29135345157810
H            1.57624833215055        0.48635435370602        1.42398654838261
H            0.01139974695929       -1.78585291961290        2.09934523036614
H           -2.56455256903489        0.45389397434515        0.95202035496283
H           -3.68615538928880        0.30142463527402        3.22572568938822
H           -4.51389169709846       -1.16721769434874        2.67706203118360
H           -4.86382394129399        1.42728349175220        1.63439529768890
H           -3.85026332306095       -2.30348484440687        0.62599507722688
H           -4.99550791905950       -0.34659134027465       -0.10263205058066
H           -1.73842099956618       -0.90818806922944       -1.08521976798283
H           -3.25867547050054       -2.44116494812062       -2.07177855992283
H           -1.60642305063923       -3.22910194617501        0.90341373612291
H           -0.45304918762473       -3.45390561092885       -1.13988165282347
H            1.40032091923808       -1.31024020232352       -1.02153814297868
H            2.32020976929392       -2.74758458398493        0.38989222150882
H            3.83736727807931       -0.28224915496692        0.45087949046511
H            4.79662428398735       -1.09208601027980       -1.44569271265633
48
 energy: -84.831358295397 xtb: 6.7.1 (edcfbbe)
C            4.23417134907819        3.17338546226366       -0.73292988396403
O            3.82906775127481        1.90731422205395       -0.23017463626957
C            3.12046596430728        1.11737109981378       -1.14178121984483
O            1.81736618815167        1.57556454213541       -1.38164242352072
C            0.88159438178112        1.46953451783091       -0.31886133711251
C            0.89269293700599        2.72137713723759        0.57002614457888
O            0.48008394626356        3.86376170414349       -0.13781142735851
C            1.01703415598652        0.18838711876510        0.52023632807727
O           -0.32790950534666       -0.10838259117911        0.86778313045509
C           -0.73125562957649       -1.32293767578786        1.45001781861325
O           -1.94058155614433       -1.05040570317705        2.11939675281297
C           -2.95624280326106       -0.48058804997539        1.30614871210142
C           -4.13739361611173       -0.14840623796791        2.23144578930467
O           -5.16699257641398        0.52157235090143        1.54533125167754
C           -3.37610991620604       -1.45546030145873        0.19573033110562
O           -4.25849160339626       -0.86863676203147       -0.72736221757451
C           -2.12384930015590       -1.90733124206292       -0.55706303758986
O           -2.40880405055557       -2.93207339411410       -1.48048051302832
C           -1.10008669464326       -2.45570985641459        0.44532589072234
O           -0.02588760688033       -3.04564771734170       -0.22766722319005
C            1.83210426344223       -0.90228377011865       -0.16473732702598
O            2.08340869368191       -1.89658133771071        0.80107010188982
C            3.18928798004055       -0.34037374864215       -0.63486110916190
O            3.66314870540219       -1.21444398478291       -1.62853458231423
H            3.37407205925060        3.78285220398066       -1.01901070233924
H            4.89044183136155        3.04618969882170       -1.59932668905061
H            4.77531608877885        3.65428182314635        0.07788279806940
H            3.58752959420424        1.17261468364344       -2.14079733161282
H           -0.08935745377834        1.42476445525729       -0.82930686583013
H            1.89785293835040        2.86177617950717        0.98887308932181
H            0.18086853555153        2.58156980705169        1.38559826196271
H            0.91840648757511        3.85756639576961       -0.99963949180118
H            1.56892597356276        0.41298994698507        1.45210174766874
H           -0.01362624877770       -1.68059885957702        2.19592658039462
H           -2.58234787080034        0.43991379555816        0.83587690010098
H           -3.76528346634350        0.43180994722205        3.08096906258851
H           -4.56893716487540       -1.07716172396171        2.61122508702536
H           -4.90318139942646        1.43658045676375        1.38159169737822
H           -3.83821871616561       -2.34488089095744        0.65770971031666
H           -4.97997456074799       -0.45152390903184       -0.22607752966670
H           -1.68898816667009       -1.03952725067773       -1.07852268288307
H           -3.16424181603181       -2.64784727227840       -2.01214210330116
H           -1.60147917067754       -3.21918843996830        1.06632674144496
H           -0.41369037754536       -3.57779050495445       -0.94116551858440
H            1.29734088707446       -1.30282049041102       -1.03088524894392
H            2.16999155398121       -2.75085758915775        0.36086993546401
H            3.85184451682546       -0.33994698173120        0.24267505171214
H            4.60991305556426       -1.07977154123370       -1.76587280180294
48
 energy: -84.837205520081 xtb: 6.7.1 (edcfbbe)
C            4.67039720284364        2.18510592378563        0.49525549255478
O            3.96590140354093        1.02637694116262        0.07322187069038
C            3.25448648829867        1.19880336684493       -1.11390757528610
O            2.20831331486553        2.12448806865667       -0.99031977429818
C            0.95159944625929        1.60595768685601       -0.56946027311229
C            0.25125558968928        2.75190900627524        0.17360467533275
O           -0.04252018102603        3.82470578173163       -0.67963074308846
C            1.08803279622601        0.34725795284401        0.30247873725487
O           -0.24082858486499        0.09186118846836        0.72872089958434
C           -0.59705357949846       -0.97549829332908        1.57034152454067
O           -1.82287200728619       -0.59993277207254        2.15034893550089
C           -2.85317249055381       -0.34047030192723        1.20377652068175
C           -4.08433004615699        0.11997080630465        2.00021875517283
O           -5.13331019941754        0.52422626015428        1.15477094972825
C           -3.17326230353755       -1.58806919670234        0.36153589492831
O           -4.05236437837786       -1.29927857188750       -0.69506584812074
C           -1.87463345424412       -2.14189835296256       -0.23428697052353
O           -2.06835952981941       -3.38404259312911       -0.86510145919345
C           -0.87648729639032       -2.34729796252937        0.90805436281993
O            0.27128118193029       -3.03218820518590        0.49337734795485
C            1.78289661050674       -0.76775300572189       -0.50691846846293
O            2.53812597878443       -1.61111373518374        0.32019484346303
C            2.73672257680093       -0.17423518646623       -1.56139316811957
O            2.04468610175823       -0.08711890617279       -2.77916203212301
H            3.98413146166285        3.01891983317816        0.66457485964587
H            5.41372442699418        2.47469694310303       -0.25472529360550
H            5.16323106493923        1.90961482778490        1.42376875385495
H            3.91640943933619        1.63476585998084       -1.88700655581487
H            0.36120695944516        1.33806455901516       -1.45820234856742
H            0.89816396510615        3.07602975151903        1.00101960562938
H           -0.69693241844190        2.39974205343161        0.57900329118488
H            0.77136222633716        4.07161231410775       -1.13908081297815
H            1.72516583695650        0.55960884759774        1.17627237471895
H            0.12188174935254       -1.09117065053142        2.39373296738370
H           -2.53277303304882        0.45788635526014        0.51921659582282
H           -3.77985085244437        0.91549105795123        2.68648348311709
H           -4.46426793671905       -0.71708527144664        2.59038934835625
H           -4.93400708242481        1.39426596970677        0.78421988697894
H           -3.60439607334850       -2.36300752358850        1.01869325875944
H           -4.81543936035929       -0.82119973376443       -0.32699920772232
H           -1.47123994188201       -1.40862044088435       -0.95076612858546
H           -2.80906054763751       -3.29474262904261       -1.47935891488517
H           -1.37609260559900       -2.93771217373260        1.69552056676698
H           -0.02482066998160       -3.76420578218588       -0.07089366941272
H            1.01989715210629       -1.32741684746961       -1.06255393417502
H            1.94736022333119       -2.30903138414109        0.65032303090164
H            3.59448515367174       -0.85748280830004       -1.62779533998831
H            2.64735480178936        0.18921064600598       -3.48300532576918
48
 energy: -84.838076280706 xtb: 6.7.1 (edcfbbe)
C            4.76440471370637        2.02672334322253        0.43176482419818
O            3.99238374583008        0.92939088478723       -0.03353835917229
C            3.23223042157438        1.21450796697268       -1.16708085140026
O            2.23678062156539        2.17133835281130       -0.92191949399814
C            0.97377986605135        1.67581005023423       -0.49487831294890
C            0.34913963706444        2.79316701324998        0.35234886652458
O            0.09496164658390        3.94333344765435       -0.40809896794233
C            1.07050889257249        0.35023964011956        0.28047314383905
O           -0.27092358739533        0.11332592026901        0.67572568601493
C           -0.63679960379202       -0.88515892725850        1.59366073593602
O           -1.88571520056634       -0.49155864118313        2.10533711943818
C           -2.89658144418879       -0.33812809771564        1.11614331418381
C           -4.15568315741692        0.16127869702417        1.84274175785117
O           -5.19132846170220        0.47150328692587        0.94312160646363
C           -3.16810630110728       -1.66281097466640        0.38248951792871
O           -4.03311529122829       -1.49444170031680       -0.71113878849034
C           -1.84263229358019       -2.22825401280758       -0.13830795994772
O           -1.98935241451048       -3.52279510540482       -0.66807437232335
C           -0.86304735481203       -2.31149061488952        1.03546890387079
O            0.31638953622638       -2.98305181484162        0.69471791310681
C            1.73029902566880       -0.73310924826118       -0.60258175249989
O            2.53936801553696       -1.59644571906743        0.14647973094284
C            2.63086167024118       -0.10081591870252       -1.67977807783512
O            1.86708147580356        0.09861913430423       -2.83944719278338
H            4.12309762580310        2.87183456244093        0.69467800705225
H            5.48183886604639        2.34132933589370       -0.33327987625368
H            5.28988781455693        1.66613332792853        1.31189892992327
H            3.87431061676824        1.67637720400994       -1.94227637188690
H            0.34312792541707        1.49851496235722       -1.37848881386664
H            1.02841292278700        3.01915007434642        1.18642917659692
H           -0.60841642019083        2.45863077382234        0.75100119701865
H            0.91163146085420        4.18269471326058       -0.86664050620369
H            1.70848384362144        0.48023302072905        1.16951866112812
H            0.05941328461685       -0.91737990778964        2.44379184082632
H           -2.57534183975472        0.40489082797803        0.37226949812039
H           -3.88305126172328        1.01739003213524        2.46692932000910
H           -4.53362220883203       -0.63171889387747        2.49225235849869
H           -5.00169454050972        1.31371423758592        0.50879595080062
H           -3.59111595779230       -2.38826749606885        1.09871864814889
H           -4.81348174244297       -1.00237880593722       -0.40294371421956
H           -1.44390214814619       -1.54511042899301       -0.90522992303513
H           -2.72182234407410       -3.50622361632179       -1.29828857904731
H           -1.35944771644998       -2.85811398749226        1.85572425002412
H            0.05828224083514       -3.76188603714225        0.17597300780918
H            0.94050855854151       -1.28031044056510       -1.13559531921035
H            1.95906367068661       -2.23741162195745        0.59323335586692
H            3.45451447699830       -0.80782421335622       -1.85046315143599
H            2.43441730280094        0.40455508625748       -3.56015192590074
48
 energy: -84.838851644353 xtb: 6.7.1 (edcfbbe)
C            4.85116418146245        1.84359763908352        0.37164271697460
O            4.00726373261763        0.82573345562344       -0.14557591764674
C            3.21156118449416        1.23879742599303       -1.21327490492883
O            2.27752684949381        2.21588734763165       -0.83973235251721
C            1.00430685007258        1.74583565971537       -0.41670978665662
C            0.45413488229731        2.81907094750790        0.53332883498575
O            0.23103558696907        4.03554652657186       -0.12711166001181
C            1.05039520387912        0.35917343519577        0.25128980517394
O           -0.30199408496242        0.14077933569120        0.61874590590590
C           -0.67977487771384       -0.78145161659751        1.60872012222392
O           -1.94955293607418       -0.37331610985771        2.04891571141220
C           -2.93479796849265       -0.33887112473134        1.02289461461352
C           -4.22572101895330        0.19235277255578        1.66639686851650
O           -5.24478866914816        0.38395172173840        0.71627014525605
C           -3.15441201545233       -1.73334044288381        0.41116874006406
O           -3.99380355404797       -1.69058274415949       -0.71416221487276
C           -1.80315344594476       -2.31124931952105       -0.02303691308211
O           -1.90596345592171       -3.65417525007531       -0.42748527059583
C           -0.85040950146297       -2.25592294281010        1.17381992802079
O            0.36154372059058       -2.90940367674259        0.92176143222109
C            1.65444711512755       -0.68009026332137       -0.72356494852319
O            2.48005366433541       -1.60444866600446       -0.07598280742570
C            2.52434335937861       -0.00274839655187       -1.79809679066116
O            1.71664402525588        0.31927283839259       -2.89827243770473
H            4.26388475838962        2.68786662897308        0.74172717582426
H            5.54371057168802        2.19544576051122       -0.40018628648518
H            5.40233476890286        1.38354616528973        1.18743548046661
H            3.83940525720246        1.73366046370765       -1.97998462481311
H            0.34282253735954        1.66700655072656       -1.29177686792125
H            1.16552741579531        2.95002489863989        1.36106725665401
H           -0.50707347588749        2.49563041739827        0.93325620905243
H            1.04606419948232        4.27751542610507       -0.58715220480363
H            1.69030030660896        0.39292970065973        1.14637454866653
H           -0.00798015116096       -0.72310433253042        2.47745227645500
H           -2.60887495555422        0.34003585655675        0.22204789704504
H           -3.99248308376438        1.11224453695918        2.21052977529246
H           -4.59968248298947       -0.54460431488202        2.38090936524479
H           -5.06701581232899        1.18631303503554        0.20794234275553
H           -3.57893610510244       -2.39929714405847        1.18218120676236
H           -4.79308619734344       -1.19158626992526       -0.47226045053873
H           -1.40407643093207       -1.69483359571592       -0.84433213803756
H           -2.62619666253979       -3.71875205556834       -1.06862567699667
H           -1.34862588532352       -2.74627423052758        2.02761114731237
H            0.14441879510977       -3.74346521463663        0.47479617811219
H            0.82715133214215       -1.17734490168018       -1.25274206825652
H            1.91725756648522       -2.17761257874299        0.47663020420760
H            3.30572756595310       -0.72808754008877       -2.06388375373764
H            2.26537593135078        0.63834384132232       -3.62748077717621
48
 energy: -84.839677244106 xtb: 6.7.1 (edcfbbe)
C            4.88686480085258        1.63404781889058        0.35922083408265
O            3.97648286033756        0.71268378496999       -0.22275269701072
C            3.19703622102676        1.25742213085210       -1.24211587794439
O            2.32193343703265        2.24958386476682       -0.77524953973752
C            1.03493750750976        1.80911100233438       -0.36139113735678
C            0.55353497130508        2.82725603642837        0.68156689248374
O            0.37195578270483        4.10050486929002        0.12376389031525
C            1.02492778962875        0.37286415797373        0.19510963217466
O           -0.33366268051185        0.16943863156602        0.55020724823051
C           -0.71421955900516       -0.66783360655719        1.61158257128848
O           -2.00122852969371       -0.25300811201784        1.98650989282909
C           -2.95943437741644       -0.34610732682680        0.93780019057551
C           -4.28197260750762        0.20512255899628        1.49381040827257
O           -5.27595614258295        0.28111291979929        0.50159307607481
C           -3.12450550823992       -1.79790085576469        0.45412777610680
O           -3.93033417964907       -1.88161578609368       -0.69351760570039
C           -1.74921091890327       -2.38272418771075        0.11101914240179
O           -1.81212823804206       -3.76239443572427       -0.15327301544351
C           -0.82719229061131       -2.17968431754075        1.31509167233939
O            0.41771578635040       -2.80238756779062        1.15347608249234
C            1.54611851726581       -0.60639426344188       -0.88490978242029
O            2.32119566408189       -1.64280496108227       -0.35962993342941
C            2.43205979627445        0.11183757913664       -1.91868934527677
O            1.62336548432500        0.57522806882488       -2.96605200056658
H            4.35663023921802        2.48648569428821        0.79157298774088
H            5.59892544287030        1.99352105817173       -0.39086234040336
H            5.40868549282428        1.08258468388275        1.13664011191718
H            3.84483584564503        1.77950649949290       -1.97265154436464
H            0.35350906466877        1.82929047359006       -1.22432905404514
H            1.28677432146833        2.86243672543825        1.50028383309391
H           -0.41352893147659        2.51504632090800        1.07751524178856
H            1.18187194424040        4.33728030140427       -0.34783474310643
H            1.67517866583578        0.30164963382406        1.07820418275750
H           -0.06340901937554       -0.51189582482045        2.48494526214738
H           -2.62961997103422        0.26423101900822        0.08496826667414
H           -4.08868797235514        1.17722773415032        1.95666212699033
H           -4.65954452679404       -0.47339442686013        2.26221527394669
H           -5.09927539262199        1.03558192035883       -0.07547753009586
H           -3.55658750382198       -2.40038294644360        1.27175747703209
H           -4.74893948974680       -1.38463909827138       -0.52241251965157
H           -1.34532493389610       -1.84470018101454       -0.76105481693082
H           -2.50760668541492       -3.91051630284684       -0.80778263951255
H           -1.32675237499159       -2.60714524182518        2.20063032963878
H            0.24354194597760       -3.69811226972794        0.82195752143206
H            0.67154200372328       -0.99499828642746       -1.43335063633300
H            1.78083240038885       -2.13114141915705        0.29289879729907
H            3.16417673314145       -0.63004400382467       -2.26609018923038
H            2.17448770924672        0.93876957813167       -3.67221872325032
48
 energy: -84.840928423783 xtb: 6.7.1 (edcfbbe)
C            4.91140291600653        1.39896244146812        0.36638857285104
O            3.93707010624302        0.59212270016207       -0.27901133103240
C            3.19717602459634        1.26784355891540       -1.24864165168895
O            2.38319511732025        2.26982677233267       -0.69896691270724
C            1.06996764227068        1.87399345235946       -0.32194545555380
C            0.64035260969951        2.83045087961570        0.79891460045733
O            0.54989862127342        4.15555651864445        0.35087081338276
C            0.98386316291793        0.40243113529738        0.12237347027944
O           -0.38259853486386        0.21252751211155        0.45811388082148
C           -0.76136902058142       -0.53516030561016        1.58558992517672
O           -2.06442159143433       -0.13272047654412        1.90256848762334
C           -2.99866671550096       -0.36795096313076        0.85317369132260
C           -4.35227710290487        0.18316147699997        1.32871837792963
O           -5.32524514240618        0.13103679223336        0.31419040709993
C           -3.09788063347166       -1.86633378941460        0.51517317573555
O           -3.88726076962954       -2.09694381181963       -0.62365819906459
C           -1.69695552365700       -2.42882560527526        0.24127036825378
O           -1.70644547510914       -3.82945476020293        0.11903458497934
C           -0.79705221884240       -2.06983904713444        1.42493457699556
O            0.48668273323302       -2.62461690366816        1.31937787856661
C            1.42476085755747       -0.50707663218846       -1.04931430851379
O            2.09639417539869       -1.66212806757031       -0.64303538984388
C            2.36796977616336        0.23004548456128       -2.01755692185545
O            1.60280741606865        0.82523982813317       -3.03063193414260
H            4.44393698349082        2.25309176703044        0.86294267344261
H            5.64861053619147        1.76043209268429       -0.35792801368585
H            5.39082742642750        0.75464939694081        1.09830702963913
H            3.87862045911754        1.80796731585642       -1.93371099863589
H            0.39527045910888        1.99934780681604       -1.18097267562920
H            1.36173985682113        2.74843719293967        1.62494661184390
H           -0.35129002161284        2.55047866949337        1.15726152400569
H            1.38247444177003        4.37867015607330       -0.08697944870783
H            1.63410536693744        0.22469674238214        0.98807549471029
H           -0.13272182057294       -0.27626581671135        2.45115013584325
H           -2.67427925576250        0.16750159887331       -0.05035153826375
H           -4.20264375826802        1.20016830487979        1.70313861890650
H           -4.72440521345632       -0.43480558801442        2.14912972066772
H           -5.16090615450894        0.83345948697434       -0.32886990669506
H           -3.51429025033323       -2.40126391895182        1.38621803012992
H           -4.72445223092626       -1.61434837492897       -0.51128770206978
H           -1.30308209034435       -1.96720156380229       -0.67744648293229
H           -2.38156144514840       -4.06916027154345       -0.52955230130606
H           -1.27709900180600       -2.44618900951564        2.34305246640258
H            0.37026988234129       -3.57055188082776        1.13427135212245
H            0.51512829461311       -0.75670600223233       -1.62432248125095
H            1.60547493006115       -2.06694064056458        0.10104990206410
H            3.05472880683130       -0.52870284512096       -2.41720021140683
H            2.18417396538691        1.20108683570232       -3.70536745340420
48
 energy: -84.842440124585 xtb: 6.7.1 (edcfbbe)
C            4.86035184396821        1.12988802184834        0.47856344489653
O            3.86064435905162        0.45101445178796       -0.26808610178004
C            3.22479717562745        1.24966471871172       -1.21920659623951
O            2.45635766964666        2.27006862869607       -0.63856264851035
C            1.10661074289706        1.93733148729469       -0.33209675659482
C            0.69424005141086        2.83498180345822        0.84206178631035
O            0.69972044404683        4.19238589470994        0.49353590590182
C            0.93225144649935        0.44566650987352        0.00164529680970
O           -0.43947782035549        0.26538893215665        0.32554653103785
C           -0.79794184324430       -0.38984192423690        1.51672022191427
O           -2.11172977601230       -0.01446496232622        1.80607450982719
C           -3.04236922339296       -0.39205421821250        0.79470386992430
C           -4.41741426972115        0.12842163854496        1.24332079721462
O           -5.40624985459064       -0.08481510914614        0.26626745094860
C           -3.06643906026169       -1.91828506098132        0.59431315183254
O           -3.85405101443214       -2.29017355623855       -0.50773644174078
C           -1.64270912085234       -2.43741654288749        0.35051853592485
O           -1.58968708436004       -3.84246778441754        0.35949565101691
C           -0.74489740704581       -1.93042580321461        1.47990650787486
O            0.57592114963883       -2.39393748110227        1.37372096031322
C            1.29995712639144       -0.37851698605820       -1.25078670677016
O            1.77643239507578       -1.66307251298834       -0.97117848115894
C            2.36787051255139        0.33376718083887       -2.10478595003799
O            1.72396395426204        1.05730881076105       -3.11931676993131
H            4.43376994387039        1.97730976311153        1.02110130642133
H            5.65491752055564        1.48755664515498       -0.18420539003942
H            5.25669434458270        0.39737371361384        1.17648492575827
H            3.97957319168900        1.78442720958093       -1.82623037507801
H            0.47286990096918        2.16522850958625       -1.20120492090096
H            1.37768297164454        2.64801825014873        1.68341537107683
H           -0.32565049337046        2.59210626454457        1.14488870560087
H            1.56031624522188        4.39575760008198        0.10279826108730
H            1.57892136082252        0.16373193849660        0.83993528826671
H           -0.18173597324820       -0.02909284885933        2.35464712236025
H           -2.75524355899210        0.07640458956083       -0.15742830023825
H           -4.32115964147794        1.18583530225427        1.50640022561530
H           -4.73464420774532       -0.42038902577554        2.13306663587485
H           -5.30251796572091        0.55971743859978       -0.44605139949725
H           -3.44676398669964       -2.39163674601278        1.51606293409333
H           -4.71768514660975       -1.85067304448570       -0.42128921395376
H           -1.28081854718462       -2.04632759190893       -0.61276344653050
H           -2.25201020384858       -4.17140831039049       -0.26253546254472
H           -1.17456534451534       -2.26750489662334        2.43652023438384
H            0.53563636895761       -3.36195461418727        1.31709083816623
H            0.38744167713188       -0.43282819455913       -1.87171954490071
H            1.39714500383760       -1.97010345494292       -0.12289649599841
H            3.01536306202196       -0.45388770055361       -2.51322713847717
H            2.37630967851765        1.40192273340866       -3.74401328982175
