48
 energy: -84.824806004671 xtb: 6.7.1 (edcfbbe)
C            5.10618100000000       -0.28480600000000       -1.52398700000000
O            3.98854300000000        0.59397000000000       -1.54093200000000
C            3.24797000000000        0.61234900000000       -0.37765100000000
O            2.52134800000000       -0.59694900000000       -0.28562200000000
C            1.68030000000000       -0.69572600000000        0.85199400000000
C            1.16979800000000       -2.13711800000000        0.87958600000000
O            2.19887300000000       -3.03994300000000        1.18229100000000
C            0.58826200000000        0.39061300000000        0.76965500000000
O           -0.27148300000000        0.39165800000000        1.89840700000000
C           -1.66653900000000        0.22712000000000        1.82559600000000
O           -2.28912100000000        1.07574800000000        0.89937500000000
C           -2.56112600000000        0.65146600000000       -0.43465100000000
C           -3.43027100000000        1.77005300000000       -1.03178600000000
O           -2.72553400000000        2.98231500000000       -1.07150100000000
C           -3.24401300000000       -0.71837300000000       -0.48591200000000
O           -3.47226500000000       -1.16118500000000       -1.79676400000000
C           -2.38663800000000       -1.71883400000000        0.30409600000000
O           -2.99746600000000       -2.98398400000000        0.36987800000000
C           -2.23895500000000       -1.20826000000000        1.74290600000000
O           -1.47844500000000       -2.06591600000000        2.54451700000000
C            1.26455600000000        1.77137900000000        0.69135200000000
O            0.35049700000000        2.82737700000000        0.55216600000000
C            2.30508800000000        1.82059800000000       -0.44048300000000
O            3.08145700000000        2.98280200000000       -0.33965200000000
H            4.78186700000000       -1.32512200000000       -1.45445200000000
H            5.76810200000000       -0.04772800000000       -0.68560500000000
H            5.62234500000000       -0.11698600000000       -2.46552100000000
H            3.89958700000000        0.71681500000000        0.51602500000000
H            2.26836100000000       -0.51944100000000        1.76758400000000
H            0.73460800000000       -2.37503900000000       -0.10088300000000
H            0.42267200000000       -2.23883800000000        1.66737100000000
H            2.90640600000000       -2.92038800000000        0.53537200000000
H            0.03403300000000        0.21821700000000       -0.15942300000000
H           -1.96376300000000        0.62639600000000        2.80662600000000
H           -1.63551000000000        0.59908700000000       -1.03048300000000
H           -4.34582900000000        1.86171300000000       -0.43719400000000
H           -3.69151000000000        1.51941100000000       -2.06128000000000
H           -2.55795900000000        3.25937600000000       -0.16019100000000
H           -4.23541600000000       -0.65706800000000       -0.02323500000000
H           -2.64569900000000       -1.16785000000000       -2.30001900000000
H           -1.39503900000000       -1.81067400000000       -0.16767300000000
H           -3.40550900000000       -3.17508000000000       -0.48709600000000
H           -3.26394000000000       -1.13564500000000        2.14705300000000
H           -1.86383100000000       -2.95213500000000        2.46978200000000
H            1.76732700000000        1.95716300000000        1.64763900000000
H           -0.21929100000000        2.68370700000000       -0.21802800000000
H            1.79427600000000        1.78336300000000       -1.41773300000000
H            2.48269400000000        3.73038600000000       -0.18803000000000
48
 energy: -84.821410569930 xtb: 6.7.1 (edcfbbe)
C            5.08367912668906       -0.31484388712594       -1.56249029459241
O            4.04953927718613        0.65810216150651       -1.48923191358256
C            3.30276875344567        0.62539241660464       -0.32989426368787
O            2.48337535379497       -0.52556092413289       -0.35235979826195
C            1.62431995631572       -0.66546753700441        0.76907233191504
C            1.05879035578032       -2.08233428578069        0.67890387251457
O            2.05707514292909       -3.04220261273068        0.90024056076451
C            0.60968988541729        0.49858913531183        0.76255249358479
O           -0.29151949852244        0.51306474738254        1.85833724422068
C           -1.67847608869177        0.28850613815813        1.77637117378370
O           -2.31113477119805        1.07141809181323        0.79815434976943
C           -2.59865000166256        0.55776475612408       -0.50030710509940
C           -3.47604924211470        1.63137288398772       -1.16595930286176
O           -2.80043076503159        2.85619469603848       -1.25960328438577
C           -3.29970156709994       -0.80222602307243       -0.44065598912035
O           -3.57545361560598       -1.33031618751760       -1.71004855573421
C           -2.42379735742038       -1.75583637928534        0.38291007445470
O           -3.03788031620305       -3.01058741863779        0.55107121801250
C           -2.22049651921699       -1.16190322460880        1.78318905149161
O           -1.41165104789362       -1.96387821962096        2.59610715551831
C            1.38733044797851        1.82623044628141        0.81965472553802
O            0.54644737928597        2.94767632184644        0.74878319657721
C            2.45893056242898        1.90446393031488       -0.28162214347482
O            3.32307447653183        2.98269427495607       -0.04715694092684
H            4.66640090628318       -1.32290344849133       -1.60882583371572
H            5.75199506809110       -0.23093133233995       -0.70014601847941
H            5.62641288772450       -0.09365480093715       -2.47775625306291
H            3.95318011556013        0.59450012694851        0.57037191240002
H            2.21333943424662       -0.59363114012020        1.69868010894808
H            0.61821201870371       -2.22153167404922       -0.31800347911009
H            0.31570066933624       -2.22496274941606        1.46326283988653
H            2.76840541156266       -2.89298003422048        0.26339584906303
H            0.07125523408297        0.45899454827194       -0.19294048926621
H           -1.99622160858538        0.73739551484598        2.72990221753465
H           -1.67686444826059        0.45219771007039       -1.09474863233401
H           -4.40203018855143        1.73402132562763       -0.58890026183577
H           -3.71906549878027        1.32253076982116       -2.18392524245990
H           -2.64782376059149        3.17705334780087       -0.36052987321330
H           -4.27425559819452       -0.69502939804124        0.04853606845507
H           -2.76285514030145       -1.39277555643881       -2.23185497968318
H           -1.45429464606780       -1.88162924633624       -0.12239610786487
H           -3.48108584748642       -3.24962755636044       -0.27585361335053
H           -3.22953740880667       -1.08748889433807        2.22507070055169
H           -1.80407134594150       -2.85005006481095        2.61448999650732
H            1.87364828847338        1.89592221000578        1.79936176601865
H           -0.02436103198543        2.88320411978835       -0.03014864201677
H            1.97138160542780        2.00844388671215       -1.26557114146719
H            2.78275395609719        3.76661305289170        0.13599526039982
48
 energy: -84.817924103626 xtb: 6.7.1 (edcfbbe)
C            5.18409864285622       -0.27509609183052       -1.46534941505942
O            4.21029419740435        0.75388462611355       -1.34700362540988
C            3.38773591550543        0.65288082022950       -0.24470139067268
O            2.47973343138303       -0.40922535769261       -0.45198499310572
C            1.54958582392501       -0.61882074273984        0.60088745995267
C            0.87441849719782       -1.94797399097977        0.26752782952295
O            1.80401355179032       -2.99502449887716        0.20745019853136
C            0.62763694813461        0.61496642444258        0.70653095857871
O           -0.30221928367412        0.62955524699833        1.77828431904185
C           -1.68040935554023        0.34207196280272        1.70212740758555
O           -2.32949996242798        1.04228218452259        0.67726604517949
C           -2.62543772613452        0.39344287517744       -0.55704689152271
C           -3.41578597504034        1.42489068210680       -1.37999692618702
O           -2.68807467908008        2.60922682685815       -1.56040457165937
C           -3.43576214926028       -0.88407962066425       -0.31777657958800
O           -3.84399039706420       -1.51176354373196       -1.50378941911997
C           -2.58947502257895       -1.82626868972637        0.54717413667680
O           -3.31449382074330       -2.97301526273443        0.92842655917513
C           -2.18012042875113       -1.12173165263677        1.85132717186713
O           -1.23581611975980       -1.85808272198100        2.57826255092377
C            1.51449032106249        1.85345624142575        0.95214756756267
O            0.77844522178861        3.04616993152929        0.99969892311227
C            2.63807393523956        1.97930108316112       -0.08947365402711
O            3.55751356609792        2.96155870482738        0.30248536386479
H            4.71082655823421       -1.24029934997252       -1.65700685024871
H            5.79085111363298       -0.33619713738944       -0.55686992505818
H            5.80582740055719        0.00873497853553       -2.31036381319563
H            3.97212628434828        0.46121536520443        0.68049330376514
H            2.08837162280487       -0.72816685180948        1.55606334569315
H            0.36091795999263       -1.84313984386342       -0.69945033719824
H            0.17911057250685       -2.20172106324096        1.06600734438979
H            2.51347846902605       -2.72905091705257       -0.39262596991307
H            0.11591602576864        0.74475311157660       -0.25790063173164
H           -2.00967416471557        0.85416292559672        2.62133118796354
H           -1.70008670714361        0.13633023012361       -1.09630876051559
H           -4.36679431546080        1.62105752487609       -0.87175181227421
H           -3.61815153757607        1.02195202959447       -2.37333035730035
H           -2.56670866678216        3.01033051888797       -0.68969545057845
H           -4.36001950957122       -0.63364750865964        0.21461684790258
H           -3.07600219529372       -1.71592830937106       -2.05567402712724
H           -1.70089513504494       -2.12893897697666       -0.02476969999032
H           -3.83303637184505       -3.27599514070107        0.16945071506720
H           -3.11483905670957       -1.04280845451107        2.43192640060647
H           -1.62684576855741       -2.71941068739663        2.78575883583530
H            1.95941468916336        1.75364633680332        1.94886080471454
H            0.24709573504400        3.13348065001160        0.19621870549591
H            2.20643798580469        2.22581652820249       -1.07418742846275
H            3.05772287048929        3.74121265060831        0.59062257001699
48
 energy: -84.815316536673 xtb: 6.7.1 (edcfbbe)
C            5.22317736941752       -0.27418792631468       -1.39734845986060
O            4.29683642606340        0.79264900006973       -1.23962378884689
C            3.42165171678856        0.65042538190865       -0.18360748127872
O            2.44218600444421       -0.30512029985605       -0.53269296404332
C            1.46696366918308       -0.56016736582471        0.46828333836805
C            0.70301692971174       -1.78252119106770       -0.04020405871017
O            1.56419879885343       -2.83853369934402       -0.36263175085189
C            0.63279936432103        0.72114282813184        0.68471215336644
O           -0.32811609679915        0.73967379858373        1.72758557559154
C           -1.69336226754862        0.39443009212854        1.64339521943808
O           -2.34433075489867        1.01811758367903        0.57258860671189
C           -2.63467390096429        0.26669163593402       -0.60198570112886
C           -3.38046797628810        1.22617725962510       -1.54336528963729
O           -2.60379491843107        2.34512945053312       -1.87452496754575
C           -3.49682948630639       -0.94742545970595       -0.24057358643470
O           -3.96501331307468       -1.65414061896770       -1.35809455655719
C           -2.67878212350749       -1.85803063105521        0.68248355198505
O           -3.46899894979541       -2.89860678741208        1.21252907441132
C           -2.12834838984220       -1.08110354671065        1.89474511574349
O           -1.07369137443439       -1.76180134863410        2.51955460081099
C            1.60448225680031        1.85412242494868        1.08158679852052
O            0.96444274685978        3.08917726828121        1.25230378533590
C            2.76525222903103        2.00674642457668        0.08505500605594
O            3.73689119520700        2.87474569390075        0.60112578179463
H            4.71078657761883       -1.20480873713509       -1.64983477906045
H            5.80727884246625       -0.41300811457210       -0.48249305447893
H            5.87509758251768        0.02499376431631       -2.21370499792836
H            3.94791107998073        0.31873799140731        0.73650212122341
H            1.96680396735968       -0.81799566468061        1.41544357080700
H            0.11903835444094       -1.48782363884508       -0.92471106857818
H            0.06118679755287       -2.14472027091732        0.75943552205980
H            2.25913799819265       -2.48624282705074       -0.93513705574620
H            0.15953782607610        0.98500844174949       -0.27517844079094
H           -2.05492281951588        0.95087462476522        2.52484431421615
H           -1.70574775140054       -0.07058822767159       -1.08735790700459
H           -4.31854553568654        1.52545979916922       -1.06185444244297
H           -3.60794069267242        0.71168069064076       -2.47816334287408
H           -2.47043967413513        2.85832340806005       -1.06745865814731
H           -4.39332527052431       -0.60326745858239        0.28711799377147
H           -3.21985306903626       -1.96398523378987       -1.89167864292171
H           -1.85468514387757       -2.29219729340808        0.09845400904680
H           -4.02924847325782       -3.25065427067258        0.50603009986871
H           -2.98478738289958       -1.01184239259832        2.58439825760719
H           -1.41869305440773       -2.59266786272041        2.87554371957706
H            2.01345145302504        1.60946315328775        2.06882932386936
H            0.44730492059714        3.30205993283453        0.46416152774079
H            2.38378824825744        2.38242375776457       -0.87907023345229
H            3.28137504624324        3.65318053297382        0.95807019839197
48
 energy: -84.813700769949 xtb: 6.7.1 (edcfbbe)
C            5.47494511725844       -0.47429793615823       -0.69366357342172
O            4.63957001257819        0.67509704585464       -0.72538017331113
C            3.52534762450166        0.60387726942106        0.08515834000095
O            2.56371744721925       -0.21263511118426       -0.54560281235949
C            1.35819963769169       -0.44117700836994        0.17105335473502
C            0.55969771419722       -1.33591538052292       -0.78362286896533
O            1.24873126270199       -2.50880684735214       -1.11363058412557
C            0.63493242944761        0.88097057781151        0.51337462189018
O           -0.31648532563729        0.84748485352413        1.56861893146424
C           -1.65182244547270        0.40362909046420        1.50493885817647
O           -2.34403576926106        0.96225982108012        0.42353158285066
C           -2.80224028996021        0.13415698734055       -0.63809559357898
C           -3.64879217732921        1.04004892165087       -1.54692820487796
O           -2.88330313715875        2.04934313572973       -2.14631927377342
C           -3.63841013994092       -1.01470989964270       -0.06517219901854
O           -4.29436818691338       -1.77379238634826       -1.04601258905262
C           -2.73135813070050       -1.90672369818684        0.79106018273252
O           -3.48716624119129       -2.83773063102131        1.53029983009834
C           -1.89207231936931       -1.11083392935598        1.81517346034875
O           -0.64676021803749       -1.71721974046288        2.04314289048139
C            1.64179383121853        1.91985100964378        1.05930419397233
O            1.07993964869220        3.19803656381127        1.19175389657606
C            2.94768030482195        2.00833592293423        0.25818560146443
O            3.87458825233463        2.80984904968281        0.93775456892045
H            4.94887781719206       -1.35345573597227       -1.07144005536959
H            5.82412391329770       -0.66580277789541        0.32575904959852
H            6.31813870740407       -0.23900782329533       -1.33751122147080
H            3.77710781250945        0.18672797643183        1.08273204983317
H            1.56757630636253       -0.97787663971850        1.10773324925788
H            0.33649346450648       -0.75517406805554       -1.69147171036469
H           -0.35707481814169       -1.65081121827469       -0.29738974038468
H            2.12834038681461       -2.25315883604850       -1.42127001887889
H            0.16551371983386        1.27331559812182       -0.40392746873910
H           -2.05401513550344        0.94609178002152        2.37867551598912
H           -1.95515735418968       -0.26480252971447       -1.21558184552171
H           -4.46492289426338        1.46431566384081       -0.95034100714415
H           -4.07140463842424        0.44356350954726       -2.35702766173026
H           -2.56235561041344        2.63080350810596       -1.44576188405139
H           -4.43197856380277       -0.59523868835331        0.56378451940643
H           -3.64982091330872       -2.13491727556959       -1.67102724543366
H           -2.05315511857816       -2.45450468861682        0.11327039881483
H           -4.17850725093004       -3.19851360435786        0.95625272354314
H           -2.48699483812348       -1.13520349136408        2.74053790672096
H           -0.79513862251311       -2.58059753585961        2.45213264859859
H            1.88586338105925        1.61334065642510        2.08378250595890
H            0.73787993380662        3.49786083351905        0.33847274603830
H            2.75352621203369        2.41042683353340       -0.75019378377866
H            3.40475414958438        3.59351495216824        1.26437187295599
48
 energy: -84.817883482988 xtb: 6.7.1 (edcfbbe)
C            5.70552010479099       -0.65431283371208        0.00098773252534
O            4.95792793177615        0.52079885990080       -0.28140734213860
C            3.69899359363869        0.55435667448597        0.28354777810639
O            2.86419298098186       -0.33388162766933       -0.42474236052148
C            1.53244947909797       -0.46561987717361        0.05013716931861
C            0.86554986716955       -1.36775083259898       -1.00350172159627
O            1.21931225260774       -2.71565983209951       -0.88981447360421
C            0.79146237654685        0.88295743056481        0.13400874764440
O           -0.30525481337716        0.97439321784949        1.04572729075760
C           -1.52286332781904        0.32175022167107        0.88974898067192
O           -1.98245908854802        0.51211817054886       -0.42952333803154
C           -3.35433360860066        0.20542144721144       -0.66376438847492
C           -4.25643775459135        1.42362358057701       -0.40192354093791
O           -3.99896920336965        2.47357614285214       -1.29485882817164
C           -3.82551117834759       -1.02468539489075        0.13026200851402
O           -4.82238342338382       -1.75206762374552       -0.53415540500316
C           -2.61679603677382       -1.91499246935991        0.46292286574055
O           -3.01683330545292       -3.08964765765147        1.12182109705113
C           -1.67344773715161       -1.14583417261235        1.40050882557772
O           -0.44717099158588       -1.79191788620204        1.57396682529716
C            1.70249550566779        2.00667675931989        0.67898620679043
O            1.15300786517638        3.28246199902349        0.47841865820984
C            3.14233890367480        1.97221342931291        0.14952217195519
O            3.94312659052867        2.85702891592555        0.88458263320395
H            5.22200337387302       -1.53583236403467       -0.42484387537100
H            5.82237315121548       -0.78440867910326        1.08145881667858
H            6.67618659755174       -0.50003816688796       -0.46281182737899
H            3.73041099019188        0.27000182315787        1.35682603797412
H            1.52771764640661       -0.94272021853917        1.03800165365496
H            1.15087847499600       -0.97143838435966       -1.98888278482952
H           -0.21582442116435       -1.31656291857836       -0.90304292520104
H            2.18196000801086       -2.77749545229528       -0.92565093180602
H            0.44446027914394        1.14955131723908       -0.87590669950010
H           -2.16882204198344        0.92011176317165        1.56382772552854
H           -3.38812292515890       -0.01551240187545       -1.73846702792216
H           -4.13039417703980        1.75549559910645        0.63817192385753
H           -5.29686073368543        1.13145409819075       -0.55781468591015
H           -3.06169866973694        2.70026091636752       -1.23570302456905
H           -4.28902392520049       -0.71150379146662        1.07376162986797
H           -4.52782860758247       -1.98805581068286       -1.42564727750451
H           -2.08413227042271       -2.17685792364168       -0.46680143593361
H           -3.88393251751666       -3.35085019657168        0.77554612531447
H           -2.18265187239761       -1.08861201709899        2.37829089758021
H           -0.62979861782473       -2.72496258038348        1.75563400325342
H            1.73821623238678        1.88357432593717        1.76838101596246
H            0.99469500419818        3.42606450280507       -0.46513720935747
H            3.16434329484239        2.22979291331073       -0.92238994621969
H            3.45192761211223        3.68753115349990        0.98522619625758
48
 energy: -84.818757473160 xtb: 6.7.1 (edcfbbe)
C            5.62734749207478       -0.74417203367544       -0.09915077601178
O            4.93835671918458        0.48666348432485       -0.27415934773759
C            3.67907059209232        0.52509255750327        0.28889660554816
O            2.81009177745477       -0.26789609581614       -0.48847911487844
C            1.48054538743120       -0.38715554447110       -0.00404085968941
C            0.76917607010973       -1.22510560405766       -1.08035411940673
O            1.03473168081600       -2.59573197445114       -0.99193557053001
C            0.79718852197577        0.98480942218254        0.14627041971190
O           -0.34672647246502        1.08191886020651        0.99708923934430
C           -1.53183296356778        0.37305462569685        0.84564261421119
O           -1.95824286336879        0.45376333383420       -0.49672766216637
C           -3.31970675915297        0.10497623234712       -0.73455394230225
C           -4.24184970664658        1.32701065226056       -0.58926731513181
O           -3.96731371321126        2.30896760347033       -1.55205130757312
C           -3.78695032206495       -1.06596353501901        0.14646244734708
O           -4.76330402404785       -1.85668573850790       -0.47483757074503
C           -2.57213241884547       -1.91086218766651        0.56471438180884
O           -2.96894290128456       -3.03332456116845        1.31200025078117
C           -1.64360361649889       -1.06276740918899        1.44787102587129
O           -0.40474062152743       -1.67762486271897        1.64838916372804
C            1.73856016032152        2.01358457138216        0.80846176745138
O            1.24047951703795        3.32324982473597        0.72953317890701
C            3.17962533783228        1.97078832491820        0.27871262967366
O            4.01186095981734        2.75390480602830        1.08986441434464
H            5.11440895000228       -1.55449159391142       -0.62109600738823
H            5.71343834302564       -0.98769542514102        0.96447341218212
H            6.61419497889504       -0.58964880531603       -0.52718736821027
H            3.69446636024210        0.15076128612011        1.33507332969434
H            1.47791596871724       -0.90317674512999        0.96342013301010
H            1.08612825554510       -0.82711810257556       -2.05497062716741
H           -0.30784502387822       -1.10687864826526       -0.98850603164304
H            1.99044576732794       -2.72323375948399       -1.03676718556562
H            0.52350003063300        1.33481250791271       -0.86233497905828
H           -2.22316491245852        0.98652119684307        1.45752904936297
H           -3.32719662394214       -0.20174969588156       -1.78850068218716
H           -4.14698789029609        1.73891587469472        0.42545994717872
H           -5.27503837923928        1.01255922347416       -0.74911550575286
H           -3.02739556966767        2.52777576391373       -1.50112455536381
H           -4.27001914529943       -0.68745409946225        1.05556140237339
H           -4.44839159009480       -2.16032923510630       -1.33846311215801
H           -2.02222357033626       -2.24118216915009       -0.33241920536052
H           -3.82246663639873       -3.33920842227290        0.96883054028935
H           -2.14553882061445       -0.95532656828826        2.42489308187131
H           -0.57312631347168       -2.59887394468259        1.89327883874800
H            1.76317029658151        1.78466285498218        1.88085538218223
H            1.03540843303485        3.54170458659838       -0.19010393586167
H            3.21514978631721        2.32164124243286       -0.76581694871955
H            3.55947833991382        3.59651210440965        1.25216445468329
48
 energy: -84.819587901377 xtb: 6.7.1 (edcfbbe)
C            5.51295949744876       -0.85172881907112       -0.32075811352806
O            4.89023233011121        0.42618414724349       -0.32204335321394
C            3.65314597476483        0.46452675542073        0.28963657694392
O            2.72880039123875       -0.22384724919205       -0.52271661837162
C            1.39576750574483       -0.30544315535422       -0.03786511773958
C            0.64867947139571       -1.08581817601390       -1.13912471126422
O            0.51523127326006       -2.45635613677103       -0.87948526869833
C            0.80111234148379        1.10152102867713        0.17376594843836
O           -0.38765796230265        1.25491709272793        0.95262495064788
C           -1.56861400466603        0.53899841394008        0.81752149504315
O           -1.94814429550721        0.51257085175225       -0.54099108277547
C           -3.25648672991642        0.02724607827335       -0.83073381916247
C           -4.29369275052202        1.16019853127824       -0.75601956056613
O           -4.04321118184964        2.16169469912781       -1.70570691504513
C           -3.65816362721105       -1.17302782421578        0.04457195301070
O           -4.45803439493119       -2.09656759416870       -0.64401665738239
C           -2.40460717860378       -1.84855291286530        0.62242618176914
O           -2.75541277983170       -2.95497589381694        1.42121499223435
C           -1.66988407355317       -0.84868830802525        1.52403736818058
O           -0.42422615505975       -1.33275025962160        1.93836167562245
C            1.78683119983484        1.98389685856766        0.96612541035973
O            1.36768703705341        3.32044307036963        1.05434491138328
C            3.22374231117094        1.92592806405324        0.42705638938222
O            4.09330732928635        2.58393841969994        1.30743225055659
H            4.93592359630738       -1.56436931414192       -0.91341358177665
H            5.62184602066351       -1.22447810945717        0.70253752608466
H            6.49150810990743       -0.69917624247647       -0.76823121653690
H            3.68795494555509       -0.00201083423774        1.29801836223212
H            1.37085087417183       -0.85025619485842        0.91390389218058
H            1.19707487497647       -0.91411588590154       -2.07469847237592
H           -0.36062336190076       -0.69282579888403       -1.25012655344134
H            1.39252958546696       -2.85199858488265       -0.80778049265683
H            0.63131244861488        1.54171184571383       -0.82327343267923
H           -2.27813994783205        1.19440898757464        1.35987777487811
H           -3.18346195447397       -0.29327179117658       -1.87804021520171
H           -4.30500692042975        1.58076196429039        0.25975968096689
H           -5.28122916149571        0.75365174543136       -0.98253523678987
H           -3.12497366238655        2.44763996348335       -1.60818443513752
H           -4.27949457243453       -0.83548769069678        0.88335105013578
H           -3.99751954476374       -2.40701239205174       -1.43687923843442
H           -1.73592898604064       -2.17638958169125       -0.18699298052402
H           -3.50437321838017       -3.40375916233742        1.00179092859765
H           -2.30307323973747       -0.70432893645199        2.41661619515778
H           -0.56626818227649       -2.23579165596074        2.25771598740203
H            1.79369516090819        1.61874120862424        2.00068683959400
H            1.10732397366308        3.64207907972219        0.18059316550179
H            3.27459607550820        2.37899363165938       -0.57663650719794
H            3.66611442806554        3.41297030208839        1.57576608765662
48
 energy: -84.820007420350 xtb: 6.7.1 (edcfbbe)
C            5.39848263123733       -1.01715743114851       -0.28200647659755
O            4.85917668374367        0.29637095431571       -0.21754225345643
C            3.59778165058933        0.37410294717290        0.33878390815475
O            2.67488730289649       -0.19685013193229       -0.56102180704145
C            1.31357376132221       -0.22137611554729       -0.15251241393089
C            0.59487747410392       -0.89736088414023       -1.33747585916730
O            0.43605332471383       -2.28245415232193       -1.17608570722740
C            0.79657149897572        1.20547193453931        0.12700144760560
O           -0.42321686744120        1.39660975860746        0.85129947615150
C           -1.59799470837192        0.66771913236401        0.75734013146320
O           -1.96940468846906        0.52781659921269       -0.59561509325839
C           -3.24460403518270       -0.05051704659531       -0.86311999593395
C           -4.35076374228801        1.01616297414155       -0.82625404062175
O           -4.14742601616866        2.00938786294215       -1.79605875208759
C           -3.56784467275650       -1.24734009232942        0.04989121708305
O           -4.25515451049705       -2.26796404319884       -0.62312128164302
C           -2.27884396467822       -1.77944894911041        0.69393803748099
O           -2.55622539933530       -2.86954836535162        1.54380561704772
C           -1.66713919285076       -0.67121625903196        1.55811129263780
O           -0.41656274573946       -1.03823256267396        2.07291653844474
C            1.79523974923429        1.95712874159977        1.03125110608089
O            1.45717926121121        3.30780924452775        1.20841153302640
C            3.25168723111719        1.84710183279713        0.55758001939125
O            4.11128523563883        2.38919062038550        1.52258188418181
H            4.80645204317823       -1.64659644193906       -0.94940728063660
H            5.43442558848846       -1.46688902764158        0.71526420511523
H            6.40507476220531       -0.89998092767598       -0.67458684678920
H            3.55356389199127       -0.15980354815152        1.31277957857049
H            1.20445202100814       -0.81954324557655        0.76101998494989
H            1.18000142532803       -0.67140364338477       -2.23778221154668
H           -0.40487697397605       -0.48418212629045       -1.45320301676122
H            1.30630743936636       -2.69548840808528       -1.11701217504803
H            0.70925617314069        1.72422144928182       -0.84243141092738
H           -2.31556231974034        1.35181269748143        1.24929843101637
H           -3.15007512280712       -0.40066992485566       -1.89906308236033
H           -4.40174522852498        1.45923189721011        0.17882356832651
H           -5.30853844766954        0.54494955697928       -1.05507275134078
H           -3.23738434992410        2.32616790925358       -1.71584556635419
H           -4.24671340264567       -0.93495763826643        0.85317195197352
H           -3.73079618833056       -2.57805426283986       -1.37559649428065
H           -1.56127889792651       -2.08635361613464       -0.08112027445195
H           -3.24159599323678       -3.41021212339373        1.12467324485561
H           -2.35864076293931       -0.50709453304583        2.40180950254138
H           -0.52992332027053       -1.90311988978489        2.49405312571020
H            1.72580450929069        1.51178486117784        2.03169356557907
H            1.25599033186776        3.71057769771514        0.35308817383885
H            3.38089060967708        2.36288653626393       -0.40819316780912
H            3.71329582029767        3.21730445057060        1.83502444848674
48
 energy: -84.820271456896 xtb: 6.7.1 (edcfbbe)
C            5.28386886531607       -1.15755252464552       -0.25046709073071
O            4.81345093192978        0.17751228722032       -0.12157089689685
C            3.53339542942869        0.29132453586074        0.38405467537528
O            2.62581339023468       -0.17758627092795       -0.58712455749569
C            1.24411046636743       -0.14680013261462       -0.25212098609179
C            0.56832750322667       -0.73213334842461       -1.50820353248755
O            0.37703908385618       -2.12134769026968       -1.42617002573748
C            0.79258880482146        1.28972567652868        0.08747541413954
O           -0.45683097013480        1.51899874922476        0.75059898878364
C           -1.62247365777681        0.77512979537856        0.69240389899542
O           -1.97436838487149        0.52236659825456       -0.64805657652280
C           -3.22303153035809       -0.12275253175058       -0.88497380375233
C           -4.37901450502242        0.89018561926605       -0.87604726438109
O           -4.22060672339706        1.86784618671704       -1.87001093101987
C           -3.47768632339106       -1.30467392315425        0.06917458745094
O           -4.06927190327564       -2.40171025040073       -0.57346492056193
C           -2.16298324092676       -1.70647159621796        0.75394295538692
O           -2.36469693899197       -2.77952978689781        1.64540585481965
C           -1.65839211787892       -0.51433477160080        1.57443911347556
O           -0.40673558345660       -0.76980725147711        2.15388702935881
C            1.78312766670297        1.92317360453559        1.08668659282319
O            1.50563110451240        3.27577707371455        1.33976985219857
C            3.25354471956289        1.76563510647410        0.67429967354989
O            4.09233396132002        2.20414476052392        1.70779014331392
H            4.69748398713022       -1.70478522044742       -0.99134941537375
H            5.23902828716159       -1.67543884674825        0.71274053901902
H            6.31590301348786       -1.07233232108810       -0.58027632982893
H            3.41728707449875       -0.29360180859154        1.32212488310673
H            1.05652682428182       -0.78427437702918        0.62212065537329
H            1.20132112182030       -0.47197452834644       -2.36517998105046
H           -0.41712631928849       -0.29442217275467       -1.64640270761220
H            1.23725197271039       -2.55656248984443       -1.37527863153774
H            0.78647409287951        1.86981219184394       -0.85029208289972
H           -2.35366081872876        1.47779083988044        1.13238664312238
H           -3.11687419209424       -0.50280867582263       -1.90894193107501
H           -4.45510432204810        1.35521388267245        0.11749643627388
H           -5.31238763853668        0.36816926446331       -1.09511598147719
H           -3.32442695826729        2.22497100969590       -1.80233310588527
H           -4.19540410363331       -1.01453710207930        0.84648759878123
H           -3.50466829448609       -2.70025829481618       -1.30108284780603
H           -1.41371530996993       -1.98429849090676       -0.00282658516384
H           -3.00521704470471       -3.38569405708815        1.24539444711696
H           -2.39198472088786       -0.34323751214917        2.37961690667973
H           -0.49157843761460       -1.59849502042212        2.64814482577443
H            1.64057576943559        1.41584389116765        2.04926611169087
H            1.35471471620961        3.74139790481902        0.50631155779605
H            3.45495957688404        2.32871344817946       -0.25191211187063
H            3.72348054542955        3.03368286737573        2.05066696660716
48
 energy: -84.820314103512 xtb: 6.7.1 (edcfbbe)
C            5.17774304749592       -1.27622833745009       -0.21066422896025
O            4.75970606745724        0.07152999181354       -0.04023359287320
C            3.46317669518237        0.22002925301455        0.41149235383514
O            2.58361805001740       -0.13981386752371       -0.63039140521741
C            1.18919292328146       -0.06167114277788       -0.36224273930363
C            0.55643022539592       -0.54750811153862       -1.68276959745999
O            0.26399803715483       -1.92146525589773       -1.66312098508104
C            0.78959302801832        1.37063042413219        0.05199162814445
O           -0.48506614232858        1.62432275939835        0.65850177884225
C           -1.63341755497257        0.85361637100124        0.63156745012784
O           -1.95691121260674        0.49399083687608       -0.68949318560461
C           -3.18197576528859       -0.20326500558617       -0.89595556580523
C           -4.37478572213516        0.76469036275130       -0.94341183409104
O           -4.24569223197041        1.70021156116717       -1.98103384503943
C           -3.39589939475635       -1.34119676423486        0.11895428278375
O           -3.93197921979619       -2.49788325935053       -0.46465957071863
C           -2.06505950405105       -1.64112731883334        0.82303297963549
O           -2.20419171909778       -2.68622805577469        1.75747210571609
C           -1.62746337290547       -0.38566506377985        1.58655149018194
O           -0.36728798354039       -0.55217370485920        2.18244933714784
C            1.75869470839389        1.88445598878612        1.13789965010698
O            1.52975358223405        3.22878991931630        1.47209573391848
C            3.23899306445787        1.68478244395318        0.78454496656741
O            4.04420808668714        2.01535685034171        1.88307136639813
H            4.60036270826392       -1.76460169905907       -0.99837995266190
H            5.07049681123346       -1.83267895761177        0.72586478136662
H            6.22550929745012       -1.22287224205091       -0.49444824574965
H            3.27199586163503       -0.41578015433865        1.30282835828740
H            0.93238498933465       -0.74121897984346        0.46185948754667
H            1.26205430178384       -0.30579675248182       -2.48628985092888
H           -0.38549378907405       -0.03764073407496       -1.86585259854839
H            1.09035412019943       -2.41760108698371       -1.60806166678471
H            0.85689344861692        2.01211347597473       -0.84156531196259
H           -2.38768973393852        1.56025049116059        1.02067993992945
H           -3.05437665365917       -0.63376085317223       -1.89707342825533
H           -4.47774132855933        1.27230329620650        0.02659470417228
H           -5.28568507581997        0.19750561388846       -1.14381990746621
H           -3.36527645007191        2.09570546352031       -1.92333671988905
H           -4.13022138499661       -1.04219232658841        0.87705041197822
H           -3.35847617137316       -2.79676733787364       -1.18517683226728
H           -1.30440005882861       -1.90467699979769        0.07134659332772
H           -2.82916804713616       -3.33163708114076        1.39560392924187
H           -2.37454699757475       -0.20568970124032        2.37657239645713
H           -0.42096492720458       -1.34567128327232        2.73524160146842
H            1.54477487174320        1.31906804253008        2.05391786770976
H            1.43320410172838        3.75557045356305        0.66763378624090
H            3.51182097311785        2.29570501890350       -0.09151885786544
H            3.68881031431706        2.83217778148956        2.26816502335749
48
 energy: -84.820136087981 xtb: 6.7.1 (edcfbbe)
C            5.06545642023163       -1.37613154206101       -0.17978684869803
O            4.69886182384303       -0.01996088432626        0.03610912125959
C            3.38884140558981        0.16729618051266        0.43049859426400
O            2.54891196481449       -0.08401319743688       -0.67450168083733
C            1.14775139560168        0.03363613229111       -0.46405037705368
C            0.55759798445360       -0.34171064194374       -1.84091240559482
O            0.15470178886604       -1.68591051637663       -1.89901762880263
C            0.78404280447432        1.44724370252467        0.03561812414709
O           -0.51344940784964        1.70429538475020        0.59225003829980
C           -1.62882873529773        0.88548796585589        0.59225789203945
O           -1.90384518835344        0.42813745059036       -0.70722450335564
C           -3.11437469409619       -0.29640978094315       -0.89910837528920
C           -4.32112360870483        0.64482957854718       -1.04414232903998
O           -4.18045605903560        1.51508869343176       -2.13581298049346
C           -3.33710612736962       -1.35909831945103        0.19104118806319
O           -3.86677665282116       -2.55681765346935       -0.30892363499161
C           -2.00464102856280       -1.60230359935438        0.91300593613982
O           -2.12340014498090       -2.60673131240862        1.89180120748946
C           -1.58184176800819       -0.30354963973604        1.61119811111986
O           -0.30575860702488       -0.42374251463124        2.18571640194455
C            1.72867673253987        1.86195307422089        1.18434960969154
O            1.54052784313873        3.19796207819985        1.57606194737640
C            3.21278333855708        1.61664424533436        0.88071287759467
O            3.98306402470100        1.84750035307009        2.02883249610293
H            4.50502882990774       -1.80152151189509       -1.01488912795552
H            4.89058386887448       -1.96933034446087        0.72351472202914
H            6.12673520247340       -1.35760594912611       -0.41346465350585
H            3.11997752948266       -0.50961018016802        1.26957196952105
H            0.83089711905848       -0.68954014065462        0.29997385929838
H            1.32932334469104       -0.12661728198102       -2.58924937683325
H           -0.32728809212465        0.25086068955377       -2.05630732376927
H            0.93857614241099       -2.24835239100978       -1.85785945337257
H            0.90285619945630        2.14583095028316       -0.80769868905809
H           -2.42142297613132        1.57623516370857        0.92857781479891
H           -2.94866604120176       -0.79511638801172       -1.86226450744085
H           -4.46210226916059        1.21133303901999       -0.11220784194578
H           -5.21571471711627        0.04834877578799       -1.23295058420770
H           -3.31653670843552        1.94412206116210       -2.07112528717077
H           -4.07354525621774       -1.00875144291450        0.92460371310591
H           -3.30961092165502       -2.88488290016731       -1.02949943624296
H           -1.24145691974127       -1.88524645199165        0.16961102816162
H           -2.76421608449103       -3.25986491602308        1.57287955375513
H           -2.31602300037404       -0.09949100727295        2.40677633355822
H           -0.33709239841039       -1.18510219848274        2.78344645062872
H            1.45365305615972        1.26271140483031        2.06107516077389
H            1.51006954393937        3.76754006792366        0.79572586919415
H            3.54941343447170        2.26349004961719        0.05381065769194
H            3.64694449077362        2.65686000566579        2.44546047732873
48
 energy: -84.820255317857 xtb: 6.7.1 (edcfbbe)
C            4.93481927162300       -1.50818953149436       -0.09030543676459
O            4.62441550186711       -0.13618552964202        0.11144107692546
C            3.30209413987362        0.11597350129987        0.41907060249509
O            2.53807269839472       -0.01305807681831       -0.75923375230164
C            1.13132111610661        0.15760460802449       -0.64101184292440
C            0.66668718324327        0.04547423127297       -2.10569991786946
O            0.86438814901436       -1.24839129919743       -2.60868889428134
C            0.76312972704863        1.50744574163456        0.00214169416028
O           -0.55476273605926        1.68800763573068        0.54162234486210
C           -1.59296039303512        0.77389942892842        0.57566785395955
O           -1.82926064841184        0.20626162377006       -0.68804691717147
C           -3.08391558684988       -0.45669582913548       -0.83186649892767
C           -4.21092269215898        0.52305196510582       -1.19828065249966
O           -3.99302587962355        1.14119144481905       -2.43838279128148
C           -3.43123592683462       -1.28817952007678        0.41427701050059
O           -4.16395333401964       -2.44536344823308        0.11897697019702
C           -2.12619372471638       -1.63097184625352        1.14978096599872
O           -2.36022372670230       -2.48193897833401        2.24309231076012
C           -1.47570191643744       -0.33963439731069        1.66939653848510
O           -0.13864182312195       -0.56789087727337        2.03751649830501
C            1.68677859625358        1.83020157327014        1.19861327817501
O            1.52294741040368        3.14935015427770        1.65387204408426
C            3.17187219501608        1.54862426004086        0.93455038607405
O            3.90639753009575        1.69452129314699        2.11940055795259
H            4.39236152480083       -1.91020767105020       -0.94848837483419
H            4.69236077195498       -2.09148687189335        0.80358113478974
H            6.00482741266713       -1.54099599544875       -0.27748010303703
H            2.92619430956539       -0.58583195148287        1.19230629083339
H            0.71447744443170       -0.65579720086220       -0.03439823748815
H            1.23717846922603        0.78043139479139       -2.68993702105932
H           -0.39643878495664        0.25164600667731       -2.19029248803653
H            1.80334808325116       -1.45815301681332       -2.51769503462766
H            0.87576596298900        2.29405557972791       -0.75945303064921
H           -2.44942321348608        1.40864602259163        0.86226235024552
H           -2.91900630345801       -1.12375573491116       -1.68751844629057
H           -4.32119601097886        1.27470559138200       -0.40365525488088
H           -5.14546648980765       -0.03428246653710       -1.28833310163078
H           -3.12021575923600        1.55538435779906       -2.42380815283346
H           -4.07291371314610       -0.71391224056552        1.09335718374498
H           -3.71332630266035       -2.96002876689963       -0.56608519805861
H           -1.43047349030552       -2.11328839407017        0.44096522279105
H           -3.11794163024310       -3.04715513571027        2.02639324561080
H           -2.04215306327627       -0.00493016447802        2.55159534321961
H           -0.14398054564321       -1.26092524442089        2.71334345878622
H            1.36896295876432        1.19541785296071        2.03402805522711
H            1.55918590625484        3.76226990952452        0.90701057537064
H            3.56345528031188        2.21995310927873        0.15254470617799
H            3.58229094915044        2.49312722902843        2.56533752175318
48
 energy: -84.821056549719 xtb: 6.7.1 (edcfbbe)
C            4.88212305999435       -1.51503957631524       -0.19001841928641
O            4.59463078927496       -0.15320877042699        0.09727135940137
C            3.26840320573105        0.10474502725669        0.38004325148990
O            2.54151426401009        0.09004068213751       -0.82917145783386
C            1.13490755115794        0.25810862873045       -0.72399911109199
C            0.68473187603042        0.29030858871369       -2.19635002199272
O            0.91896218676196       -0.93279245699002       -2.83795519472060
C            0.76229759480728        1.54939171220670        0.02465079885560
O           -0.57973696359195        1.69304657558155        0.50812022445403
C           -1.56478354762636        0.72018882658244        0.56213578067751
O           -1.73736979583968        0.05783756400252       -0.66533556535404
C           -3.00470780473999       -0.58199779080847       -0.80864311045116
C           -4.07456729473461        0.37310745027407       -1.36400443033571
O           -3.81495408951602        0.76064589109503       -2.68666569003320
C           -3.46002657605229       -1.22936111383750        0.51050489523518
O           -4.28033021515667       -2.34864956952906        0.31715313604031
C           -2.21351653169108       -1.59360312249839        1.33255344673468
O           -2.55642238092610       -2.27727556572930        2.51058398080159
C           -1.42739510451735       -0.32624288977566        1.71337514419988
O           -0.08267368572474       -0.64781818307966        1.96994383200689
C            1.65830128530545        1.77260561872497        1.26373670231200
O            1.49587908746560        3.05775445452809        1.80902675054347
C            3.14552445788495        1.49294188111882        1.00855696836833
O            3.85629353994213        1.53088091384996        2.21614656964541
H            4.35090914166982       -1.84699853202975       -1.08460884518850
H            4.60696708745360       -2.15113720733155        0.65729320577591
H            5.95523034343324       -1.55898004047392       -0.35566033452885
H            2.85004549884597       -0.64863683455699        1.07895005245050
H            0.70052732398412       -0.60262626629379       -0.20032162562575
H            1.23513784778093        1.10059289729515       -2.69399314097649
H           -0.38419473570193        0.47427602182010       -2.26056652027132
H            1.85962208949714       -1.13419015754012       -2.74886161575700
H            0.89854664615508        2.39777906749517       -0.66277289772508
H           -2.46360265826160        1.31819767467437        0.79062938490026
H           -2.81658797643627       -1.35956910374704       -1.55967284693782
H           -4.15782765829393        1.25229510902087       -0.70975391858382
H           -5.03392064490094       -0.14818008550026       -1.37931451712371
H           -2.93820918761186        1.16366155154606       -2.72496611925561
H           -4.07202194690614       -0.53043923913098        1.09254769279764
H           -3.85791185802919       -2.97158078047921       -0.29164590917169
H           -1.55565381574499       -2.22611772583679        0.70986662886978
H           -3.35363227697825       -2.80058873400085        2.33427203663075
H           -1.88116757050079        0.10702432891165        2.61679208781215
H           -0.07436031831582       -1.30175731819910        2.68349550730570
H            1.31920606297202        1.08380344697531        2.04516797677282
H            1.57115765571286        3.72330338655667        1.11163972810476
H            3.56255345705411        2.22060111516960        0.29269362043446
H            3.53210143520633        2.29364696574267        2.72061458522172
48
 energy: -84.821895005981 xtb: 6.7.1 (edcfbbe)
C            4.97259094293932       -1.34697765540293       -0.49089552164367
O            4.63373568704291       -0.05126370918499       -0.01572388726690
C            3.30104552480792        0.11357542852694        0.30430424078522
O            2.56067831099675        0.20643212038388       -0.89407903804923
C            1.15493992464276        0.34454721136359       -0.75536089834270
C            0.66040284855806        0.53017100798756       -2.20104647393462
O            0.72107978698509       -0.65150718453242       -2.94902427953495
C            0.78211250376499        1.55815292404191        0.10938619828864
O           -0.58312049374316        1.68154496795546        0.51875469703770
C           -1.53719127580997        0.67366605621543        0.57813834127306
O           -1.63963773178810       -0.07598834501933       -0.60576727205834
C           -2.90782621522217       -0.71101529382716       -0.76987519919490
C           -3.86923813805587        0.15249094845489       -1.60430778622997
O           -3.58805444914736        0.10218826436304       -2.97797511958764
C           -3.53108563334174       -1.09909597081540        0.58208503066550
O           -4.46151136532573       -2.14161605648808        0.46939583035254
C           -2.40795269407261       -1.47298853494570        1.56402943782002
O           -2.93097467167366       -1.86380274689433        2.80748603214071
C           -1.42692715383686       -0.30210469280513        1.78466297981009
O           -0.11484737129178       -0.79105014274229        1.92342783132858
C            1.64536685194376        1.62473131597208        1.38586414983282
O            1.45373973218425        2.82210413350432        2.09707805595082
C            3.13874428777956        1.40894032764130        1.10214883528473
O            3.84909684124180        1.30604562123718        2.30654787511097
H            4.46777790007825       -1.56100075885377       -1.43524820849639
H            4.70579657533344       -2.10816077909501        0.24913316398727
H            6.04925383861341       -1.33195488482531       -0.63826744844129
H            2.92410077830166       -0.73542097986247        0.91233701613030
H            0.73201386273674       -0.56365442651043       -0.30743104990117
H            1.27814052759465        1.31480433562391       -2.65970680578492
H           -0.38164658387884        0.84320901340490       -2.19357096188566
H            1.63613796369110       -0.96030066684653       -2.94551676831164
H            0.96218109157361        2.47054441758170       -0.47814474209630
H           -2.46072944027311        1.25780118399698        0.73275890579652
H           -2.68082945268105       -1.61951828746452       -1.34321211171832
H           -3.83458180200124        1.18745927724645       -1.23479284003569
H           -4.88503656183590       -0.23298690411099       -1.49041782404255
H           -2.65697685128073        0.31697904484893       -3.11891476493841
H           -4.10316848335488       -0.26281679183628        0.99973972597830
H           -4.07632892616000       -2.88520168414225       -0.01612188705324
H           -1.83322035258482       -2.30605363596331        1.11981842708530
H           -3.76758267457427       -2.32831222185591        2.65070797885405
H           -1.72502643012166        0.24407212807934        2.69083447612701
H           -0.10247153764652       -1.39551317271786        2.67920238447448
H            1.31568110101259        0.83049986612717        2.06323917768497
H            1.49962590292343        3.57542796019925        1.49286408947803
H            3.54010258037716        2.23111349284222        0.48680402350751
H            3.52161978887600        2.00179875652245        2.89813595054757
48
 energy: -84.830434047307 xtb: 6.7.1 (edcfbbe)
C            4.76529916495648       -1.05516142248156       -1.31642163582848
O            4.48219924685098       -0.02270731193199       -0.38206189399417
C            3.16728891394398        0.03517994983277        0.03255883918485
O            2.38197028346469        0.52911640017264       -1.03177718373952
C            0.99395272117408        0.67191686860862       -0.76880825588581
C            0.41350714379046        1.22080485235356       -2.08314367078752
O            0.30112313729783        0.23123055403241       -3.07146453977449
C            0.76830087887693        1.64677388916996        0.39714557144367
O           -0.56944128805265        1.88305170588485        0.83054607897073
C           -1.62361923498268        0.96539430740843        0.78129435793918
O           -1.76675014177068        0.37731363248815       -0.48088394251447
C           -2.38182873636869       -0.90557849681478       -0.51923020890540
C           -2.86157043455629       -1.13373551187762       -1.96282629491589
O           -1.85691613032851       -1.64262817927428       -2.79425941890580
C           -3.54029498406982       -0.97411768848780        0.48948173901815
O           -4.27569502528992       -2.16390106950455        0.38644413461128
C           -3.00462902033510       -0.75461867835275        1.92790595387208
O           -3.84824393086018        0.07085141069403        2.68851271330574
C           -1.61497488562553       -0.08902415667654        1.90857584638621
O           -0.58407129684144       -1.02695186669748        1.71305945786092
C            1.60242188507895        1.18105418890868        1.60767062909561
O            1.49003377916750        2.04528683794489        2.71047940467691
C            3.07899184164332        0.97621672302298        1.23712246441143
O            3.77270632502968        0.40382490793418        2.31294806161733
H            4.23415922269253       -0.88704660067421       -2.25553511306273
H            4.48768491355181       -2.03099783878283       -0.90576827800663
H            5.83844210267422       -1.01260487450261       -1.48239753108583
H            2.79567979441786       -0.96841302825281        0.33318393885226
H            0.56212757208717       -0.30670337612087       -0.52142285769512
H            1.07219095320207        2.03123478628522       -2.41885706487076
H           -0.58913733247394        1.60968515616026       -1.91391450013488
H            1.18206285363829       -0.12427152282692       -3.24728352710519
H            1.11524857392006        2.64222662166558        0.08785570980694
H           -2.49055913871798        1.61771054348017        0.99849780005992
H           -1.64064228896657       -1.68368509886566       -0.27590146223907
H           -3.25984626227327       -0.18607095616659       -2.34543680939760
H           -3.66078338117655       -1.87966672862606       -1.95499546188786
H           -1.16089614452726       -0.96958279357015       -2.90874678320147
H           -4.24730826022158       -0.16983329558449        0.25397042449551
H           -3.67962007497528       -2.92368353528651        0.43739926350148
H           -2.90717257722908       -1.74220575842909        2.41046162362785
H           -4.73333656287184       -0.31829494143119        2.71584583022154
H           -1.47943393481637        0.45609473192274        2.85235831980078
H           -0.54327520203329       -1.61509045019341        2.48038796242948
H            1.20963132828178        0.21804792941709        1.95081547337369
H            1.56064426132229        2.96342452789329        2.41780462653954
H            3.53989121685666        1.93393349742685        0.94542929126473
H            3.50448703941106        0.87619540380723        3.11686481889972
48
 energy: -84.831467679534 xtb: 6.7.1 (edcfbbe)
C            4.86612857769274       -0.88466225961764       -1.41563836082036
O            4.52402787961350        0.06206646710611       -0.41200507395438
C            3.19806341000438        0.04707757585627       -0.03035732225984
O            2.42196615463130        0.59901808094283       -1.07413874547364
C            1.02879441682131        0.69220802390077       -0.81813701680233
C            0.41901813110363        1.28026758026445       -2.09934886110111
O            0.26718229371711        0.31781592571362       -3.10967396322144
C            0.78527796656834        1.59734340723178        0.40030215722587
O           -0.56229351148611        1.87597094498780        0.76383332092918
C           -1.61423348562463        0.95337059251174        0.75031990797701
O           -1.69642962724110        0.27481611866357       -0.47127669550094
C           -2.35994341963174       -0.98354279564209       -0.45874012495530
C           -2.80546240067532       -1.26402233182906       -1.90395397503046
O           -1.75511326063340       -1.70538009843693       -2.71728469870375
C           -3.55449907996545       -0.96605591340669        0.50879411759116
O           -4.29212584113836       -2.15850759244108        0.46461170862720
C           -3.08233612408181       -0.63727314514576        1.95024097255942
O           -3.93128551514515        0.28009232281495        2.59002755219677
C           -1.66898564989145       -0.02209118797238        1.94476015721376
O           -0.67587642095642       -1.01370953712534        1.84511226575566
C            1.57011611555546        1.03653765618802        1.59846861281680
O            1.41736125989433        1.81070665232162        2.76226849065740
C            3.05840196292433        0.87860296179447        1.24930160411210
O            3.73343145407661        0.21976474736463        2.28707036333682
H            4.36088497970754       -0.65478096956114       -2.35582837806882
H            4.60320139289331       -1.89710017574771       -1.09330722346072
H            5.94255449559032       -0.80111510734425       -1.54019852949222
H            2.85186390951784       -0.98847032381793        0.17895272146877
H            0.62217546218570       -0.30930828675499       -0.62146669680185
H            1.06957286339064        2.09752015860611       -2.43307586923705
H           -0.57678889949967        1.66704360271079       -1.88745608271358
H            1.13954522304845       -0.03054134329115       -3.33565692013040
H            1.17857916137935        2.59566105372300        0.16081344069108
H           -2.48845900523982        1.61939291572762        0.88141611098655
H           -1.65281443272097       -1.77125479033227       -0.15326696516403
H           -3.26688846433273       -0.35274035605053       -2.30421047719198
H           -3.54857977951690       -2.06567755176517       -1.89449434412847
H           -1.11874263261422       -0.97714803756273       -2.84343490897758
H           -4.24721797466219       -0.18058451956394        0.18367226114279
H           -3.70399101724665       -2.91356597984478        0.60389363931813
H           -3.04583912836752       -1.58046339478010        2.52104974206778
H           -4.82805357332616       -0.08126275275630        2.61777245973902
H           -1.54354332950995        0.57670336985539        2.85617151749325
H           -0.65795612725696       -1.52498056835970        2.66619400502051
H            1.17780600703698        0.04619517891567        1.85078279572535
H            1.47925774778707        2.74965254395806        2.54169295263420
H            3.51396903375944        1.86365138694392        1.05675821271960
H            3.44827768344570        0.62275397636732        3.12215401512055
48
 energy: -84.831714530803 xtb: 6.7.1 (edcfbbe)
C            4.95362131372300       -0.69709546235426       -1.51361461084237
O            4.56112767113890        0.13655507832486       -0.43105826984281
C            3.22594005340030        0.05322906333471       -0.09192690492455
O            2.46243404124410        0.67042169836333       -1.10880127925512
C            1.06547522845608        0.71343396745636       -0.86499048203000
C            0.42517212794149        1.33852805120043       -2.11142796766850
O            0.22668100028122        0.40122085787866       -3.13768625137364
C            0.80093461317292        1.54208717222885        0.40424684914690
O           -0.55148566208222        1.86178580123051        0.70002469983156
C           -1.60413355663650        0.93961401801821        0.72556590857220
O           -1.62825237166678        0.17395777157678       -0.44633756182522
C           -2.33693182213350       -1.05729151929312       -0.38652122389325
C           -2.72887389893210       -1.40484577249665       -1.83268364963251
O           -1.62759011193620       -1.78126038673085       -2.61127115091882
C           -3.57183489832313       -0.94423658289706        0.52165152353945
O           -4.33527487635955       -2.12139600251532        0.52505006160162
C           -3.16186353355524       -0.52270900682503        1.95896104722985
O           -4.01499046420833        0.46055496827020        2.48555462020054
C           -1.73062790735307        0.05263098157898        1.98141972086381
O           -0.77418020940109       -0.97795522836127        1.99739579527895
C            1.53717941386706        0.88646287422480        1.58013059601943
O            1.35202177057803        1.57263717604728        2.79380606599794
C            3.03549893161740        0.76120687059578        1.25538095835010
O            3.68719168697571        0.00961902193109        2.24404953924595
H            4.46577979990050       -0.38634756043460       -2.43964728383336
H            4.70966737895385       -1.74258731929016       -1.30035633604635
H            6.03022914403841       -0.57556701795759       -1.59931475079526
H            2.90461070085345       -1.00576870680634        0.01680998419934
H            0.68558375337686       -0.30851029579780       -0.72319121672204
H            1.06868641339581        2.15992118242060       -2.44705067370683
H           -0.56011029083134        1.72617185500311       -1.85428690593800
H            1.08727897956645        0.07130175791785       -3.42698431798656
H            1.23585696898839        2.53898811949604        0.23826254662316
H           -2.48092524552581        1.61473209973452        0.76641508281754
H           -1.66946815385509       -1.84553325683722       -0.00326299138151
H           -3.24711638749864       -0.54092978863621       -2.26717425551715
H           -3.40985838661836       -2.25957837316772       -1.81942882234311
H           -1.05769597150279       -1.00298145463523       -2.75391437901699
H           -4.23058404647116       -0.17007091343652        0.10997982187890
H           -3.77315503633088       -2.87511058429290        0.75143598555581
H           -3.18090152233062       -1.42223886934037        2.59663164036908
H           -4.91997679188939        0.11999632268367        2.50411859114034
H           -1.62759029269423        0.70911595618715        2.85409788509874
H           -0.76235956329327       -1.38432908925438        2.87480270308490
H            1.14019616924047       -0.11972280709227        1.74701767650420
H            1.43664163408018        2.52424795764372        2.64618691223690
H            3.49066403197751        1.76155587925651        1.16907149752025
H            3.39730705182631        0.34608370819587        3.10634742072238
48
 energy: -84.831020113479 xtb: 6.7.1 (edcfbbe)
C            5.02977410576967       -0.52856100521374       -1.57527093215940
O            4.58801472404381        0.19398446567352       -0.43342379715552
C            3.24437893220712        0.05706115921978       -0.14863593268660
O            2.50074996258901        0.74321868237985       -1.13620548986505
C            1.10048932443103        0.74532875612823       -0.91492124976034
C            0.43988808284219        1.40287303256600       -2.13190938556298
O            0.19793120248590        0.48469920642821       -3.16683136761405
C            0.80895639647537        1.49345176930031        0.40014657416190
O           -0.54424656893814        1.85155842021166        0.63212627462494
C           -1.59824638004285        0.93296467464982        0.70163951023059
O           -1.57063117850605        0.08697625108228       -0.41364786523849
C           -2.31273765738196       -1.12081952717636       -0.31267945659249
C           -2.66447538191032       -1.52747335682732       -1.75446212949220
O           -1.52807699455987       -1.82815191978311       -2.51631695409907
C           -3.57691237748716       -0.93875366348377        0.54257385958115
O           -4.34318721873107       -2.11312522566024        0.59875997233935
C           -3.22453158203141       -0.41513749219467        1.96243978491890
O           -4.08214627602259        0.61888744528366        2.37182467069024
C           -1.78309404212267        0.13524005905245        2.00880299084716
O           -0.86098811686957       -0.91831823750837        2.13258524406165
C            1.49361101100378        0.74182785556573        1.54460700899154
O            1.27723265197983        1.33271096257330        2.80221578898056
C            3.00135231543396        0.63631453979948        1.25221126877556
O            3.61974732075635       -0.20895476977286        2.18519792640103
H            4.55921840318075       -0.14498958526488       -2.48272976615769
H            4.80525606231761       -1.59411349046498       -1.46478177174947
H            6.10501008121250       -0.37642425720747       -1.61828254375918
H            2.94264777445983       -1.01343433495531       -0.14248334309110
H            0.74232076514875       -0.29177781921731       -0.82912743632550
H            1.08123419979859        2.22400155902067       -2.47094898454193
H           -0.53358880620857        1.79570540778908       -1.83824432287258
H            1.04452377907790        0.16484701004212       -3.50475690660201
H            1.28115958531106        2.48411250188747        0.31154686129348
H           -2.47588244558555        1.60748659859192        0.65893512309999
H           -1.67575124696207       -1.90075070200610        0.13402377124718
H           -3.24297398726645       -0.71496815145292       -2.21200063767459
H           -3.27710294168022       -2.43188776946562       -1.73147915899286
H           -1.02514382533495       -1.00788288923381       -2.66963340478360
H           -4.21839481791787       -0.19565500473666        0.05332103019954
H           -3.79358681379815       -2.84650260442957        0.90770593272336
H           -3.28891323058295       -1.26284181757085        2.66413834453237
H           -4.99186934130493        0.29122475482048        2.38622611151402
H           -1.70053180715780        0.84600350536893        2.83873985317537
H           -0.80975192052036       -1.18916115233814        3.05861115933300
H            1.08724951987161       -0.27123110547810        1.62182712848329
H            1.40903670973210        2.28849502767701        2.73911925285812
H            3.46138888258157        1.63808938216765        1.27710513151870
H            3.30159203823430        0.04384706264865        3.06582609823139
48
 energy: -84.832421197264 xtb: 6.7.1 (edcfbbe)
C            4.83695823842798       -0.59861129542929       -1.76849268043906
O            4.40045096655257       -0.10939459401893       -0.50697740213879
C            3.03633245793742       -0.16795222119833       -0.30668808793849
O            2.41186479043796        0.78460524584033       -1.14239516632761
C            1.01264120326430        0.87525707945555       -0.94200276014036
C            0.42018003473695        1.76531408232538       -2.03907357430105
O            0.12125867002934        1.03568089708912       -3.20200089274806
C            0.76113437595675        1.41160501381591        0.48387260563365
O           -0.52933233397914        1.95252622213975        0.70115750558839
C           -1.73465701245819        1.20911952364219        0.72709027354284
O           -1.85516300530474        0.37284105897506       -0.38877519339214
C           -2.00013927901146       -1.01637701969438       -0.14740511016567
C           -2.13544167522509       -1.68541122705698       -1.52380006816115
O           -0.97766256676079       -1.56280426552100       -2.30609910807185
C           -3.22287177885283       -1.32364274338727        0.74530224731702
O           -3.06303953216144       -2.54860443225165        1.40847866656895
C           -3.48439104303115       -0.17199819848470        1.74980027990902
O           -4.39435365438943        0.78640470020249        1.28251497006834
C           -2.15225474385865        0.53223504024679        2.05578363129020
O           -1.30563630498262       -0.44649666594540        2.59344440115505
C            1.29257443112106        0.37495447825937        1.47337932051633
O            1.12214946415900        0.76276925371601        2.81878169424334
C            2.78351862671044        0.11253822607654        1.18391342601319
O            3.22910607498222       -1.00805741915271        1.89796312557718
H            4.45018782711015        0.02220617572653       -2.57884992685487
H            4.51428261769275       -1.63461330021922       -1.91017943629419
H            5.92209575105126       -0.54557287706683       -1.74137193664742
H            2.63732691980280       -1.17832344523510       -0.54495266849460
H            0.57471461479159       -0.13063009452139       -1.03585655723105
H            1.12115283142593        2.58089063747979       -2.24680394797304
H           -0.52679757706832        2.17681379540923       -1.68749017241853
H            0.94515938095553        0.71987091947527       -3.59527398143939
H            1.38369442137993        2.31518312735521        0.58307613128706
H           -2.47568365840026        2.01594381160072        0.59296643827201
H           -1.10253395449556       -1.41666253628006        0.34892821043672
H           -3.00290635000340       -1.25336369723117       -2.03599614766709
H           -2.29923796812751       -2.75488281602287       -1.36961358689560
H           -0.89142240843031       -0.64175581510978       -2.61095934584589
H           -4.10835352309083       -1.44319258168565        0.11098484822353
H           -2.32681711400613       -2.46197824629449        2.03180047027356
H           -3.84619915343288       -0.63172110477162        2.68234428487978
H           -5.26137900343447        0.37653312778947        1.16533947346608
H           -2.32568438954365        1.34016992712910        2.77805396433794
H           -0.53744783611866       -0.01669120214724        3.01069413061967
H            0.75988491816747       -0.57646710094776        1.36583107915590
H            1.42345431364683        1.67457316661722        2.93822131112998
H            3.37477654273755        1.00374428028914        1.44889204885369
H            3.02450524719390       -0.87658065492737        2.83592709825992
48
 energy: -84.829495797264 xtb: 6.7.1 (edcfbbe)
C            4.77096277197441       -0.70749149071043       -1.82446584310964
O            4.35344944609342       -0.21882073517429       -0.55653185277745
C            2.98665268641490       -0.16071105278347       -0.38218499389236
O            2.46849957713848        0.89796366871580       -1.16122308138905
C            1.06960817416697        1.05747610089153       -1.01879538433045
C            0.61568329323008        2.11706023487863       -2.02685235296723
O            0.71712575083236        1.66128955364295       -3.34867823856994
C            0.73900675661877        1.46494927705452        0.43307279102788
O           -0.59237807375815        1.93490517260244        0.57300160208559
C           -1.74458175882215        1.11933547769240        0.64458304851476
O           -1.77513387285047        0.17267097572812       -0.39106779851042
C           -2.00741942529366       -1.17990901482240       -0.02593528569338
C           -2.11835185684864       -1.97533828706740       -1.33512038407903
O           -0.95545650136937       -1.88839417337345       -2.11876131717200
C           -3.28110788884430       -1.35736057124397        0.82949592094698
O           -3.22510112035457       -2.55795739093245        1.55166061807402
C           -3.51395163678380       -0.14464070259418        1.76897963443600
O           -4.41766888024805        0.79527942928700        1.25346297710045
C           -2.16714928915247        0.55241585273052        2.02117563450840
O           -1.35062485533391       -0.40645638980146        2.63359969468227
C            1.23756750960372        0.38345495869000        1.38795268444992
O            1.07887647231071        0.74495501142574        2.74338262875180
C            2.72132078776491        0.06918880092399        1.11277859279471
O            3.10349382505095       -1.09428528066034        1.79340727989367
H            4.47231471962147       -0.02395621033833       -2.62175857595864
H            4.34743700112602       -1.69906791146708       -2.01175771780973
H            5.85472386633000       -0.76835499787892       -1.77043278559231
H            2.49942645366731       -1.11193270850366       -0.68829861929405
H            0.57244010724230        0.10269815896121       -1.25092953990605
H            1.21325310319532        3.02499687329500       -1.87449322699044
H           -0.43727564937806        2.34218369737940       -1.85075013156200
H            1.64104255438934        1.43634546583589       -3.52006884029669
H            1.31673328920748        2.38101126224751        0.63482966615845
H           -2.52984315258229        1.86415880294576        0.42166147995325
H           -1.15151547545820       -1.57076212713750        0.54498183244698
H           -2.99111425279534       -1.61794906793578       -1.89367048350693
H           -2.25362330537854       -3.03037486431887       -1.08751485712134
H           -0.90788042614959       -0.99684704529922       -2.48868638628165
H           -4.14715502798593       -1.45157764045715        0.16454042681554
H           -2.49661593197278       -2.49938003878877        2.18717815743089
H           -3.87032433647631       -0.54277479906426        2.73069668780681
H           -5.30464494661568        0.41140043858959        1.23349708897584
H           -2.32129509885273        1.41869269838084        2.67792411882829
H           -0.55262838150240        0.02289800529513        2.99261875980480
H            0.67086213451057       -0.54390109273716        1.25273822510464
H            1.42927680330847        1.63509431831375        2.89118908410922
H            3.34434012292915        0.92441878032102        1.42078340245111
H            2.88874279638280       -0.98660518382016        2.73226954460898
48
 energy: -84.828376470194 xtb: 6.7.1 (edcfbbe)
C            4.92134533744372       -0.54941700189989       -1.79049612132246
O            4.46787622083795       -0.04773370036987       -0.54020913207919
C            3.09679909709095       -0.01541713656045       -0.39563929122018
O            2.57777085722284        1.03485540271576       -1.18470213338629
C            1.17512798091656        1.17524278096967       -1.08748537185409
C            0.76113372733714        2.28064346528204       -2.06571650834132
O            0.91814433058692        1.89131064884469       -3.40258051602704
C            0.74816954906570        1.51823564565198        0.35789121519019
O           -0.64538727223900        1.80582227779367        0.38951356193022
C           -1.65130094657557        0.85122085456193        0.58393955054691
O           -1.45247433511672       -0.24384461849799       -0.27819835152625
C           -2.18154072524920       -1.42392455776321        0.05491382750793
C           -2.35170862074354       -2.22455753374242       -1.24498989285454
O           -1.13069054447717       -2.68964092970191       -1.75668757333409
C           -3.55711127359165       -1.10359574806710        0.66460652675673
O           -4.26990940944821       -2.27686814222094        0.95295460087725
C           -3.43520381908065       -0.18384953581019        1.90843103759928
O           -4.34752974180756        0.88261876914642        1.86174024518254
C           -2.02070391774983        0.41210669696895        2.02053864262701
O           -1.21585180313454       -0.56312532099613        2.62135723632112
C            1.28477164378761        0.46481625708628        1.32231287499557
O            1.08479850979699        0.81714838411778        2.67503810106994
C            2.78740700103726        0.21534807051700        1.08836650612476
O            3.20205374480285       -0.92277774236083        1.79210567295718
H            4.61553652230615        0.10736835164974       -2.60722304388866
H            4.53229022656405       -1.55772699803591       -1.96279021609758
H            6.00526620346338       -0.57566659735166       -1.71814177849067
H            2.63634161466293       -0.97635580438550       -0.71045653873438
H            0.68466897341573        0.23313037965629       -1.37872691916775
H            1.35250488236380        3.17828371595370       -1.84525291011274
H           -0.29764853384276        2.49932600583208       -1.92210210294891
H            1.84979594614947        1.68122984571023       -3.54756603075633
H            1.20186224451749        2.48828508448208        0.61010742638437
H           -2.54047181537982        1.42697812845102        0.25545127353734
H           -1.59875146173360       -2.02067373459075        0.77339259916077
H           -2.86799432229887       -1.59268567107626       -1.97860711091763
H           -2.95985763503867       -3.10776633469871       -1.04229890840056
H           -0.60080697675008       -1.92354961572491       -2.00746189358984
H           -4.15361383889990       -0.57917768461558       -0.09189570214430
H           -3.76981360164544       -2.81135644970686        1.58522660696748
H           -3.59652084600976       -0.79412563054667        2.80999513097716
H           -5.24844073893934        0.53145937854852        1.87915212796376
H           -2.08261344259300        1.32236964250846        2.63064582175445
H           -0.41291903923837       -0.14027692934064        2.97241554183663
H            0.75772124484250       -0.48355916593586        1.17145218184069
H            1.41882818543950        1.71086388317364        2.83848506260864
H            3.36483322896166        1.10008963051230        1.40215106379523
H            2.94381625956225       -0.82108647919253        2.72052748443601
48
 energy: -84.826588268873 xtb: 6.7.1 (edcfbbe)
C            4.98380818196173       -0.43626500434685       -1.83496011541008
O            4.49667610095236       -0.02377473428835       -0.56480108437691
C            3.12194463664345        0.01107407334726       -0.45771160142396
O            2.63546475196867        1.12216838210673       -1.18023857736028
C            1.23215740869209        1.26611531625111       -1.11848085196204
C            0.86380697799265        2.45677688477379       -2.01222910548849
O            1.08808318464224        2.19018499898298       -3.36922190162317
C            0.74342144547532        1.48897126959473        0.33109249968650
O           -0.66267015875342        1.72186186337637        0.28794219268097
C           -1.65454651983371        0.77069526203255        0.53912301566297
O           -1.40930168068828       -0.40112255003493       -0.20466732351959
C           -2.23043254829920       -1.51740537119924        0.14345491346993
C           -2.39835189426141       -2.37015622602545       -1.12287721721523
O           -1.21886657854316       -3.03544763257870       -1.48946999709924
C           -3.60827171359618       -1.08944731297693        0.67924549820425
O           -4.40442270068163       -2.20469361428960        0.97964707563440
C           -3.48200049373618       -0.13215573604403        1.89354855083490
O           -4.37831352433386        0.94478435424735        1.80191404123376
C           -2.05828949430463        0.44216944544160        1.99605387799718
O           -1.28872779724115       -0.51706741411160        2.66290796312076
C            1.27346909549909        0.40064127606035        1.25982946963967
O            1.08063925526778        0.72141726097142        2.62229349518223
C            2.77583456885854        0.13987322150191        1.02993599081471
O            3.15847335365079       -1.05141982384964        1.65978312287222
H            4.69971708326846        0.27688447863096       -2.61135581615497
H            4.60051439723581       -1.42962897864635       -2.08824668635857
H            6.06546306844344       -0.46864891127694       -1.73552296520300
H            2.66298794858187       -0.91913613208563       -0.85511868582305
H            0.74409508282167        0.35750378024344       -1.50719010958332
H            1.44319385104342        3.32861748670587       -1.68265121954629
H           -0.20082678728956        2.66499548677669       -1.90119104089643
H            2.02456487196768        1.98249830618070       -3.48387642650626
H            1.15021390827161        2.45599726714571        0.66568069137866
H           -2.54065081908095        1.29787309134485        0.13217540954370
H           -1.71681258626964       -2.11350767898486        0.91365374105542
H           -2.75181505805097       -1.72100039773985       -1.93458011719666
H           -3.14308619318735       -3.14547210459172       -0.93430205604654
H           -0.54562458431900       -2.37221456346492       -1.68041285949791
H           -4.14119192587606       -0.56140464028464       -0.12098253487173
H           -3.96338754716658       -2.74623933745071        1.64896532162810
H           -3.65978110598763       -0.70938623395883        2.81366065140601
H           -5.28342574908910        0.60434294654107        1.81312705959569
H           -2.10752291719401        1.38907045799270        2.54985796530442
H           -0.44409270543172       -0.11794508520735        2.93887265554622
H            0.73364910143679       -0.53619926459392        1.08646710194001
H            1.44765109417144        1.59657079931018        2.81451118117224
H            3.36011663917716        0.99101847398975        1.41586009619911
H            2.90646594543556       -1.00237319629452        2.59396858834916
48
 energy: -84.824499128124 xtb: 6.7.1 (edcfbbe)
C            5.02114570577831       -0.36414375559393       -1.88597575497033
O            4.51510178637831       -0.02984347566929       -0.60053408118491
C            3.13977178176746        0.03307563789433       -0.51973473538208
O            2.69553457949095        1.21351128777236       -1.15408118254288
C            1.29251643932113        1.36489364107383       -1.13178491698354
C            0.96230780374602        2.63455670231277       -1.92641867169413
O            1.20979071966953        2.48261347560284       -3.29706416396581
C            0.73955119617495        1.45871054941088        0.30926700101821
O           -0.67231127218480        1.63990170544289        0.18894372332600
C           -1.66525061398664        0.70566558597013        0.48561283142567
O           -1.38669200251308       -0.52998595813336       -0.13295508823879
C           -2.25528564901313       -1.60026627229750        0.24638466969722
C           -2.40828520487527       -2.51912482041585       -0.97540602909420
O           -1.24430226521868       -3.25024638248550       -1.25576908906300
C           -3.64018261077781       -1.11524519265461        0.71200786429271
O           -4.45263159996338       -2.19890968471390        1.07818567348969
C           -3.54268824978909       -0.06277515800676        1.84881040965481
O           -4.41798625306890        1.01408736517901        1.63532152852427
C           -2.11414869276602        0.49691433767230        1.95158911187447
O           -1.38430235055575       -0.42882635848463        2.70326150339965
C            1.26359031201805        0.33038872351582        1.19449654067763
O            1.07492835171531        0.60807405008853        2.56770356910440
C            2.76359396037930        0.05249754200288        0.96550917173491
O            3.10810981766393       -1.19203221542012        1.50846140117271
H            4.76854887553409        0.40652956957447       -2.61683396840947
H            4.62369212597974       -1.32923211020599       -2.21512147938861
H            6.09949017513523       -0.42678352468176       -1.76709492695759
H            2.66649299307852       -0.84752381052271       -1.00310742906438
H            0.81602645938565        0.49921323393698       -1.62114457100666
H            1.54898798369351        3.46403406891935       -1.51141196726981
H           -0.10123774445037        2.84981483961684       -1.81798030436079
H            2.14575105761441        2.27388792850292       -3.41348321840993
H            1.09503862800365        2.41313031009528        0.73005830228582
H           -2.53762216562189        1.18654637775421        0.00100364667506
H           -1.78311719090944       -2.16553939622548        1.06462458072412
H           -2.70337399352250       -1.90469685419270       -1.83630984103820
H           -3.19120315060844       -3.25269315410079       -0.77367050285814
H           -0.53220976052519       -2.62630854418080       -1.43997060402033
H           -4.14879462402205       -0.65024543724513       -0.14144527260668
H           -4.02924901680325       -2.69421776169324        1.79323414400561
H           -3.76212332334826       -0.55915859607507        2.80604778551736
H           -5.32822957284874        0.68768995966825        1.64369974349723
H           -2.15815337153949        1.48190628305475        2.43660843227472
H           -0.49611517839811       -0.07249019893360        2.89209340658942
H            0.70990905567718       -0.59160757299013        0.99060189002262
H            1.47646351685301        1.45914792733516        2.79721747598413
H            3.35922539610070        0.85794220886292        1.42524575647986
H            2.85992600382841       -1.20284283663090        2.44479152443982
48
 energy: -84.822666875204 xtb: 6.7.1 (edcfbbe)
C            5.10688524528669       -0.17505215302717       -1.95409256292161
O            4.56167778995479        0.00063941607214       -0.65318466685367
C            3.18450694253889        0.06220894183250       -0.60798760437976
O            2.76120963913617        1.30801577036580       -1.11877651775638
C            1.35819818178088        1.45207754979212       -1.13187309797828
C            1.04800863872435        2.79628021759164       -1.80356252317360
O            1.35243133023906        2.79117073233911       -3.17090048165123
C            0.74737819587294        1.39827090725535        0.28807965804531
O           -0.66296906802479        1.53529797693222        0.09093601654163
C           -1.67563805703016        0.63463560874124        0.42040620662741
O           -1.39270046009864       -0.66061611472977       -0.05817315073073
C           -2.30645642520060       -1.67037145818429        0.38084426814281
C           -2.42420059907970       -2.70901016130774       -0.74539436681085
O           -1.30346833417210       -3.54763941919003       -0.83613546212018
C           -3.69792593115166       -1.10751839945281        0.72501475628978
O           -4.56676603911801       -2.12978553211288        1.13476610973780
C           -3.62194817085745        0.03350355456197        1.77444483723994
O           -4.47132152339122        1.10084606621588        1.44264947180780
C           -2.18714371973732        0.57598184493632        1.87870577214919
O           -1.50762927764909       -0.28509838290035        2.74462272071899
C            1.26654158511302        0.20509901146691        1.09131098342976
O            1.07201153290448        0.38760229453000        2.47964823876676
C            2.76563010273434       -0.07971132728673        0.85890163702343
O            3.07060711035790       -1.38605347886343        1.26325663353051
H            4.88608122283698        0.68566547091994       -2.58839464975265
H            4.71110605156610       -1.08479847349968       -2.41606372174412
H            6.18003445181950       -0.26722965130065       -1.81009663766035
H            2.72477182773496       -0.75601067710300       -1.20133977579692
H            0.90548479852175        0.63992109432414       -1.72417628655609
H            1.60926102147836        3.58065355413862       -1.28002434175837
H           -0.02115058639080        2.99193652830855       -1.71688668443031
H            2.29561829521512        2.60739175686433       -3.27014208133679
H            1.05267433713556        2.31847312103254        0.81307558454210
H           -2.51746272944151        1.07499920880350       -0.14873505778022
H           -1.89081501019161       -2.15897127238391        1.27548001691652
H           -2.59784541111640       -2.17784300636472       -1.69046700684904
H           -3.27622681385987       -3.35981383793937       -0.53860961237774
H           -0.52898655060211       -3.00612742692200       -1.02896888884131
H           -4.14394363274279       -0.70212552301685       -0.19143898238171
H           -4.20280227330939       -2.57142723897924        1.91475012660076
H           -3.88028305190945       -0.37900541459496        2.76150174378339
H           -5.38626041310315        0.78754158933379        1.44162087899258
H           -2.22637576870238        1.60487528705731        2.26602848055030
H           -0.56719114201798       -0.02677229247045        2.81125525650695
H            0.70196419526389       -0.69268331851091        0.82216401438440
H            1.50913189588140        1.19987278687404        2.77602707269873
H            3.36707281241106        0.65326497998770        1.42088822201882
H            2.81922264822367       -1.49256647604889        2.19252937407505
48
 energy: -84.821264464288 xtb: 6.7.1 (edcfbbe)
C            5.18236222394864       -0.01379978138225       -1.99822309785317
O            4.60633493332783        0.03117058084056       -0.69946430327576
C            3.22860421102159        0.08831939551824       -0.68111537947577
O            2.81327015965794        1.37739834701552       -1.07877810983230
C            1.41080358533331        1.51370276547171       -1.12196376567478
C            1.10972312090061        2.91220081536354       -1.67728128829396
O            1.46414858140710        3.03615084432838       -3.02685561982218
C            0.75054131310674        1.32308379045295        0.26386851943599
O           -0.65070319303665        1.43013165960536       -0.00902275366477
C           -1.68892716439999        0.57145822548209        0.35222222019756
O           -1.40751944898400       -0.76693842509536        0.01688545200545
C           -2.34973200482909       -1.71971712115056        0.51889682058353
C           -2.43784925718774       -2.85826047667275       -0.50908935787508
O           -1.29430563106179       -3.67031433380165       -0.52104091439079
C           -3.74485161104787       -1.11354355493203        0.75775552603243
O           -4.63812540568609       -2.08320636359307        1.23706124099477
C           -3.69088269790612        0.12698189592980        1.68955161312287
O           -4.51573823029186        1.16245320129607        1.22248376687810
C           -2.25364959964881        0.66405942325538        1.78701347262600
O           -1.61144419135172       -0.10455369374443        2.76220084977029
C            1.26852640880940        0.06855423669013        0.97369378399294
O            1.03935418779833        0.12732913085460        2.36729277205728
C            2.77431079197198       -0.18905769516077        0.75517819990446
O            3.07541605714922       -1.52581389983146        1.04724724412728
H            4.97566255366070        0.90655374191745       -2.54782296315318
H            4.79856750772689       -0.87194461123153       -2.55850515016175
H            6.25191544973021       -0.12130384079500       -1.83891113060314
H            2.78363298320406       -0.66942860682678       -1.36031533945095
H            0.98430405985035        0.75676700641266       -1.80052570528159
H            1.64294043917905        3.64915804562583       -1.06316325691498
H            0.03587026382683        3.08979575248150       -1.61326536350816
H            2.41121978820697        2.86342956081286       -3.10751271506452
H            1.00985918502632        2.19631459865210        0.88562477245415
H           -2.49845321464496        0.96436965199401       -0.29291849545982
H           -1.97022970120532       -2.12461247170426        1.46945265647788
H           -2.62015909981974       -2.41957178503602       -1.49900249697474
H           -3.27428477561142       -3.50907524945174       -0.24698266256793
H           -0.53436189534716       -3.12666170999142       -0.76179972262093
H           -4.15575970812869       -0.79764106194028       -0.20896710224974
H           -4.30884363723304       -2.44161226927080        2.07308325204627
H           -3.98628877484071       -0.18092302149038        2.70393805186941
H           -5.43491089235699        0.86194214786519        1.22980571306307
H           -2.29193987328301        1.72839718482119        2.06668583487429
H           -0.64027103350500        0.00587264243481        2.70640584095343
H            0.71631060282093       -0.80521896699565        0.61685445571442
H            1.50777931392524        0.88389733681040        2.75145583238513
H            3.35816954732519        0.49198988204921        1.39581546450478
H            2.79960263231370       -1.71828869736731        1.95553728479315
48
 energy: -84.821298372630 xtb: 6.7.1 (edcfbbe)
C            5.40206985497116        0.38453642681134       -1.86365426826637
O            4.70107612387237        0.15959932212455       -0.64764352100482
C            3.32776810369477        0.14118012797534       -0.76719924072618
O            2.86557526530678        1.44817030459204       -1.02954924428688
C            1.46290140829378        1.52852255253552       -1.13967776082628
C            1.13665739450026        2.96284792361182       -1.57984234330523
O            1.57950201290442        3.22849914439426       -2.88210004624034
C            0.74298364503589        1.17652364063470        0.18472988480075
O           -0.63823829334470        1.32947609671122       -0.15194008875519
C           -1.72779266894136        0.54478837200285        0.23768938581165
O           -1.49793092009962       -0.82685079644376        0.03559477700314
C           -2.40851654973058       -1.70462602916355        0.70230250223866
C           -2.48784680318826       -2.99461287761995       -0.12879961561248
O           -1.35960817104478       -3.81281070439716        0.02298065120669
C           -3.80605743766741       -1.07906971752226        0.85479198620624
O           -4.71016097872844       -1.97834211058946        1.43922795791441
C           -3.74362218159602        0.25989855488244        1.63214066922229
O           -4.59575338789671        1.22404852975210        1.06837726679578
C           -2.31438229957725        0.83729014565496        1.62935823219865
O           -1.60528688437846        0.32313714304414        2.72234563104872
C            1.22411000816335       -0.20783656177688        0.64647303912637
O            0.83683765889803       -0.51897448428064        1.96794782735848
C            2.75560528090285       -0.36318752069388        0.56089479143728
O            3.10612547098171       -1.71305076334156        0.68860655832655
H            5.21313135966937        1.39185492659341       -2.23902677841012
H            5.10944317330260       -0.35155773630941       -2.61815851052712
H            6.45437073292054        0.26842117763840       -1.61852150201220
H            3.00243649459373       -0.53624440944193       -1.58589407562910
H            1.10559936309493        0.82570401789571       -1.90879159143275
H            1.59314516302886        3.65573109331705       -0.86160457009993
H            0.05469297397213        3.09418946261291       -1.57847120942711
H            2.53485342475884        3.08704487418521       -2.90960116290637
H            0.99717382079347        1.92302565421462        0.95310059772813
H           -2.49830058736064        0.90453313005448       -0.47256612234630
H           -2.01298855064964       -1.95245890791882        1.69951471620900
H           -2.64076261190316       -2.72077317020672       -1.18047060506686
H           -3.34065052056530       -3.58357081908402        0.21485392782864
H           -0.58669177308053       -3.33810255394950       -0.30503984888885
H           -4.20505994052948       -0.87799319738621       -0.14686580094701
H           -4.39427122994522       -2.23280392331103        2.31740967401375
H           -4.00946946259991        0.07345566215295        2.68423733868499
H           -5.50883204212124        0.91000619597456        1.12302350055883
H           -2.39560557942390        1.93036847839962        1.72649192904917
H           -0.76309478702938       -0.07434723222785        2.41762225171523
H            0.76154090395959       -0.97157772527561        0.01505324368346
H            1.32255231690907        0.04324168713715        2.59162735245269
H            3.23062600665500        0.24239469427834        1.35088944602457
H            2.73014455595023       -2.05970389502917        1.51161675043065
48
 energy: -84.822992787690 xtb: 6.7.1 (edcfbbe)
C            5.47737289224393        0.48214452284473       -1.76754123287218
O            4.72609930481167        0.22140817051478       -0.58909879108203
C            3.36016624972379        0.18184134841945       -0.77377169197512
O            2.88289042276128        1.49274551243185       -0.98396432625362
C            1.48649448637326        1.55172599018089       -1.16231681189484
C            1.15273927381643        3.00558658153214       -1.52770117866052
O            1.69084993252666        3.37396521807270       -2.76765543253664
C            0.70387213526548        1.10386241129859        0.09457625839325
O           -0.65424088892705        1.22784664377939       -0.33376987579569
C           -1.75232997458571        0.48556354068999        0.10920307833044
O           -1.49945701739920       -0.89607700287368        0.07398490355684
C           -2.42739850257705       -1.72725849581884        0.77448182894609
C           -2.54537316180155       -3.04618632696611       -0.00741552719724
O           -1.44692698304211       -3.89541604194354        0.18278368918574
C           -3.80832145755304       -1.06819111743699        0.91762450795770
O           -4.73099336600145       -1.92417224929756        1.53786986995036
C           -3.70338937990013        0.28566743214218        1.65474637687428
O           -4.66197636964558        1.19809330715550        1.18219293284068
C           -2.31345694539504        0.93217254093251        1.47007336656931
O           -1.47274107470746        0.64935182026057        2.55288156129820
C            1.19671382853799       -0.29714643988347        0.50321247701748
O            0.74881500078243       -0.70139862027389        1.78040134193026
C            2.73490998712949       -0.40548453253710        0.49438485919213
O            3.12186649207487       -1.74944232835469        0.57359123785033
H            5.26539967358933        1.48208785457305       -2.15094380876585
H            5.25399545913036       -0.26296772916522       -2.53727753002858
H            6.52007172300383        0.40964900110571       -1.47020864575894
H            3.08865215319840       -0.45445260889015       -1.64309989672153
H            1.18636374987596        0.89287674848643       -1.99185277914613
H            1.52938248814067        3.65665997840700       -0.72866677045633
H            0.07090965819902        3.11070095159016       -1.60604604231706
H            2.64835189207557        3.25016313661132       -2.72712512952149
H            0.88670807343833        1.80631409639169        0.92232426202768
H           -2.51627515269548        0.75446159988506       -0.64400954490672
H           -2.02501413122327       -1.95080928715955        1.77553713203929
H           -2.68313249453658       -2.80670377070648       -1.06974038218082
H           -3.41983988676972       -3.59324366075571        0.35078497362298
H           -0.65432746990214       -3.45063004877920       -0.14039901210208
H           -4.21412316013840       -0.88719886543831       -0.08489783239203
H           -4.41706636311333       -2.16062528592998        2.42208737642336
H           -3.83453767442178        0.11483365416080        2.73578243613237
H           -5.54405453387014        0.82063719017490        1.30533730623610
H           -2.46324183190828        2.01895759676654        1.43316803801274
H           -0.82335154085888       -0.03130029990164        2.28470327906639
H            0.79096070610715       -1.03079046976434       -0.19944287609655
H            1.22014652275686       -0.19503662778902        2.46064856768201
H            3.14831482234560        0.17238976493151        1.33792362019949
H            2.71952128857637       -2.14718060264056        1.36012382038623
48
 energy: -84.824269972929 xtb: 6.7.1 (edcfbbe)
C            5.50671972744645        0.56187410322012       -1.74244004967097
O            4.74666412180541        0.24841979507790       -0.58276583503473
C            3.38312785130088        0.20401039404086       -0.78272239505684
O            2.89443763153451        1.51872656508444       -0.94000256828400
C            1.50412113708716        1.56583949628171       -1.16120956745765
C            1.15044108925772        3.03173508226714       -1.45151965461389
O            1.72050251343877        3.48580392567008       -2.64770320673582
C            0.68604242328037        1.03003880521514        0.03569816710801
O           -0.64878214846240        1.09379665477460       -0.47061322957646
C           -1.74986410883228        0.39399477261177        0.02731779934378
O           -1.47664624636987       -0.97740008787000        0.15916931397947
C           -2.46175030103817       -1.76011727166046        0.83903505789604
C           -2.61299628087240       -3.08629775168113        0.07476259098050
O           -1.52430128383106       -3.94822036976494        0.26363658247993
C           -3.81976150301056       -1.05026011176001        0.94452850859088
O           -4.77377521285127       -1.85062427522354        1.59098308189703
C           -3.67516523897488        0.32520082756735        1.63039843553961
O           -4.66003438781005        1.22105730482493        1.18116919530022
C           -2.29668728608197        0.96146699299752        1.34999896709110
O           -1.41361033800417        0.76674487005962        2.41981290924028
C            1.21066290011721       -0.35928272264717        0.44645019543388
O            0.75491819185573       -0.76696095733012        1.71983800541774
C            2.75074760260317       -0.43976835907367        0.45397061507438
O            3.16153519308233       -1.77858883579863        0.49439162102340
H            5.28171455227416        1.57042854061395       -2.09450828336404
H            5.30520664523940       -0.16033083379742       -2.53960412953781
H            6.54701757857327        0.49704241943124       -1.43516237171139
H            3.12563513578135       -0.39621162383351       -1.68135950935655
H            1.24480523937389        0.95225642150135       -2.03839470118528
H            1.48390095291390        3.64221453089521       -0.60254472087705
H            0.06947596348476        3.11718778039983       -1.56241894597081
H            2.67913044351892        3.38637692853380       -2.57946365792610
H            0.78656751384524        1.71545583188017        0.89220010247169
H           -2.50861297760717        0.57468349944845       -0.75398337624707
H           -2.08807352875426       -1.98410889630365        1.85098353195450
H           -2.75754964147383       -2.85846175078173       -0.98971546256459
H           -3.49225554833443       -3.61495526682410        0.44860611632845
H           -0.72578589472636       -3.50301387999703       -0.04498857314113
H           -4.21725257440261       -0.89529834960777       -0.06549172420304
H           -4.47807415832551       -2.05556008548750        2.48923456814544
H           -3.74970852849515        0.18940046131656        2.72239503473311
H           -5.53203012752141        0.82964593101147        1.33127463624622
H           -2.44942624717299        2.04085970714375        1.23337194430421
H           -0.83800141633481        0.00326330482144        2.21473728566405
H            0.82684484272784       -1.10093740762080       -0.26031753747454
H            1.21598161520598       -0.25466888141938        2.40237631048287
H            3.14251370187926        0.11741069068225        1.32155858987787
H            2.77142926704562       -2.20387372683733        1.27251432138199
48
 energy: -84.824974751683 xtb: 6.7.1 (edcfbbe)
C            5.52927739422800        0.66960552122407       -1.72770730830638
O            4.76633513743089        0.28252733914358       -0.59244292537718
C            3.40492611410127        0.22709104982562       -0.80544282111918
O            2.89659135228987        1.54091986810663       -0.89372563863542
C            1.51229375256939        1.57473828995435       -1.15102769320799
C            1.13006989999488        3.04791643469371       -1.35214253798941
O            1.74716509112818        3.60373809931243       -2.47987603012465
C            0.67561232552974        0.94212592460059       -0.01830802429106
O           -0.63409202482007        0.94805403659337       -0.58821490929386
C           -1.74291856653659        0.29909912408462       -0.04231379127807
O           -1.46652074854157       -1.04856878101715        0.24312854751756
C           -2.49966443893357       -1.77879291683715        0.91181597301354
C           -2.67446324945936       -3.12291265145152        0.18550290982168
O           -1.60249775899230       -3.99785829109741        0.40835747434943
C           -3.83818814471217       -1.02772069769632        0.96734695681194
O           -4.81207185466546       -1.76486378098921        1.65795533435962
C           -3.66407840565208        0.38485756639748        1.56641091721196
O           -4.63567915989766        1.26867701622822        1.06754441921055
C           -2.27654493070477        0.97446559299371        1.23532748517808
O           -1.38321231887866        0.81770616177198        2.30473073136530
C            1.23498071905181       -0.43509607648199        0.38830746075758
O            0.78268857696080       -0.84068052692802        1.66384137831405
C            2.77658165431918       -0.49439381684832        0.39026451146193
O            3.20838379164191       -1.82732904446181        0.35621567786558
H            5.28857503241192        1.69094273792252       -2.02898892943378
H            5.34700719089910       -0.01345832370857       -2.56308231275772
H            6.56827203271940        0.60756082749184       -1.41545670631458
H            3.16347144007018       -0.32631137169701       -1.73774267196015
H            1.29216976848461        1.01625494491823       -2.07481919030080
H            1.40069089659694        3.60408428076198       -0.44519664983998
H            0.05408020503693        3.11278822682944       -1.51454644306227
H            2.70291013516978        3.50988804793357       -2.37299808665535
H            0.69903906257107        1.60240399295899        0.86364951311215
H           -2.49581612294071        0.40219878367749       -0.84038608647723
H           -2.15579801343585       -1.98393550421014        1.93802756823353
H           -2.80562162533483       -2.92446599711384       -0.88705082324380
H           -3.56695318875441       -3.62339543794547        0.56686143086952
H           -0.78946018891389       -3.55550134427245        0.13466600571486
H           -4.23195557373047       -0.92563856153656       -0.05079719378282
H           -4.51633529691084       -1.93609900170554        2.56330191412518
H           -3.73310297091756        0.31904845913001        2.66513850731503
H           -5.51386645183029        0.90501715206919        1.24844659167482
H           -2.40366991118039        2.04778905007164        1.05587351713517
H           -0.84910058150913        0.01450591326144        2.14467879129105
H            0.86039721414596       -1.18430472080946       -0.31584702408748
H            1.24305075337597       -0.32554636515741        2.34414195952878
H            3.16100749284009        0.01863682588612        1.28763778953673
H            2.84603334833793       -2.29577386933147        1.12242442106740
48
 energy: -84.824908166670 xtb: 6.7.1 (edcfbbe)
C            5.53601021169063        0.74953045126855       -1.74791760319047
O            4.78891078402777        0.30540798745867       -0.62320678775596
C            3.42612056004168        0.24088484760299       -0.82603148480770
O            2.89956274216593        1.55082834587106       -0.85022848156373
C            1.51841442912021        1.57717246938108       -1.12573592849361
C            1.10605858089016        3.05155434465805       -1.23525036422698
O            1.70565554696330        3.68959306294579       -2.32837354110848
C            0.67863428377141        0.85463835812311       -0.05231652623695
O           -0.60374931556239        0.79192137185686       -0.67829734391372
C           -1.72169248015311        0.20452495829282       -0.08736698470794
O           -1.44631274173415       -1.10039276735644        0.35872118183901
C           -2.53651731213837       -1.79420871261614        0.97392277888487
C           -2.72775936859573       -3.13589491987788        0.24679363325228
O           -1.69091261296537       -4.04030717729146        0.51561929782735
C           -3.85201110424263       -1.00038330685889        0.97822947507316
O           -4.85063308358885       -1.67495213847865        1.69675509203090
C           -3.64944317209542        0.43871232672425        1.50155181205356
O           -4.61541858292127        1.30772884546897        0.96722081058245
C           -2.25697843591359        0.99009465160324        1.12728594818470
O           -1.36294906070998        0.89064209881695        2.20483802998106
C            1.27768361748245       -0.50344491676119        0.36209306938368
O            0.84259220368813       -0.89510083681744        1.64692174575797
C            2.82046080553839       -0.54046426243140        0.34345214961040
O            3.27159062952702       -1.86471155550963        0.25048430658946
H            5.27221452550150        1.77592982563783       -2.01009389777939
H            5.36232036483599        0.09382903445254       -2.60679826816640
H            6.57810497782705        0.69782877216228       -1.44427456447518
H            3.18251463277060       -0.27308658747455       -1.77985995691819
H            1.32270139718824        1.07701439963839       -2.08801132548209
H            1.36757888833925        3.55682220029097       -0.29634087846410
H            0.02815426713846        3.10304068281257       -1.39215840473704
H            2.66403567941095        3.62240554149430       -2.22553524910761
H            0.62400380197213        1.49412656080627        0.84300069127345
H           -2.46528197293229        0.21989523071065       -0.89779646240573
H           -2.23799794735676       -2.00805739118901        2.01184473957456
H           -2.80936210326213       -2.94069622554006       -0.83166407919960
H           -3.64926203514771       -3.60690748083108        0.59533338083240
H           -0.85369620453495       -3.61232962392042        0.29578093677374
H           -4.23812104332360       -0.94122574970262       -0.04627096763902
H           -4.56942391257578       -1.80431712611917        2.61356949288161
H           -3.70854897839348        0.43155654309418        2.60299115845707
H           -5.49574340574094        0.95894465647620        1.16654753022257
H           -2.36655079647187        2.04974823295827        0.87626271911906
H           -0.89035377153261        0.03976418805522        2.12472411249492
H            0.90660053119240       -1.26840118479259       -0.32715945769029
H            1.27135771167606       -0.33619409019069        2.31220847680490
H            3.20783072639927       -0.05963878273504        1.25696793874768
H            2.93960639612616       -2.36343097342218        1.01105204153358
48
 energy: -84.824038155905 xtb: 6.7.1 (edcfbbe)
C            5.55596365609954        0.91014777923698       -1.76088493724424
O            4.83320209591246        0.36207184505138       -0.66647695229907
C            3.47212847797195        0.26356550369829       -0.86748673294687
O            2.90169220028712        1.55402905311906       -0.80762532992032
C            1.52088826377752        1.55129898148215       -1.08642190030705
C            1.05672325886518        3.01404034875888       -1.09099599511427
O            1.64496183239174        3.75269751616840       -2.12517487409606
C            0.70265205322257        0.72447312251465       -0.07376790123151
O           -0.56037616516297        0.62211935289091       -0.73219719922736
C           -1.69819271558355        0.11460086490414       -0.10951401422284
O           -1.45533713520484       -1.14169444488431        0.47595679688605
C           -2.59606867727323       -1.77869116153695        1.06110012070171
C           -2.78337941886332       -3.14658634799598        0.38582038350370
O           -1.76058742740717       -4.04261652150216        0.72865630749253
C           -3.88662037174012       -0.94864912294956        0.97056851824393
O           -4.92577885124998       -1.54424538892893        1.70101005617217
C           -3.65812334129297        0.51937034511199        1.39905212625938
O           -4.58758195657568        1.37152038588706        0.78013010436439
C           -2.24235476569031        1.01019655828735        1.02392511374890
O           -1.37671034245268        0.96276002545568        2.12929714345623
C            1.35376882569501       -0.62960721120255        0.27262405481490
O            0.93564069551306       -1.10607136626631        1.53165451974233
C            2.89752607265136       -0.60761936835047        0.25291564945665
O            3.39817799579231       -1.90690685227093        0.08637792863419
H            5.26091763126752        1.94541113944583       -1.94323590795298
H            5.39165041802962        0.31594656773808       -2.66512842501703
H            6.60229419781029        0.86567564978877       -1.47080489996174
H            3.24063733546450       -0.19738549168043       -1.85110058076257
H            1.34540572229169        1.11520679995517       -2.08327584482333
H            1.28925031997882        3.45686340692448       -0.11359604389844
H           -0.02069037989445        3.04028157538695       -1.25862189649909
H            2.60416316085531        3.70235470984476       -2.01986750403854
H            0.59841478798748        1.30791248754349        0.85312937117506
H           -2.42672249511466        0.06121707645727       -0.93075869269540
H           -2.35284584857015       -1.95582449681868        2.12002813054977
H           -2.82560974368207       -2.99844080049808       -0.70274330221494
H           -3.72069155704476       -3.59481325133260        0.72208950687882
H           -0.91502120158601       -3.60030413377568        0.57771394074578
H           -4.24252474279217       -0.94959682377369       -0.06641266838647
H           -4.67619205166677       -1.62309966324098        2.63267166552421
H           -3.74599072558305        0.59077521675142        2.49636578343152
H           -5.48167942613779        1.06080005982539        0.98125275757454
H           -2.31271257633693        2.05184021316773        0.69902993546430
H           -0.99799469770329        0.06623259453127        2.16370109851424
H            1.00998201518178       -1.37018408026339       -0.45709919548936
H            1.30589765082639       -0.53979916964122        2.22459799081295
H            3.26645544445734       -0.16685376251309        1.19411025317665
H            3.06139139117864       -2.46442555369252        0.80289552693278
48
 energy: -84.824635109885 xtb: 6.7.1 (edcfbbe)
C            5.67369994915738        1.30093304240910       -1.34496716037901
O            4.87617565507779        0.53739412377822       -0.44956403786919
C            3.57722323906994        0.33429752133181       -0.86569223332752
O            2.86099685086645        1.54630700622930       -0.74827300702361
C            1.50805841946585        1.43341072986914       -1.12668620483239
C            0.92108667327747        2.85229444032795       -1.09008795580298
O            1.53218927339875        3.69963620753275       -2.02277611043588
C            0.71259722194120        0.48396164401495       -0.20523225274536
O           -0.57025522154789        0.42540537174876       -0.82539692621792
C           -1.70968397432442        0.04234130832007       -0.12275520714808
O           -1.50007656984291       -1.15425009228620        0.57688356881755
C           -2.63878371774030       -1.68806083494004        1.25664497411371
C           -2.81418410593900       -3.13390888815228        0.76554286748333
O           -1.69170906835949       -3.91089166768100        1.08558744218631
C           -3.91610376860452       -0.85756006326581        1.06542468843804
O           -4.96348125687291       -1.33949180368879        1.86447894758284
C           -3.66262626595951        0.65153495496850        1.31138881291552
O           -4.57649655083443        1.43337920317027        0.58609605894703
C           -2.23848656187165        1.08123105467010        0.88831581353466
O           -1.38068708766709        1.20380111378588        1.99332073160872
C            1.43392385780931       -0.88412186384132       -0.19524556840293
O            0.95690352851129       -1.81820781918049        0.73885153123699
C            2.95176679804339       -0.73285012873311        0.03505918411234
O            3.59146047888414       -1.95396645870858       -0.22047203400340
H            5.29429983121217        2.32101230842121       -1.43081371839480
H            5.69639385805458        0.83211918705279       -2.33355712760071
H            6.67093417429958        1.30841263823414       -0.91309271390866
H            3.54121804728528       -0.01323527693156       -1.92071065186028
H            1.43669297804236        1.03943600635756       -2.15253491076814
H            1.02937350900050        3.24753064864975       -0.07156897782724
H           -0.13600710932700        2.80456418485806       -1.35322209860465
H            2.48072569848094        3.70952081257721       -1.83861375965597
H            0.64990211233345        0.90303016831788        0.80480400345966
H           -2.45549040764204       -0.07369530212906       -0.92554067411995
H           -2.39132224917216       -1.72768023884417        2.32945931432983
H           -2.98281252211416       -3.11835554440641       -0.32047319960009
H           -3.67490312520140       -3.59427927572046        1.25451451675156
H           -0.90515929674334       -3.43800984481217        0.77318333840741
H           -4.27437167615540       -0.98018781118373        0.03683027031042
H           -4.71501337888589       -1.30728104580931        2.79924481238915
H           -3.76023240496400        0.85878474152767        2.39083872865941
H           -5.47673558701673        1.16343546537342        0.81694934180296
H           -2.29763846770562        2.06867362769303        0.42498836871470
H           -1.18391069253790        0.31527950902348        2.32492404924933
H            1.27172950125625       -1.34948979641373       -1.17472155937604
H            1.03986334225322       -1.45354966273463        1.63043106591969
H            3.13370948251213       -0.41253168788212        1.07521708870189
H            3.07524547996284       -2.65612772467465        0.20650253760860
48
 energy: -84.826511350784 xtb: 6.7.1 (edcfbbe)
C            5.67266100290112        1.38921926199841       -1.22245684899444
O            4.85900846106852        0.61304727479812       -0.35287468285525
C            3.58941946428453        0.35826091619755       -0.82613198945090
O            2.81592651208408        1.53728070905041       -0.72193909150491
C            1.48049048175162        1.37943836040727       -1.14965768415255
C            0.82678105204762        2.76759743683742       -1.08363789303374
O            1.44355144072802        3.68394174718964       -1.94441254406810
C            0.71249431759827        0.36908474958872       -0.27499379360987
O           -0.56849355698975        0.23585643745230       -0.88462487436606
C           -1.69091797322198       -0.03804631660332       -0.11075857694772
O           -1.46283484102927       -1.12047663389942        0.75656802038631
C           -2.63869349142438       -1.67736126489090        1.34376044705233
C           -2.82771532956894       -3.08988294831402        0.76286239954402
O           -1.70113276690094       -3.88850832538186        1.00380180577251
C           -3.89645813954587       -0.81387088982304        1.14865687475501
O           -4.93316869481382       -1.22329739367054        2.00089178523933
C           -3.61563702383432        0.70419293064437        1.29700138097219
O           -4.57796826675563        1.44591747109846        0.59184660627212
C           -2.22095191573087        1.11701528048626        0.76463625761107
O           -1.33697081205676        1.41432545981900        1.81394046938949
C            1.48675567509708       -0.96728669703567       -0.31372587866314
O            0.98076279115345       -1.98564028800812        0.50961047975405
C            2.97548174648432       -0.75828268359677        0.02382733425845
O            3.68975289273668       -1.94008948040408       -0.21804997167544
H            5.26282489573150        2.39338752673191       -1.34776460916011
H            5.76099055387316        0.90345627306211       -2.19922824944930
H            6.64643083402227        1.44006820700780       -0.74273082366473
H            3.61397547429986        0.02840367313092       -1.88710646200083
H            1.45894093352769        1.01668212651571       -2.18917482264411
H            0.86051035919755        3.12063829320544       -0.04461541899721
H           -0.21196579732403        2.68355495341153       -1.40532396306881
H            2.37898334651641        3.72995705701066       -1.70656857206673
H            0.63307725036422        0.74907754418704        0.74724867732513
H           -2.45035084085301       -0.27716881427605       -0.87088869394794
H           -2.42274551212565       -1.77754445067911        2.41710765211987
H           -3.02269434275615       -3.00568472753196       -0.31601335811337
H           -3.67805419400722       -3.57901895287264        1.24160740032905
H           -0.92084991521801       -3.41147938347592        0.67893724833661
H           -4.29292950945966       -0.98037245806560        0.14007243258921
H           -4.65651970284656       -1.15558348045696        2.92577816913458
H           -3.64899348044067        0.96972069027738        2.36766346035606
H           -5.46053173414140        1.17698458974656        0.88445439134075
H           -2.32906735704859        2.03123377716317        0.17737863983744
H           -1.15867370953161        0.59566005477197        2.30087174771561
H            1.41093256264316       -1.36438249181413       -1.33346768812108
H            0.91862675158750       -1.66616600192793        1.41987544518948
H            3.07883089845034       -0.45455463580435        1.07917465281791
H            3.16710810469477       -2.67931027800951        0.13205666745710
48
 energy: -84.827772348922 xtb: 6.7.1 (edcfbbe)
C            5.64326287423802        1.49578018690631       -1.07272655732292
O            4.82565768672439        0.66356437054153       -0.26050146237715
C            3.58754643255448        0.37458458216765       -0.79389339573122
O            2.76372082403768        1.51892181709848       -0.68053041963035
C            1.45158309318489        1.32767321584622       -1.16774557620562
C            0.73456014955443        2.68205959447647       -1.07727072942454
O            1.36279084073785        3.66448132424864       -1.85315024027463
C            0.71371359699789        0.25199353885444       -0.35163507995005
O           -0.56621702977711        0.06182182140286       -0.94566088052229
C           -1.67864736170717       -0.10870387107181       -0.13062751731643
O           -1.44053783505269       -1.08881934666150        0.85488191680220
C           -2.62775110720893       -1.65528991171066        1.40381129957210
C           -2.83940470330769       -3.04994147130190        0.78633360196035
O           -1.73474268785514       -3.88266858944308        1.01212909184168
C           -3.87111592272050       -0.76657868147929        1.21189077467278
O           -4.89016694283663       -1.10669447820955        2.11441651525852
C           -3.55487544699349        0.75005002827581        1.27981675436285
O           -4.56502505878773        1.47891433895266        0.63045621211660
C           -2.20213054125508        1.13154203910515        0.62418512280651
O           -1.28047893170384        1.58403625641642        1.58118579482371
C            1.52936590329892       -1.05328491614454       -0.42208422877674
O            1.00474088439087       -2.11091778753542        0.33870226109934
C            2.99294765267624       -0.80342238607689       -0.01274801101334
O            3.76957519237490       -1.94025685577232       -0.27727201957576
H            5.19643974345242        2.48466273163802       -1.19275428150392
H            5.79622870214169        1.03965870902076       -2.05577784541914
H            6.59138023641847        1.57506320129467       -0.54765468494843
H            3.66778676134316        0.08619401198599       -1.86414709131503
H            1.48708991589595        1.00453423255588       -2.22020872995336
H            0.68225727510419        2.98449304071199       -0.02352918840487
H           -0.27655719865512        2.57032889306151       -1.47089674028164
H            2.27716297170037        3.74083511113829       -1.55003764711172
H            0.62485043349786        0.58882521659527        0.68423909648984
H           -2.44933383887879       -0.43454220784966       -0.84448075632500
H           -2.41946476360193       -1.78218463943761        2.47441335649695
H           -3.02869507642433       -2.93767698885493       -0.29087219485641
H           -3.70268410021724       -3.52954367870283        1.25135244815799
H           -0.94684557091371       -3.44558173816119        0.65278068266040
H           -4.30740465713212       -0.96632379470374        0.22592071466979
H           -4.57954773678089       -1.01232265955699        3.02606123507002
H           -3.50216315007059        1.05278829194687        2.34012108198419
H           -5.42501184662125        1.21117436756118        0.98548000473253
H           -2.37080313449726        1.96339991467927       -0.06262108704306
H           -1.09516710759731        0.85664738816113        2.19414238704599
H            1.51112286195217       -1.41112528050308       -1.45877649545217
H            0.81529137381401       -1.80116441568000        1.23515646717977
H            3.04295126647400       -0.54239756491929        1.05738141598742
H            3.28274397524269       -2.71459274039987        0.04622857092695
48
 energy: -84.827797328017 xtb: 6.7.1 (edcfbbe)
C            5.57690645522122        1.65846208017242       -0.79021130320621
O            4.76430812176156        0.69805976643544       -0.12842279277886
C            3.58003253069473        0.40105050572844       -0.76977831998492
O            2.69897554136379        1.49875165730491       -0.62744156612780
C            1.42221832203106        1.28626294733742       -1.19729171314516
C            0.64661814960230        2.60473513073043       -1.08688305863530
O            1.27929845494298        3.64283763894826       -1.78385907064788
C            0.71587259943038        0.13147146091407       -0.46846479312945
O           -0.57222636373685       -0.08609357182783       -1.03236258522581
C           -1.66902500930105       -0.17440804061448       -0.18420917387484
O           -1.41149464980977       -1.09038873421660        0.86263256393667
C           -2.58992401552062       -1.60513209549261        1.47986667709440
C           -2.86457363193267       -3.02821378600894        0.95666250638855
O           -1.80042278827149       -3.90084858918462        1.22292592695986
C           -3.82768513372809       -0.71003906929619        1.27317868422378
O           -4.81462041390822       -0.96978269167483        2.23597067509615
C           -3.49590049108966        0.80279933703390        1.21448269559380
O           -4.51183193274667        1.48734505271125        0.52707118389583
C           -2.15373921980190        1.11822920035606        0.50546520390960
O           -1.20487384601986        1.61227234991211        1.41352527812951
C            1.56766006661862       -1.13776624539840       -0.61028319869682
O            1.03436655104292       -2.24690307490037        0.06873701481759
C            3.00564481122795       -0.86900776039767       -0.12673408943782
O            3.84324738052380       -1.94022710531804       -0.46899264255395
H            5.08532613512291        2.63287586201551       -0.81665332230941
H            5.80268816219161        1.33219770337689       -1.81009458257002
H            6.49187983527736        1.71726699070513       -0.20673746348630
H            3.74585175892557        0.20469667641507       -1.85120241315082
H            1.53096005996742        1.02109901085822       -2.26155045530655
H            0.51972229445145        2.85827669615147       -0.02731675761834
H           -0.33334614500601        2.47266669794888       -1.54752304894867
H            2.17175678041957        3.73848319209472       -1.42631725353250
H            0.63702174126778        0.39635762575301        0.58978288970691
H           -2.46327918761093       -0.53825259002754       -0.85087693446966
H           -2.34836207079574       -1.67350550582051        2.54850450984131
H           -3.06944497985090       -2.97917398001171       -0.12149981625192
H           -3.74084899752815       -3.43220186059349        1.46753311521593
H           -1.01998124985249       -3.59172706758995        0.74074242267099
H           -4.30395243901464       -0.97529808073861        0.32153439655894
H           -4.47322394429231       -0.79880020432271        3.12519474609572
H           -3.41918650089524        1.18967386426014        2.24539518359836
H           -5.36645074022622        1.26310924047112        0.92261503081628
H           -2.32738720578419        1.91000207079616       -0.22570469650081
H           -1.01287910686629        0.92069573964962        2.06478692604022
H            1.60052546286618       -1.42709913330214       -1.66783790826344
H            0.66035141617423       -1.95369549287400        0.91225582868126
H            3.00765305169348       -0.71141814518724        0.96409253624802
H            3.40577328087990       -2.75970144497990       -0.19122310089475
