48
 energy: -84.805152877743 xtb: 6.7.1 (edcfbbe)
C            5.00695200000000        1.73067000000000        0.88035100000000
O            4.05961900000000        0.78863900000000        1.34821000000000
C            3.31502100000000        0.19696700000000        0.35153700000000
O            2.43303100000000        1.16568800000000       -0.18339400000000
C            1.58750200000000        0.69310800000000       -1.21080500000000
C            0.95549800000000        1.93448200000000       -1.86293100000000
O            0.60779100000000        1.72442900000000       -3.19644700000000
C            0.63930200000000       -0.34265600000000       -0.57431300000000
O           -0.29750900000000       -0.93426600000000       -1.47435200000000
C           -1.68354400000000       -0.89105500000000       -1.31903800000000
O           -2.12938000000000       -1.68728700000000       -0.23575600000000
C           -2.19969400000000       -1.10521600000000        1.05917900000000
C           -2.86625600000000       -2.15685400000000        1.96337800000000
O           -2.84249600000000       -1.76890800000000        3.31611000000000
C           -2.99741500000000        0.20776800000000        1.07439700000000
O           -2.92492100000000        0.84598800000000        2.32304700000000
C           -2.43668600000000        1.16801700000000        0.02135600000000
O           -3.24405700000000        2.31239100000000       -0.11967700000000
C           -2.44254600000000        0.45015700000000       -1.33072900000000
O           -1.97309700000000        1.25554500000000       -2.37177200000000
C            1.48540000000000       -1.49393800000000       -0.00880500000000
O            0.68328100000000       -2.42528600000000        0.68255100000000
C            2.54937300000000       -0.98209100000000        0.96770800000000
O            3.47155400000000       -1.99351500000000        1.26214300000000
H            4.51314400000000        2.56055600000000        0.36915000000000
H            5.71990800000000        1.25509600000000        0.19786300000000
H            5.52716100000000        2.09307900000000        1.76362200000000
H            3.96416400000000       -0.19284500000000       -0.46109000000000
H            2.18323600000000        0.18503400000000       -1.98798300000000
H            1.72579200000000        2.71068000000000       -1.85422200000000
H            0.10634600000000        2.28648700000000       -1.26738700000000
H           -0.22791900000000        1.23532600000000       -3.21727600000000
H            0.13457300000000        0.16000700000000        0.25636600000000
H           -2.01036300000000       -1.45180100000000       -2.20649800000000
H           -1.19406200000000       -0.90486000000000        1.45998500000000
H           -2.36750700000000       -3.11888600000000        1.80833200000000
H           -3.91819300000000       -2.26288200000000        1.69003500000000
H           -1.94016000000000       -1.84338100000000        3.64920300000000
H           -4.04739200000000       -0.00993600000000        0.81216600000000
H           -3.14491900000000        0.19082700000000        3.00508900000000
H           -1.42178300000000        1.47482400000000        0.31438200000000
H           -3.42049700000000        2.65118600000000        0.76660800000000
H           -3.49639400000000        0.17997600000000       -1.52414300000000
H           -2.39499100000000        2.12079800000000       -2.27651500000000
H            1.98924800000000       -1.99166900000000       -0.85301700000000
H           -0.06543300000000       -2.64452100000000        0.10779800000000
H            2.05768400000000       -0.62193900000000        1.88401200000000
H            2.97162900000000       -2.75393700000000        1.58505800000000
48
 energy: -84.801640254067 xtb: 6.7.1 (edcfbbe)
C            4.92186676555779        1.78972815876238        0.95409732224796
O            4.03522200195186        0.76805317251454        1.37099256290018
C            3.30992295657641        0.19960857795048        0.34648203953529
O            2.36269357215832        1.14633675424924       -0.11003261179193
C            1.53488385315841        0.69115507757496       -1.16133523301247
C            0.86993681578568        1.93659802483371       -1.77000263325213
O            0.58754426012724        1.78219151877798       -3.12690071766990
C            0.65782517018466       -0.42916520141535       -0.56338758972648
O           -0.30397894661446       -1.03253465403035       -1.42927378293122
C           -1.69057974229183       -0.94334467623375       -1.30552278273985
O           -2.16664388403944       -1.68642358060117       -0.19363966156396
C           -2.22014185335764       -1.06889123571599        1.08224073957607
C           -2.91640982770989       -2.07604498564874        2.01447937845344
O           -2.89584952842454       -1.64407569963030        3.35387917168033
C           -2.98150384438060        0.26548848709484        1.05769263138384
O           -2.88094011955348        0.94623557814515        2.28166934109371
C           -2.39830040468472        1.16840701278403       -0.03277404185605
O           -3.16787371865834        2.33353934998551       -0.21098527276802
C           -2.43408143163760        0.40436111274528       -1.35978363444047
O           -1.98623518858716        1.16884102263357       -2.44036550054844
C            1.56211217629503       -1.57025043080803       -0.08027684620841
O            0.80395939070708       -2.55170793731024        0.59012751019100
C            2.63152911840228       -1.06401625228458        0.89422646319479
O            3.62026487034613       -2.03607959959394        1.08727231442866
H            4.37598043112073        2.61821289690595        0.49644910107125
H            5.65432879335312        1.39746109767073        0.24005249273890
H            5.42890095993454        2.12915655358745        1.85399041128021
H            3.96686396100980       -0.09462253077472       -0.49920072943914
H            2.15742875271174        0.24847290792885       -1.95902414112630
H            1.60746350951292        2.74030281625061       -1.68988063638994
H           -0.01503782819498        2.22795835350131       -1.19695785323340
H           -0.23054916580696        1.26922593069406       -3.20897729807720
H            0.17153457523770        0.00901308192942        0.31582650132138
H           -2.01869464813399       -1.53056501847423       -2.17418064715016
H           -1.20995040434157       -0.88571890968496        1.48049661273074
H           -2.43738640851307       -3.05299450890808        1.89441680407984
H           -3.96780832843430       -2.16840221365124        1.73444696650987
H           -2.00026921447731       -1.73365690867437        3.70108706650238
H           -4.03901845088081        0.06807898836227        0.81118027074980
H           -3.12683065747420        0.32628293344775        2.98705114555643
H           -1.37262955001861        1.44791946087460        0.24916294702547
H           -3.32924391260151        2.70872229008762        0.66336143926034
H           -3.49266731729718        0.13154638544180       -1.52281855762304
H           -2.39656647451724        2.04166741661333       -2.36039476611562
H            2.05838076573960       -2.01409843157948       -0.95800246037001
H            0.03000310550384       -2.74155939350151        0.03975681907740
H            2.15106838175007       -0.79976522604596        1.84824311036811
H            3.17947166163055       -2.84065157888125        1.38852222438959
48
 energy: -84.796554588160 xtb: 6.7.1 (edcfbbe)
C            4.83516994031526        1.83695384851096        1.05844288157168
O            4.02245824249999        0.72732510856981        1.39281815719148
C            3.32332919093775        0.19975292545304        0.32879535723107
O            2.30354741297249        1.11191573447725       -0.03336740684382
C            1.48729887232341        0.68136993119290       -1.10555974341546
C            0.80119620109217        1.93440118149837       -1.67347257816376
O            0.57699271065767        1.83704893264192       -3.04725310733587
C            0.68665364241524       -0.52032194728467       -0.55100435740208
O           -0.31581436273538       -1.13353215667497       -1.36218405481571
C           -1.70122334455403       -1.00429971525648       -1.25310021460938
O           -2.19547274949102       -1.68033278015635       -0.10494687246128
C           -2.26453707740967       -1.00580864516128        1.13838865809252
C           -2.97256590076585       -1.97011412359760        2.10629739287984
O           -2.99510245448297       -1.46677013366947        3.42061458499418
C           -3.02602823385721        0.32366850962566        1.03481164444073
O           -2.96206933901433        1.06377362738728        2.22603593867075
C           -2.39294914851628        1.16317334395092       -0.07670374641314
O           -3.11120739092387        2.34911432159498       -0.31600182530599
C           -2.42752932528910        0.34801610267197       -1.37388151045336
O           -1.97028285806128        1.06374030219632       -2.48339201142525
C            1.67293697848259       -1.64321895773761       -0.20671024571167
O            1.00299045974428       -2.71947518417558        0.40613648804136
C            2.75045264116490       -1.15483268954482        0.76940061475673
O            3.80873495749762       -2.06921477520178        0.83117070706418
H            4.23114549245495        2.66241265564707        0.67416782677822
H            5.58457220335579        1.55496316568341        0.31078120638248
H            5.32795991629931        2.13368348761461        1.98108083590688
H            3.98579691101657        0.03045826198919       -0.54612781241355
H            2.12994723571379        0.30376631543149       -1.92227329648715
H            1.51390786737779        2.75154287173466       -1.52885346395072
H           -0.11135347338057        2.18114595120609       -1.12702941570166
H           -0.21319204768134        1.29264869043432       -3.18562331556187
H            0.24739433457943       -0.16745680910524        0.39185630514512
H           -2.03572611116404       -1.63080010938840       -2.09096722308638
H           -1.25996304333803       -0.79758955022247        1.53986367785938
H           -2.48000777418837       -2.94611014394751        2.05179495032460
H           -4.01439069857537       -2.09051884882805        1.80267101931057
H           -2.10909656406141       -1.52389008663821        3.79779661938188
H           -4.07541782583801        0.11566465955626        0.76472889797834
H           -3.22850634981988        0.47820499057230        2.95304004361381
H           -1.36346653599253        1.40777109317016        0.22367856791303
H           -3.29032580439895        2.75411840442568        0.54148448868563
H           -3.48750076138390        0.07736327317014       -1.53262909070413
H           -2.36977768447775        1.94439194852245       -2.43503913251193
H            2.15571227882332       -1.98191233703877       -1.13748510172483
H            0.19609363211240       -2.87807504861140       -0.10450056321536
H            2.29401975845434       -1.01833917743039        1.76126739207370
H            3.43519097237885       -2.92578043689190        1.07446781326348
48
 energy: -84.790390968320 xtb: 6.7.1 (edcfbbe)
C            4.72609059901459        1.86068275729213        1.20400029029150
O            4.00731831644695        0.66062798682687        1.42121824968359
C            3.33773044489169        0.19559265686067        0.30970037205974
O            2.24986911523939        1.06255065824098        0.04622393324007
C            1.44508718312248        0.66144422238694       -1.04656665656866
C            0.74611705211338        1.92158602398134       -1.58296005530955
O            0.56872100125370        1.86959563869153       -2.96685824543494
C            0.71916825838515       -0.61394629465325       -0.54404029103368
O           -0.32960129537227       -1.23659130079376       -1.28555646138295
C           -1.71218916262708       -1.07249762015679       -1.17697049044004
O           -2.21033682697282       -1.66978203422950        0.01286163045221
C           -2.30414268264793       -0.92339070355304        1.21105710509915
C           -3.01365894037123       -1.83936440385196        2.22390114717473
O           -3.08293657155556       -1.25394237003659        3.50213239571468
C           -3.08337960039089        0.38383285492409        1.01221862023366
O           -3.06628102092512        1.19553974751761        2.15738543491608
C           -2.40893790726796        1.15500604752871       -0.12208067098334
O           -3.08910533056464        2.34445536388086       -0.43896262320568
C           -2.42361838964198        0.27816194819780       -1.37953728539974
O           -1.94280136357229        0.93741999778583       -2.51399205098838
C            1.78623982342612       -1.70220878022554       -0.36672777886180
O            1.22566477482069       -2.87893791429114        0.16090943628311
C            2.87811580329955       -1.23924283540932        0.60854396326693
O            4.00035419683170       -2.07204359250248        0.52090110451520
H            4.05370762875541        2.67257857711385        0.91612123124205
H            5.48353855963234        1.72147994582771        0.42477664485567
H            5.20844738527324        2.09424405413587        2.15007803466020
H            4.00161508156862        0.16971011607482       -0.58002380635034
H            2.10622832102339        0.34658032453897       -1.87664098459853
H            1.44155116831794        2.74346277633596       -1.38878685945138
H           -0.18623667986319        2.14102594783368       -1.06300388381400
H           -0.18860317272844        1.29234534535276       -3.15052087150974
H            0.34889921937414       -0.35552940134368        0.46019009494851
H           -2.05928381316797       -1.74619165103460       -1.97217054094469
H           -1.30787742965068       -0.66976647910909        1.60903167866995
H           -2.50010473382010       -2.80577464837004        2.24462124707813
H           -4.04415916408719       -2.00276146130348        1.90208451212687
H           -2.20669916010369       -1.26427672171700        3.90535207371669
H           -4.12049960686082        0.14619852755445        0.72144812931493
H           -3.34479827678277        0.65040693678784        2.91070039879185
H           -1.38334290384946        1.38423465458417        0.20284688050289
H           -3.29411668441024        2.78736642469136        0.39367823220710
H           -3.48250817493834        0.00701751946410       -1.54512070965111
H           -2.34000031246763        1.82093131508257       -2.51258178008772
H            2.24128609277895       -1.91190926788005       -1.34843858355035
H            0.38578530827145       -3.01944046060617       -0.29825902748338
H            2.46285166625718       -1.25096379447333        1.62768135447467
H            3.70082718773740       -2.97552066230337        0.68362142079269
48
 energy: -84.785526151402 xtb: 6.7.1 (edcfbbe)
C            5.39603167396757        1.44804287400173        0.38412343778415
O            4.76562757190862        0.22051302763012        0.69805306965962
C            3.66735969993296       -0.06580808350518       -0.08266023915802
O            2.63066032452050        0.82616624292276        0.27305535013925
C            1.41258916559245        0.73192480499346       -0.43977212477509
C            0.59783501726246        1.92193419081692        0.10021921838748
O            0.07333074167478        2.74927753752817       -0.88903210139656
C            0.81302099836586       -0.66978778175583       -0.20239338219125
O           -0.23708494856585       -1.16813819526491       -1.04181598191969
C           -1.62290400658076       -0.96879747112216       -1.06495298487326
O           -2.25770513583765       -1.55259477719314        0.04851196124193
C           -2.51168951082472       -0.71176423497085        1.16103486078702
C           -3.13488697836097       -1.61298065556142        2.23997362264928
O           -3.37636716702759       -0.92520264792137        3.44344977073211
C           -3.46167631761792        0.42806043694535        0.76206017452999
O           -3.73859620596127        1.30086236275414        1.82645685845459
C           -2.80663995554749        1.26069866316720       -0.34577289307327
O           -3.73237252638952        2.13990318904683       -0.94534912232997
C           -2.30919468052942        0.35585940446175       -1.48005213892227
O           -1.50302569747544        1.05378292367354       -2.39624272350013
C            1.88353448815661       -1.74722931494384       -0.49230377866906
O            1.43009034282018       -3.01411164909189       -0.08490926339150
C            3.22788399271743       -1.50339366344497        0.19453562915277
O            4.19106862346514       -2.38413165148361       -0.30974992295647
H            4.71197267248634        2.28788871380331        0.52808910528279
H            5.75546821645156        1.44499921616979       -0.65075854788479
H            6.23794921775531        1.53255404896490        1.06671948206698
H            3.89861906237787        0.04319735716675       -1.16321604287771
H            1.59003803306500        0.86464457466255       -1.51985171976514
H            1.28353918638759        2.53823223984939        0.68720079527328
H           -0.18091429626917        1.54973781731777        0.78409161924783
H           -0.39889577917818        2.19464441391014       -1.53621088619336
H            0.52910576807980       -0.74477317915024        0.85818253440404
H           -1.86552180444280       -1.67227286140199       -1.88000529499159
H           -1.58009179969220       -0.26965427044424        1.55077344609305
H           -2.48291618478819       -2.48004515993759        2.39130606833849
H           -4.10544327755320       -1.97000799084054        1.88934914938350
H           -2.53637846746436       -0.72284138836369        3.87239518183789
H           -4.39115725186990       -0.01741679772796        0.36882642658526
H           -3.98911095489371        0.76763351223788        2.59789456165589
H           -1.99620815609366        1.84551348827402        0.10092401132053
H           -4.13772437957079        2.65777447480235       -0.23945883513296
H           -3.23090485808362        0.02782574590990       -1.98897281315483
H           -2.04678419878687        1.76785823263909       -2.75738460534518
H            2.04983802557788       -1.74313059656808       -1.58274406492790
H            0.53312069640759       -3.11522584057116       -0.42989929584719
H            3.11469645402879       -1.62215574316302        1.28179066263340
H            3.84080948696251       -3.27806912450241       -0.20202162650868
48
 energy: -84.783692637155 xtb: 6.7.1 (edcfbbe)
C            5.34424074765668        1.54319151115311        0.30687715339519
O            4.80774929448858        0.25573988013243        0.54682068036700
C            3.67503139121826       -0.02786560385655       -0.18466007017941
O            2.62146888680624        0.77370816693747        0.30855889609250
C            1.36483142201987        0.66032251722324       -0.32948859000155
C            0.52018710564433        1.75741238588149        0.34143664306646
O            0.04648961134815        2.72188896604402       -0.54703712307935
C            0.85542837583536       -0.78493089548375       -0.16138790429719
O           -0.23498359296938       -1.27900117298214       -0.94870657416325
C           -1.61272766599187       -1.03023637286082       -0.96057318981621
O           -2.25230853008820       -1.53798588769872        0.18560711159595
C           -2.55281388989263       -0.64104515319408        1.23774600719727
C           -3.19646484167207       -1.49237372354535        2.34527089349674
O           -3.50015374924779       -0.74193250935583        3.49600087318815
C           -3.51087191426036        0.44833650181606        0.73437893300734
O           -3.87141764140703        1.36716198059945        1.73290294248861
C           -2.81870542439435        1.24258292497703       -0.37834401170214
O           -3.73535662274417        2.06454225207816       -1.06836803401769
C           -2.22434020809893        0.31205704636169       -1.44770488310774
O           -1.30490268608254        0.99073746634385       -2.27040184940364
C            1.95283155762419       -1.77368666050785       -0.61362053675101
O            1.59932148786469       -3.09323785692980       -0.28224787778693
C            3.33003480108379       -1.50621580328910       -0.00313631199826
O            4.29873909482892       -2.28427836403006       -0.64685015940102
H            4.62502859641130        2.32237872456819        0.57040228212610
H            5.63053047874168        1.65348519105606       -0.74496563060209
H            6.22545496480809        1.62050337925888        0.93905067704304
H            3.82779247394171        0.18062895047600       -1.26486542591337
H            1.46442468297021        0.87482000729654       -1.40676137537109
H            1.16769094016172        2.27844531821436        1.05077085758870
H           -0.29905652843490        1.29421441445106        0.91117650427475
H           -0.35690994248206        2.25639367705485       -1.30012941181838
H            0.65295593403030       -0.95238210099254        0.90872674277782
H           -1.89307486960140       -1.76387224522659       -1.73576736689524
H           -1.64102488908431       -0.16212513337691        1.63223130924506
H           -2.53137171014435       -2.33256872282465        2.57219998809837
H           -4.14422480015042       -1.89362405667863        1.98045900616096
H           -2.68209129347637       -0.48640596133970        3.93853924588299
H           -4.40425404968811       -0.04667467240971        0.31698014443753
H           -4.13299236454812        0.86835521858341        2.52349959334718
H           -2.05533954942906        1.87692085609407        0.08432191402344
H           -4.19443211421693        2.59911819682871       -0.40932312995573
H           -3.09411112634279        0.01116127917517       -2.05316329632298
H           -1.80314418291985        1.67259672468386       -2.74112867615831
H            2.03816233560872       -1.67447394703835       -1.70896910019009
H            0.68398056130609       -3.21667859557198       -0.56536259879327
H            3.30324935468908       -1.72084430274866        1.07471303188932
H            4.01144499909149       -3.20426726072013       -0.58222165283191
48
 energy: -84.781591033320 xtb: 6.7.1 (edcfbbe)
C            5.32522830854553        1.60850678883008        0.24603392432226
O            4.85460943531475        0.28340634509659        0.40675043773103
C            3.69481961923846        0.00980095247498       -0.28547174172490
O            2.64024093695756        0.72617635337324        0.32299980257381
C            1.35614307056152        0.59186448503639       -0.25197280674029
C            0.49496747596860        1.60482128403411        0.51750528842762
O            0.06750411820774        2.67832777918197       -0.26556182694036
C            0.92237304756383       -0.88165628749752       -0.13881746755139
O           -0.22166493454862       -1.38385050060460       -0.84018254656136
C           -1.58834917737197       -1.08790460568856       -0.81455363154333
O           -2.19241928237363       -1.50426927990543        0.38917170191058
C           -2.61851463896822       -0.55694721417608        1.34563476869128
C           -3.31851825002979       -1.36953184349393        2.44909182587207
O           -3.73687008220604       -0.56631846892240        3.52581339721540
C           -3.57480668636994        0.45295460522602        0.69805349833752
O           -4.06185178266349        1.40879095062762        1.60382993915326
C           -2.81405961953209        1.21327918231055       -0.39125038951967
O           -3.68570123470854        2.00522689020110       -1.16866287473753
C           -2.13663969934200        0.25379329122443       -1.38462296769914
O           -1.13199384814669        0.91184116575225       -2.12176836533488
C            2.01836518305036       -1.77966609894270       -0.74837487479605
O            1.74813250785425       -3.13759218169767       -0.50631845833561
C            3.42131466540117       -1.49304734000186       -0.20710587551800
O            4.37804673829134       -2.17016279066085       -0.97202627918300
H            4.59058981455005        2.33152138131812        0.60865620464158
H            5.54928483789801        1.81471083453741       -0.80653672032570
H            6.23571023453189        1.67417211754906        0.83665239719257
H            3.78030860512520        0.30815647151475       -1.35208696505130
H            1.38903518546462        0.86619390879781       -1.31961285793487
H            1.11144837148709        2.02515234658642        1.31519419393216
H           -0.35512008346138        1.08468199133643        0.97877585395308
H           -0.30027225304292        2.30838468592069       -1.08460759344014
H            0.82297900421457       -1.11841937674086        0.93371180984314
H           -1.92460693507036       -1.85943249071830       -1.52897880582939
H           -1.76698219159288       -0.01274959273336        1.78890059072634
H           -2.64397347932724       -2.16823778800088        2.77567571705943
H           -4.22053147888318       -1.82809526019225        2.03867669607743
H           -2.96450578334068       -0.24955311129508        4.00916862500568
H           -4.40622492571728       -0.10554946393607        0.23486889032285
H           -4.35768117816266        0.94555083697604        2.40394505955240
H           -2.08731768157900        1.86897243097258        0.10263691338066
H           -4.21149562570335        2.53471881583521       -0.55661101095383
H           -2.94712017896893       -0.04019791818840       -2.06925952527465
H           -1.57744974685357        1.56542441922931       -2.67671963131559
H            2.02220172753228       -1.58904029679846       -1.83513235512342
H            0.81305246526527       -3.27491988149240       -0.70475923296857
H            3.47484223813420       -1.79456504402209        0.84882877698058
H            4.13346809592821       -3.10472689996664       -0.96609482987741
48
 energy: -84.780533874360 xtb: 6.7.1 (edcfbbe)
C            5.36110517132504        1.69298944557041       -0.05796816009940
O            4.96825983254225        0.33998270671611        0.07693388465967
C            3.74499547272634        0.05126848465572       -0.48864092552402
O            2.74300539154386        0.69277825183278        0.27218344250723
C            1.41403460902045        0.52033377737417       -0.17073298125420
C            0.56707704204382        1.40181780499398        0.76212220598657
O            0.19799717458959        2.62707304698753        0.20062056869082
C            1.04929503223645       -0.96845329862069       -0.07370566135130
O           -0.16600155751817       -1.48967399675218       -0.63438724013108
C           -1.47848998376192       -1.05284194525072       -0.50138567097395
O           -1.88219771616612       -1.27097242012266        0.84171976393850
C           -2.75412779272587       -0.40270759029816        1.53509716691396
C           -3.56774237601012       -1.28926336807603        2.49738437750100
O           -4.35478851886601       -0.52984176063817        3.38382401173717
C           -3.67262116653532        0.39049425584761        0.60171908482734
O           -4.48427960345850        1.29834440106608        1.29977049863600
C           -2.78789203305942        1.20048785318841       -0.34616666484604
O           -3.55162960109529        1.98179030994263       -1.23415388451465
C           -1.95363789011342        0.25112783686357       -1.21620192934515
O           -0.88829550251660        0.93414722854832       -1.83149921701071
C            2.09431147001843       -1.79220440183742       -0.85089602105785
O            1.90896497314980       -3.17145818794940       -0.64975676947812
C            3.53870872897031       -1.46516818298486       -0.45904081686865
O            4.42720641557433       -2.06217626817162       -1.36148530448376
H            4.64613395251975        2.35839747628713        0.43178419784552
H            5.44763923069298        1.96722585677764       -1.11545943059117
H            6.33287531451630        1.76995927060191        0.42355533263191
H            3.69444126930556        0.40288196325215       -1.54169960130701
H            1.31919173455271        0.85346878866760       -1.21470860099115
H            1.17110454870915        1.63157377346738        1.64231602906168
H           -0.31544487025493        0.83416529204656        1.08236132625284
H           -0.17078274043503        2.43854360829374       -0.67473875469047
H            1.08708554452626       -1.24799108139877        0.99117932223009
H           -1.97965561765689       -1.86368933496231       -1.06919881769545
H           -2.17423270074541        0.32532650626488        2.13299998245905
H           -2.87591797064272       -1.94958139017570        3.03030791264228
H           -4.26211385617889       -1.90717190859318        1.92390626447862
H           -3.78038434157870       -0.08271801375918        4.01671559794471
H           -4.29161302602951       -0.30974949780349        0.01486753852570
H           -4.88088276558723        0.83198224232008        2.05367288768482
H           -2.14718288093635        1.85913706593247        0.25764770443593
H           -4.23140277223825        2.42287224368842       -0.70866933234817
H           -2.64457788443073       -0.08576990719693       -2.00452825518751
H           -1.28775761951430        1.57272009382301       -2.43691846358341
H            1.96514475983306       -1.55296742558684       -1.92066887443815
H            0.96057829256100       -3.33796548127997       -0.71575895070807
H            3.72567370083179       -1.81319264185843        0.56689339089311
H            4.21881804192886       -3.00533480436301       -1.37772536291520
48
 energy: -84.784331549670 xtb: 6.7.1 (edcfbbe)
C            5.48787872296720        1.66159880395330       -0.63324043451813
O            5.09610641657572        0.33802714809467       -0.31933356999797
C            3.80358052253422        0.03371289190985       -0.69012964899920
O            2.92157364041530        0.76645120989860        0.13252708706720
C            1.54391906992229        0.59469730688828       -0.12326215517806
C            0.83266735628303        1.56807112879210        0.83902397338655
O            0.51617540648015        2.80245752961478        0.26356773552164
C            1.17237709907791       -0.86611156739277        0.16427617117900
O           -0.12242712658484       -1.40996057408954       -0.16023238659228
C           -1.36505498223484       -0.82304349090974       -0.04999998259853
O           -1.63730308381188       -0.63095388880498        1.32844388949154
C           -2.97262379827980       -0.35707627279834        1.69481632017588
C           -3.73337499394653       -1.62988101338699        2.11579875508225
O           -4.99742180623693       -1.29521568196167        2.64281306129608
C           -3.75411899153979        0.39851716686783        0.60591097948589
O           -4.75343454622994        1.21575420120030        1.16056535541935
C           -2.77017104044817        1.27636923246391       -0.17028274526287
O           -3.42143840866510        2.10216244273778       -1.10173958910460
C           -1.82878795879351        0.35716548536509       -0.96210291418767
O           -0.80931797706150        1.09933438435772       -1.57627473763426
C            2.09150217515028       -1.79003965660568       -0.65838098241171
O            1.91486491843821       -3.13893076278375       -0.29978811981605
C            3.58046917108210       -1.46802367522194       -0.49272246196489
O            4.33151728423667       -2.16925922938752       -1.44428715759793
H            4.84418280461885        2.38871041681212       -0.13247828726193
H            5.45235292649308        1.82825284902397       -1.71601356985042
H            6.51080489724967        1.76106079675063       -0.27817972496052
H            3.61954330755106        0.28959902021349       -1.75612118466617
H            1.32585818394645        0.84076611645934       -1.17092295483455
H            1.52218849349534        1.77858390496226        1.65902428289350
H           -0.06209864767928        1.08221152474363        1.24797636704372
H           -0.00333123989646        2.61630775178693       -0.53112244312682
H            1.34676831010768       -1.04178839027764        1.23657138407182
H           -2.00767968677423       -1.66792272485715       -0.37830901684485
H           -2.89499537223692        0.30744278323041        2.56831426729058
H           -3.12896641199727       -2.19575712269456        2.83223358829276
H           -3.92482196536258       -2.26189781087281        1.24538023441247
H           -4.88140418150551       -0.93222405283625        3.52861234634912
H           -4.20981260181967       -0.31803096519145       -0.09738627947490
H           -5.37110848306113        0.63819501742158        1.63142271573618
H           -2.19651566939056        1.88940810742616        0.54138762032886
H           -4.18086458772122        2.49367570569642       -0.65140772817082
H           -2.43739431973935       -0.09994885279422       -1.75917860929739
H           -1.25785460199835        1.73958720978830       -2.14721728888585
H            1.82669991748845       -1.65207310281097       -1.72122371599239
H            0.96479793217678       -3.28851264436885       -0.22696787462167
H            3.89687665778635       -1.72614068815974        0.52789738268552
H            4.11961219020419       -3.10533122235423       -1.33477100483546
48
 energy: -84.785236010174 xtb: 6.7.1 (edcfbbe)
C            5.47773814800684        1.66762241746196       -0.54961547197839
O            5.09136326143597        0.32223031134954       -0.33924754030345
C            3.78669889217034        0.05399415248079       -0.69478673527540
O            2.93110050381617        0.72074271405557        0.20823930594652
C            1.54909740714303        0.56669323641183       -0.03668777418111
C            0.84180603696634        1.51426613099981        0.95130706888827
O            0.46378326489036        2.73503693058150        0.37802268580620
C            1.19398506823199       -0.91035127016346        0.18566232380427
O           -0.12295008848492       -1.44468196424937       -0.06029589712065
C           -1.35393049004860       -0.83195373694015        0.01771913015641
O           -1.61969477905095       -0.51956023242750        1.37591876312191
C           -2.96598926517837       -0.26262723175007        1.71484118709648
C           -3.68826147117594       -1.51897898202179        2.23935102292974
O           -4.96940532646805       -1.18288064986681        2.72229138878154
C           -3.75989511411848        0.37102415916476        0.55860361890141
O           -4.79623797406580        1.19335850082441        1.03168118669551
C           -2.79302885027151        1.22096949307803       -0.26811258553146
O           -3.45357555668187        1.95684602897891       -1.26575089600547
C           -1.79716027732159        0.28895030809527       -0.97471642992712
O           -0.76552778804919        1.03676217395521       -1.56290274635693
C            2.06559262972177       -1.76788934165274       -0.75063050312716
O            1.89924775269505       -3.14146897732875       -0.49409562717499
C            3.56207424374493       -1.45928587652480       -0.62102293006653
O            4.27150443514075       -2.07266319083075       -1.66097699893167
H            4.86116297871013        2.34792575272820        0.04238573797516
H            5.39521611767100        1.93195201039164       -1.60998430989346
H            6.51581208116247        1.73261150346453       -0.23302230785133
H            3.57366763176966        0.39822041442465       -1.73031582380416
H            1.32812136817572        0.85113694062090       -1.07409266933543
H            1.55099362507800        1.75256371905689        1.74643025149590
H           -0.02329647120159        1.00398754792782        1.39074539225407
H           -0.04563557454189        2.52476555437902       -0.41763312397948
H            1.44372751519065       -1.14682918648032        1.23104363856320
H           -2.01623936539237       -1.68391386483348       -0.24214421374077
H           -2.91645896209987        0.47679677783987        2.52781314479457
H           -3.07438016085386       -1.99862638524587        3.00878480931963
H           -3.84780384547933       -2.23156535409161        1.42665710756712
H           -4.87709138501651       -0.73766645471475        3.57269108269493
H           -4.17845529439850       -0.41569884549597       -0.09036713604795
H           -5.39869831614933        0.63403733064227        1.54263122210420
H           -2.25244334045801        1.90173234875235        0.40813694224512
H           -4.23698348357308        2.34798878724627       -0.85808265937604
H           -2.35014895050942       -0.21927085965983       -1.78080311791294
H           -1.19842131615871        1.65259369214161       -2.17136533045174
H            1.75587517578576       -1.54559786525546       -1.78680886058332
H            0.95539256462447       -3.28980166222497       -0.36079874719760
H            3.91895540971336       -1.80726862727020        0.35860028884011
H            4.06879225982603       -3.01623163726124       -1.62180992241859
48
 energy: -84.785748504338 xtb: 6.7.1 (edcfbbe)
C            5.51301255154485        1.62973645191244       -0.42761025015489
O            5.09639814293245        0.28058927844717       -0.32913373510931
C            3.78207130435268        0.07318468557462       -0.69016495010720
O            2.95131673003290        0.67996011101631        0.27705840990024
C            1.56386540601885        0.55731619773300        0.04168230574318
C            0.87209671779559        1.48041712920424        1.06211004289321
O            0.38558270623427        2.66485401697348        0.48993965182449
C            1.20994896296732       -0.93058733287851        0.19072128691731
O           -0.12290989770976       -1.45779576668013        0.02412660332906
C           -1.34795014353875       -0.83240868509050        0.07183857004417
O           -1.60512504100003       -0.40597193476980        1.39940356733383
C           -2.95968653532692       -0.16749874647041        1.72043926652291
C           -3.63299665363049       -1.39297102091141        2.36833868485665
O           -4.92447988502770       -1.05979986109213        2.82533592760012
C           -3.77515025540903        0.31935328074221        0.50921781303281
O           -4.85425356991195        1.12830582310954        0.90321647381734
C           -2.84285435990514        1.14339647082600       -0.38149805244427
O           -3.52755805211143        1.75889020171773       -1.44157486840220
C           -1.77756905068010        0.22069038376421       -0.99541568349618
O           -0.73711123678374        0.98675803227729       -1.54501001879364
C            2.02450668291869       -1.71607580947263       -0.85298473417748
O            1.84707284620039       -3.10491003031153       -0.70999266096190
C            3.52931962505371       -1.43690126985154       -0.74955946588063
O            4.19518155845245       -1.95892766197101       -1.86564806897069
H            4.91876114871885        2.27063362290764        0.22778960827966
H            5.42687673533190        1.98646019962154       -1.46020571831871
H            6.55530050078560        1.64303596702543       -0.11841465713178
H            3.56580085982386        0.51100928522840       -1.68898471416884
H            1.34159657907682        0.88946072698371       -0.98148271814986
H            1.61727604524064        1.77655474476305        1.80309169897630
H            0.06692449241545        0.93430530948452        1.56602350583535
H           -0.12893666148185        2.40827519637040       -0.28921930067237
H            1.53028562612562       -1.23226940924301        1.19922000965762
H           -2.02171651809025       -1.69206727477611       -0.12088567652917
H           -2.93749869634002        0.64976475484876        2.45631461591150
H           -2.99899830861643       -1.77268932760284        3.17631674997255
H           -3.76809276548176       -2.18669749882447        1.62973060379445
H           -4.84639453640131       -0.53102027325140        3.62797482428106
H           -4.14971354103173       -0.54050111709228       -0.06981269266280
H           -5.42570851017069        0.59114371939602        1.47081116853258
H           -2.34985675842581        1.90549256617641        0.24369541068082
H           -4.33852534683462        2.13496204365172       -1.07543067244128
H           -2.26020255854216       -0.34180089860154       -1.80978252395265
H           -1.14623142367739        1.56777737939147       -2.20165448437708
H            1.67970744123821       -1.40152684427324       -1.85371808071603
H            0.91285051990791       -3.24968426902021       -0.51684816619513
H            3.91265816991167       -1.88030804794504        0.18046692884428
H            3.98110388140759       -2.89991775777160       -1.90634489057484
48
 energy: -84.786274203574 xtb: 6.7.1 (edcfbbe)
C            5.54343899808912        1.59226132230405       -0.36983138135679
O            5.10127452847968        0.24780046690481       -0.36246296236816
C            3.77213537154822        0.09376820583001       -0.69394469035835
O            2.98493346582817        0.63191598327723        0.34875352156254
C            1.58881214934164        0.54421030745261        0.14895451860435
C            0.93431329586025        1.41225280656994        1.23960345837835
O            0.26134907769249        2.52758195272191        0.71832436534599
C            1.22641067704292       -0.94898834618811        0.20452547351748
O           -0.11845167807505       -1.46179322946646        0.10200034984267
C           -1.33676400263577       -0.82094686100591        0.11570834583597
O           -1.59015202575810       -0.28799497946891        1.40177985365592
C           -2.95199864283415       -0.06233831763889        1.70305027295269
C           -3.57602868797433       -1.23486586455662        2.48484005288597
O           -4.87811771874113       -0.90516776229435        2.91371518186169
C           -3.78716149203450        0.25537167162114        0.44944332140576
O           -4.91120711664140        1.03810478893887        0.76330284062812
C           -2.90163524400457        1.04483395920612       -0.51763945863529
O           -3.61329303216305        1.49464158949048       -1.64053083470233
C           -1.74538846776395        0.16208301368522       -1.02058654266883
O           -0.70132971792394        0.97022524071958       -1.50028326502388
C            1.97736414308703       -1.65094611222473       -0.94136726214405
O            1.78057437525305       -3.04443488541402       -0.91258141596880
C            3.48971168628330       -1.40161309087173       -0.87487514391518
O            4.10478775272616       -1.83213897314728       -2.05721227462322
H            4.98677310701633        2.19049671289862        0.35534906077224
H            5.42898698590608        2.03134650234965       -1.36737201193004
H            6.59592712742967        1.56138164270499       -0.09891816791142
H            3.53146683823536        0.61870469729472       -1.64394660706527
H            1.34514662282378        0.94725571303941       -0.84342982442159
H            1.72839308411137        1.79793865276259        1.88257914876440
H            0.25302133106626        0.80000328083644        1.84128202275734
H           -0.25598056985721        2.21553949441144       -0.03836001808224
H            1.60495138593678       -1.32889945379028        1.16475118927820
H           -2.02088089741616       -1.68283090346802       -0.01933523049864
H           -2.95931122613123        0.83147493362988        2.34385252903475
H           -2.92477101287301       -1.50037343889667        3.32397781085901
H           -3.68194772475102       -2.10852728106610        1.83730696701738
H           -4.81799326689077       -0.29001790208324        3.65389109806485
H           -4.11233813330186       -0.67578547167163       -0.04211200246238
H           -5.44623419464260        0.53448971611094        1.39420364762237
H           -2.48358881969296        1.90372163696990        0.03391405766419
H           -4.45466915322519        1.84656280851248       -1.32166270720749
H           -2.12773011719222       -0.45182080657469       -1.85004329475375
H           -1.07513739642776        1.52629042113893       -2.19750328829572
H            1.59688449309710       -1.24527452520940       -1.89529764258415
H            0.86147138064013       -3.19224662307064       -0.65789127322600
H            3.90032944349220       -1.93035830061730       -0.00278921103061
H            3.87364794991561       -2.76289765043188       -2.17164562138636
48
 energy: -84.787521139341 xtb: 6.7.1 (edcfbbe)
C            5.53242485590076        1.59086928109162       -0.33728745042126
O            5.08030911708679        0.25403246487741       -0.44183160461249
C            3.73415735227624        0.13655937570794       -0.71479085456748
O            3.00776689805899        0.56278674162203        0.42040800788953
C            1.60221896780759        0.49143326144661        0.28858112272550
C            1.00970901888314        1.24128193226793        1.49746050273970
O            0.13097538982362        2.26712524599082        1.12327707581013
C            1.24149430904068       -1.00165033124313        0.21555407873820
O           -0.10915200848152       -1.50481360884252        0.15870899452420
C           -1.31578695711287       -0.84026936818623        0.13718929809928
O           -1.55484347405870       -0.21033530009160        1.37753939670396
C           -2.91149306167201        0.07616692195485        1.65530249263316
C           -3.51580983983391       -0.95516645717950        2.62865854849313
O           -4.80602945640619       -0.56096039600045        3.03868930766657
C           -3.77175709541596        0.18304803610949        0.38386311454365
O           -4.92845275988235        0.94826957801754        0.61202131092998
C           -2.95106423609634        0.88144018452965       -0.70442090160752
O           -3.69531549384198        1.06404474962567       -1.87924053826731
C           -1.68753330894527        0.07243549485344       -1.06325553065759
O           -0.64987376092216        0.94143681447697       -1.43541486784375
C            1.92097145308627       -1.57597350131088       -1.04193980401750
O            1.71781932516672       -2.96502829219128       -1.14949745443015
C            3.43512637276953       -1.33130786407899       -1.03870799693100
O            3.97806314661678       -1.62841528048254       -2.29534890495852
H            5.02530976435897        2.11229457492795        0.47800485832810
H            5.36243749395971        2.13102135973284       -1.27551045877841
H            6.59893868969241        1.52980912879006       -0.13487909374130
H            3.44549729278649        0.75894905149044       -1.58940329386133
H            1.30247521198152        0.99829211909165       -0.63729695626776
H            1.83334785139721        1.71734817513631        2.03348376278665
H            0.50924906580860        0.53127554917859        2.16684841684614
H           -0.47908511302334        1.89500712313300        0.47445115832192
H            1.67403273724645       -1.47956357922498        1.10516611758371
H           -2.01574635673826       -1.69595439945638        0.05463546496433
H           -2.91029022681653        1.06249088819012        2.14314015159368
H           -2.83999745699398       -1.08624587410591        3.48000968859248
H           -3.63644805590138       -1.91960209129249        2.12933147217738
H           -4.72674956922580        0.16693611359191        3.66630948771448
H           -4.05928934311915       -0.81958896723158        0.02874815942188
H           -5.41408227951613        0.52774274041473        1.33807463430488
H           -2.63913474195646        1.86097659970614       -0.30103443603833
H           -4.56666719381968        1.39008120226384       -1.61807714175655
H           -1.93594123433482       -0.58723215185373       -1.90786296422335
H           -0.96479882814439        1.47529251337170       -2.17616552424253
H            1.48685080672993       -1.07140000317690       -1.92293125008237
H            0.82233579624598       -3.14228643576778       -0.83511454877652
H            3.89518223193039       -1.95047600932247       -0.25534179501416
H            3.73864364079970       -2.54218056580974       -2.49661627134678
48
 energy: -84.791079394112 xtb: 6.7.1 (edcfbbe)
C            5.30918137540165        1.81017677166113       -0.62628787878591
O            4.94400269300166        0.44606240150475       -0.71003093526999
C            3.58671660366882        0.23115091962739       -0.83218617492444
O            2.97045817309661        0.59117021396807        0.38690391573114
C            1.56609297661282        0.43150391988078        0.44528877465734
C            1.15089237433134        1.07191854481546        1.79047861759089
O            0.14912252010745        2.03889077754506        1.65567001020999
C            1.26923314146677       -1.07269410859906        0.33012595816312
O           -0.07283849063448       -1.60372309810216        0.34649755175061
C           -1.27364317765151       -0.94221998452383        0.24724285607979
O           -1.51810088660083       -0.15966951363748        1.40410194757285
C           -2.88118118577616        0.14903628604224        1.63116919896258
C           -3.56344252662664       -0.87017191742081        2.56388946961230
O           -4.86612918999299       -0.44211348148458        2.88810211476350
C           -3.67137768225117        0.30081059627892        0.31766792243465
O           -4.74933106858052        1.18959252317045        0.46811194303347
C           -2.72636271926762        0.85836591931609       -0.75230357325839
O           -3.40114290049433        1.13035559736129       -1.95150711861405
C           -1.61931331168345       -0.16623694462232       -1.05811081881978
O           -0.51134430348696        0.46136148711767       -1.64068074431962
C            1.87106791182858       -1.58220749168401       -0.99517354769701
O            1.73566143720146       -2.98143277142899       -1.10711203501664
C            3.36002634667777       -1.25280634372930       -1.13310267507154
O            3.79738105714090       -1.52133213667765       -2.43665231285527
H            4.85852331629398        2.28284517217869        0.24970040115859
H            5.00152235633683        2.34985630766499       -1.52906232521428
H            6.39311653023880        1.82307808042933       -0.54022484599238
H            3.15454384383726        0.83532205216596       -1.65806317291569
H            1.09272850784144        0.97525502294819       -0.38131426201155
H            2.02921365395273        1.58669075825780        2.18474492669674
H            0.84603735368513        0.29105438305038        2.49730246834449
H           -0.65802688590047        1.55800833397674        1.43097473331017
H            1.76545066386483       -1.58069722829121        1.16667427734843
H           -1.98578534407178       -1.78900692174344        0.27233163096951
H           -2.87763096686105        1.12830935637614        2.13234652119272
H           -2.94636887486647       -1.01563687870568        3.45672366552244
H           -3.67641848221929       -1.83238960157731        2.05893173451318
H           -4.81174163424901        0.27367120941367        3.53204317692773
H           -4.04495894783958       -0.67923059415309       -0.01951761823439
H           -5.34360907991933        0.81565715686886        1.13440035440153
H           -2.26345445607888        1.78054332992825       -0.36204915836240
H           -4.21974383442752        1.58927021208306       -1.72177051113206
H           -2.03371821479902       -0.89982132895819       -1.76849256862275
H           -0.83503490942608        0.96999285580998       -2.39559128640954
H            1.32951977245396       -1.09019731800677       -1.81974079962679
H            0.86986268633286       -3.20870216255549       -0.74585859798340
H            3.93151304004195       -1.83884206176604       -0.39883286316681
H            3.56882568445948       -2.44082156274088       -2.62427138038749
48
 energy: -84.793136760917 xtb: 6.7.1 (edcfbbe)
C            5.13143435277758        1.93413620306531       -0.69959360571237
O            4.83177404233789        0.55719789140554       -0.82454495799627
C            3.48135961240811        0.27691314206938       -0.84630663507733
O            2.95387221034947        0.53824491296223        0.43776076407211
C            1.56531539285360        0.32562916520353        0.59041953730699
C            1.23390267126410        0.79891408048778        2.02472688460345
O            0.37905297523385        1.90617080427936        2.05527143378799
C            1.27641875933428       -1.16388566264873        0.35466590149981
O           -0.07634490636593       -1.65617459790590        0.41162965089190
C           -1.24514210534860       -0.94248197510429        0.26287020752302
O           -1.46358322397041       -0.07027376575231        1.35800061513438
C           -2.82383165415219        0.26179482086595        1.57056872553042
C           -3.48855855981135       -0.65758058287400        2.61353089213633
O           -4.79103348199275       -0.20690043684834        2.90811128607967
C           -3.63427917572660        0.27393704456916        0.26060183898037
O           -4.72813024034546        1.15247601827344        0.34469242517298
C           -2.71807308674154        0.75451406900966       -0.86963373718027
O           -3.41021356481052        0.87181524714950       -2.08323749695978
C           -1.54749216828171       -0.22527569087891       -1.08362939516147
O           -0.44089195506981        0.45663505457914       -1.60927369943439
C            1.82598860439118       -1.58418210266725       -1.02105526656007
O            1.72177430432128       -2.98123515914425       -1.19475201048561
C            3.29651849953513       -1.19977937473629       -1.20865951536870
O            3.68001928256692       -1.39126121719948       -2.54240220245892
H            4.73014969066268        2.33872905800579        0.23269865970868
H            4.72204440801458        2.49751133532830       -1.54587588463070
H            6.21648258611748        2.00438765315338       -0.70018397032970
H            2.95182550879953        0.89989634443652       -1.59840792979086
H            1.01288674864805        0.93107826699555       -0.13929156135707
H            2.17012233438045        1.11520467201253        2.48822708427267
H            0.80888278188139       -0.03291121514723        2.59958807286574
H           -0.47157157603589        1.59898984984649        1.71624342069675
H            1.79429051237795       -1.74356152205587        1.12899548736142
H           -1.99536966377965       -1.75221035612133        0.32889259523395
H           -2.81867317795176        1.28819961761022        1.96646929606313
H           -2.85994926203151       -0.70481253274194        3.50883706913236
H           -3.59903451115239       -1.66803420272138        2.21289946929887
H           -4.73479116184435        0.56926275496738        3.47765192472527
H           -3.99371489010307       -0.73899552050210        0.02059902866425
H           -5.30057876016208        0.83455629036623        1.05813912606637
H           -2.30258324019461        1.73313776609584       -0.57389505403232
H           -4.24637781378640        1.31786330029574       -1.89468386785135
H           -1.87751826919323       -0.99617033482426       -1.79719635138540
H           -0.73222111008922        0.90640789078140       -2.41299052296142
H            1.23887672311581       -1.06964010822119       -1.79739608016426
H            0.87723703604576       -3.25081197693275       -0.81311024603300
H            3.92173634477660       -1.79767808640959       -0.53001158452639
H            3.47798712814821       -2.30975009504930       -2.76247281193575
48
 energy: -84.794559365389 xtb: 6.7.1 (edcfbbe)
C            5.02673651168370        2.00583023563410       -0.68570591303159
O            4.75371532626366        0.62980122393035       -0.86867735105938
C            3.41101948828872        0.31661511999224       -0.83522291236276
O            2.94763113292424        0.48880614781980        0.48818992482135
C            1.57243372400395        0.24229946365946        0.69205475452261
C            1.29958841579023        0.56841786397937        2.17734419053038
O            0.53075275384407        1.72312796896400        2.35717759174677
C            1.27469438118379       -1.22185619065861        0.34218036668353
O           -0.08112928796292       -1.68668186177739        0.44986066817705
C           -1.22987333228087       -0.94503105337105        0.26055968512227
O           -1.41524218983208        0.00128876727416        1.29862703477890
C           -2.76810067386115        0.36740517887116        1.50484464963788
C           -3.40194415684778       -0.42969084668689        2.66221839279494
O           -4.69487992756133        0.05271199728959        2.94892378425253
C           -3.61752126353582        0.23424988797882        0.22685537787523
O           -4.72676524271223        1.09735862017297        0.26211458692010
C           -2.75697040592951        0.62193012301904       -0.98070922420068
O           -3.48354167749986        0.53392912565293       -2.17658054132177
C           -1.50684128461487       -0.27601673130933       -1.11194797897623
O           -0.42113148688388        0.48958423612837       -1.56537862498140
C            1.77954767758505       -1.55920593884303       -1.06979357108204
O            1.68742823704710       -2.94812387502478       -1.31120780399865
C            3.23921817025747       -1.14136139420494       -1.27511524664702
O            3.58722712021741       -1.25145736843740       -2.62764733335916
H            4.66521525322576        2.35048184015932        0.28612735886837
H            4.56000733427355        2.60127785177174       -1.47881612147313
H            6.10820921494137        2.10497479001676       -0.73827435503488
H            2.82744237962769        0.96854144683042       -1.51978152388829
H            0.97559678961194        0.90098116873418        0.04680549773816
H            2.26235142688247        0.75733837765453        2.65548283158505
H            0.81807553063269       -0.29277427607647        2.65786165389640
H           -0.33204172387348        1.53726216541425        1.96545270372819
H            1.81211340630611       -1.86155864274002        1.05441523381614
H           -2.00323844658966       -1.72658818530069        0.36588628297185
H           -2.75228206728080        1.43233001384998        1.78110031252725
H           -2.74483414543492       -0.38239677157808        3.53680794499815
H           -3.52310146507159       -1.47712630344659        2.37538856631424
H           -4.62150982810954        0.88246758719703        3.43474385677879
H           -3.96542536705376       -0.80288923083188        0.10106485292447
H           -5.26039086654164        0.85090348803222        1.03241198810398
H           -2.41562041049529        1.65900350502020       -0.81827450125644
H           -4.33812723129727        0.95896276637163       -2.02610690219361
H           -1.73379973158058       -1.07443044735693       -1.83436872609924
H           -0.67511846759937        0.89522841079808       -2.40411953229274
H            1.16936633968427       -1.01532493364514       -1.80502478587992
H            0.86522863654678       -3.25342580776714       -0.90856871106218
H            3.89276078736897       -1.76503087594083       -0.64853137215614
H            3.40306559705139       -2.16214190021177       -2.89116000760308
48
 energy: -84.798269795474 xtb: 6.7.1 (edcfbbe)
C            4.95938022277588        2.04685617394109       -0.16977304718592
O            4.64652698678256        0.77864293455342       -0.71375780598886
C            3.30050096332514        0.48024433761446       -0.70610201775418
O            2.89478173092926        0.29738794433299        0.63442097849950
C            1.53583235805788       -0.03410731442636        0.82983812117652
C            1.32814876886805       -0.10109356354164        2.35832393010859
O            0.52461163704322        0.93513904455582        2.84609542541441
C            1.25657386869458       -1.37519817913719        0.13852607645278
O           -0.05541709442404       -1.94052983309986        0.24987028573401
C           -1.24840615312441       -1.23979722413380        0.17686782026135
O           -1.43140057388035       -0.42025667759945        1.31406015578026
C           -2.51065550523145        0.50204347945685        1.24320893986186
C           -3.06782143759621        0.64739310528823        2.67427541095708
O           -4.00052434797760        1.69787491431665        2.77933350589033
C           -3.61953077512533        0.04475652999125        0.28125759278676
O           -4.64693951591067        0.99535238530853        0.18605995636062
C           -3.06092556106344       -0.17198256236657       -1.14047024433529
O           -3.67247607053791       -1.26001859188900       -1.78028923557861
C           -1.54705136514455       -0.44895305713116       -1.11201393437833
O           -0.79748592976168        0.74054749760147       -1.13632283154151
C            1.64050833645882       -1.27662599529822       -1.34550778866021
O            1.50051503664463       -2.52552606184726       -1.98757491373091
C            3.08682655134090       -0.80043608665806       -1.52211292215901
O            3.33937294922960       -0.51798623746464       -2.87100695295581
H            4.64259147665823        2.11356120501659        0.87369537750238
H            4.47885743325749        2.84469457284439       -0.74759906660229
H            6.04034340112022        2.14164026243558       -0.23849913597147
H            2.70395324139941        1.29857904160524       -1.16437447690227
H            0.89317220393713        0.74476954358929        0.39422887998148
H            2.30506970599922        0.00686735879809        2.83207465860033
H            0.89886196995664       -1.07540080940631        2.62373004552540
H           -0.33874226974606        0.80558141935060        2.43478721091078
H            1.88929452872706       -2.14011922754004        0.60606975998626
H           -1.98532390450534       -2.06392644942454        0.19684340016768
H           -2.13925605310766        1.47985540499112        0.89063822502180
H           -2.23670344177476        0.77962370935284        3.37499289772806
H           -3.60386745829328       -0.26491606621573        2.94791747417994
H           -3.53680233390056        2.54206937971683        2.73237069736867
H           -4.01933565027925       -0.91685963522186        0.64796252915923
H           -4.87393565041687        1.29299158578919        1.08302360612955
H           -3.24268642519949        0.75928624316647       -1.70254380089209
H           -4.62518276672139       -1.10817686161956       -1.79450131758466
H           -1.31372821560802       -1.09286221957711       -1.97136230838411
H           -0.98299264764656        1.21285112617638       -1.95713559933449
H            0.99581086400614       -0.53432920465186       -1.83848491976861
H            0.77225746635936       -2.99066065962954       -1.55585201264160
H            3.77820567006538       -1.56613671339288       -1.14315790947364
H            3.14518872114651       -1.32271323508766       -3.36854355349216
48
 energy: -84.798734446220 xtb: 6.7.1 (edcfbbe)
C            5.01743284512207        2.01093591997906       -0.13333212960047
O            4.65641998012502        0.77810053529582       -0.72618731364853
C            3.30520715671197        0.50731501856999       -0.68384045145887
O            2.94422561071727        0.26522889097259        0.66084624685807
C            1.58755278533588       -0.05240072032337        0.89204541508778
C            1.44003455841813       -0.20651248740097        2.42158946619925
O            0.52803246210008        0.69351197854745        2.98074650707688
C            1.25522226194254       -1.34116150171922        0.12706036649861
O           -0.04256536533238       -1.91856288819719        0.30385277584657
C           -1.25156428444410       -1.24663867209891        0.20428876879003
O           -1.43008102370086       -0.36248981471351        1.29527760323082
C           -2.51268015362655        0.55234645003317        1.18756403586864
C           -3.05341533832794        0.78142432002238        2.61394860072581
O           -4.00829906384797        1.81669318708856        2.66121601603639
C           -3.63354450268822        0.03294859176804        0.27022432643729
O           -4.66247621851853        0.97490172828798        0.12309382107702
C           -3.09408635218595       -0.28233161365728       -1.14081495535978
O           -3.68595386866918       -1.43260529109117       -1.68274577409861
C           -1.57434262782949       -0.51750317047626       -1.11448784553736
O           -0.86150912690826        0.69344558932403       -1.17740464791563
C            1.57929942022909       -1.16933952050182       -1.36171898819522
O            1.37965716443287       -2.37782609768336       -2.06581068740467
C            3.03408083942282       -0.72429959715486       -1.55663184418867
O            3.25636523451946       -0.38022152475717       -2.89638398759723
H            4.74934831839183        2.02905117510337        0.92568282754413
H            4.52677578235266        2.84556861739204       -0.64699846682565
H            6.09584161521892        2.09110069504256       -0.24659856150232
H            2.71120773355709        1.36031034229614       -1.07754811312359
H            0.94285415178637        0.76453509235103        0.53160289210292
H            2.41190626105924        0.00799619976604        2.86961643683829
H            1.15435892178916       -1.24009783966872        2.65676990487228
H           -0.32270339394805        0.49162293377119        2.56721484690272
H            1.90827851815025       -2.13342028111838        0.51889203556962
H           -1.97423867908188       -2.07873053724661        0.27945827340564
H           -2.14574341119947        1.50752409189961        0.77645064249134
H           -2.21721432092064        0.98252310925008        3.29160541474198
H           -3.56534624197030       -0.12117169635717        2.95728637008843
H           -3.56339988355809        2.66419658322664        2.54403401534227
H           -4.02756242980801       -0.90161740180243        0.70683005043897
H           -4.88857119481972        1.32029949737978        1.00333258469309
H           -3.30887454729614        0.59677922654726       -1.77105917878274
H           -4.64180103501037       -1.30294204977984       -1.70238643715621
H           -1.32399531262283       -1.18181443435030       -1.95318328313859
H           -1.08307872786700        1.14550447229077       -2.00063072371595
H            0.94637479600088       -0.38228738737788       -1.79278642279245
H            0.70682450739883       -2.88253331676622       -1.59113200200574
H            3.71529714640955       -1.52580183942975       -1.23748519592272
H            3.02044397520280       -1.15155782225400       -3.42787605296832
48
 energy: -84.798284980532 xtb: 6.7.1 (edcfbbe)
C            5.07941583153141        1.97809126959758       -0.06527317713774
O            4.66529698114224        0.79230141609007       -0.71613511074202
C            3.30984640059871        0.55175089336059       -0.64160841681942
O            2.99197230396480        0.23074476841610        0.69862865500086
C            1.63939368105916       -0.08025117780600        0.96036058694537
C            1.55308842585073       -0.34960372208260        2.47857770475560
O            0.52254741397626        0.34534558901170        3.11626341409752
C            1.25138438831950       -1.30083706722793        0.11032855531709
O           -0.03110362981789       -1.88825876380431        0.34055266894278
C           -1.25606408599934       -1.24747028461116        0.21268673059071
O           -1.42576427257514       -0.30136668975327        1.25172692158336
C           -2.50573385881548        0.60841340599284        1.10331636228948
C           -2.98437763598348        0.96868927263913        2.52310941231651
O           -3.94290243227027        2.00228031428565        2.51431504845742
C           -3.65740480523981        0.00803618009031        0.27775310296018
O           -4.69509147473198        0.93182974127832        0.08453839121560
C           -3.16687022806087       -0.43716265325932       -1.11810586961993
O           -3.72957592959319       -1.66130347094850       -1.50816766014894
C           -1.63771481631287       -0.60817133969633       -1.13639579924533
O           -0.99083293356506        0.63148171674516       -1.29323356379279
C            1.51512217267367       -1.03020543381084       -1.37153061606857
O            1.24868418857881       -2.17829341792261       -2.15577273131746
C            2.97641774226224       -0.61147840986045       -1.58407191229534
O            3.16576606530229       -0.18545128381407       -2.90522618505827
H            4.84714371798131        1.94042506003238        1.00172123850131
H            4.59565055872073        2.85404433919681       -0.51239032760019
H            6.15534917865407        2.03692407164562       -0.21062075891742
H            2.72486268608298        1.44290792970202       -0.95606083435224
H            0.99630042274492        0.77451475757306        0.69556219389533
H            2.48784497397942       -0.00337950617720        2.92430486091608
H            1.45695430546329       -1.43004199656197        2.64965286854184
H           -0.30061073888227        0.08753735620171        2.67550535834788
H            1.91932191832773       -2.12079876333440        0.41473407721498
H           -1.95817451562992       -2.08833295352063        0.35654553587914
H           -2.15242789697814        1.52052585651787        0.59599265560916
H           -2.11641155450724        1.23369613230105        3.13560277149011
H           -3.47523831632921        0.10238376865625        2.97373907320276
H           -3.50735856067686        2.83641921009058        2.30342880768806
H           -4.03039130233228       -0.88347251126155        0.81255999395418
H           -4.88420942560423        1.35905153301707        0.93707741635033
H           -3.44532321744709        0.36035062453861       -1.82659597312093
H           -4.68993962763606       -1.57028039530149       -1.50641280134924
H           -1.38107465955039       -1.30586629845188       -1.94481012593208
H           -1.24653553491461        1.01191754141803       -2.14236738086765
H            0.89225055585313       -0.19855446989433       -1.72256246797898
H            0.70281380311146       -2.77489042049865       -1.62896262863366
H            3.64625895309199       -1.44934993632100       -1.34182698970547
H            2.86743972126177       -0.90484503821390       -3.47696588306401
48
 energy: -84.798291421738 xtb: 6.7.1 (edcfbbe)
C            5.22230043221869        1.83379463988913        0.06611217900546
O            4.70908561926401        0.74532185052016       -0.67797212417233
C            3.34456562044505        0.58062359981394       -0.56829451812804
O            3.05304737240330        0.14630118081712        0.74522026316341
C            1.69164664259144       -0.12199740253044        1.00450575544364
C            1.58458536082681       -0.48717401473200        2.49949376727394
O            0.55194483855716        0.18158456523350        3.16249095064262
C            1.23293809460007       -1.26494480935145        0.07663875397046
O           -0.03104103863867       -1.83937964507678        0.38704227821719
C           -1.26436514123689       -1.22389065399276        0.24221641523706
O           -1.40802262772068       -0.19061675854413        1.20217654302672
C           -2.51880138775038        0.67274164882821        1.01903767874709
C           -2.93226431464697        1.16351834783935        2.41886283026598
O           -3.91052066302518        2.17693813843562        2.36128210861396
C           -3.69246192896161       -0.03443503840230        0.31727082295125
O           -4.76213890794645        0.84471433991477        0.08764612494353
C           -3.26247151551110       -0.61239574263381       -1.05133232432463
O           -3.80037955035162       -1.88829119055351       -1.27503625946589
C           -1.72900874948645       -0.72729385333534       -1.13909516608035
O           -1.16485788632052        0.52461620250318       -1.45448736418869
C            1.43293001231654       -0.84446450623107       -1.37946432647522
O            1.04070488158486       -1.84033547427988       -2.30016306638788
C            2.90445079297119       -0.45796584929798       -1.60869535180932
O            3.05223644551497        0.09472234087158       -2.88840527723614
H            5.03551303056641        1.69986109015381        1.13420845013084
H            4.77253374499309        2.77593483782187       -0.26685945403977
H            6.29221791595302        1.84762133458408       -0.12676701840141
H            2.80673939930451        1.53219795287352       -0.76934490740324
H            1.08568661898403        0.77687414751597        0.80597224483641
H            2.51638945327319       -0.18358714065968        2.98140601207272
H            1.47043244517560       -1.57497740890348        2.59825872216026
H           -0.26914636352046       -0.01584656873883        2.68687594417537
H            1.90571063239245       -2.11430255154476        0.27513185583795
H           -1.94555142414482       -2.05756096732949        0.49279042095516
H           -2.21781477203834        1.53613919894752        0.40421593135750
H           -2.03732222324962        1.49822079922547        2.95422793076418
H           -3.38164247390257        0.33960980623304        2.97872214169616
H           -3.50873943503686        2.98473992869701        2.02096688158304
H           -4.01636980243479       -0.87309035545197        0.95884750393408
H           -4.91923334152196        1.35044780421499        0.90257201360928
H           -3.60993046454975        0.09514978200845       -1.82173341901527
H           -4.76190775524571       -1.82568049841610       -1.22941655908717
H           -1.46792617027996       -1.48801235526660       -1.88432513397015
H           -1.40423236712110        0.74755267879887       -2.36162766401152
H            0.82049440301506        0.03066178151358       -1.61081895830775
H            1.36819997216818       -2.69467722766610       -1.99367423741058
H            3.55251838710009       -1.34207712788572       -1.49158535224624
H            2.56927311642980       -0.47689410785753       -3.50160685055950
48
 energy: -84.797119573500 xtb: 6.7.1 (edcfbbe)
C            5.31939204647999        1.74988349919789        0.11896397517656
O            4.74151699540595        0.72939385806129       -0.67278664767947
C            3.37783755958417        0.60115252271070       -0.51792318461652
O            3.12066582821751        0.08241996994743        0.77229099133851
C            1.75813307366715       -0.15193120201215        1.05007486143086
C            1.65011866389068       -0.59394819031179        2.52107630150743
O            0.55886594894283       -0.02634762808004        3.18610400692098
C            1.23022926642276       -1.21894905076326        0.06683642442843
O           -0.02310583004294       -1.78064355782759        0.43722091692365
C           -1.26877695476583       -1.19867255350322        0.25921829654978
O           -1.39706351134493       -0.09600745177835        1.14103549735624
C           -2.54017584495687        0.71942818716139        0.94385052751823
C           -2.91436157447909        1.29058519951676        2.32339641718595
O           -3.91128741622735        2.28346882241743        2.23817478722932
C           -3.71516952280699       -0.06771103955259        0.33699478841825
O           -4.82179360062827        0.76155910377366        0.09625416293917
C           -3.31759300447282       -0.72071100497056       -1.00743201790747
O           -3.84106516515276       -2.01591093067213       -1.13676543442813
C           -1.78415249456145       -0.81528067610134       -1.13963209017322
O           -1.26628844872468        0.42158659194741       -1.56955725816765
C            1.38706481224796       -0.70904626801541       -1.36229337372534
O            0.95056979548956       -1.63570489081630       -2.33476401355166
C            2.86167591315020       -0.34304821566931       -1.61234540526356
O            2.98336317105279        0.29926940325193       -2.85211951912125
H            5.16445153301968        1.55407577880172        1.18257579096074
H            4.89283968529748        2.72608075781881       -0.13780739088486
H            6.38184119939355        1.73959181125846       -0.11153989049754
H            2.86609368287909        1.58160338054014       -0.62808231871941
H            1.18302307781265        0.78013127847266        0.91848050049657
H            2.54794838274865       -0.25053829154380        3.03995676447244
H            1.61022438078812       -1.69064318097953        2.56823690076318
H           -0.23440765682975       -0.19594724859447        2.65540295567323
H            1.89365107914255       -2.09200776751340        0.18248442032472
H           -1.93052633267052       -2.01978138692021        0.59143075847483
H           -2.28877589660699        1.54599350166699        0.25999585190422
H           -2.00563910593380        1.66804880829880        2.80426819948004
H           -3.32955212710120        0.49679800087700        2.94927330880355
H           -3.53678644209792        3.07317402839926        1.83104600355848
H           -3.98729029361662       -0.87210943348692        1.04343876288844
H           -4.95537373182902        1.32343387390412        0.87775808050691
H           -3.69879881997481       -0.06588691452012       -1.80732811056102
H           -4.80130556998603       -1.96372597608816       -1.06077337464877
H           -1.53344128138009       -1.62421536688373       -1.83418618139022
H           -1.42626178231407        0.50815812376202       -2.51587083324890
H            0.78367480453911        0.18893129607721       -1.51830901064768
H            1.30638326886430       -2.50593126029064       -2.11588395424101
H            3.48507795051844       -1.25225719870552       -1.58488472497763
H            2.47434521222999       -0.21781436145887       -3.49206833483725
48
 energy: -84.796786326544 xtb: 6.7.1 (edcfbbe)
C            5.45974067656973        1.57952279744951        0.24203676362877
O            4.75107257709940        0.74136946172388       -0.65213490941250
C            3.39417211455573        0.68551410676386       -0.41750066001601
O            3.17313422076550       -0.00176330217388        0.79671000927544
C            1.81269782712491       -0.21964662135593        1.08658008274108
C            1.69852585800537       -0.79897333631531        2.50661893637083
O            0.57022897043200       -0.33029843480212        3.18686616719195
C            1.21967794029827       -1.16575592318331        0.01336315625712
O           -0.00490675434222       -1.74637614164055        0.44411242103185
C           -1.28515250512989       -1.22892719508380        0.26836909334361
O           -1.40791040830326       -0.06844986549938        1.07473671547088
C           -2.53633439306904        0.74562762370162        0.80281320366976
C           -2.80328936031660        1.54904975584647        2.08582134312074
O           -3.80344422041032        2.52543500414455        1.91129326894536
C           -3.74976861902813       -0.11212135151197        0.41071281170907
O           -4.88992008782801        0.66443810256594        0.15544758090373
C           -3.44228706519988       -0.92952255537744       -0.86392511313561
O           -3.95152868135077       -2.23586855370645       -0.77816361125527
C           -1.92591083758196       -1.03404954211357       -1.12177331309729
O           -1.52784488308148        0.10963485845800       -1.83162248911852
C            1.28976689779710       -0.44034170096312       -1.32333529883554
O            0.79683997694867       -1.19996636058544       -2.41383183686624
C            2.75027480589200       -0.03812846935817       -1.61027919409481
O            2.79552596543050        0.82879138606563       -2.71011040747717
H            5.36368622311966        1.22258773896159        1.27001203694062
H            5.09338964594698        2.60989715185225        0.17753512333603
H            6.49941055512346        1.53674367983693       -0.07284321731007
H            2.95443782059298        1.70382414159633       -0.34805918370153
H            1.26683256180911        0.73905110728307        1.06419268235373
H            2.56959342828796       -0.47059007621798        3.07794900499048
H            1.70031256017687       -1.89581800483965        2.45336722934721
H           -0.20420065825139       -0.45783773258010        2.61905648909682
H            1.88608550449465       -2.04130229786102       -0.03263666286509
H           -1.88541634431272       -2.04476865070194        0.71756889912321
H           -2.31626466389091        1.43266663478101       -0.02990827889890
H           -1.85976884885604        1.99181118417893        2.42398355562640
H           -3.16532794358183        0.87876784831859        2.86906487436206
H           -3.48222831803247        3.20201277182611        1.30339620971731
H           -3.94528188166588       -0.81811054516133        1.23805431132179
H           -4.96012539763592        1.34057411682081        0.84947688952431
H           -3.88523124825585       -0.38774944680584       -1.71194940547070
H           -4.90648038112768       -2.17623789348306       -0.65658575309816
H           -1.75231152185698       -1.94915409291358       -1.69704539666262
H           -0.87467292309147       -0.15756141609273       -2.49063475070507
H            0.68557092947878        0.47246036679297       -1.29154188626256
H            1.18058435080332       -2.08462883073886       -2.37457466921941
H            3.34942431719117       -0.94353820369230       -1.80304626798322
H            2.30461713189895        0.41770344747993       -3.43414937635616
48
 energy: -84.795221394732 xtb: 6.7.1 (edcfbbe)
C            5.50698112619284        1.52949490936484        0.25447393865504
O            4.74345489837723        0.78900069915056       -0.68022968829891
C            3.40109233548187        0.71307407621759       -0.37612589995208
O            3.24229434731472       -0.08064883589237        0.78088429738030
C            1.89605073409683       -0.29521579006392        1.12332250750626
C            1.83356603023070       -0.97322525550401        2.50023296491756
O            0.66740962718311       -0.64402443189807        3.19738526761381
C            1.21545025990625       -1.14780984729074        0.02403652638867
O           -0.01409239152592       -1.67253083307295        0.51677869344955
C           -1.29806456604335       -1.17685054932270        0.30139670432675
O           -1.40710402759173        0.05418992874197        0.99627539653881
C           -2.56999342486850        0.81092598944518        0.70518455449413
C           -2.82685237216015        1.69584072958420        1.93513315671268
O           -3.85590903390672        2.63340039587594        1.71845490299478
C           -3.76900068875035       -0.10483907296367        0.41036588529176
O           -4.93517241202500        0.62292060487198        0.12921235882114
C           -3.47324800940862       -1.01000315549328       -0.80698173817821
O           -3.95022807092809       -2.31619554836968       -0.60955333682011
C           -1.96085346535595       -1.09892171285765       -1.09086812344151
O           -1.61514066010166        0.00680414257626       -1.87990052585347
C            1.25128214572103       -0.36635547997991       -1.28057623240680
O            0.77717810501293       -1.11028458729536       -2.39220970245696
C            2.69232794402546        0.09350787879755       -1.58952637627694
O            2.67097595131564        1.05776215267184       -2.60562756535848
H            5.45802990685205        1.07289259804123        1.24557580466130
H            5.15101263101328        2.56390545345604        0.31063744844859
H            6.52895113286310        1.50985499972166       -0.11587270557313
H            2.97048051196053        1.72073922354474       -0.19234880741342
H            1.36760944655395        0.67099129518332        1.19861116813759
H            2.67229762222221       -0.61035855245167        3.09851082223441
H            1.92957115057089       -2.06026550988717        2.37690793280923
H           -0.08596088572913       -0.79269228899823        2.60989014970397
H            1.83416515509080       -2.05156195026243       -0.10100134648410
H           -1.89005948552012       -1.95122994361508        0.82812286898492
H           -2.39734197535522        1.44493950657696       -0.17942845817240
H           -1.88692948586968        2.18468440446798        2.21464173473412
H           -3.15136399891900        1.07514256127954        2.77360213938225
H           -3.56987620999294        3.26672531661783        1.04943722611449
H           -3.92664225522503       -0.75049952447878        1.29326264964555
H           -5.00415523823005        1.34768967547914        0.77235554991236
H           -3.94682145671281       -0.54381152541749       -1.68251851262897
H           -4.90340448634815       -2.26767853017257       -0.47051524093542
H           -1.77385002599335       -2.04590265287250       -1.60908383351593
H           -0.88829681672804       -0.25250799225053       -2.46268195694546
H            0.61175821389669        0.52006582156242       -1.21071638423648
H            1.20654957727920       -1.97481577576010       -2.39579154809344
H            3.29105984291938       -0.78071507036513       -1.89467164141867
H            2.18080766027084        0.69438879490239       -3.35497585943503
48
 energy: -84.793652573048 xtb: 6.7.1 (edcfbbe)
C            5.47732550911490        1.59663617581268        0.26944953702457
O            4.68727698238484        0.91491802291419       -0.68760246765750
C            3.36835376880243        0.75357820050673       -0.32090572986827
O            3.30373291425966       -0.15580207503215        0.75652069843064
C            1.99106333212794       -0.42746891366756        1.17650982213821
C            2.07566597365406       -1.26045483764905        2.46594865425573
O            0.91613344982200       -1.17549836389046        3.23828888644605
C            1.20683603476164       -1.16660847009629        0.06336499089106
O           -0.04148127704535       -1.58314286881165        0.62011426086214
C           -1.31781135918815       -1.08747336278437        0.35519547408157
O           -1.40548373923594        0.22247670926713        0.88315872745505
C           -2.60097838550361        0.91517815348620        0.56013568251395
C           -2.84463409351230        1.91237804908121        1.70417849964407
O           -3.91183492134942        2.79246218138197        1.43640153504406
C           -3.78774607630089       -0.04949174831186        0.39545889210854
O           -4.97438517695528        0.62468924131461        0.06884860807520
C           -3.50668837603288       -1.07510437894772       -0.72669589987419
O           -3.96203527335357       -2.35789984446464       -0.38122549662000
C           -1.99923527513982       -1.17114242308642       -1.02943440399670
O           -1.69803211044350       -0.14141932760974       -1.92883848425358
C            1.21315964858835       -0.33442082279686       -1.21170266434310
O            0.76484870301556       -1.07170760850145       -2.34054163806473
C            2.62044370722760        0.20702549545597       -1.54294191740723
O            2.51631710101660        1.24233383398462       -2.48054380187614
H            5.50898004737140        1.04560046656889        1.21210843694505
H            5.08539980492472        2.60379215806469        0.44759223127558
H            6.47404346083537        1.65866956149862       -0.16038755321179
H            2.90968058861683        1.71866572151377       -0.01843376778906
H            1.45779030346005        0.51102693325967        1.40463899578753
H            2.89173664008251       -0.86306195372271        3.07365553985454
H            2.30771975404260       -2.30275974025964        2.20624999769865
H            0.17029664355161       -1.39523452207416        2.66327544759596
H            1.73822557743136       -2.11128128850663       -0.14000518541008
H           -1.91389171801609       -1.78139875400108        0.98061721211025
H           -2.47435835626585        1.46295703617213       -0.38769739880977
H           -1.91281537668661        2.45641815993320        1.89480174757549
H           -3.11666640744586        1.37021436653917        2.61269517157486
H           -3.67441297708990        3.35726586936067        0.69130324554108
H           -3.91353959615832       -0.59909826221488        1.34565074469628
H           -5.04966551709953        1.40294835462080        0.64537469914781
H           -4.00380989051354       -0.70919366669279       -1.63593916808216
H           -4.91352282332516       -2.30555116117764       -0.23244801077389
H           -1.80054252857369       -2.16192997782218       -1.45470104295807
H           -0.90621990942901       -0.39047887634334       -2.42694454327455
H            0.52901533669149        0.51461356910392       -1.10738883435318
H            1.25753005965014       -1.90052563674371       -2.39100710000797
H            3.23538359247036       -0.61817456877172       -1.93979640404454
H            2.02282714770944        0.91247193363420       -3.24286905836100
48
 energy: -84.792368808829 xtb: 6.7.1 (edcfbbe)
C            5.42459276928003        1.65559669755596        0.35944681233576
O            4.62201192387811        1.06134717426363       -0.64468651639458
C            3.32966950245072        0.79482282683172       -0.24657147009448
O            3.35161964199112       -0.24235112508036        0.70974463762204
C            2.07448932988384       -0.57616183924875        1.18601346513357
C            2.26441172968671       -1.55420103530781        2.35751174792376
O            1.15238198125058       -1.62318391388942        3.19732475973933
C            1.19536338917952       -1.18692887301031        0.06454071767329
O           -0.04971286711092       -1.51151423672985        0.69111844202648
C           -1.32825629750163       -1.03485539277594        0.40651033877814
O           -1.39645004910841        0.32955968030074        0.77692866054938
C           -2.60641891284162        0.97912487487590        0.41643115749921
C           -2.81729066547772        2.10393359603470        1.44240610843076
O           -3.88952143542016        2.95177390981664        1.10142120394939
C           -3.79461626539910        0.00211809601285        0.40284972506308
O           -4.99237333840499        0.63544326117046        0.03735777733496
C           -3.54756345626295       -1.14965347949202       -0.59953911056683
O           -3.98505226305198       -2.38205463513575       -0.08818921254222
C           -2.05055267837750       -1.27712081816917       -0.93817468902366
O           -1.79276813200748       -0.35417905432528       -1.95603711172693
C            1.17846307100053       -0.28444041101805       -1.16621573239250
O            0.76445996214555       -0.99047007563438       -2.32863871421897
C            2.54740813322022        0.35528221964842       -1.48833792327738
O            2.35863189328486        1.48008089480999       -2.30134397476098
H            5.51503734148062        0.99652609832479        1.22593306219753
H            5.00240019860265        2.61626903700615        0.67348591642768
H            6.40008068040752        1.81122734826454       -0.09442572119660
H            2.84556317130494        1.69298003070022        0.19126189086836
H            1.55655611782966        0.32322590084879        1.55971786483028
H            3.09922923779193       -1.19642068262171        2.96482656844815
H            2.52609903268239       -2.54431514251348        1.95672922252556
H            0.37741291843453       -1.77777487990738        2.63927146445907
H            1.63738738972537       -2.15525587095013       -0.22466699117371
H           -1.90853204502868       -1.64284938974229        1.12836215779256
H           -2.51379481028888        1.41399044298368       -0.59200527695999
H           -1.87972397039045        2.66243114038545        1.54230023812980
H           -3.06628660795075        1.67386555982190        2.41519773842148
H           -3.67316859474028        3.42027875924406        0.28639088277736
H           -3.88949724760076       -0.43204477186091        1.41444591217193
H           -5.05007977248666        1.47752679280336        0.51810403570452
H           -4.07577428421375       -0.89430440020370       -1.52860986933185
H           -4.93180053506658       -2.31381247148691        0.08258193199880
H           -1.85727812213131       -2.30989531600974       -1.25609567876396
H           -0.94048523492614       -0.56732089321360       -2.36682897138519
H            0.44929802960146        0.51982759325438       -1.01934467000747
H            1.31995230031713       -1.77264974473848       -2.43952062156293
H            3.17758619824368       -0.39284669033162       -1.99800576933105
H            1.86688655818102        1.20936992808461       -3.08748923961305
48
 energy: -84.791342042872 xtb: 6.7.1 (edcfbbe)
C            5.42406805732930        1.66150252474807        0.44157908620444
O            4.60216139246238        1.14491166820287       -0.58957137768896
C            3.33016778276566        0.81156629529931       -0.17845565199550
O            3.39964842031311       -0.32464645967998        0.65634777943732
C            2.14824950234838       -0.69357586263067        1.17014058381708
C            2.38645448779698       -1.78657471444500        2.22516555833278
O            1.32238366300521       -1.92645954744542        3.11702055560547
C            1.18203365036267       -1.17522364753112        0.05627628665448
O           -0.04596182369010       -1.42042902081896        0.75071258880276
C           -1.33487944814098       -0.97863744856077        0.45831722468617
O           -1.40154804140753        0.41839820430275        0.67498758162348
C           -2.63167730250700        1.01546600823459        0.29063165077595
C           -2.82489737998222        2.23591209462051        1.20506202560385
O           -3.91163005590401        3.04039967566526        0.80994450307803
C           -3.80862186411286        0.03224696431029        0.41173855270759
O           -5.02126844191697        0.61664056422516        0.01505374089306
C           -3.57868873054425       -1.21818936864053       -0.46997559872171
O           -3.99478680158831       -2.39071823028670        0.18050501719750
C           -2.08978402286938       -1.37086711700010       -0.83106942500862
O           -1.87435300078057       -0.56099564353706       -1.94798662424088
C            1.15878869519706       -0.20329296527431       -1.12581346458653
O            0.75132767056245       -0.85448957646593       -2.32205144222724
C            2.50878671058803        0.48593151562123       -1.42863766072075
O            2.27945202187561        1.67998982942973       -2.12391373748583
H            5.55783211086336        0.92596128905977        1.23816886543987
H            4.99078917548217        2.57701977905922        0.85866021174815
H            6.38036075363618        1.88448396666565       -0.02475835308047
H            2.84830269408935        1.64677437690820        0.37145776170299
H            1.66904065374842        0.16957172255243        1.66207615715397
H            3.26061184257472       -1.50269360591572        2.81598104901095
H            2.60760221568296       -2.73507094213229        1.71392215530624
H            0.51031150351312       -1.99136042890574        2.59560491513717
H            1.53334350053929       -2.15417988722040       -0.31191517096252
H           -1.88875515510595       -1.50309966394099        1.26123145408823
H           -2.57542022149456        1.34762271598961       -0.75873716885891
H           -1.88902236821133        2.80584095642887        1.22432295741554
H           -3.04604742782002        1.90349848060332        2.22191668741115
H           -3.71738835516795        3.43143758987927       -0.05019234185797
H           -3.87287946703262       -0.29382306339215        1.46546680780852
H           -5.07426863312512        1.50372673590982        0.40703312798180
H           -4.13064948237344       -1.06474954225291       -1.40747738731654
H           -4.93906042989705       -2.31170094617774        0.35995199518304
H           -1.89145065423239       -2.43117229090094       -1.04198903884497
H           -0.97207103500996       -0.69770625235442       -2.28152467780228
H            0.41363047883331        0.57625315765499       -0.93300263609523
H            1.33942283284055       -1.60089492359471       -2.49547315166043
H            3.13011146223220       -0.20054597949077       -2.02807304472375
H            1.78022377762715        1.47593772373480       -2.92517175176991
48
 energy: -84.790988534776 xtb: 6.7.1 (edcfbbe)
C            5.55358376179384        1.51545206220322        0.45926864418373
O            4.66196791423658        1.12305498208557       -0.56874420410928
C            3.39683020625896        0.80695655427525       -0.12406153633256
O            3.45050736250461       -0.40514959112553        0.59768302603335
C            2.20888032185104       -0.75650802546840        1.14447989553582
C            2.44026464995065       -1.93640101754855        2.10320826257341
O            1.41495397533238       -2.08969101100785        3.03745592405428
C            1.16643943223435       -1.10536397325560        0.04998704419552
O           -0.03660058878613       -1.29015023977247        0.80304833594117
C           -1.34227981221615       -0.90114537515061        0.50846649428082
O           -1.44251414328357        0.50798272539477        0.57624680268731
C           -2.70443914670836        1.02469115928423        0.17523997752890
C           -2.91601605450067        2.31688959690885        0.98120552650749
O           -4.04492188545961        3.04327745506419        0.55473250483406
C           -3.84550278500962        0.02087962364449        0.41819698388214
O           -5.08285842945869        0.52743855319726       -0.00814802207676
C           -3.59502425070694       -1.30517140614464       -0.33950912489466
O           -3.96330614523705       -2.41670484549741        0.43471264253350
C           -2.10923760219559       -1.44755020313983       -0.71445742743970
O           -1.94547741775213       -0.75290339763060       -1.91358239255220
C            1.14934161282943       -0.05077302014835       -1.06488215177729
O            0.70141310111116       -0.60710023844377       -2.29326478730083
C            2.50399344471801        0.63640509477301       -1.35546724146381
O            2.27898277952079        1.90391513978723       -1.90788566067335
H            5.69457328651949        0.70818148623152        1.18174372717921
H            5.17972361454331        2.40650287537779        0.97511278699051
H            6.49481265609611        1.74239456174103       -0.03504859843475
H            2.98181720424679        1.60642977791328        0.52425157327371
H            1.79637237643001        0.08697616854489        1.72266748729895
H            3.35602943149508       -1.74165309554794        2.66649853146724
H            2.58537270103738       -2.85396881581730        1.51414889758638
H            0.57489304057251       -2.06694019570776        2.55898141356566
H            1.43106890480676       -2.07773548825948       -0.39950091914609
H           -1.86227118901741       -1.34943185563644        1.37709114882664
H           -2.68594778871438        1.26038439341896       -0.90120411239358
H           -2.00264900707645        2.91921328889688        0.91592637351739
H           -3.09108039694083        2.07086542766080        2.03115018411547
H           -3.89353159222566        3.36196931585369       -0.34304065149863
H           -3.88042070059695       -0.20068535420768        1.50002681397127
H           -5.16298879398034        1.44170297420360        0.30986433340538
H           -4.16783105281875       -1.26248155935629       -1.27593135970049
H           -4.90801441095447       -2.35171602737090        0.61722298991306
H           -1.87622839489159       -2.51776736616746       -0.82076914320136
H           -1.00667487183972       -0.74058054403205       -2.17077087120996
H            0.42243358007745        0.72536151884909       -0.80128338284461
H            1.28670137559036       -1.33212197215121       -2.54884184854534
H            3.07671549373330        0.00399860230965       -2.05453697865942
H            1.75813914371467        1.79876800235916       -2.71420075315851
48
 energy: -84.794137359356 xtb: 6.7.1 (edcfbbe)
C            5.79013538690882        1.11968273658181        0.09580296464114
O            4.66375447746589        1.02009285729741       -0.75688411408140
C            3.47291318694999        0.82382180585480       -0.09289496652001
O            3.46926361974765       -0.46547789645275        0.47914390897137
C            2.26834733020761       -0.76785547438418        1.13508861766692
C            2.50960911521495       -2.05623233250143        1.94543516493429
O            1.64715050399916       -2.18655871419013        3.03482141605706
C            1.08193927889050       -0.92398963717350        0.14329198739350
O            0.00062983331484       -1.24513107023511        1.02272792269742
C           -1.35442082511228       -0.98275959279304        0.80769968284918
O           -1.57553519113003        0.41174595178726        0.83907789621381
C           -2.65656079795637        0.89371980782681        0.06664211858362
C           -2.94615443770780        2.30915041036595        0.59424448324519
O           -3.92432730075858        2.98254259896910       -0.16027684098708
C           -3.87950496748460       -0.02441140556675        0.21247911053563
O           -4.98335051232258        0.44161328813264       -0.52037492100368
C           -3.56503799819673       -1.45134631824318       -0.28442080152017
O           -4.17675013343059       -2.41478273897164        0.53568707429873
C           -2.05244917704345       -1.77188344904267       -0.31480067361813
O           -1.50948905485664       -1.64671695044880       -1.59341668958058
C            0.98101629473405        0.42945748512927       -0.59745449295134
O            0.11231493687248        0.45210523008157       -1.71899070388118
C            2.34222724950146        0.93757455804266       -1.11609898464794
O            2.21981131534626        2.28269514743230       -1.48926553499060
H            5.93276288578790        0.19605590458416        0.66128047866431
H            5.67600539439179        1.95907119861373        0.79018243368211
H            6.64163916001055        1.29341392882150       -0.55728123994960
H            3.32320611539768        1.58281997514251        0.70423507217299
H            2.00031391630688        0.03753948978962        1.83709530413741
H            3.52339428692444       -2.01403029932688        2.35019098642529
H            2.43874302476513       -2.92132062705448        1.27181135748709
H            0.74410437339655       -2.09744479287959        2.70215757338936
H            1.25241346778647       -1.74329106736169       -0.56703070923976
H           -1.79412308425667       -1.39971698026686        1.73624042064022
H           -2.38425139775427        0.96138884230244       -1.00139464321232
H           -2.00400537050954        2.86796815900512        0.62266963190351
H           -3.33675908295657        2.24284120460696        1.61182912094464
H           -3.57983065797118        3.15978541051628       -1.04346429596716
H           -4.12264596992593       -0.08216400418744        1.28822761853963
H           -5.09078444111261        1.39011700451823       -0.34322754274201
H           -3.93653064858551       -1.52873565195140       -1.31763209394645
H           -5.13037495902344       -2.27221388514381        0.50954699391803
H           -1.95670133162761       -2.83299991057239       -0.05577654131918
H           -1.27868090138924       -0.71683846348196       -1.74695011479797
H            0.56612821023193        1.16523630062374        0.09986457662490
H            0.50100620830619       -0.10352228510841       -2.41050169106708
H            2.64601516884347        0.32028414150762       -1.98032138528245
H            1.43341841012217        2.36869677533834       -2.04552779364081
48
 energy: -84.797158364267 xtb: 6.7.1 (edcfbbe)
C            5.84628852988572        1.01589690243465        0.06622809748794
O            4.70159714053741        0.97432672105813       -0.76653151978546
C            3.51853756779998        0.79048765142839       -0.08582332074611
O            3.48155478682530       -0.52257030587108        0.42998643462494
C            2.29806459659579       -0.80350010775974        1.12545007309175
C            2.50837310932108       -2.14541741822863        1.85163713955610
O            1.66744130151367       -2.30925557405941        2.95343133252234
C            1.06176268498644       -0.84714238693393        0.18815279371690
O           -0.00280881786768       -1.08426623371120        1.11302110404203
C           -1.35738604287459       -0.86338458635830        0.85717843345420
O           -1.58852215794572        0.52461836802726        0.73857221159423
C           -2.72958855981016        0.91461097561727       -0.00021766879000
C           -3.06920189104068        2.33623498419130        0.47953700176384
O           -4.10596573908627        2.93022322245269       -0.26388696140881
C           -3.89713198774401       -0.05542382977716        0.23133931275482
O           -5.05295295819335        0.32885396461013       -0.46798187249797
C           -3.52694910030798       -1.47744063345409       -0.23784675504143
O           -4.12315539279604       -2.44771368761329        0.58438612549141
C           -2.00295337114476       -1.73694282507032       -0.23037737164561
O           -1.44153252611802       -1.61506185944283       -1.50324273628394
C            1.00498051261997        0.51553519928779       -0.54140227233622
O            0.11413742555812        0.56561210338232       -1.64605840710251
C            2.37156954808249        0.98347761806957       -1.07885496546098
O            2.29827744972754        2.34253222885219       -1.41190910074681
H            5.96563669507726        0.07659394356549        0.61093402365385
H            5.77574158529365        1.84514123048198        0.77845718918682
H            6.69141324364444        1.17156284657701       -0.59955387764357
H            3.41104644246927        1.51843431782263        0.74601450599812
H            2.10324351279219       -0.02563571026093        1.88097152399760
H            3.53265967485585       -2.16763740298998        2.23093543218187
H            2.38751139058695       -2.96494527671534        1.12927080474876
H            0.76301002027415       -2.13658495907088        2.65926500512563
H            1.13628028655371       -1.66888921369485       -0.53634144171385
H           -1.81438563733487       -1.20529867933942        1.80642379988472
H           -2.50591011661757        0.94873600168836       -1.08136763176691
H           -2.15387295490604        2.93787612256613        0.44692596175189
H           -3.41800216057223        2.29669428789754        1.51377913616987
H           -3.80271891165505        3.08247790707983       -1.16657604252062
H           -4.09494425106949       -0.09012853234650        1.31713642053130
H           -5.19730799811066        1.27816582784433       -0.32478261705924
H           -3.87323934924309       -1.58291535643095       -1.27732949069320
H           -5.07951651435245       -2.32838299711094        0.54327530022760
H           -1.86508083273060       -2.78282402468684        0.06833814745128
H           -1.19461167548616       -0.68554339530359       -1.64179502016324
H            0.62441698455323        1.25863940366195        0.16761114897080
H            0.50355039649215        0.05060532881936       -2.36813177773687
H            2.63161707393898        0.37895137678796       -1.96647307213400
H            1.49902189766196        2.48061312839878       -1.93828739605795
48
 energy: -84.799402616137 xtb: 6.7.1 (edcfbbe)
C            5.91260689441105        0.87834154650076        0.05764584284204
O            4.76005445578374        0.91755984007264       -0.76429070223856
C            3.57621760133818        0.75805884738647       -0.07869432236359
O            3.48923081195723       -0.57175957284602        0.38728950553700
C            2.31436961159011       -0.82094111501964        1.10864522023280
C            2.46535176855179       -2.20493075565496        1.76526996358222
O            1.63472988178915       -2.37619985449073        2.87424740437712
C            1.05169844005389       -0.75026845460354        0.21321742641409
O           -0.00112015855124       -0.90870821116380        1.16726538511276
C           -1.35396469787347       -0.74257135055049        0.87294728433783
O           -1.60618971114393        0.62284228248246        0.61360225947402
C           -2.81369667118131        0.92509345696796       -0.06084482684829
C           -3.20968461676503        2.33947170221050        0.39803800753825
O           -4.31309891317714        2.85305329199016       -0.30902990419635
C           -3.91447270077822       -0.09829680082103        0.25398153250673
O           -5.11328144115346        0.19691562343492       -0.41530421640623
C           -3.48229103930841       -1.51536319547392       -0.17583544156847
O           -4.01247033597638       -2.48549082909490        0.69011599340352
C           -1.94671027906893       -1.68729993514925       -0.18197561199383
O           -1.40647558470543       -1.52982575594312       -1.46168114011933
C            1.04815368551641        0.61295764186240       -0.51610030578686
O            0.15417718905949        0.67892220065848       -1.61689839683611
C            2.42951436559704        1.03698175164719       -1.05242348061712
O            2.41763102748100        2.40802889529319       -1.34148006347056
H            5.99709354739890       -0.08599403170341        0.56381516516446
H            5.88314259074451        1.68081353114286        0.80268809033984
H            6.75788989146544        1.02491355205247       -0.60999700671841
H            3.50744450307773        1.45698937037681        0.78151926676920
H            2.18804052892538       -0.06945880733545        1.90488629885386
H            3.49314760777536       -2.30131295959340        2.12283015765608
H            2.28743054378910       -2.98145786760959        1.00760033035474
H            0.73965293967827       -2.11969657526720        2.61402635466495
H            1.04246652678622       -1.57060556169198       -0.51743675078755
H           -1.82839184598770       -1.02055688055489        1.83285337179056
H           -2.65339414362457        0.94008115756207       -1.15384428451449
H           -2.33213242453201        2.98871272538548        0.30359956079338
H           -3.50620076522488        2.31173163069317        1.44890957056473
H           -4.06069480041656        2.99916686183061       -1.22828507639251
H           -4.07436648905493       -0.10142619845220        1.34645018058353
H           -5.30667595050520        1.14088481218488       -0.29548182984702
H           -3.83848203564985       -1.67404344979092       -1.20486205011764
H           -4.97427538109589       -2.41617886072157        0.66378013719798
H           -1.74108246005748       -2.71838416003572        0.12844396939630
H           -1.16418585169400       -0.59508169053821       -1.57751396153090
H            0.68976095849513        1.36905139765870        0.19077593264640
H            0.52999880983403        0.15681763473056       -2.34083586733730
H            2.65475829849276        0.45028352402754       -1.96125155368649
H            1.62877072914735        2.59817626663501       -1.86689027977080
48
 energy: -84.800634871214 xtb: 6.7.1 (edcfbbe)
C            5.96557306840607        0.75472532510614        0.05966478208224
O            4.81411644492007        0.86275695316285       -0.75744111371360
C            3.62611384297966        0.72763785907055       -0.07367534805227
O            3.48739052034313       -0.61369351470024        0.34642187227247
C            2.31907485906131       -0.83246806075774        1.08812151690243
C            2.40186647481469       -2.25018385250602        1.67888567236657
O            1.57368920238610       -2.42435857276536        2.78997176732788
C            1.04368474902426       -0.64910529367309        0.23154589553220
O            0.00330428163566       -0.73212501957050        1.20867956351563
C           -1.34831810604855       -0.63035842002956        0.88810285578799
O           -1.62734277362720        0.69868858756978        0.49722409082374
C           -2.88749149475944        0.92671712803274       -0.10991611080909
C           -3.33490204273831        2.32873404908669        0.34171835699629
O           -4.49252995974531        2.77126875690828       -0.32623907061455
C           -3.92397184133275       -0.14048433414859        0.27187240781747
O           -5.15050784862251        0.07183268986498       -0.37818030271753
C           -3.43130579399994       -1.55002294622820       -0.11622863551432
O           -3.90589153353423       -2.51341124497891        0.78803325586954
C           -1.88975759560854       -1.64291903385466       -0.13002377065621
O           -1.36899295859481       -1.46208413186641       -1.41625831365000
C            1.09230333098608        0.70660322347320       -0.50756917066952
O            0.20337965646471        0.77562694376209       -1.61121584439845
C            2.49017680207672        1.08781661844826       -1.03431644852360
O            2.54089651206836        2.46642946742221       -1.28054911616775
H            6.01378177856426       -0.22676504799098        0.53691684444631
H            5.96837597291778        1.53532254360844        0.82823476492154
H            6.81491850059238        0.88833937881716       -0.60553869798067
H            3.58771251135875        1.39792464899926        0.81070220781729
H            2.25618321530227       -0.11177263619411        1.92028158496598
H            3.42634619474924       -2.41995532784199        2.01814896668076
H            2.17238898454250       -2.98154071024884        0.89038683415097
H            0.69810475565457       -2.08280016745172        2.56273990384336
H            0.95716820110431       -1.46574548944712       -0.49873895571211
H           -1.83520031881666       -0.84805146746695        1.85529632659714
H           -2.78366410956314        0.92734633134712       -1.20977276518665
H           -2.49633802273953        3.01886200987319        0.19763102296949
H           -3.58532141997264        2.30731118024298        1.40477014959634
H           -4.28373745572075        2.92321009833805       -1.25544556950241
H           -4.06164143777907       -0.11148506087871        1.36683607274661
H           -5.39292277971222        1.00645628101763       -0.27457038295223
H           -3.78824693417029       -1.75986463090648       -1.13560672601296
H           -4.87010625745782       -2.49128912193962        0.76973410243679
H           -1.62411706086699       -2.65529346002347        0.19481860260280
H           -1.15008627370199       -0.52015731369333       -1.52566516965922
H            0.74822098521437        1.47948008346630        0.18818504991027
H            0.56349341429765        0.22768399573217       -2.32355896853408
H            2.68895752622212        0.52047730235348       -1.96116754509300
H            1.77516714506453        2.70468007352771       -1.81975930616458
48
 energy: -84.800759705253 xtb: 6.7.1 (edcfbbe)
C            6.01307358796728        0.62916287539056        0.07046729524827
O            4.86993801646778        0.80255838726166       -0.74692218218502
C            3.67480418140592        0.69807060380986       -0.07004155605750
O            3.47903099612501       -0.64881722966147        0.30974809482639
C            2.31347524329220       -0.83461888983437        1.06530360938086
C            2.31804011341180       -2.27809202667165        1.59278433560663
O            1.48388376485868       -2.45075854301285        2.70049867283924
C            1.03991670150412       -0.53867608817928        0.24173949655777
O            0.00872896626459       -0.55299973252739        1.23271974146167
C           -1.34089566700479       -0.52336720937314        0.89659869312223
O           -1.65436279997899        0.75774898494268        0.38521209953088
C           -2.95793524345142        0.91971251602592       -0.15052434516193
C           -3.45310114266740        2.30574481183503        0.30252344215166
O           -4.65928216886757        2.67961701042714       -0.32082627688565
C           -3.92909592541837       -0.18641143777425        0.28982960558874
O           -5.17585848556172       -0.05494277371907       -0.34288924845909
C           -3.37529325977446       -1.58390074119250       -0.05794635163556
O           -3.79634720618495       -2.53737991383391        0.88223973268676
C           -1.83168807388477       -1.60030113477440       -0.08098135319280
O           -1.33255133887600       -1.40333544976539       -1.37514217226009
C            1.14331848401387        0.80574384170038       -0.50859913995152
O            0.26123842875510        0.87735133485285       -1.61606053592155
C            2.55913190298218        1.13759549405167       -1.02265850389224
O            2.67794636408467        2.51858181708769       -1.23020396567891
H            6.02070181028988       -0.36465328464681        0.52421058112909
H            6.04405745569217        1.39048127657954        0.85762782028961
H            6.86966699388104        0.74473743810606       -0.58880051874266
H            3.66235484034217        1.34219853175883        0.83414621916506
H            2.30878269636756       -0.14858814048191        1.92918344270155
H            3.33202581245907       -2.52183191039623        1.91814420688248
H            2.04330493597971       -2.96117904776502        0.77571286583375
H            0.63726241045438       -2.02692932261680        2.50395450842333
H            0.88531831101761       -1.34610838671803       -0.48774128081183
H           -1.83666634503481       -0.68580447930251        1.86789854248212
H           -2.90819096606191        0.90834552196498       -1.25387038267010
H           -2.65671610518282        3.03352542194943        0.11248222930375
H           -3.65690428389440        2.28902360734284        1.37565475665354
H           -4.49525000320185        2.83873194234834       -1.25778184989375
H           -4.05123335243397       -0.12688560062893        1.38522800106179
H           -5.46785381923677        0.86656910681208       -0.24913655792678
H           -3.72946115186401       -1.84359962227624       -1.06664202316449
H           -4.76059903075117       -2.56263914752864        0.87146791595392
H           -1.50907293275376       -2.59065710347148        0.25822334452048
H           -1.15497752699527       -0.45281680736371       -1.48783265333281
H            0.81527242672034        1.59771338172690        0.17318931642990
H            0.59612503818575        0.29013962663922       -2.30862352572552
H            2.73467063304338        0.58752903879056       -1.96409859772425
H            1.94126161021672        2.80440812043314       -1.78597841882547
48
 energy: -84.799743423484 xtb: 6.7.1 (edcfbbe)
C            6.05853735871177        0.48450319695997        0.08147876678876
O            4.92967284278380        0.72788041247875       -0.73762059721886
C            3.72708320567790        0.66611267848589       -0.06870852322975
O            3.46391729736815       -0.67928105152745        0.27671956650974
C            2.29748340100976       -0.82297212995092        1.04094868075638
C            2.21231193753136       -2.28204819447157        1.51243915096445
O            1.37053158154118       -2.44118613164084        2.61735854782633
C            1.04087007981780       -0.41452550724435        0.24258604664503
O            0.01207844374672       -0.36958339899130        1.23637291758549
C           -1.33311907155517       -0.41910139041898        0.89304402502710
O           -1.68963135787067        0.80275597162229        0.27150400355315
C           -3.02926027607773        0.90240278120741       -0.18760168322099
C           -3.56963425178305        2.26863694349492        0.27576285741135
O           -4.82190306691929        2.57237357142001       -0.29310265152764
C           -3.93083333871854       -0.24049662969087        0.30650921029338
O           -5.19249149076433       -0.19138659793293       -0.30824137648256
C           -3.31270369691526       -1.62015855405707       -0.00351307132778
O           -3.67998886137309       -2.56158861002745        0.97025175094906
C           -1.77074418071306       -1.56064902777140       -0.03781310966628
O           -1.29375702937656       -1.35963351326617       -1.34164303323848
C            1.20668019489130        0.92065126855427       -0.50828222921506
O            0.32727049668771        1.01490899924174       -1.61400268726033
C            2.63990098881231        1.18759637144280       -1.01404743259163
O            2.83688316074222        2.56435193910966       -1.18897781882877
H            6.01754870891066       -0.51783739675427        0.51433397359764
H            6.12009628138474        1.22700265213951        0.88473865642269
H            6.92364477257930        0.57386185775412       -0.57070574231825
H            3.74227072803082        1.28655527637799        0.85179498242132
H            2.34731239495559       -0.17226404699881        1.93101493420995
H            3.20915309365461       -2.60315753669315        1.82347353577623
H            1.89140480434429       -2.91556514362715        0.67232941521091
H            0.56092312203226       -1.93950056458950        2.45043346242218
H            0.82891808194994       -1.20348867172609       -0.49232436348149
H           -1.83594372235852       -0.53112194563733        1.86578391534630
H           -3.03389416836813        0.88122783871513       -1.29160686237896
H           -2.82092156465569        3.03236617694859        0.03938101436259
H           -3.72118682293241        2.25606998808464        1.35762770531256
H           -4.70815374467709        2.74279935408203       -1.23546714101638
H           -4.04120403643967       -0.15252193566447        1.40106205154824
H           -5.53734103744868        0.71188852197072       -0.21634907979762
H           -3.66110434003126       -1.92871690953807       -1.00034857003543
H           -4.64183024728760       -2.63479698613707        0.96881178162285
H           -1.39241604082013       -2.52379479533619        0.31947907233522
H           -1.18753719763474       -0.40108610111056       -1.47184973329377
H            0.90963006409843        1.72991276275385        0.16723484332984
H            0.61523514880450        0.38136620146998       -2.28591973974650
H            2.78747616660482        0.65088084041392       -1.96744778955279
H            2.12876008552686        2.90035382650599       -1.75341450496027
48
 energy: -84.797805431798 xtb: 6.7.1 (edcfbbe)
C            6.11107192864224        0.26089715503377        0.05148964688887
O            4.99831684959870        0.60179021895598       -0.75437110841799
C            3.79948202437157        0.62205339186374       -0.07677438838205
O            3.44037648013982       -0.70472375111998        0.25760212781814
C            2.26941302232720       -0.77379106232781        1.02634118596406
C            2.07370515814879       -2.23008066516886        1.47121041070312
O            1.24501237208935       -2.34039869119346        2.59281634672924
C            1.04810170152172       -0.25379728552316        0.23869172577470
O            0.00441138451914       -0.17017862861179        1.21593421490155
C           -1.33022426117213       -0.31227473086590        0.86494212428547
O           -1.74309946273265        0.83347967875670        0.13885378563150
C           -3.11348533358560        0.86798245575288       -0.23193553609782
C           -3.70211897638336        2.20481228703510        0.26012617402129
O           -5.00410735041090        2.42729439822507       -0.23016672612424
C           -3.93232836942979       -0.31758406984148        0.30792370727670
O           -5.20264868721449       -0.36020849366298       -0.28964314979163
C           -3.23892411236226       -1.66855421323391        0.03083186672563
O           -3.55970276315999       -2.60374020248575        1.02631798675304
C           -1.70212531946415       -1.52778653623634       -0.00287729341326
O           -1.23567307018535       -1.34959106075563       -1.31584281950261
C            1.30619390079855        1.08780180156252       -0.46728761856803
O            0.41017227839888        1.29846735391227       -1.53940699611977
C            2.74499935076335        1.23326365680184       -1.00533896028063
O            3.05007166087719        2.58894681876088       -1.18864871399961
H            6.00301241111610       -0.74674873601634        0.45990688659688
H            6.22733040974703        0.97684748476862        0.87265946451939
H            6.97755583386832        0.30697909217751       -0.60342966527204
H            3.86814103966022        1.22869730628604        0.85076448341983
H            2.37458037364245       -0.14655929905103        1.92883711114195
H            3.04662287730895       -2.63855177544304        1.75383586951905
H            1.68325988335609       -2.81847079226591        0.62786325794090
H            0.47625900635247       -1.77134271247223        2.45285929880631
H            0.79937309451816       -1.00316537155722       -0.52409621581003
H           -1.84197446952457       -0.37682864719136        1.83594966503578
H           -3.17757898703899        0.84484372857654       -1.33368816631563
H           -3.01665274084072        3.00947229729788       -0.02614376714628
H           -3.78419165735954        2.19131702585324        1.34949302864003
H           -4.95812541078568        2.62418413443602       -1.17301735711942
H           -4.03626772357111       -0.20660645295805        1.40064068434153
H           -5.61175328473193        0.51413929990184       -0.18362954059809
H           -3.56834843602990       -2.01963297655718       -0.95869757895244
H           -4.51630167026727       -2.72852094985942        1.02445483469345
H           -1.26887888269262       -2.45205812916050        0.38937033963916
H           -1.26451955111124       -0.39597265702234       -1.49913080849978
H            1.10495288315099        1.89739790652582        0.24213252961630
H            0.58001447087252        0.62574344566365       -2.21299764542838
H            2.82642888806321        0.68557987962010       -1.96038802852795
H            2.34016613534066        2.98517372318487       -1.71084954752550
48
 energy: -84.803973843507 xtb: 6.7.1 (edcfbbe)
C            5.99527812556030       -0.30925376923549       -0.61725214072803
O            4.83259822140482        0.32389532803286       -1.11740158394410
C            3.84684973859729        0.52182121201790       -0.17512994838020
O            3.33571973967115       -0.74094522740148        0.21066763275607
C            2.25958814350681       -0.66976300354001        1.10862095044535
C            1.93516812923836       -2.09769503919180        1.56971639274128
O            1.20880543223262       -2.11989692013553        2.76688986767029
C            1.05845074637333        0.00675368102247        0.41961683358581
O           -0.03389974439220        0.02357730765488        1.35553107595452
C           -1.32922543660242       -0.22666277025756        0.93927536074701
O           -1.78631302952852        0.87193944250276        0.15138680268184
C           -3.09368886875792        0.76095844373985       -0.39599196005205
C           -3.81259767806347        2.09992918685489       -0.13386374784933
O           -5.05666978359568        2.17569209525300       -0.78579816321149
C           -3.90033220600246       -0.41362539984563        0.18252730120274
O           -5.09776689682259       -0.59337595622424       -0.52620007075626
C           -3.11794676570710       -1.74391436206407        0.11071924361626
O           -3.45869783344842       -2.57480749355630        1.18757256607626
C           -1.59037820862140       -1.52661561462551        0.15841410006611
O           -1.02426600663552       -1.51819550014054       -1.12400211292047
C            1.47014329671010        1.42819309625839        0.01457389580252
O            0.51200652507792        2.08083921788770       -0.78498722995408
C            2.76518437943256        1.40147652443593       -0.81419665840312
O            3.28142651302980        2.69810391035552       -0.93482112312994
H            5.76403710037366       -1.30875466954011       -0.24169005216756
H            6.44614433563087        0.28627281461072        0.18427480125734
H            6.68134403983379       -0.37625420440147       -1.45810025196957
H            4.24464963622143        1.04219768041081        0.72263989707804
H            2.53854453487509       -0.07155949225766        1.99316820622208
H            2.87393251517829       -2.62190371446112        1.76074264343269
H            1.40128711254724       -2.62295088004887        0.76539660718106
H            0.48189565763751       -1.48854908972789        2.68486837153324
H            0.80380398794871       -0.57165402644042       -0.47170122012608
H           -1.89433716941184       -0.27273917432282        1.88295360334626
H           -3.01727544601342        0.61421904268311       -1.48809065302668
H           -3.14754011959002        2.91792402877206       -0.43278645974824
H           -4.02018442567000        2.19712627493762        0.93453201408170
H           -4.91762095766636        2.28441565497077       -1.73390690192464
H           -4.11360442430299       -0.20087392272926        1.24383544496335
H           -5.56721437548721        0.25639060185844       -0.55198969487142
H           -3.36238278973671       -2.22471411129673       -0.84868210670434
H           -4.39940301996397       -2.78036235259599        1.12880038056366
H           -1.15041912005291       -2.37584842032433        0.68846063242907
H           -1.24833054321686       -0.69234706199290       -1.57150706918901
H            1.64727811229994        2.00994063207953        0.93505367052632
H           -0.36144458320202        1.91644265648514       -0.39649039498617
H            2.53703466056981        0.97785935377185       -1.80347364197341
H            2.58036365963273        3.24729073120851       -1.30868792758859
48
 energy: -84.803378470592 xtb: 6.7.1 (edcfbbe)
C            5.99718402913446       -0.33205962270111       -0.59226954502023
O            4.86339091213644        0.35353133893760       -1.08973429947391
C            3.85738534957686        0.52286779377852       -0.16437775240201
O            3.29232806114506       -0.74427344831417        0.12105010336432
C            2.22029040423698       -0.69747978019349        1.02637105247108
C            1.82555826955364       -2.13784945531267        1.37317316698711
O            1.08962493332534       -2.21108053154079        2.56495296199938
C            1.05707663530253        0.09390236224986        0.40015233751565
O           -0.03452635931914        0.15357513392732        1.33480123850523
C           -1.31949273427405       -0.16901524329014        0.93670478148685
O           -1.78125962580163        0.85874683968242        0.06017549441325
C           -3.10194005185556        0.71532973814717       -0.44327162948663
C           -3.82386225187016        2.06200757838136       -0.23187514871988
O           -5.09273313133711        2.09069252335257       -0.83882119340796
C           -3.88729225520169       -0.43036725036086        0.21759437056800
O           -5.09189277798344       -0.66568714064102       -0.46282575564884
C           -3.09406343801812       -1.75591339395441        0.22002955177671
O           -3.43651105469193       -2.52955363425234        1.33813274032289
C           -1.56695564743512       -1.52982430444324        0.26258563072768
O           -0.99001383196511       -1.62161293775291       -1.01151912214453
C            1.52964347028719        1.51335801840536        0.06864450077628
O            0.57903674960175        2.23500899050529       -0.67950509434843
C            2.82034490937961        1.48074060979431       -0.76554814094765
O            3.39174806522492        2.75844916856835       -0.81730103144999
H            5.73305153328092       -1.34322040056031       -0.27377847688988
H            6.43919113694112        0.21173256798922        0.25010369640884
H            6.70491094723230       -0.37364318303804       -1.41656787795589
H            4.24610725944023        0.96689780050067        0.77743033697583
H            2.52984817927610       -0.18593760318486        1.95494880296121
H            2.73535557363632       -2.72188424503548        1.52729160879797
H            1.27208160349397       -2.57334353890969        0.53001496929717
H            0.43065914605667       -1.50497362256291        2.55423175988333
H            0.75767079601090       -0.41193917374813       -0.52082880745881
H           -1.88834544715139       -0.14574651086612        1.87936837259828
H           -3.05123889196943        0.51142426756669       -1.52749818877427
H           -3.17862605868492        2.86660249121585       -0.60169206746798
H           -3.99171448576165        2.21814621997402        0.83657005614144
H           -4.99065418439092        2.15552795238342       -1.79548079523163
H           -4.09094431755325       -0.15459437294178        1.26601538450079
H           -5.57740347465858        0.17356055303106       -0.51809561389030
H           -3.33239233334118       -2.28997968074139       -0.71266201323526
H           -4.37670249067202       -2.73979816224334        1.28765920290405
H           -1.13185195423251       -2.33380169041124        0.86178589753041
H           -1.27101130933816       -0.86793228088067       -1.54613829277271
H            1.73375648774319        2.03857057051819        1.01711605387240
H           -0.30053686026501        2.01574909957949       -0.33593587987624
H            2.57909060807467        1.11822183017459       -1.77561398915537
H            2.71662481752620        3.35686450295839       -1.16207617795885
