48
 energy: -84.809748001178 xtb: 6.7.1 (edcfbbe)
C            5.49190400000000        1.18105300000000        0.65040200000000
O            4.89824800000000       -0.06173000000000        0.32983600000000
C            3.65466300000000        0.03389600000000       -0.25284000000000
O            2.74296100000000        0.46547000000000        0.74171800000000
C            1.37488900000000        0.58448500000000        0.40558300000000
C            0.73602300000000        1.02973700000000        1.74002800000000
O           -0.08310700000000        2.17242400000000        1.64772300000000
C            0.83025300000000       -0.74399900000000       -0.16089900000000
O           -0.40472000000000       -0.64148400000000       -0.86610900000000
C           -1.50209600000000       -1.37005600000000       -0.37641800000000
O           -1.78719200000000       -1.14194100000000        0.96771000000000
C           -2.35765100000000        0.14853700000000        1.19398400000000
C           -2.62380500000000        0.31678000000000        2.69465200000000
O           -2.74199300000000        1.67841200000000        3.02749800000000
C           -3.63155200000000        0.38453800000000        0.37290200000000
O           -4.14120700000000        1.68072400000000        0.57085100000000
C           -3.28211700000000        0.23442800000000       -1.11194200000000
O           -4.41241600000000        0.36631100000000       -1.93858400000000
C           -2.69587100000000       -1.15976200000000       -1.31560700000000
O           -2.27624600000000       -1.38716300000000       -2.63068800000000
C            1.79838200000000       -1.25065600000000       -1.25560800000000
O            1.41112700000000       -2.51792300000000       -1.72472400000000
C            3.24998700000000       -1.33981500000000       -0.78879000000000
O            4.08569300000000       -1.67199700000000       -1.86041000000000
H            4.89912700000000        1.72014800000000        1.39414600000000
H            5.60254800000000        1.80153100000000       -0.24621400000000
H            6.47195400000000        0.94632600000000        1.05818600000000
H            3.65833300000000        0.76109400000000       -1.09271400000000
H            1.23375600000000        1.36166800000000       -0.36547600000000
H            1.56365500000000        1.20682100000000        2.43697700000000
H            0.11560800000000        0.22941000000000        2.14178100000000
H            0.45431300000000        2.91897700000000        1.35879900000000
H            0.75282600000000       -1.48712100000000        0.64044900000000
H           -1.24409600000000       -2.44685100000000       -0.39516200000000
H           -1.64540400000000        0.92090500000000        0.87494500000000
H           -1.81915900000000       -0.16739700000000        3.26062200000000
H           -3.56829200000000       -0.15676000000000        2.97342800000000
H           -1.90921400000000        2.11476700000000        2.79009200000000
H           -4.39332600000000       -0.36888400000000        0.63813400000000
H           -3.98769300000000        1.93421300000000        1.49564500000000
H           -2.52745000000000        0.99070000000000       -1.37946400000000
H           -4.90408000000000        1.13327800000000       -1.61962000000000
H           -3.46967400000000       -1.89391300000000       -1.03204700000000
H           -2.95415900000000       -1.00836700000000       -3.20597200000000
H            1.75159000000000       -0.52197600000000       -2.08235100000000
H            0.52056500000000       -2.43214800000000       -2.08969100000000
H            3.34021700000000       -2.07147200000000        0.02656600000000
H            3.72389500000000       -2.47522000000000       -2.25784600000000
48
 energy: -84.810319818938 xtb: 6.7.1 (edcfbbe)
C            5.44070167672207        1.24971614389151        0.64394911912621
O            4.88668635812979        0.01029044994591        0.24954486020943
C            3.62344236263733        0.09372328931703       -0.29265774334402
O            2.72508256458218        0.41505557552100        0.75383575784990
C            1.33978727852260        0.47956311819219        0.47424928469183
C            0.72300501243194        0.78782775926083        1.85614952673858
O            0.05839877508273        2.02988205479746        1.92169099606256
C            0.84500799871496       -0.83506503446776       -0.16440252485640
O           -0.41015427202628       -0.77445777482945       -0.83489266303172
C           -1.52393506265928       -1.41812057217171       -0.27407345586724
O           -1.80067466082963       -1.07491862256622        1.04705768809045
C           -2.35482676886436        0.23558878396754        1.18537301165451
C           -2.67091744289084        0.47953590600583        2.66809057419004
O           -2.74233889624769        1.85674544726397        2.93994822504238
C           -3.60105136949957        0.45705758760642        0.31973289743085
O           -4.05799030738810        1.78383649661387        0.41754140353403
C           -3.24060830881644        0.18285664038469       -1.14386399036571
O           -4.35602694030920        0.29492999987058       -1.99318595069402
C           -2.70979144150992       -1.24554492294218       -1.23093839671043
O           -2.29668221032163       -1.59398667041368       -2.52112102634656
C            1.79527318930573       -1.21623935186629       -1.32274988967834
O            1.45373536999618       -2.46906483988130       -1.85799085625084
C            3.26582300969027       -1.25712331689776       -0.91407046804584
O            4.07554670452620       -1.46640763092633       -2.03572866421392
H            4.85349208657161        1.70672153958835        1.44496442771619
H            5.49574700922792        1.93913352784933       -0.20611209229689
H            6.44289607753115        1.02681629861308        1.00180049589372
H            3.57322676932155        0.87672721980885       -1.07903376237373
H            1.12784229905560        1.29961132701333       -0.23317876393820
H            1.54386786624933        0.75249433010759        2.58163009891840
H           -0.00457941670943        0.02337376047085        2.12255259710423
H            0.70336718265487        2.73124840493935        1.77407643746038
H            0.83882783551041       -1.63298642790938        0.58815106177099
H           -1.29824562606464       -2.50072568415782       -0.20372760190409
H           -1.61760784330932        0.98127675406757        0.85581688894417
H           -1.91214638470641       -0.01314262385868        3.28628475688000
H           -3.64561480597097        0.05734951544770        2.92478435103835
H           -1.86411030563595        2.23179444440537        2.77144611530823
H           -4.39755179322639       -0.24388294902021        0.62447034375915
H           -3.92743598997652        2.08716555597199        1.33063426467008
H           -2.45279446274377        0.88512583600139       -1.45817201727662
H           -4.81893002253814        1.10409110092698       -1.74302990716482
H           -3.51081684598491       -1.92459101160867       -0.89187639681301
H           -2.96097969362023       -1.24120383375089       -3.12815613890766
H            1.67801961681451       -0.43945550735040       -2.09755247596300
H            0.52720093661730       -2.42109149638826       -2.13129807901311
H            3.42515685993196       -2.03980571165857       -0.15865800953976
H            3.73367302537675       -2.25172689889376       -2.48382329908381
48
 energy: -84.810696141850 xtb: 6.7.1 (edcfbbe)
C            5.31436170345849        1.42613332317297        0.56851394664547
O            4.83594952745727        0.16897528012339        0.13409780935215
C            3.54344515934064        0.18008730881069       -0.34317974205452
O            2.68013971148528        0.38281585290690        0.75987039535044
C            1.27950383966220        0.33834558742416        0.56250930084843
C            0.72670855290369        0.48488730682355        1.99566710250233
O            0.22990515091581        1.77688536947121        2.26706446607667
C            0.84453089024846       -0.96051306835879       -0.14761422555950
O           -0.42672911717183       -0.93150328574577       -0.78755809991939
C           -1.56455238031576       -1.48408004967458       -0.18261808687902
O           -1.84233292390883       -1.04213190244480        1.10859724023278
C           -2.32473636218477        0.30121493826484        1.17200010448431
C           -2.68847243683040        0.61766944504802        2.63159752764150
O           -2.67219177091635        2.00441435389176        2.85706512068361
C           -3.52270399165017        0.56085920175891        0.25108720928287
O           -3.87123384285731        1.92361955814883        0.25425662600485
C           -3.15469548162468        0.16199655985833       -1.18110346677033
O           -4.24184601244987        0.30041493331023       -2.06262458429877
C           -2.73270071397690       -1.30567005695308       -1.16132814453148
O           -2.34027223986293       -1.77161849086502       -2.42005418698584
C            1.77138829277282       -1.22163146319145       -1.35534225079233
O            1.50102944776285       -2.47457904928453       -1.92803746618362
C            3.25760985396209       -1.16638036543654       -1.00953722404696
O            4.02847121402779       -1.26680775985195       -2.17268290461979
H            4.73736972874613        1.79445240295286        1.42108922995504
H            5.27277655603039        2.16056174301583       -0.24379150303530
H            6.34785720936165        1.26434207394403        0.86509163408697
H            3.39597656466006        0.99098270856695       -1.08775715414930
H            0.95525142219349        1.18776285448284       -0.06322813372372
H            1.54717359533198        0.23620742869912        2.67834928542185
H           -0.08897314607053       -0.21447080109777        2.16573633241922
H            0.96483506149974        2.39852946840850        2.21291504767492
H            0.90214232606743       -1.80406707862356        0.55304165115585
H           -1.39122283041422       -2.56861773649722       -0.03935022234514
H           -1.53064115629120        0.99160431179614        0.85187108377044
H           -1.99554862828727        0.09503206971640        3.29890693483637
H           -3.70168014639381        0.27323400423061        2.85289212721509
H           -1.75007113231535        2.29446916723823        2.78668058132221
H           -4.38111729744708       -0.05320269209931        0.57491327421655
H           -3.76587366328553        2.26382744946416        1.15731005934422
H           -2.30887301404125        0.77876548824411       -1.52244686393583
H           -4.64300176106163        1.15933865732995       -1.88139681100334
H           -3.58137876593338       -1.89994029138652       -0.78219896472069
H           -2.97148762628688       -1.40997323368806       -3.05668052025287
H            1.56334993811631       -0.42573989417674       -2.09075439404798
H            0.55751714117165       -2.49425469271395       -2.14023874725477
H            3.50885386538978       -1.96549732108886       -0.29746803942756
H            3.72618667220202       -2.05675165332608       -2.64065132311694
48
 energy: -84.810508604100 xtb: 6.7.1 (edcfbbe)
C            5.17150476318092        1.57720217056475        0.53845085722475
O            4.76309051889830        0.31322207839150        0.05560756517917
C            3.44851454602786        0.25250788279377       -0.35111680264346
O            2.63451924075805        0.30868352428807        0.80464756023122
C            1.23058946093187        0.19923223211674        0.65666712788407
C            0.73382258772356        0.21353924414691        2.11508015698230
O            0.39483901684039        1.51085820684608        2.55102821846548
C            0.83725371156247       -1.06628558000380       -0.13273245130640
O           -0.45089576527433       -1.07267343522496       -0.73819527829852
C           -1.60343512779173       -1.54546181314464       -0.09635345511586
O           -1.88058245073230       -1.01370634200945        1.16037030917362
C           -2.27958611780761        0.35637051811723        1.14532403529031
C           -2.65829728837571        0.76728428058249        2.57881653361500
O           -2.49832836207833        2.15117888972315        2.75685860718009
C           -3.43612671163992        0.64312226737130        0.18062476989625
O           -3.67303573347877        2.02680494136295        0.08770535249387
C           -3.08475567906868        0.11886731069133       -1.21502039357956
O           -4.15528616669957        0.26461891354451       -2.11570533537066
C           -2.75966077773956       -1.36943708855363       -1.09112079731223
O           -2.39809904378703       -1.94285229413082       -2.31378548828801
C            1.73005811914457       -1.20059702168457       -1.38513840933929
O            1.51732870317445       -2.43593202449705       -2.01559892978449
C            3.22382836478665       -1.06470626210738       -1.09508388141386
O            3.94620377588129       -1.03621150470267       -2.29255268616728
H            4.62092158350409        1.85125418522918        1.44264948479100
H            5.02668897382198        2.35077491999122       -0.22425947507714
H            6.23001778883643        1.48048088413354        0.76725531773549
H            3.19633916656933        1.09743161387493       -1.02661153534429
H            0.84252659418719        1.07545628915187        0.10825456863517
H            1.53977188745756       -0.20277424198614        2.73007756902023
H           -0.15112991444649       -0.40690253961886        2.23339479879547
H            1.19548259940031        2.04773225764312        2.52943419301498
H            0.96250382172878       -1.95046404395349        0.50871287096523
H           -1.47346654353523       -2.62460524278482        0.11299468082111
H           -1.43416018546538        0.97954495173675        0.81779580599865
H           -2.04969349988141        0.19878510067386        3.28839927943075
H           -3.71020654434995        0.54188096014289        2.77176543142254
H           -1.54577987647125        2.32739860715066        2.77574017470338
H           -4.34580121604766        0.12216436763789        0.52700586887484
H           -3.56772888514368        2.41547948085572        0.96990657257038
H           -2.19811405163437        0.65278828030039       -1.59028782986619
H           -4.49182443617407        1.16304363708798       -2.01135182697799
H           -3.64342848918409       -1.88122152139178       -0.67434986963677
H           -3.00857235689930       -1.58948652252378       -2.97496735939228
H            1.44182420394881       -0.38168233836328       -2.06652374150469
H            0.56641134904848       -2.51473095165088       -2.17545836855142
H            3.55852621201331       -1.88888036435958       -0.44915838456390
H            3.68542520852996       -1.81909892360493       -2.79571436374634
48
 energy: -84.809476883488 xtb: 6.7.1 (edcfbbe)
C            5.08819829245153        1.62440184223753        0.59034740925705
O            4.70873120470443        0.38482994898495        0.02731013109245
C            3.38372470774357        0.30356708275072       -0.33979533757940
O            2.60775062630466        0.24217491066777        0.84158532370211
C            1.20344782925986        0.10418997648661        0.71789956537929
C            0.74094577556213        0.04002660345008        2.18386188771271
O            0.50721918823826        1.32712316300748        2.71040697590260
C            0.83702063466408       -1.12653796579617       -0.13552495570570
O           -0.47030330530987       -1.18382134228827       -0.69480510898381
C           -1.62522334857925       -1.58642699029728       -0.01094720414179
O           -1.89956894260277       -0.96583186155273        1.20392976821638
C           -2.24856807249497        0.41279473969332        1.11037682128140
C           -2.61652296628593        0.91259881230440        2.51997859904035
O           -2.30316937218426        2.27266160911950        2.66702459572935
C           -3.38670649425426        0.68119466723168        0.11999817598868
O           -3.56507820805456        2.06481872069924       -0.06612939392802
C           -3.05219929299861        0.05036723444026       -1.23537264768053
O           -4.11611736142138        0.17303336731695       -2.14739577472255
C           -2.77921813086777       -1.43870639114813       -1.01557394009669
O           -2.44251575866897       -2.09791903351667       -2.20114837348911
C            1.68497609471776       -1.14454785780081       -1.42407100310300
O            1.50414860671861       -2.34857828069040       -2.12054468615139
C            3.18187870331761       -0.96210321292306       -1.17441067762737
O            3.85777348435473       -0.81302361333457       -2.38994773477498
H            4.56367022730632        1.80777354670273        1.53224162656105
H            4.88512916803411        2.44665980361205       -0.10517853501198
H            6.15764597143253        1.55337557555116        0.77297023323758
H            3.07717677758404        1.18623746092232       -0.94076484331550
H            0.78828986291755        1.00011100857293        0.22305071440566
H            1.52990936288510       -0.47140710890907        2.74740228621627
H           -0.18508310335729       -0.52042048643069        2.28468483804869
H            1.34360918066206        1.80703708162643        2.69103772368818
H            1.03777283413975       -2.03676145500197        0.45067329209688
H           -1.52117549244033       -2.65170891160993        0.26855091197123
H           -1.37880534205858        0.98663536632246        0.75756526207843
H           -2.09548895099537        0.29797750089005        3.25997612831072
H           -3.69213955726773        0.81419452625782        2.68876180196511
H           -1.33940424400575        2.33551354415725        2.74806750744864
H           -4.31893310519757        0.22268734053508        0.49333591632222
H           -3.44695992820284        2.50833713524366        0.78636939823564
H           -2.14704204318025        0.52634750175712       -1.64294965608420
H           -4.41595742997676        1.08953378554065       -2.11118621867832
H           -3.67851994814866       -1.89178628565655       -0.56582522834249
H           -3.04674926780139       -1.76863416242181       -2.88038850701006
H            1.33862228843996       -0.30015129592221       -2.04491124770381
H            0.55083986455451       -2.47808593317497       -2.22391759608895
H            3.57323828285372       -1.81717346410655       -0.60505726955412
H            3.61972766912169       -1.57258026934353       -2.93807990226362
48
 energy: -84.808246023016 xtb: 6.7.1 (edcfbbe)
C            5.03045221980611        1.67117041120973        0.65867172034728
O            4.65583307159348        0.45989290695491        0.03453587224477
C            3.32267275338511        0.37016052583381       -0.29852799723996
O            2.58430776931082        0.19604514738947        0.89588826032936
C            1.17960466617619        0.02949137162453        0.79746393211812
C            0.77199522617776       -0.16231042243309        2.26677897689988
O            0.77399785884424        1.06614862036476        2.95522727893624
C            0.82860977324034       -1.14997995307211       -0.12847528652428
O           -0.48965470969126       -1.25445504927798       -0.65518131525057
C           -1.64156539677505       -1.58175990573348        0.07049550038098
O           -1.90280908901896       -0.84414388973942        1.22037999197020
C           -2.23759129808303        0.52704320761815        1.00921480347032
C           -2.54217025917117        1.14974201274022        2.39072693229401
O           -1.80290535156838        2.31321605734868        2.62636827615020
C           -3.40237632216140        0.69289860358335        0.02606135315772
O           -3.60327521533989        2.04684445006981       -0.30374110568028
C           -3.08937038907767       -0.05960290470104       -1.27209691813973
O           -4.16949822834891       -0.02091644875110       -2.17180603894936
C           -2.80470168385790       -1.52336656236628       -0.93253037649607
O           -2.47542691669052       -2.27401712625126       -2.06429793619695
C            1.63199884469047       -1.04760498226429       -1.44096443958854
O            1.46912193578234       -2.20500469669163       -2.21562032788034
C            3.12975901416488       -0.83400944180112       -1.22173792580566
O            3.76249992827958       -0.57269138001096       -2.44142573018088
H            4.55065702599202        1.77938891992235        1.63553069718309
H            4.77153241203634        2.53025513364696        0.02968264429125
H            6.10934363781155        1.61960450807374        0.78357932656936
H            2.97454323316088        1.28682840099982       -0.82038773371747
H            0.73352015509022        0.95171589786683        0.38740619925205
H            1.49301073804090       -0.85648500254366        2.71467975394653
H           -0.22900031757211       -0.57545674949541        2.35768402914238
H            1.66232225709075        1.43640965738046        2.88632197287255
H            1.09521457105162       -2.08472375605849        0.39159873633237
H           -1.54276618204749       -2.61579576396419        0.45134560325100
H           -1.37553505833516        1.05335395806746        0.57366836007151
H           -2.35149569657773        0.38486056917548        3.15175238197118
H           -3.59730940279378        1.43312592316567        2.45521892921350
H           -0.88174043639572        2.05907093145511        2.80798513822744
H           -4.32022170735855        0.26582052430899        0.46548793882312
H           -3.46815889016593        2.58855680282216        0.48345969676681
H           -2.19398562396674        0.38271894780755       -1.73586529150622
H           -4.46801913582187        0.89555645359620       -2.21818563993502
H           -3.69720040834584       -1.94214603926751       -0.43826564931436
H           -3.09758724739637       -2.01537241317212       -2.75780594818406
H            1.24015235983257       -0.17359052642021       -1.99019288254526
H            0.51945351655343       -2.38312529315300       -2.26767592618507
H            3.56381304536853       -1.71678786964317       -0.73088144116136
H            3.52994592240139       -1.29657583092483       -3.03806734188739
48
 energy: -84.807439110936 xtb: 6.7.1 (edcfbbe)
C            4.96855661870657        1.68776949772458        0.76366513455984
O            4.60879089270834        0.52757498629962        0.04093741945695
C            3.26785837151694        0.42493909439877       -0.25485152253950
O            2.57737546243664        0.11967645228443        0.94164838480709
C            1.17340814522802       -0.06598565737490        0.86739862384488
C            0.81345438463498       -0.38398013846590        2.32759754086704
O            0.91093618766764        0.77112758086089        3.12586428228950
C            0.82864537087661       -1.18191235593883       -0.13432371564940
O           -0.50131289096969       -1.31900796534131       -0.62626753480443
C           -1.64057503405653       -1.56466043114272        0.14700045370042
O           -1.86283326903123       -0.71163268008560        1.22350501546438
C           -2.18923311088101        0.63800107772945        0.89326595778619
C           -2.41783988864423        1.38399895877123        2.22737591740583
O           -1.41563638023236        2.31461288557322        2.50968234288988
C           -3.39776716688322        0.71282255197617       -0.04921836657667
O           -3.61705635045920        2.02309785538552       -0.51683264164510
C           -3.13370023542187       -0.16330777151246       -1.27986960226109
O           -4.24777337625344       -0.20778845029492       -2.13672411364794
C           -2.83171780790789       -1.59080544094733       -0.82334293032654
O           -2.53647435443617       -2.43446621078660       -1.89717302282500
C            1.58123239000993       -0.95241565721169       -1.46073547859727
O            1.43545382657961       -2.05631316748151       -2.31308873989479
C            3.07816466005622       -0.69729461052045       -1.27679301914502
O            3.65095825744490       -0.30129638099236       -2.48999083505158
H            4.51706561674487        1.69114339107673        1.75974871200591
H            4.66580021922939        2.59242760983416        0.22478381733602
H            6.05179356467864        1.65828212840582        0.85237519367341
H            2.87400134642751        1.37296888523562       -0.67895855147756
H            0.70216233882838        0.87740350295995        0.54738906219104
H            1.51263354713450       -1.15339023663270        2.67669264389561
H           -0.20711793197452       -0.74567625293986        2.42436930109372
H            1.80614290583382        1.11766834608114        3.02477188978216
H            1.15378023810577       -2.13907952641787        0.30714498467645
H           -1.54396216425698       -2.55747220420331        0.62582967255373
H           -1.34603442635153        1.10885633535800        0.36668205484959
H           -2.50899138730943        0.62809616368336        3.01599277650148
H           -3.35536456001295        1.94840860249921        2.18938162305845
H           -0.60848043265084        1.84410197843250        2.78705619486891
H           -4.29535558483523        0.33626894041043        0.46980661932675
H           -3.45516908877794        2.65187709511022        0.19622326907974
H           -2.25870897846373        0.23506667781932       -1.81703019808434
H           -4.54537444694644        0.70125306024367       -2.26427364007359
H           -3.70768269019739       -1.96523463616490       -0.26746898665820
H           -3.18754335463632       -2.24309740690670       -2.58600500203900
H            1.13936228047612       -0.05662922024957       -1.93202807713320
H            0.49649641381888       -2.28904643344364       -2.32291969825594
H            3.56323575385287       -1.60307703044692       -0.88599617908223
H            3.43439308703135       -0.98387585420531       -3.13881597869771
48
 energy: -84.807107402821 xtb: 6.7.1 (edcfbbe)
C            4.89371800312100        1.71978759799283        0.85434687170972
O            4.55659438150364        0.60588857101028        0.05200393616836
C            3.21141134216149        0.47202621475757       -0.20997699925767
O            2.57283644957501        0.04224764728582        0.97685624497997
C            1.17207195826800       -0.17288441488533        0.92289445079043
C            0.85452890035411       -0.61377729010104        2.36170032743510
O            0.96465780215763        0.47439244550407        3.24636395242091
C            0.83450872315152       -1.22145885987163       -0.14969377935642
O           -0.50749766262845       -1.38220988083781       -0.60482022077684
C           -1.62516515614729       -1.53806828775872        0.21860101955466
O           -1.79169438879444       -0.57743606696511        1.21270617809483
C           -2.11589687651869        0.73997939364710        0.77087918265302
C           -2.27073629523693        1.59253058780570        2.04755736516597
O           -1.10004057276851        2.26366203580934        2.40132965851481
C           -3.36965598084099        0.74076653085368       -0.11607549325379
O           -3.60484464099194        1.99555996557988       -0.71076175972915
C           -3.16439970601840       -0.25025706987689       -1.26883326513886
O           -4.31446497678581       -0.36139685604844       -2.07014968919116
C           -2.85304884300395       -1.63425533647992       -0.69986591703339
O           -2.60946815208287       -2.57152294289524       -1.70635781381272
C            1.53717981366541       -0.86977915110692       -1.47569846415728
O            1.40674733184040       -1.91625671667503       -2.40067959013051
C            3.02941208269696       -0.57096741423156       -1.31445645678780
O            3.54826009526045       -0.05712058861639       -2.50763010104891
H            4.47346892442771        1.62679026572289        1.85969469620168
H            4.53915903299270        2.65053260212350        0.39775722134178
H            5.97954954016999        1.72798825014583        0.91002520668342
H            2.76701004748162        1.43427273650717       -0.54215254445055
H            0.67151203134872        0.77940594318183        0.69168773265759
H            1.56714386117716       -1.40332474746936        2.62966148006991
H           -0.16242014202872       -0.98577586220328        2.45795852733944
H            1.85243178699345        0.84010974416438        3.14483731754556
H            1.20905894483150       -2.19468299778445        0.21038295659225
H           -1.52941294781722       -2.48224839511939        0.78728423118554
H           -1.29497289892549        1.15077331035820        0.16423565162657
H           -2.62036099354252        0.92854529887776        2.84727726618736
H           -3.02503881926125        2.37091624695612        1.89125512024119
H           -0.45138413706365        1.63138456940099        2.76215817649089
H           -4.24346516864641        0.42594764080271        0.47826814570403
H           -3.51058528415614        2.69344746264606       -0.05276153382826
H           -2.31117590960284        0.08981369574870       -1.87633911963574
H           -4.60370774724240        0.53518350921310       -2.27924899912313
H           -3.70906849144671       -1.94809750826734       -0.07882178197417
H           -3.28881266069705       -2.43601513961205       -2.38105961366465
H            1.05050703290262        0.03975844516603       -1.87101090039364
H            0.48282697206257       -2.20138844530903       -2.38292025098206
H            3.55913016865697       -1.48568698045583       -1.01294766880026
H            3.34359019269140       -0.69710182138696       -3.20197990673365
48
 energy: -84.807003282313 xtb: 6.7.1 (edcfbbe)
C            4.86422216887726        1.69293768701153        0.94622264477473
O            4.51856425334575        0.64632241752207        0.06096674653932
C            3.16707159626023        0.50773992373012       -0.16393072136945
O            2.57876651058732       -0.03829822112665        1.00098153162085
C            1.17920252651404       -0.26397153280521        0.96454644820125
C            0.88555049483278       -0.79491717860737        2.37759989805378
O            0.96490888268423        0.24436337293605        3.32111743722718
C            0.84015853765332       -1.24604182544830       -0.16746742101337
O           -0.51512981869432       -1.44306911877754       -0.57097877004835
C           -1.60460046945481       -1.51901192943364        0.29772453886531
O           -1.72541361156985       -0.46917297244121        1.20643571364694
C           -2.03753770171290        0.80861748050182        0.65506112994142
C           -2.13268739145504        1.76875845829470        1.85550357639602
O           -0.88594327638467        2.19805483663953        2.30908359288897
C           -3.32638366976689        0.75258519195737       -0.18067960693321
O           -3.57550114787327        1.95006389909833       -0.87888677099201
C           -3.17284844980857       -0.33801419223512       -1.24869075024002
O           -4.35038764253438       -0.49866455909028       -2.00000768431593
C           -2.86416374561867       -1.67230308554879       -0.56982252392490
O           -2.67014267290416       -2.69860575973453       -1.49666800144441
C            1.47600513826304       -0.76621515877571       -1.48530493957495
O            1.33965415002561       -1.73778184027869       -2.48828748210985
C            2.96497250374746       -0.43494378165562       -1.35282216623205
O            3.42046098420434        0.20267638981321       -2.51190617246664
H            4.47805921226343        1.50554195211637        1.95204853982165
H            4.48016769509808        2.65280731087760        0.58329563838339
H            5.95108072790488        1.71625994595273        0.96849324029182
H            2.69343507763227        1.48605094403218       -0.39281251155869
H            0.66687697244269        0.69534479663381        0.80368346581589
H            1.62231070600920       -1.57725724424451        2.59810392253477
H           -0.11946226248700       -1.20091235012069        2.45981195868314
H            1.83897317505748        0.64580075405262        3.23734284101720
H            1.27092073921538       -2.22415431442358        0.10582283076264
H           -1.50523722707437       -2.41361630407975        0.93985669628469
H           -1.23010027573309        1.14420538816006       -0.01312464012183
H           -2.70142945062396        1.26249307747145        2.64583085724197
H           -2.66666005692604        2.67797655289311        1.56165404389193
H           -0.41289677673234        1.46208882377505        2.73876035248239
H           -4.17797224406133        0.49921502053267        0.47141707534200
H           -3.62430289644472        2.68766303224630       -0.26168765580717
H           -2.33565371300984       -0.06606317891206       -1.90992110509378
H           -4.62333725912995        0.37939989381270       -2.29281805248229
H           -3.70407298037281       -1.91413218690252        0.10350526575640
H           -3.37008631858670       -2.61149253252202       -2.15810142675554
H            0.94971037274701        0.15732727812558       -1.78770335561316
H            0.43656391792461       -2.07891029705060       -2.43679889519896
H            3.53125701203061       -1.35671581949409       -1.15883571435148
H            3.21305467249501       -0.38003111104061       -3.25413257545294
48
 energy: -84.806500778592 xtb: 6.7.1 (edcfbbe)
C            4.86781433494878        1.62232913993480        1.02747787179516
O            4.49187595632375        0.66284679913550        0.05951539015943
C            3.13297317845817        0.53439701826588       -0.12182549370383
O            2.59197602299527       -0.11634908549715        1.01220455820855
C            1.19148033101718       -0.33778796528085        0.99567205810001
C            0.90969352211254       -0.92013327065919        2.38957501098351
O            0.94376278142977        0.09505287137520        3.36101253651844
C            0.84099306085605       -1.25361425097407       -0.18676817677647
O           -0.52383686335416       -1.49987292124355       -0.53244256201446
C           -1.58566885471650       -1.51278900525791        0.37082877330756
O           -1.68101408804447       -0.39598183006191        1.20060088904766
C           -1.97175498072195        0.84023283408697        0.55538703838760
C           -2.01964246015132        1.89103483350347        1.67852152621842
O           -0.76218093966186        2.16027530434833        2.21923412546034
C           -3.28173394432009        0.74753865984464       -0.24292988741810
O           -3.53188283626224        1.89503070913126       -1.02069989988328
C           -3.17221341991614       -0.42431218925914       -1.22726263214846
O           -4.37067240500793       -0.62016178965345       -1.93596552473391
C           -2.86951324078208       -1.70886624714276       -0.45406868250620
O           -2.71639318533979       -2.80638329468244       -1.30351084658132
C            1.40121340910565       -0.64844193148000       -1.48517796307985
O            1.23944931206129       -1.53396326490601       -2.56199867976955
C            2.88893367770063       -0.29740467582949       -1.38435378801919
O            3.28320298795194        0.45480718758870       -2.49642901771560
H            4.52393383488989        1.33426776895390        2.02482229427831
H            4.46373579069677        2.60909487292493        0.77509977565801
H            5.95449031769281        1.65356277861413        1.00808775515598
H            2.64622208030845        1.52567333129748       -0.24272299944376
H            0.68215629385170        0.63039144897190        0.88659213062050
H            1.67099249181191       -1.68334515274587        2.59355968175860
H           -0.08064855468424       -1.36252316236146        2.45586382572623
H            1.80390720067592        0.52877942819605        3.29928811427222
H            1.32800468136455       -2.22605511443347       -0.00392134692080
H           -1.48107849735571       -2.36267587398102        1.06809213252005
H           -1.16886205440509        1.09975512289993       -0.15137633394950
H           -2.72051176099983        1.53780925046399        2.44643123815525
H           -2.37671113651259        2.84367609716935        1.27565428517818
H           -0.43143806947497        1.37985530623858        2.69883566939520
H           -4.11894985540782        0.55609823628293        0.44726328449112
H           -3.62834265656698        2.66409605643002       -0.44970907973234
H           -2.34740709009896       -0.21952811842812       -1.92693234161277
H           -4.63235750240278        0.23651423511046       -2.29502726936657
H           -3.69674771295017       -1.88257281961686        0.25511778696889
H           -3.43206758511469       -2.75872585960991       -1.95188901988465
H            0.84513893178725        0.28553825797618       -1.68623800372571
H            0.36331004036941       -1.93283612612882       -2.47669587627541
H            3.47776188557024       -1.22198883706362       -1.30233546540714
H            3.05860454137905       -0.06234683590639       -3.28097582217249
48
 energy: -84.805254546838 xtb: 6.7.1 (edcfbbe)
C            4.89753517334368        1.51638149289837        1.09370607503112
O            4.47905994451038        0.66185523351897        0.04780286027617
C            3.11292559328524        0.55192562295371       -0.08680809580856
O            2.61336607313576       -0.18764421803870        1.01113691431479
C            1.21074509713938       -0.39570350526440        1.02049370689751
C            0.94058784360411       -1.00893882605617        2.40182112488523
O            0.95738143602310       -0.00707177298627        3.38708661898789
C            0.83854918547511       -1.24448919768342       -0.20420922012989
O           -0.52978035495297       -1.54498589587472       -0.49427840467589
C           -1.56784481754916       -1.50233362271923        0.43435479758674
O           -1.65456918167064       -0.33309313236686        1.18895770888609
C           -1.93121754757620        0.86127095081476        0.46786465209200
C           -1.95236639443336        1.97673093868332        1.52711964261542
O           -0.70971431606750        2.15521516066524        2.13765310870675
C           -3.25117347167202        0.73447565845339       -0.30800656832847
O           -3.49723068477907        1.83213623795387       -1.15604412680880
C           -3.16986018125251       -0.50448230267626       -1.20972890850021
O           -4.38150800715802       -0.73378249035737       -1.88544827832800
C           -2.87091990363583       -1.73779393974041       -0.35359045090965
O           -2.75236536815055       -2.89383323897284       -1.12598370192653
C            1.32626493749214       -0.53018673341032       -1.47464810092977
O            1.12891737141947       -1.33321473372369       -2.60944758444179
C            2.81402617642016       -0.16630351084374       -1.40684916392240
O            3.15050586763800        0.68967685238534       -2.46156809565846
H            4.60618560390730        1.11789898955919        2.06938355801266
H            4.47411583525696        2.51930716353636        0.96977511252199
H            5.98160548945795        1.56293510843709        1.02420904677631
H            2.62768941367530        1.55147681380778       -0.10402450455657
H            0.71202592700198        0.58291615847305        0.95659908086079
H            1.71237975866488       -1.76475517419605        2.59335585003255
H           -0.04278934389604       -1.46635454836850        2.46376643360803
H            1.81329601065356        0.43645079632779        3.34013646861795
H            1.37306751757667       -2.20432148967095       -0.11023297585973
H           -1.45668810213385       -2.30951118256916        1.17719365581386
H           -1.12918185211839        1.06211968346168       -0.25842616243752
H           -2.72818917376935        1.73534043925339        2.26637164032304
H           -2.18947038674378        2.93286226580483        1.05162555238880
H           -0.47708280596888        1.36028132990600        2.64685863881300
H           -4.08129034081791        0.60013688647384        0.40394518743347
H           -3.59492502948285        2.63403132152828       -0.63257545039921
H           -2.35421394633445       -0.35907271734847       -1.93439935497293
H           -4.63951029496509        0.09924770488524       -2.29884989306399
H           -3.68627585076199       -1.84690806851544        0.38196144454040
H           -3.47594107859642       -2.87654636483638       -1.76724003024865
H            0.75210863083507        0.40856777583273       -1.58198246321646
H            0.28181747060829       -1.78483432028614       -2.49771119636444
H            3.41407948554970       -1.08667467041772       -1.43710445924601
H            2.90586956480974        0.23959298846478       -3.28054065357448
48
 energy: -84.803581244375 xtb: 6.7.1 (edcfbbe)
C            4.97303943745408        1.41902829659639        1.14634480378779
O            4.48762576297967        0.63386521972713        0.07489594397851
C            3.11552658415874        0.56397772120890       -0.00998004596686
O            2.64327814488456       -0.26195653969332        1.03850975894071
C            1.23558377604298       -0.43337559682413        1.08532397424551
C            0.99275680404361       -1.16774566879642        2.41316096374494
O            1.54875146842022       -0.44510018223472        3.47571238673208
C            0.82174868029950       -1.18440487891827       -0.18735739967102
O           -0.54389730280177       -1.53077915931117       -0.43388469125395
C           -1.56577906057911       -1.43332463691846        0.50689366781119
O           -1.65867096281008       -0.20722249425753        1.16941686893656
C           -1.96012268937496        0.91897689345959        0.35074485727436
C           -2.01439488140054        2.12012371537747        1.30890518566994
O           -0.80817916845238        2.30433452322748        1.98927586435147
C           -3.27596084635500        0.71029793198735       -0.41504963724931
O           -3.52606293416053        1.72890977064217       -1.35520489428973
C           -3.18839028926575       -0.60245939375824       -1.20370300482618
O           -4.40083902203834       -0.90060817129555       -1.84973440720410
C           -2.87626737723430       -1.74885920607067       -0.23865351466930
O           -2.75829471022544       -2.97213738800463       -0.89807374118977
C            1.25031610268717       -0.36024946462955       -1.41149801995737
O            0.98512140283019       -1.05484181280021       -2.60384415976214
C            2.74668076077838       -0.02718015731750       -1.37544766203071
O            3.05945033828614        0.91476975793271       -2.36184553220668
H            4.72301295496314        0.97162121083757        2.11233748780298
H            4.56387372077734        2.43410669228719        1.10114441727336
H            6.05316343275968        1.45136466983419        1.02514349608308
H            2.65231769614751        1.56904501980428        0.08295510955816
H            0.76183290278075        0.55922654846418        1.11643456603261
H            1.43771841675826       -2.17043285163651        2.34524672103918
H           -0.07059537608735       -1.24990648095004        2.63039958766253
H            2.46223516387832       -0.24547661474992        3.23224342350532
H            1.38780603124442       -2.13046799115673       -0.19576089610445
H           -1.42871591651075       -2.17629529582535        1.30802767971314
H           -1.15622537649739        1.07453395792915       -0.38324970144704
H           -2.84492641970595        1.96959959147246        2.01265764120712
H           -2.18004821033444        3.04013121638980        0.74265188852806
H           -0.64358895217281        1.52878065953705        2.54149975056178
H           -4.10720110001032        0.63325477589166        0.30420984531209
H           -3.64953995829635        2.56953476922794       -0.90293885351883
H           -2.37690824396849       -0.51631772358393       -1.94202891126828
H           -4.66312362212666       -0.11417575564838       -2.34377505099468
H           -3.68314945297858       -1.79170028109388        0.51294584814153
H           -3.48471285365711       -3.01813798526913       -1.53468837591602
H            0.69191665506184        0.59343212706359       -1.41031341505104
H            0.17309697343955       -1.56038061390581       -2.46590574190003
H            3.32606480603532       -0.95110891055169       -1.51349749510412
H            2.77267368317588        0.54572809221646       -3.20716555869642
48
 energy: -84.802037506934 xtb: 6.7.1 (edcfbbe)
C            4.99876924509878        1.39369762121366        1.17763816188657
O            4.48523942422830        0.65401125911953        0.08691273303213
C            3.11178945152314        0.57502234366334        0.04283410024249
O            2.68535322373986       -0.33188898892979        1.04359569094338
C            1.28258892439746       -0.52010596498012        1.13251553981208
C            1.09164664803987       -1.36837553144985        2.40085736557901
O            1.77562372617578       -0.79947831303897        3.48055667293792
C            0.82335334337483       -1.17058441156577       -0.17930552691501
O           -0.54397202213317       -1.53706571770923       -0.38422890923901
C           -1.55516480759595       -1.36660298944455        0.55961455162349
O           -1.64183316594945       -0.09626228944561        1.13331277379715
C           -1.97454965646965        0.97097982160059        0.24924462563363
C           -2.03051038274827        2.22909950531676        1.13124459462238
O           -0.83629775810821        2.42737231850470        1.82973007682882
C           -3.29787582251998        0.70000861194063       -0.48202250153109
O           -3.56710366812912        1.65192231503822       -1.48474480610660
C           -3.20926236183262       -0.66220780537558       -1.18156252073545
O           -4.42780105404887       -1.01234664677303       -1.78857359304916
C           -2.87539066611482       -1.73676452745880       -0.14386102972092
O           -2.76221174380954       -3.00336094074609       -0.71640450643366
C            1.20201142610822       -0.25336934349044       -1.35252690560501
O            0.88609684432626       -0.85731303964340       -2.58177975403069
C            2.69925061607571        0.07941881340496       -1.34812051072214
O            2.97557396539100        1.08984353261136       -2.27583794770111
H            4.75505350763163        0.91824325238726        2.13170136075206
H            4.60616562148776        2.41624764202142        1.17256777213338
H            6.07731797959223        1.41254320104902        1.04131557622744
H            2.64211545883845        1.56446629910952        0.22430565517330
H            0.80081293801025        0.46116357152748        1.26087317683648
H            1.45324862198260       -2.38721097595105        2.20155374327534
H            0.04346857877865       -1.40189997126510        2.69426052570944
H            2.67348227605965       -0.61277344589224        3.17612455578103
H            1.39675963230273       -2.10574790990183       -0.28688403485117
H           -1.41127239135449       -2.04909869602644        1.41012769833728
H           -1.18505334119617        1.09142425829354       -0.50555471478865
H           -2.87878243927290        2.13653244138346        1.82440628009096
H           -2.16449862169567        3.11683304246805        0.50830987148908
H           -0.69613911220755        1.66464059981547        2.40529504881742
H           -4.12001670133978        0.66521628759539        0.25080062455141
H           -3.69498191535373        2.51954557081875       -1.08817747874179
H           -2.40890333926999       -0.61975509649729       -1.93557954684247
H           -4.70096138673310       -0.26475073336549       -2.33432304080994
H           -3.67091082233897       -1.72936437166776        0.62124215527298
H           -3.49905858411819       -3.09836688597951       -1.33520617238795
H            0.65158880573744        0.69982777749386       -1.25956959067730
H            0.10311419674838       -1.40556546475230       -2.43833488457594
H            3.27535654839001       -0.83030276237227       -1.57044594390700
H            2.65676773003796        0.78250061631310       -3.13441600344951
48
 energy: -84.800965679517 xtb: 6.7.1 (edcfbbe)
C            4.99830754934645        1.39192908083169        1.25037200055544
O            4.47653568166704        0.71814382024712        0.12176333453545
C            3.10496588291541        0.60088380926418        0.10676022267605
O            2.73710903099916       -0.38865129725485        1.05096970241906
C            1.35102281747739       -0.66080513193651        1.16962610262021
C            1.28405348621954       -1.67805912706005        2.32277149081348
O            1.93191247516952       -1.18012809022455        3.45774033116908
C            0.84197826463233       -1.18308935918769       -0.18012149742076
O           -0.53412056749510       -1.53745694844133       -0.34368217746260
C           -1.52848207096713       -1.26179303124620        0.59604907464913
O           -1.58823276025653        0.05884485048651        1.04915511908099
C           -2.00886385989762        1.04520019420740        0.10743229728598
C           -2.06245020372780        2.36155046259058        0.90004231977309
O           -0.84482281795449        2.63627683129584        1.52821361220927
C           -3.35769229159438        0.68525867305146       -0.53184495390002
O           -3.70299908713957        1.55319775793256       -1.58590951247236
C           -3.25893489953817       -0.72163667545291       -1.13305966705938
O           -4.48689228640038       -1.14484937034994       -1.66970644703897
C           -2.86661671615515       -1.70222390531751       -0.02607461593150
O           -2.75593148185970       -3.01079000864635       -0.49389820936715
C            1.17111659322525       -0.15308051486258       -1.27320913956946
O            0.79560543113111       -0.63529678281549       -2.53977546697420
C            2.66489757212783        0.18834427694827       -1.30175829238096
O            2.90213454433425        1.25671904788187       -2.17314424172319
H            4.79576062859787        0.84025134373157        2.17255472391703
H            4.57560484230811        2.39924345038100        1.33105098421561
H            6.07160243165141        1.45489276664860        1.08829731923293
H            2.61262104859885        1.56049865316813        0.36958342939662
H            0.81906398347433        0.26232019781348        1.44480978219175
H            1.75010777271424       -2.61402537876155        1.98425092281739
H            0.25638241180367       -1.87603148523162        2.62354451040400
H            2.80703524494112       -0.88548506931418        3.17389879755634
H            1.39810987953440       -2.10463576912841       -0.40920075477551
H           -1.36596366141191       -1.85002005647372        1.51079613901233
H           -1.26859772853624        1.13656237350048       -0.69909313655480
H           -2.87612646047962        2.29614070869705        1.63720947207963
H           -2.24902890657016        3.20044259961732        0.22538308280847
H           -0.64473073221119        1.89546114146017        2.11434208832508
H           -4.14307364616460        0.68303282911421        0.24120221769583
H           -3.81958950451495        2.44758289239630       -1.24992353977856
H           -2.48492537545721       -0.71901175728942       -1.91545340849946
H           -4.80305763119112       -0.44186041266072       -2.25049458365083
H           -3.63352691056389       -1.64084164359880        0.76585004665938
H           -3.50611628998010       -3.16122293967305       -1.08529144078535
H            0.63167457872547        0.78609352718379       -1.06087278194298
H            0.03551613462440       -1.21806715574580       -2.40878877313114
H            3.24281128811878       -0.69923643843035       -1.59707074099522
H            2.53484328816217        1.00942488246224       -3.03181478067550
48
 energy: -84.801991185127 xtb: 6.7.1 (edcfbbe)
C            5.01274117475364        1.35126388260744        1.35704023696907
O            4.46842014100286        0.77742422050192        0.18517770429071
C            3.09780659472855        0.64530121669953        0.19361976362002
O            2.76882274058266       -0.42050411263393        1.06740467953727
C            1.40348299171293       -0.78421639968192        1.16829060664729
C            1.42966434441314       -1.96079873467790        2.16111234644874
O            1.90665315549221       -1.54870677755512        3.40958958782564
C            0.86357853455437       -1.16545927700930       -0.21567529662483
O           -0.51190580494230       -1.53308356930594       -0.33564230361499
C           -1.47178934629468       -1.16633218655224        0.61293149057515
O           -1.50418095016045        0.19626124158132        0.92913122414399
C           -2.02836758890782        1.07631736680688       -0.06851491347672
C           -2.03072704150671        2.46630117815658        0.58723909606208
O           -0.76273281300431        2.81059492445648        1.06371575808539
C           -3.42135612207110        0.63979255314706       -0.54242431003375
O           -3.88334976468973        1.40505712531483       -1.63068871409450
C           -3.33757467184237       -0.81189347756388       -1.02804641097752
O           -4.59337838506813       -1.30244985685703       -1.42375953205205
C           -2.83604184076687       -1.68188589468329        0.12540524817244
O           -2.72270215973183       -3.02451471507307       -0.23237520305018
C            1.13633136293615       -0.00403801178528       -1.18439435493314
O            0.69537720552784       -0.32276260784605       -2.48299882901318
C            2.62720010146092        0.34365031480941       -1.23311002045907
O            2.83602509271428        1.48043551294481       -2.02048863764135
H            4.83973931947138        0.71402793273415        2.22868011683857
H            4.58240857508232        2.34180846879676        1.54067133380271
H            6.08077717539439        1.44208907876525        1.17466397707469
H            2.60348197144510        1.57631349954066        0.54221791851272
H            0.82158174843222        0.05255258830851        1.58287280081723
H            2.07186016318966       -2.74333784689252        1.73436355225902
H            0.43526251758775       -2.37307374380350        2.32776259391684
H            2.75957127162975       -1.12221071244943        3.25903118748701
H            1.41285737792833       -2.04699257198952       -0.57290959781400
H           -1.25307163732893       -1.64577038203724        1.57853059194239
H           -1.37182663480663        1.09024706363278       -0.94879790523513
H           -2.76819655883132        2.46997139007186        1.40357150012813
H           -2.29477758998279        3.23157773140267       -0.14624496730323
H           -0.48471297993647        2.11627344100427        1.67377826024873
H           -4.13304418599058        0.69128312693267        0.29728877730751
H           -3.98245006434643        2.32526712481082       -1.36657433547982
H           -2.62877564575586       -0.86539454761523       -1.86842191411333
H           -4.97575837337743       -0.65528831747741       -2.02916982292490
H           -3.54714901792979       -1.56710493204125        0.96253955119792
H           -3.50930126855686       -3.24386426461320       -0.75023656301419
H            0.61566149889398        0.89924065885513       -0.82637592637588
H           -0.02712968100741       -0.95822404536855       -2.38944740105344
H            3.20204219713927       -0.51271397780260       -1.61501434230442
H            2.40894984418437        1.31756703463761       -2.87183770501120
48
 energy: -84.803559773438 xtb: 6.7.1 (edcfbbe)
C            5.06306855866804        1.26634142557256        1.40725260394479
O            4.47813926054208        0.78406868304614        0.21390858123675
C            3.10859393244999        0.65134693846364        0.26056560798034
O            2.80843827380418       -0.48219806963472        1.05704589668048
C            1.44828215825157       -0.85980587093960        1.16024363515154
C            1.48467803153193       -2.12964598649720        2.02902495965172
O            1.90686653770045       -1.84015152491471        3.33070278554166
C            0.86485460580667       -1.11686484436281       -0.23473990673436
O           -0.50147940362314       -1.51768088864179       -0.30814320178510
C           -1.43505104758630       -1.08537037777739        0.64298163437974
O           -1.46595715983239        0.29788958593786        0.84885750399210
C           -2.04064909000359        1.08917827900059       -0.19675170170679
C           -2.03429237599361        2.52743697689343        0.34574773222231
O           -0.75835236988366        2.91116501079690        0.76774471678068
C           -3.44675451047665        0.60458716562001       -0.57444917817078
O           -3.96013295394357        1.27519609089367       -1.70153888119375
C           -3.36969263119984       -0.88163720183828       -0.94332253334418
O           -4.63716758420368       -1.40989829142208       -1.24093003248468
C           -2.81010017844478       -1.65049017018634        0.25402116832970
O           -2.69243212910882       -3.01671244984315        0.00162796860593
C            1.09225459996051        0.13295696113036       -1.09541932764616
O            0.58931822106714       -0.05656265953380       -2.39902205119981
C            2.58453527778037        0.47406164701080       -1.16941323647254
O            2.77710528364122        1.67266772865931       -1.86306056916584
H            4.90275488022490        0.57174799030788        2.23648127640839
H            4.65357455531125        2.24773890380256        1.67120343855052
H            6.12708261732362        1.35479039058063        1.20191638850305
H            2.63033322346112        1.55101540237419        0.70219302001358
H            0.87615290539250       -0.06610062502536        1.66531256516169
H            2.16525732580182       -2.84282933203025        1.54449894873254
H            0.49810437728261       -2.58586090724745        2.11026251677419
H            2.76049636140399       -1.39535245356207        3.26107737513252
H            1.40840929030846       -1.95395910656878       -0.69243152167661
H           -1.17322146595660       -1.48330355393294        1.63491674119135
H           -1.42273514963238        1.03745466079212       -1.10291166847318
H           -2.75470449252768        2.59554461785438        1.17477965758232
H           -2.31576973910821        3.23103949048753       -0.44091722592498
H           -0.46067250935443        2.26075582079015        1.41574912705453
H           -4.12445158170821        0.71986879778886        0.28684191675607
H           -4.05577950662304        2.21349010413563       -1.51001969907367
H           -2.69782712438063       -1.00027027846986       -1.80692268352419
H           -5.05019046296583       -0.81918272252990       -1.88270201437974
H           -3.48869663343780       -1.47604723919567        1.10768497129046
H           -3.49754229320246       -3.28691725316429       -0.46045612351644
H            0.59771480404172        1.00010898291092       -0.63097908112037
H           -0.07236532936473       -0.75950539337798       -2.35098086853339
H            3.13876850826003       -0.34965342125417       -1.64335691419352
H            2.30123110436669        1.59554663859786       -2.70069344464029
48
 energy: -84.804630237761 xtb: 6.7.1 (edcfbbe)
C            5.16463973700983        1.11118321188024        1.40006655301533
O            4.51098705219473        0.74788621708587        0.20017906480112
C            3.14350979624216        0.62993698920803        0.30701400802728
O            2.86121926015694       -0.56119589689668        1.02147413682858
C            1.49661725379165       -0.90763662821203        1.15642668930245
C            1.50699410905666       -2.23509625584619        1.93203656993196
O            1.95434416316473       -2.05399640764921        3.24516440288174
C            0.85227861447284       -1.04968258100851       -0.22881696448208
O           -0.50286364422544       -1.48023979401396       -0.25120879405621
C           -1.42304003107526       -0.99218309604890        0.68938711443735
O           -1.47398653269895        0.39930072957003        0.80168469687801
C           -2.07521492573780        1.11304937864015       -0.28585655843742
C           -2.12057866064506        2.57789880662900        0.18089236699045
O           -0.86544516767740        3.02541799413416        0.60213970387288
C           -3.46761153264908        0.56911010541504       -0.63384278427865
O           -3.98545485621836        1.14267604795283       -1.81171446412537
C           -3.36612963702501       -0.93935471165898       -0.88703268485610
O           -4.62544068669729       -1.50820254683505       -1.14358411174318
C           -2.79492932688616       -1.60283358791038        0.36608772129997
O           -2.66518391417421       -2.98403193043441        0.22781734298557
C            1.05062131617026        0.25807648658048       -1.00084891910173
O            0.49243428465403        0.17372842247233       -2.29659029190241
C            2.54636712876886        0.58660486328829       -1.10545334217895
O            2.72846607084430        1.84017754085517       -1.69745428061228
H            5.03440410453578        0.34539236632234        2.16941857872873
H            4.78569231345521        2.06897783388626        1.77316673105719
H            6.21814358399865        1.20523837514439        1.14832931388430
H            2.70461892888052        1.49553771111270        0.84724339840531
H            0.97106683615816       -0.13082711829722        1.73449992316997
H            2.15742778922166       -2.93285953077648        1.38774954050656
H            0.50541798734234       -2.66172332461584        1.99212633063217
H            2.82392429307284       -1.63828217696704        3.19652423885404
H            1.37847827251718       -1.84814610814997       -0.76966073045461
H           -1.13305631259893       -1.31865227410206        1.69990563113182
H           -1.45475538992777        1.03434056802298       -1.18815469906517
H           -2.85653047022395        2.66665610916333        0.99439100912904
H           -2.41120630443240        3.23046067315048       -0.64550244074994
H           -0.55896360986636        2.42150216299620        1.28969188976949
H           -4.15502934608316        0.73722921594516        0.21128130749581
H           -4.08606220046307        2.09283386625665       -1.69670988904455
H           -2.69056656925302       -1.11479678626434       -1.73767780368278
H           -5.04716799308958       -0.97259956238507       -1.82668188074857
H           -3.46804743863054       -1.36399286374689        1.20836008082359
H           -3.46644748711740       -3.29759394823717       -0.21324870381942
H            0.58186006905419        1.09501256813352       -0.46358334667778
H           -0.03781952028211       -0.63198646196522       -2.33580268607502
H            3.06647474578519       -0.19747717590001       -1.67645613037775
H            2.19554081748503        1.85516018971736       -2.50369596728511
48
 energy: -84.806127214588 xtb: 6.7.1 (edcfbbe)
C            5.30371581454126        0.86216912034635        1.34071933760638
O            4.55026124167838        0.67470748822136        0.15909674450623
C            3.18918322586061        0.59162171812703        0.35344307026005
O            2.90306106067297       -0.65315096684887        0.96291748115303
C            1.53085949663891       -0.94046218009412        1.14689526839516
C            1.49326091247066       -2.30797402542363        1.84580385648348
O            2.01506806427544       -2.23161782646814        3.14214480733797
C            0.80770846922498       -0.96620062407484       -0.21094896972450
O           -0.53328004279314       -1.41623443617667       -0.15593371907794
C           -1.43999867793293       -0.87660391826653        0.76895019559514
O           -1.52920956558759        0.51632088036406        0.78643573738173
C           -2.14496743509397        1.13131477648599       -0.35451581613897
C           -2.25435677225127        2.62170693006912        0.00950043044160
O           -1.02861399875888        3.14468377460771        0.43369636036856
C           -3.51332830438672        0.51545947644049       -0.67784693373505
O           -4.02981901982963        0.97832952540845       -1.90481436912369
C           -3.36137437604637       -1.00406923615876       -0.80725599565006
O           -4.59680664941038       -1.63143146374212       -1.04855229333042
C           -2.80006474088642       -1.54104475113123        0.50844578656301
O           -2.64850614255486       -2.92727434011030        0.50339444936265
C            1.00481911346782        0.39389619732702       -0.89448379155840
O            0.39877723027291        0.45552745721535       -2.16621630112656
C            2.50527946377513        0.70912607665368       -1.01483312894961
O            2.68128692533608        2.01404665808995       -1.48844435933574
H            5.21065849849105        0.00239996086257        2.00957022586665
H            4.98296571538177        1.76831265995610        1.86618994117132
H            6.33704085482088        0.96934021208544        1.01975089518464
H            2.82236338402081        1.41301670989784        1.00514446156911
H            1.07719574444960       -0.17192295016989        1.79353208272075
H            2.06770704187221       -3.01452523279985        1.23186376656456
H            0.46804595228759       -2.66888726702418        1.93294119655366
H            2.90528779103673       -1.86581733451511        3.07203727315241
H            1.29232511213639       -1.73296384682004       -0.83274281152106
H           -1.12300602931244       -1.12412082152727        1.79514876056005
H           -1.50691680441519        1.00858879024930       -1.23877909744041
H           -3.01616930144854        2.74025869323031        0.79509205090319
H           -2.54332620300517        3.20572948992019       -0.86722060978666
H           -0.72430835874952        2.59941865063761        1.16966244857937
H           -4.22198209721694        0.72860416727107        0.13995577024482
H           -4.13749355464968        1.93404756722089       -1.87284448814212
H           -2.65508597112204       -1.22488191372772       -1.62097705256037
H           -5.01386602120347       -1.16194216767612       -1.78124355635955
H           -3.48229020295914       -1.23555361098469        1.32145276864337
H           -3.41668105327771       -3.28964079653614        0.04166652146053
H            0.54361216981858        1.19551988721988       -0.30918671028433
H            0.62816440299666       -0.33948574019748       -2.66271347467836
H            2.98865765601919       -0.01711220963212       -1.69017446738882
H            2.01414294983623        2.16876846133555       -2.17224286426400
48
 energy: -84.805792166773 xtb: 6.7.1 (edcfbbe)
C            5.35309775150766        0.77179669704435        1.35696995551965
O            4.57219318359600        0.67788608212713        0.18177350316281
C            3.21766021092046        0.56454261066658        0.40306505524268
O            2.95168237297077       -0.73320281650174        0.89844631656979
C            1.58345437997824       -1.00675368666942        1.11875351800870
C            1.52135049143873       -2.41724924221639        1.72062176308926
O            2.12473607173830       -2.45869187498372        2.98265292653565
C            0.79892887566393       -0.91512410838171       -0.20346044895416
O           -0.53578906154440       -1.37058789434071       -0.08948434206367
C           -1.43485372572289       -0.77220726790395        0.80851920278451
O           -1.55046235245292        0.61560754955182        0.73835755407315
C           -2.19072425748252        1.15083231621245       -0.42923576235519
C           -2.35498851044481        2.65230757105638       -0.13815614202439
O           -1.14688821993431        3.25113336093054        0.23098493295829
C           -3.53983040050930        0.47848773633873       -0.71991664277291
O           -4.04957047029669        0.83750667707966       -1.98423820637094
C           -3.36322443079016       -1.04395261104382       -0.73349722743380
O           -4.59061289982252       -1.70503389653944       -0.91968109050214
C           -2.78835404340821       -1.47187481058208        0.61570832472667
O           -2.61997050720921       -2.85253138327339        0.71643814723713
C            0.99671752281144        0.47352833456787       -0.82234237169632
O            0.40168635664346        0.58632655005921       -2.09637595837506
C            2.49683219474308        0.80292385376272       -0.93011011835364
O            2.66084594076292        2.14691667951631       -1.28480887106012
H            5.26546024025413       -0.13368985951528        1.96341016407773
H            5.05282775420591        1.63997261882122        1.95408977797703
H            6.38021658139180        0.89317400942517        1.02181042699054
H            2.86294945945716        1.31746682101355        1.13888453625466
H            1.17872980050899       -0.27525301472868        1.83812937993418
H            2.01856934442998       -3.10585142506374        1.02442270907721
H            0.48393501881426       -2.72912695643639        1.84780577371147
H            3.02463708581164       -2.12503397068155        2.88151399630465
H            1.23723910398591       -1.65307746673194       -0.89269814180864
H           -1.09609263705501       -0.94743822323781        1.84371066505622
H           -1.54537699887915        1.00937445907792       -1.30526286442929
H           -3.10627318119618        2.77804843200758        0.65647106315362
H           -2.68754535270474        3.17764031257691       -1.03639856345072
H           -0.80445887974004        2.76407661310251        0.99039618928472
H           -4.26410064823222        0.73776033169822        0.07071202089812
H           -4.15405412568872        1.79277602015156       -2.03425364659912
H           -2.65700655661192       -1.31603683385479       -1.53144130853304
H           -5.01551615190477       -1.30295391642289       -1.68692530314850
H           -3.46767778463892       -1.11180737878252        1.40844860170006
H           -3.38846635324983       -3.25837616395476        0.29302200427446
H            0.52626572159037        1.24706743938814       -0.20863259661064
H            0.67704661322704       -0.16210752326918       -2.64048362746498
H            2.96867214413393        0.14342580382370       -1.67855195417642
H            1.99610029659035        2.35738111177391       -1.95568243252218
48
 energy: -84.804508955848 xtb: 6.7.1 (edcfbbe)
C            5.42698715709705        0.62931208574772        1.35247652749354
O            4.60357502620475        0.66692476682370        0.20332930690939
C            3.25654453400824        0.53834211451065        0.46195930796722
O            2.99582909260639       -0.79867208095672        0.83863722046249
C            1.63327351603016       -1.06457210776183        1.09468614925023
C            1.55233147131209       -2.51397308316004        1.59055118219114
O            2.23967375666166       -2.67674971035598        2.79861522071980
C            0.79208583806457       -0.85378025481019       -0.18004922330423
O           -0.53812477259594       -1.30641325097275       -0.00996459997517
C           -1.43944418042497       -0.65200827827499        0.84674180988134
O           -1.58830142919814        0.72379671114183        0.68268157095871
C           -2.25536266612374        1.17115014067832       -0.50631644865125
C           -2.49170691854291        2.67516236620902       -0.28806830766834
O           -1.30587146601839        3.36872458853352       -0.03303269199293
C           -3.57578214180778        0.43064802687973       -0.76361703829359
O           -4.07757961966559        0.67992156243495       -2.05755716462317
C           -3.35757368795766       -1.08281525676524       -0.66324339993265
O           -4.56595947140077       -1.78866170838806       -0.80561810054693
C           -2.77842138724729       -1.39286199425262        0.71576692580702
O           -2.58156513183520       -2.75749303678921        0.92388763249586
C            0.99557446401134        0.56282513470915       -0.72442267538095
O            0.40939709317070        0.73783094072836       -1.99591469262642
C            2.49472767385180        0.90766548021418       -0.81730805237344
O            2.64520319861219        2.28310657652928       -1.03237442408103
H            5.35774145706321       -0.33824194927584        1.85679636494756
H            5.15169641130236        1.42506332379184        2.05343229532450
H            6.44177032746944        0.78768865382665        0.99580313071214
H            2.93448600954112        1.21877017327701        1.27913387127246
H            1.27569198756427       -0.38376398930860        1.88593978814424
H            1.96777755363475       -3.16688110836353        0.81129822414614
H            0.51177670474146       -2.78881540905665        1.76886580958637
H            3.14275020354008       -2.36697306441767        2.65797019333693
H            1.17802551486449       -1.55706812632242       -0.93493218691033
H           -1.08714261686206       -0.74545761289552        1.88901301901804
H           -1.60029570774178        1.02122091845957       -1.37379200224971
H           -3.20096975600692        2.80083211749993        0.54434030358265
H           -2.91226712664514        3.12626974911419       -1.19004622221818
H           -0.88359092942612        2.95253986083090        0.72778236645658
H           -4.32063051722308        0.72371662669893       -0.00419646470786
H           -4.18776156043943        1.62710333049091       -2.18736499041213
H           -2.63926352346257       -1.39475481857103       -1.43536747132724
H           -4.99863753090937       -1.45231838250153       -1.59981478796894
H           -3.46509900586232       -0.98574685186481        1.47859206051544
H           -3.33480876083151       -3.21216664851105        0.52318138715626
H            0.51728900188212        1.30117051274870       -0.07531980381496
H            0.71569854843642        0.03538499729491       -2.58369959264572
H            2.95255069055683        0.33302908013580       -1.64070795390760
H            1.99369964119104        2.55198655528248       -1.69527246546329
48
 energy: -84.802579485802 xtb: 6.7.1 (edcfbbe)
C            5.48265848274050        0.51436782455286        1.37763251596902
O            4.63371226305562        0.67085274465989        0.25727515053805
C            3.29270365150770        0.51464564976973        0.53160872562591
O            3.03568091164390       -0.85313826923389        0.77364164668686
C            1.68007799325840       -1.13130370545473        1.05042412672049
C            1.59349221755402       -2.61935925493903        1.41121836667881
O            2.34308879973994       -2.90876085085501        2.55695118197678
C            0.78781869878780       -0.79212351566031       -0.16266714078707
O           -0.53879853556738       -1.23431663560425        0.06622524193194
C           -1.44372477135036       -0.52823954993047        0.87698946753805
O           -1.62590266823523        0.82741106846944        0.61420591598115
C           -2.32471288843687        1.17880787345599       -0.58825135430354
C           -2.61925228330507        2.68161994112579       -0.45121189624931
O           -1.45664661059737        3.45158689993880       -0.36924778909119
C           -3.61911754542531        0.37755610597698       -0.79144596628451
O           -4.11946344679225        0.51191544950771       -2.10305513563111
C           -3.36013703406348       -1.11718011080983       -0.57557063411500
O           -4.55015398726002       -1.86288342895618       -0.65651130732435
C           -2.76693182891545       -1.30560235715992        0.81906995749303
O           -2.53955168285453       -2.64519248342958        1.13196077374777
C            1.00501637240301        0.65515564853005       -0.60896712766727
O            0.41993431060998        0.92119334750173       -1.86466650264633
C            2.50436347904972        1.00677888758584       -0.68780724753061
O            2.64845787585430        2.39753750406697       -0.77016424562146
H            5.42388446569814       -0.50072069573157        1.77902988315883
H            5.22364291640754        1.23165590309111        2.16405778250824
H            6.48926846227169        0.71094191059151        1.01699408695619
H            2.98934656474955        1.10797202663494        1.42052512108934
H            1.35786353023950       -0.52742435588926        1.91601645530235
H            1.94945841158024       -3.20400159467894        0.55203129708080
H            0.55700891822397       -2.88606467270581        1.62298387068645
H            3.24134217710296       -2.59330400928683        2.39824884854103
H            1.11235841312406       -1.44677129219886       -0.98729885451883
H           -1.07782779029509       -0.53397547307298        1.91966899026851
H           -1.66952317867490        1.00949339594123       -1.45212990519032
H           -3.24873732146707        2.83037345702450        0.43926547448856
H           -3.15417721349714        3.04580823985783       -1.33192847492417
H           -0.92451410956593        3.10178311720439        0.35465138432979
H           -4.37766918989512        0.70581720204445       -0.06043841025656
H           -4.22854968926254        1.44413601988394       -2.31668736049591
H           -2.63673113266540       -1.46943899685731       -1.32536855063946
H           -4.99446601899837       -1.60043640674801       -1.47172309814158
H           -3.45661782932499       -0.85352469410004        1.55320563974417
H           -3.28376581234389       -3.14586273958203        0.77111221026338
H            0.53037440270268        1.34631718824817        0.09254510084606
H            0.74704744188039        0.27779553782298       -2.50662524646027
H            2.94779273225907        0.51619555466397       -1.57114528586120
H            2.02057603843197        2.72190426905513       -1.43114675274496
48
 energy: -84.806045776394 xtb: 6.7.1 (edcfbbe)
C            5.51318212248228        0.38425132556428        1.61792831139809
O            4.67027968064281        0.73614472240682        0.53762971273340
C            3.33068223499090        0.50602786236285        0.76286900590050
O            3.09285979627740       -0.88448801565966        0.72953757388252
C            1.74219593042354       -1.22249650842210        0.95580061532766
C            1.67112708670478       -2.75387967645756        1.01478457978998
O            2.45656752233324       -3.25861056531409        2.05680924586148
C            0.81243409975298       -0.66021028818771       -0.14534041815959
O           -0.49908571876564       -1.14947221793352        0.09996250453160
C           -1.41690346975919       -0.48162688859547        0.92551068773934
O           -1.63656595419446        0.86616464220324        0.64402067380538
C           -2.31506710390052        1.11241073917093       -0.58213601144582
C           -2.49160537374304        2.63214703468689       -0.69259414782164
O           -2.95858692998317        3.01382615829506       -1.96486979616467
C           -3.65921306116895        0.37522504416092       -0.65821103572324
O           -4.26975601867165        0.53616327069556       -1.91597080103224
C           -3.41369437369123       -1.12108449206240       -0.43958040695588
O           -4.61691944193366       -1.85025301845384       -0.41689315051971
C           -2.71851950802479       -1.30090688926006        0.91014405822655
O           -2.42954809276633       -2.63729078563968        1.19015821078208
C            1.03760118150718        0.84454478312233       -0.33135663016866
O            0.47117066789455        1.33563143532399       -1.53170936764867
C            2.54031998047945        1.19825076947466       -0.35114174315415
O            2.69259729159710        2.58288243562928       -0.20611952638037
H            5.48030188470463       -0.69128250029130        1.81033553365124
H            5.22568307584717        0.92468900988124        2.52636743254921
H            6.51684681337881        0.67550317466049        1.31819674013950
H            3.00882929880435        0.91270673982661        1.74485403693333
H            1.42367547842388       -0.80881686711061        1.92758687387796
H            2.00373761301060       -3.15312170219713        0.04656375275820
H            0.64191849011035       -3.06354588710372        1.20092766316814
H            3.34587810201360       -2.90080581174083        1.94406707453955
H            1.08727997585707       -1.15982429596011       -1.08799471388252
H           -1.03234774342118       -0.46599829955268        1.96173640342760
H           -1.69853600423566        0.76201278041005       -1.42279801788223
H           -1.53545983978882        3.10966273339654       -0.45698364447501
H           -3.23947814100182        2.97247873612906        0.02629129416607
H           -2.25975711158119        2.84703712613110       -2.60821004440467
H           -4.32524632904971        0.74356088919665        0.14058055937746
H           -4.23247374299573        1.47854997206262       -2.14510594736852
H           -2.75707400098782       -1.49953549537082       -1.23808022099909
H           -5.14145123461104       -1.54910124050454       -1.16893251166352
H           -3.37937565233053       -0.88135525158474        1.68871832183485
H           -3.19605131012243       -3.15201618788958        0.90343886334189
H            0.55632287708695        1.40867169924600        0.47238149439718
H            0.82233847503052        0.81715270102586       -2.26810303677807
H            2.97964917497660        0.85739272583927       -1.30474192102988
H            2.09923424693623        3.01263203291542       -0.83684718275857
48
 energy: -84.804170125525 xtb: 6.7.1 (edcfbbe)
C            5.56980176812782        0.23769939489787        1.60673300061047
O            4.70516261186161        0.70705174948697        0.58994588051110
C            3.36867806971662        0.47071650730494        0.82870005589365
O            3.11036196564232       -0.90571878803573        0.65741367899827
C            1.76300176298030       -1.24759317541007        0.89296512176132
C            1.66913604979883       -2.77618380565648        0.80160406427751
O            2.50737564071831       -3.39379834133471        1.73608885929436
C            0.79950236386490       -0.56873774513241       -0.10958248790639
O           -0.50380436254233       -1.05434183961551        0.19316739988292
C           -1.43160498802485       -0.34135054000402        0.96447084099152
O           -1.68243324467749        0.97189136646460        0.56879039843585
C           -2.35449957176626        1.09642040295822       -0.67733752880993
C           -2.57822402460013        2.59687504365122       -0.90512267207498
O           -3.07129106488655        2.86692881396740       -2.19761037053014
C           -3.67632829272031        0.31516404036297       -0.70427066312569
O           -4.27358426583736        0.34815657685062       -1.97802607573874
C           -3.39614026563956       -1.14870038848834       -0.35065201590943
O           -4.58067592074229       -1.90442333530382       -0.27616578855730
C           -2.71376543667306       -1.18921597904260        1.01679352626290
O           -2.39773646640281       -2.48767928462078        1.41889972664481
C            1.04963026302628        0.94289345084603       -0.16749013799542
O            0.47138011872476        1.54827085360641       -1.30755818409806
C            2.55682614611272        1.28057799062266       -0.18569526282455
O            2.72950984655191        2.64188023008527        0.09373435391479
H            5.50677214701383       -0.84899503859364        1.70825751646141
H            5.32925092021471        0.70655855384631        2.56718984382527
H            6.57272615603516        0.52235011569964        1.29841496247820
H            3.07973652427367        0.77685613075735        1.85621136711349
H            1.47933385302932       -0.93044627374064        1.91058292860069
H            1.93512930810631       -3.07997700004468       -0.22059489103286
H            0.64748229932346       -3.08848565120670        1.02056049776069
H            3.39165379482428       -3.02738798602849        1.61163952466204
H            1.00980172429291       -0.98627316424642       -1.10715801541455
H           -1.04708576368503       -0.22986059704684        1.99508423596834
H           -1.71846753317052        0.69887715744052       -1.48279941705454
H           -1.63394898874198        3.11655856916986       -0.71767946430708
H           -3.32987455754809        2.96703280112046       -0.20491993537800
H           -2.36853404444293        2.69625059625823       -2.83534039083543
H           -4.36257068676163        0.73394328414567        0.05142522577988
H           -4.27470846836316        1.27092469339205       -2.27928534515616
H           -2.71907848409883       -1.57947896729084       -1.10429461492377
H           -5.10105188422034       -1.68912945461771       -1.05983826846594
H           -3.39132539004990       -0.71609183337231        1.74872613661163
H           -3.14710731903956       -3.04535306535413        1.16947750087618
H            0.58966153305468        1.44152286875961        0.69031211734222
H            0.82458226892121        1.11152473540829       -2.09444772163657
H            2.96871872914910        1.03397050930121       -1.18007382547743
H            2.11862209569167        3.13832349269071       -0.46776470574186
48
 energy: -84.802485908361 xtb: 6.7.1 (edcfbbe)
C            5.60778058509035        0.11150482597995        1.58456820873985
O            4.72498507079632        0.68461970977923        0.63925592686828
C            3.39192039123908        0.43600923951489        0.88461646749540
O            3.11354202679208       -0.91201632014226        0.57460638847457
C            1.77103859071638       -1.26510624787165        0.81923303042959
C            1.65600128168939       -2.77464876840689        0.57159468349454
O            2.52988483645228       -3.49451621555919        1.39297085862043
C            0.77734587883060       -0.47989466505740       -0.06886625625450
O           -0.51432033590240       -0.95989930901103        0.29449313230103
C           -1.45041529500440       -0.20568147458891        1.01258133285421
O           -1.72847412451667        1.06437075626074        0.50882120840756
C           -2.37350634209523        1.06819443088589       -0.75572537456425
C           -2.63290057524429        2.53892371295814       -1.10779549018148
O           -3.12490862161175        2.69193706323859       -2.42039705578308
C           -3.67556034057161        0.25254759512638       -0.74323070825712
O           -4.24223489616518        0.15713332304416       -2.02787272848977
C           -3.37467864038060       -1.16683136599431       -0.25187219494532
O           -4.54664117559805       -1.93597760621386       -0.13007798205076
C           -2.71821973897599       -1.06968861653526        1.12566028589965
O           -2.38831106968790       -2.31989890795717        1.65026488771542
C            1.05596578954449        1.02778133102044       -0.01224700628632
O            0.47379972509566        1.72869907717073       -1.09326600625574
C            2.56631011870646        1.35369330291138       -0.02066187555767
O            2.75667050018373        2.67652749065384        0.39702572766428
H            5.53353709957584       -0.97918264948763        1.58426187605432
H            5.39675680873336        0.48937979662734        2.59094922260710
H            6.60652967958066        0.41373938931113        1.27928126697432
H            3.13030883282762        0.63422965603595        1.94517428857557
H            1.52298759116395       -1.05455520719500        1.87286373288915
H            1.86975296978538       -2.97048294909985       -0.48888790055822
H            0.64208087041697       -3.09956835581738        0.80651375680680
H            3.40956414739297       -3.11503348155097        1.27453197750549
H            0.91890273975833       -0.81297258642165       -1.11011885513337
H           -1.07081157621865       -0.00657869605079        2.03119265413065
H           -1.70932164182422        0.62287066380925       -1.51332563196164
H           -1.70332690970235        3.09497656771361       -0.95588543105077
H           -3.39927935279245        2.94336017876362       -0.44364323710375
H           -2.41367541217223        2.49877687248113       -3.04172908399150
H           -4.38897305794960        0.72083397229250       -0.04386895822438
H           -4.27195089269034        1.05190354694815       -2.40294320043363
H           -2.67494003290046       -1.65090196422317       -0.95036322346601
H           -5.05393099330789       -1.80578686850137       -0.94065960900251
H           -3.41596447646901       -0.54323329627391        1.79992295649776
H           -3.12175274037697       -2.91274158926212        1.43734217939586
H            0.61109430072817        1.46342634780044        0.88678228451416
H            0.82697633441504        1.36431079727925       -1.91599119475945
H            2.95801962069926        1.21037569647007       -1.04320776343232
H            2.14233937963092        3.23506948196475       -0.09839055466627
48
 energy: -84.800990184620 xtb: 6.7.1 (edcfbbe)
C            5.63255668499344       -0.00949319488483        1.55752947830958
O            4.74152162109653        0.65885512741263        0.68521167307785
C            3.40969222017345        0.40358022801779        0.92955985184649
O            3.10569891490875       -0.90340543909589        0.49244468440107
C            1.76719705763634       -1.26569435437193        0.74411097203219
C            1.62332666854332       -2.74017769225661        0.34709471371894
O            2.51479522748680       -3.55044906192733        1.05746731145731
C            0.75321415217032       -0.38526048099752       -0.02171589364903
O           -0.52360590597455       -0.86241028844332        0.39685295478214
C           -1.47314758256538       -0.07600962743127        1.05973997499921
O           -1.77881135682257        1.14314915293099        0.45696196482492
C           -2.38434784136952        1.03125438885904       -0.81997931735417
C           -2.67220360311219        2.46319606383880       -1.29082029152771
O           -3.14705643705758        2.50295082293761       -2.61837365265130
C           -3.66579613134533        0.18349235739110       -0.77497784599091
O           -4.19313176656039       -0.03391968878871       -2.06146679083075
C           -3.34801315683240       -1.18161413558124       -0.15635476762347
O           -4.50744724510305       -1.96273028457835        0.00427109666663
C           -2.72615934736878       -0.95509382987464        1.22267458444507
O           -2.38511263849213       -2.14974030767103        1.85759472363138
C            1.06645051244039        1.10938597783870        0.13639375213297
O            0.48313699772157        1.89471361092624       -0.88357552177223
C            2.58146286239489        1.41440113079624        0.13284053029380
O            2.79918664190639        2.68890152947661        0.66971944785943
H            5.54702051361397       -1.09445457193710        1.45490616421224
H            5.44091475802411        0.27281989252139        2.59839208547677
H            6.62964311218208        0.31144740004708        1.26643669808785
H            3.16895721379454        0.49871674627781        2.00889316642005
H            1.55440194161951       -1.16225933355879        1.82081753711185
H            1.79744568470897       -2.82848500688854       -0.73513907317530
H            0.61382665121999       -3.07607153312958        0.58489612181812
H            3.39369979927557       -3.16445296880527        0.95544790337639
H            0.82901583189481       -0.63333158285843       -1.09430074446365
H           -1.10614468901174        0.20418046189164        2.06255369433523
H           -1.68760775569000        0.54627414719796       -1.52317582106495
H           -1.75942433577163        3.05296891596605       -1.16538096790872
H           -3.45945694837139        2.89713405525126       -0.67126815105887
H           -2.42359358468162        2.28146573020688       -3.21561427923133
H           -4.40936457484540        0.69056947514184       -0.13691597692186
H           -4.24709782355444        0.82740620903389       -2.50548353986430
H           -2.62227617001626       -1.70804717416037       -0.79502589733200
H           -4.99582358569723       -1.91566547797600       -0.82672532850034
H           -3.44837730409475       -0.38787244654316        1.83520498023372
H           -3.10017217079179       -2.77478172536130        1.67677458299108
H            0.63970008559252        1.48744801440214        1.06958917593348
H            0.82722006752444        1.59206959801646       -1.73446629661289
H            2.95349464191247        1.36321621053286       -0.90572336873892
H            2.19058901084568        3.30182065101250        0.23558474046040
48
 energy: -84.799782208837 xtb: 6.7.1 (edcfbbe)
C            5.67013085445925       -0.15209602600472        1.47035821618449
O            4.76826298251453        0.61632761356012        0.69724553373870
C            3.43920357985980        0.37137171237220        0.96546822117984
O            3.08562589849513       -0.88324748172675        0.42341232149785
C            1.74825920475381       -1.23640155263932        0.69154949332730
C            1.55337743132596       -2.66503774552397        0.16870326045042
O            2.44951189198600       -3.55611433548517        0.76724397219206
C            0.73057849630810       -0.26823223803985        0.04778884105626
O           -0.53242430350562       -0.75028237544116        0.49981756734363
C           -1.51218539588990        0.05232152238450        1.09617289426589
O           -1.84645256816533        1.21204435168953        0.39982361065150
C           -2.39771997872965        0.98626887939914       -0.88469219649976
C           -2.71669743809416        2.36961304266664       -1.46791180270883
O           -3.14820457117676        2.29880541213157       -2.80871771041483
C           -3.65116823477020        0.09790741478657       -0.81877786632809
O           -4.12285262693159       -0.23671441981701       -2.10170441387462
C           -3.31281215890010       -1.20344754016114       -0.08367313055849
O           -4.45322414026371       -2.00659794991872        0.10222048545613
C           -2.74316964577022       -0.85214471530564        1.29250597852676
O           -2.38772552844400       -1.98363368430933        2.02716050031743
C            1.08936731443185        1.19904106177091        0.32554640338979
O            0.49292298600092        2.08994185323141       -0.59374732604025
C            2.61106107880851        1.46792138180474        0.29195494759792
O            2.88054580714011        2.68561246348207        0.92740674126012
H            5.55530771693817       -1.21994325369163        1.26643931683729
H            5.51852161455483        0.03145428202105        2.53953167920781
H            6.66492802326210        0.17474246772593        1.17796169526501
H            3.23744814774214        0.37333859535889        2.05681107837382
H            1.57430649296260       -1.22622995929931        1.77967785247315
H            1.68529769617550       -2.65822216662411       -0.92318587091456
H            0.54548176800102       -2.99923466419451        0.41490300663144
H            3.33286578287140       -3.17863809162982        0.67187535354689
H            0.75725008310515       -0.41819788806415       -1.04632346833540
H           -1.17449395604100        0.41270173568794        2.08191279224275
H           -1.66065636841199        0.47583501142920       -1.52747083474683
H           -1.83074986011486        3.00188218696966       -1.35312743648044
H           -3.53877686249405        2.81740014785208       -0.90626527432775
H           -2.40245414329838        2.05341316665183       -3.36810516945351
H           -4.43367472039302        0.62615195486780       -0.24819583354920
H           -4.20086109631672        0.58635308332882       -2.60957939905115
H           -2.55106485635162       -1.75422309374545       -0.65651073612813
H           -4.91149391986347       -2.04610503832144       -0.74611125728630
H           -3.50081554723937       -0.26298404949513        1.83769600242206
H           -3.07652244806198       -2.64410217047907        1.87218552645487
H            0.70752897770282        1.49816726375955        1.30581500989423
H            0.79328392784253        1.85798646488652       -1.48228224764670
H            2.94400510616030        1.49876658004134       -0.76067497613414
H            2.27112441186910        3.34645848538370        0.57134971453111
48
 energy: -84.808722487080 xtb: 6.7.1 (edcfbbe)
C            5.78093431009247       -0.32155386154797        0.90492070390045
O            4.79175966579063        0.56486435926581        0.41898442716925
C            3.52786452833163        0.33896443899104        0.91906640127159
O            3.02834660160611       -0.86277673520000        0.36868493330280
C            1.70734480287929       -1.14884169153953        0.76121702413669
C            1.38830659479048       -2.55147232801739        0.22694520819517
O            2.29121110543830       -3.49993201456819        0.71921026669862
C            0.71020467375785       -0.09753906824846        0.23108324114800
O           -0.56575976015352       -0.59921344397155        0.64034815177519
C           -1.60534761185118        0.19376944102712        1.11360813940679
O           -1.93461804134209        1.28732378803451        0.28649409606818
C           -2.35717989010868        0.91568069643934       -1.02212336016260
C           -2.67731478602119        2.21765963076092       -1.77325741619766
O           -2.99384998988767        1.98269170213287       -3.12435600793896
C           -3.57501871006448       -0.02181444225114       -0.97469220735765
O           -3.90810585569703       -0.50766227865926       -2.25019321351895
C           -3.25907319771876       -1.22922640429550       -0.08284602915781
O           -4.38543508673428       -2.05247930321537        0.08918002239141
C           -2.82315034597019       -0.72565727876598        1.29517696838574
O           -2.49938844573323       -1.76477321630194        2.16546079642498
C            1.14461049773442        1.27636644244735        0.76480579793793
O            0.52008738400043        2.36997755644278        0.13358181998008
C            2.64695638004417        1.52309644733478        0.51547620925434
O            3.06070041078208        2.64050785087848        1.24913497809500
H            5.58145868485365       -1.34870205929368        0.58772195102660
H            5.83412725653115       -0.28326842470566        1.99851283039676
H            6.72084214086518        0.02018867396897        0.47803632390996
H            3.53948470367897        0.25637710558681        2.02680390781721
H            1.63612365622825       -1.15835161505138        1.86053506663929
H            1.41806507521403       -2.52041554504291       -0.87146457449340
H            0.39308943793431       -2.84551815859005        0.55959851384198
H            3.17854362481542       -3.15509629905736        0.55937124071553
H            0.74581254008798       -0.07466975468598       -0.86808050189083
H           -1.35297046245186        0.65677923345212        2.08135659306462
H           -1.54319429181845        0.38221214630226       -1.53861776838909
H           -1.83113772008698        2.90675704930380       -1.67181689667982
H           -3.55920226250009        2.68423449692864       -1.32817797413366
H           -2.19249369225931        1.73722522976466       -3.60190764875463
H           -4.42737616849283        0.52313711844989       -0.53428791213126
H           -3.98159340939422        0.25172050633396       -2.84990421571416
H           -2.43317245984229       -1.80143687431716       -0.53241091882428
H           -4.75308757921811       -2.21860192000608       -0.78740602348287
H           -3.64087303421320       -0.11297145493268        1.71353883649450
H           -3.15016276376823       -2.46515697430737        2.02088923775357
H            0.96692728147739        1.30454864216763        1.85257064806694
H           -0.44267914958014        2.27068725464683        0.22295267933946
H            2.79175080680858        1.68738675610725       -0.56258157724130
H            2.48762942461438        3.37497227410261        0.99233833832908
48
 energy: -84.809672527048 xtb: 6.7.1 (edcfbbe)
C            5.77224128629339       -0.36831493712889        0.96433049704314
O            4.80582625801243        0.56676910848186        0.52629598403996
C            3.52667805532350        0.31499019098668        0.97224731403164
O            3.01937873790249       -0.81211586587605        0.28676501002535
C            1.69728742191244       -1.13202760750097        0.64607749917690
C            1.36087394122129       -2.45329538314593       -0.05814823038303
O            2.25648184323985       -3.46563772825413        0.29999225484323
C            0.70452621505476       -0.01876976804404        0.25764927689922
O           -0.55519160397151       -0.53148853984197        0.69728406421821
C           -1.60014357852084        0.29327360479011        1.10313537322515
O           -1.91838187335423        1.31505714826448        0.18462601198099
C           -2.35098400451027        0.84321152184190       -1.08625953322923
C           -2.66504311487793        2.08561959102578       -1.93424080226347
O           -2.99837123714805        1.75120103515302       -3.25984309353366
C           -3.57644675325587       -0.07657730871948       -0.95771049148116
O           -3.92608262656439       -0.65540500694305       -2.18920714352894
C           -3.26030875803353       -1.21430853370863        0.02115577407851
O           -4.38770995342109       -2.01919199646339        0.25911206436474
C           -2.81898647744800       -0.60767068343235        1.35509311931943
O           -2.49385301821642       -1.57691841272076        2.30208185965973
C            1.16439631015860        1.30280284846748        0.89207561268444
O            0.55467327025414        2.44616192484924        0.33730653224799
C            2.67205631541034        1.54899645285731        0.67630878284212
O            3.09879512323780        2.58338709746058        1.51638491901141
H            5.56934973958404       -1.36474138230156        0.56271057572581
H            5.79821666102795       -0.41678902489972        2.05840995641275
H            6.72672955258576       -0.00709941426145        0.58916101181834
H            3.51079719009831        0.11638461661243        2.06485071798501
H            1.62779593772906       -1.27626983956719        1.73578906871087
H            1.38170515581522       -2.28414408685382       -1.14453771016148
H            0.36545531186198       -2.77792388530201        0.24450844725599
H            3.14662772829290       -3.11220526795872        0.17782423756623
H            0.69336998908973        0.10553398643777       -0.83594583912724
H           -1.35345698550534        0.83179850805980        2.03185301496422
H           -1.54616970221048        0.26190196291933       -1.56431037302907
H           -1.81101682029355        2.77115119220123       -1.89246878653141
H           -3.53713625004133        2.59500468465766       -1.51800767816347
H           -2.20656737739197        1.45512926260523       -3.72453537348378
H           -4.41997100482963        0.50787309843013       -0.55231525353648
H           -3.99943500756108        0.05708837466258       -2.84406451227298
H           -2.43741422692345       -1.82097579583092       -0.38694269417365
H           -4.76170526460151       -2.24638830706469       -0.60114123905597
H           -3.63531356492500        0.03587866383793        1.72737706564735
H           -3.14415715389615       -2.28679652713541        2.21289216159431
H            0.97926926113991        1.25259875629602        1.97825273056708
H           -0.40740669599083        2.31764861117964        0.31169260721996
H            2.82898828154200        1.81216899722539       -0.38015099811466
H            2.54973033688173        3.35342176091952        1.32006733664722
48
 energy: -84.810223540195 xtb: 6.7.1 (edcfbbe)
C            5.75989864850741       -0.41405862641751        0.94360934126699
O            4.80612061917336        0.56615702028618        0.58354167872044
C            3.52341919155489        0.29568811569583        1.00713976771972
O            2.99799449674075       -0.75579854721344        0.22082579377049
C            1.67804917647172       -1.10042371346486        0.56437164259510
C            1.31635682123645       -2.33525976440375       -0.27112986603315
O            2.20113977876534       -3.39105657939193       -0.03318057036260
C            0.69292889815809        0.05597981881769        0.31448967994305
O           -0.55309381449483       -0.46792248070894        0.77166810420831
C           -1.60816267314535        0.38142106549050        1.09870966684988
O           -1.90311133826793        1.32968274430640        0.09773011271148
C           -2.33011889421551        0.76938876267737       -1.13792904757017
C           -2.63735114790582        1.95148527969383       -2.07046122660065
O           -2.96756846155689        1.52950115829582       -3.37140136749656
C           -3.55885437339679       -0.13690617347549       -0.95569276469514
O           -3.89742479206872       -0.80133930593844       -2.14633811143401
C           -3.25344763973379       -1.20202219954357        0.10436640487788
O           -4.38174150246660       -1.99181751420591        0.38401402474628
C           -2.83134562299134       -0.49935984794588        1.39636316198208
O           -2.52066343836680       -1.39629572424367        2.41685591716308
C            1.17846589828058        1.32147671328477        1.03442278386265
O            0.57100346115379        2.50539834276495        0.56375152068542
C            2.68753175299951        1.56484245611802        0.82649092434120
O            3.13898642388584        2.51693568976269        1.74702038142007
H            5.54131310144547       -1.37344003351897        0.46685053157349
H            5.78848046634949       -0.54763040638967        2.03053663869620
H            6.71847804915939       -0.03864739939212        0.59366633810860
H            3.50415268104193       -0.00273209301889        2.07643748737092
H            1.62243432396291       -1.35903764997152        1.63358143513481
H            1.32776899871049       -2.05299707496048       -1.33415784638071
H            0.32009359267701       -2.67837839478273        0.00784691480172
H            3.09494539571367       -3.03798023801391       -0.12602006545445
H            0.64296344113194        0.27270257225390       -0.76423754839982
H           -1.37879815901849        0.98462210694195        1.99101434542546
H           -1.52519223502853        0.15339169875908       -1.57079030173778
H           -1.78189504730598        2.63643306043371       -2.07149381227573
H           -3.50902488528194        2.49041327441453       -1.69243145267293
H           -2.17638470012239        1.19699982957248       -3.81177189706697
H           -4.40524423341183        0.47555243592912       -0.60105394973279
H           -3.97038290469734       -0.13620905448338       -2.84918391452820
H           -2.42381629215523       -1.83323052183752       -0.24929916774109
H           -4.74423155013439       -2.27962213373082       -0.46294270246690
H           -3.65305881215625        0.16882558031140        1.70868417772056
H           -3.16719937344662       -2.11344043894450        2.36744031559347
H            0.99834495532114        1.19804508814349        2.11575719436978
H           -0.37568511795430        2.35640640020806        0.41944663934408
H            2.84053681820316        1.91406199747782       -0.20539397542321
H            2.60238688384102        3.31019240176726        1.62175781404024
48
 energy: -84.810270621698 xtb: 6.7.1 (edcfbbe)
C            5.73997248947176       -0.45693354013204        0.89396333881613
O            4.79994910395170        0.56500685834722        0.62535866107346
C            3.51537578730706        0.27972124329180        1.03271144496117
O            2.96761629064449       -0.68808545410697        0.15774892286923
C            1.65003191715166       -1.05473193286917        0.48742947441603
C            1.25877453433175       -2.18829777918568       -0.46903800456403
O            2.12953839145164       -3.27574468021577       -0.35830603508300
C            0.67674470778697        0.13105970161894        0.38153299284813
O           -0.55654126031830       -0.40457697145090        0.85303167430622
C           -1.62286653778575        0.46106798630357        1.09889844835281
O           -1.88921527006629        1.33281063098828        0.02414915959427
C           -2.29779274623889        0.68514597317752       -1.17421525673112
C           -2.58181021505469        1.79784111791563       -2.19523803995119
O           -2.88897785248984        1.28538654697237       -3.46883647977496
C           -3.53432141046926       -0.20110924573550       -0.95139679575431
O           -3.85388348657383       -0.94717122603942       -2.09815216405165
C           -3.25272815570164       -1.18942821660981        0.18639762111191
O           -4.38862443596122       -1.95520939856589        0.49978221728898
C           -2.85285156458643       -0.39725226173642        1.43242928632214
O           -2.56316641065001       -1.21962867711376        2.51993466686667
C            1.19018409007779        1.33700318960289        1.17645989389610
O            0.58357446239193        2.55414836353814        0.78898620134868
C            2.70061131394855        1.57438798232330        0.97199950420358
O            3.18025240417715        2.43672523126257        1.96403005055627
H            5.50216053417049       -1.36956738175083        0.34070981712047
H            5.77445808798024       -0.68134524911528        1.96561243848709
H            6.70197828881068       -0.06882421310752        0.56817310719681
H            3.49644960535704       -0.11387969897283        2.07049616259841
H            1.61008591291272       -1.42582814799405        1.52376994738803
H            1.26108387255628       -1.79453446819651       -1.49643400303799
H            0.26106739904996       -2.54630527492548       -0.21429369473042
H            3.02768842107666       -2.92773777156670       -0.42477293722408
H            0.58787480026857        0.43605739576138       -0.67364627310110
H           -1.41474487713080        1.12224452624717        1.95413447094311
H           -1.48954844259393        0.03469781949294       -1.54719945538672
H           -1.72357819734135        2.47857212416557       -2.22857992708325
H           -3.45778369732051        2.36554362644241       -1.87365443039390
H           -2.09263292379820        0.91377715767603       -3.86664924537517
H           -4.38423913306621        0.43756220925115       -0.65672521001432
H           -3.91156347072164       -0.33356718493255       -2.84763216169444
H           -2.41885899652415       -1.84579814982676       -0.10608012582283
H           -4.73617002226559       -2.30133663076564       -0.33147176463360
H           -3.67945380867959        0.29144323773235        1.68098484361316
H           -3.21202948458374       -1.93629289701404        2.51085577837147
H            1.01485179066004        1.14721085331146        2.24878051809701
H           -0.33328535970435        2.40156359634963        0.52165827035248
H            2.84909657842810        2.00710630289241       -0.02859368774159
H            2.65724383539510        3.24710047323704        1.91437795298772
48
 energy: -84.809780609346 xtb: 6.7.1 (edcfbbe)
C            5.71852197395116       -0.48132365243744        0.79117978008140
O            4.78738861908572        0.57030880242230        0.62577382667116
C            3.50854105458052        0.27063014259816        1.03869595212661
O            2.92395462186551       -0.60924434732903        0.09547630949900
C            1.61067709260095       -0.99325235281173        0.42386812756004
C            1.17847437116826       -2.01126894201632       -0.63927315215113
O            2.03405394819193       -3.11504855857462       -0.67117948427979
C            0.65423789930640        0.20878665769046        0.47023184985735
O           -0.57083097626649       -0.33789425420176        0.94168028909216
C           -1.65009612230249        0.53793932111076        1.09757193462263
O           -1.87428175124249        1.32656451017786       -0.04764812365291
C           -2.25199856706312        0.58665704266740       -1.20231463150620
C           -2.48853426076739        1.61278395354076       -2.32116858067269
O           -2.75834606802148        0.99997453642554       -3.55821666965414
C           -3.50531526782889       -0.26744033877348       -0.94974951634996
O           -3.80407612165869       -1.09430665078741       -2.04568967870975
C           -3.26561317311306       -1.17184913099256        0.26454098360962
O           -4.41834029863375       -1.90147488828996        0.60206744984081
C           -2.88979017228189       -0.29370855389790        1.45865714714490
O           -2.62773366924276       -1.03730413757835        2.60865662740609
C            1.20762636355983        1.32702504969095        1.35667994433498
O            0.57153213482525        2.57558729847079        1.14110821593131
C            2.71047354797733        1.57550352277346        1.11095113457517
O            3.23490100975755        2.35292045561505        2.14899002176639
H            5.46264654942512       -1.33991185299245        0.16416489889650
H            5.76438099488933       -0.79858278778023        1.83863836922463
H            6.68082364671866       -0.07681133271909        0.48698159337030
H            3.50662548423391       -0.21261557591657        2.03780872731405
H            1.59300034637824       -1.47256328661037        1.41520995925854
H            1.16355104687609       -1.50695133883962       -1.61765210958463
H            0.18144425883859       -2.38298699622915       -0.40121696450869
H            2.93593119307161       -2.77353513301013       -0.71899194769307
H            0.53468419943987        0.61253266376463       -0.54854646959318
H           -1.46621069015581        1.25636261384386        1.91003061803138
H           -1.44003739063322       -0.10075710786981       -1.49361284345002
H           -1.62158379153736        2.28081151833221       -2.38211499920612
H           -3.36760504250845        2.21380554990938       -2.07869410836546
H           -1.95808699545785        0.57398985735093       -3.88795592565591
H           -4.35458651640891        0.40031736927958       -0.72642535979462
H           -3.83084950867247       -0.53968892601128       -2.84141769964259
H           -2.43217431896690       -1.85634670531513        0.04405615939114
H           -4.74995545730663       -2.30099915101555       -0.21156704876633
H           -3.71953355844062        0.41229075819395        1.63875242248608
H           -3.28573014274269       -1.74483305071606        2.64141768545398
H            1.07519350677764        1.03441593845982        2.41063089434908
H           -0.22244299810527        2.46022398602247        0.60519941953547
H            2.82833239661540        2.08560527599189        0.14244285256602
H            2.68675345288626        3.14565992097757        2.21545331817471
48
 energy: -84.811207142493 xtb: 6.7.1 (edcfbbe)
C            5.69670334240902       -0.41232484007774        0.51385895667644
O            4.74285830824671        0.63210437701701        0.51604411034131
C            3.50736963477692        0.27679474634575        1.00940519478427
O            2.85030135411559       -0.52298073129303        0.04308295579020
C            1.55403853401610       -0.92924049571706        0.41959658214443
C            1.06395684845685       -1.87135466164945       -0.68737218746227
O            1.90726585500518       -2.97535564138183       -0.83431325164863
C            0.61639656255495        0.27473791800867        0.60044075346666
O           -0.61801646952369       -0.26183893511621        1.03894132453675
C           -1.70783076344212        0.62394070293441        1.06246783151776
O           -1.86856604136141        1.30775259037223       -0.15453326068269
C           -2.20491242387437        0.47282135220808       -1.25514018160142
C           -2.38357371480683        1.39817095969100       -2.46825013553476
O           -2.61364155695622        0.68434932090582       -3.65874941765086
C           -3.47740836589773       -0.34757765188814       -0.98467106020630
O           -3.74370294281999       -1.26203147052235       -2.01861008164602
C           -3.29512069325944       -1.14775449469583        0.30922713432690
O           -4.46571544365168       -1.84504583506137        0.65670909562748
C           -2.96361585739445       -0.17386412964689        1.44043646417573
O           -2.75546683740020       -0.82305691685383        2.65752289572095
C            1.23733905340005        1.24427203338088        1.61810839986245
O            0.53916747828583        2.46284268433315        1.74819321703084
C            2.70713592509893        1.55643275181713        1.27473870614417
O            3.30182883992245        2.24416009657222        2.33865481117890
H            5.39316320056393       -1.22508788121342       -0.15168523237921
H            5.84254012189185       -0.80698300103719        1.52518126402382
H            6.62229752581517        0.03133654554807        0.15526242271440
H            3.59653754361799       -0.29432964254314        1.95669809678422
H            1.58959155803261       -1.47715873084966        1.37341996663976
H            1.00874869077601       -1.30164116881534       -1.62788330430709
H            0.07628694786380       -2.25326874512199       -0.42748254928604
H            2.80927973288452       -2.63754639265610       -0.90103985069774
H            0.49426392512056        0.80024093869135       -0.35950416413774
H           -1.54648113827124        1.41566547996505        1.80666117167698
H           -1.38789060480120       -0.24232002899043       -1.45167265843057
H           -1.50468331926413        2.04798545996652       -2.55292510483866
H           -3.26185866134001        2.02877892398383       -2.31484012466037
H           -1.81562385215833        0.19901810013262       -3.90047195636559
H           -4.32711790462722        0.34336055677870       -0.85241003564012
H           -3.73965480933671       -0.77478541736653       -2.85743725532773
H           -2.45784216826517       -1.85097476708318        0.18213330332011
H           -4.76616323325910       -2.30637662741373       -0.13606521826788
H           -3.79694508326015        0.54540287991404        1.52740267240442
H           -3.42102154837881       -1.52154779706091        2.71828460361459
H            1.19454847304085        0.78310909158271        2.61193401943671
H            0.36139998686844        2.82768646308432        0.87237721176615
H            2.74688194246444        2.16172623714899        0.35265726242249
H            2.66294890018325        2.90175349582083        2.64909776014536
48
 energy: -84.811089527896 xtb: 6.7.1 (edcfbbe)
C            5.67129436748975       -0.41696646731469        0.41390132214705
O            4.73335674395108        0.63622378332081        0.52169566692192
C            3.50446272473125        0.26007229997036        1.01706866447681
O            2.81063546130662       -0.44625175417979        0.00508237762827
C            1.51511239590040       -0.86355902258161        0.37663311210249
C            0.99842584122230       -1.71641875162900       -0.78777179867838
O            1.83271384122897       -2.81011520174988       -1.03122333096511
C            0.60714667124399        0.34005496771107        0.67386586110775
O           -0.63573179578153       -0.18193507810749        1.10716369094078
C           -1.73279615935025        0.69257115528104        1.02547233079725
O           -1.86382412636289        1.29161034705213       -0.23750325719388
C           -2.18232660192763        0.39298914510505       -1.29234778910330
C           -2.34824442211304        1.24601451065742       -2.55926979094964
O           -2.55214245651935        0.46155159472715       -3.70953796997275
C           -3.45395620924119       -0.41913324873724       -0.99503506540354
O           -3.68916398053742       -1.40102934980231       -1.97329985324199
C           -3.29552723572827       -1.13199491213340        0.35183436824768
O           -4.46999593396281       -1.81342661730159        0.71765630312476
C           -2.99612440981863       -0.08318061619860        1.42337647810200
O           -2.82190932118090       -0.64771496951092        2.68667700893019
C            1.26616670003715        1.22047574465511        1.74779358825818
O            0.58939672304636        2.43747409914446        1.96971764728348
C            2.73692377351346        1.52736161235202        1.40870452603496
O            3.36736787731136        2.10478040479021        2.51687127640417
H            5.33327474791974       -1.17835136859737       -0.29447561689845
H            5.84660565335014       -0.88179619071126        1.39016949063813
H            6.58995522855259        0.03939417588806        0.05344650247897
H            3.60710989975917       -0.38863949530780        1.91134167519773
H            1.56442566160190       -1.48359200131676        1.28530494145789
H            0.93358734699807       -1.07743606903755       -1.68228296656523
H            0.01362014545298       -2.11429350328086       -0.54030600355407
H            2.73617863530692       -2.47274366368649       -1.07878136460942
H            0.47378044924960        0.93610354466740       -0.24227457294716
H           -1.59676235488136        1.53591166181103        1.71779059297227
H           -1.35866736970325       -0.32500281939851       -1.43734871792907
H           -1.47304208020908        1.89733161262832       -2.66634390965473
H           -3.23413540594512        1.87646528142175       -2.45799431966138
H           -1.74492868183449       -0.02679082817076       -3.91134829709704
H           -4.31251805331237        0.27009479064125       -0.92682386593893
H           -3.67505425030339       -0.96817373582613       -2.84128502321589
H           -2.45151989258847       -1.83590583976016        0.29052494325516
H           -4.74834428534057       -2.32884596040183       -0.04933093355345
H           -3.83257448443854        0.63769429040002        1.43813619829868
H           -3.48964036545991       -1.34116032221595        2.77610793289210
H            1.22047775956163        0.69179763331179        2.70672515293536
H            0.47607227475420        2.89736140407143        1.12826441915125
H            2.77640321193137        2.20994397302374        0.54194263234615
H            2.75443258995811        2.75117745268437        2.89479690882983
48
 energy: -84.809942639118 xtb: 6.7.1 (edcfbbe)
C            5.65227864669452       -0.42669344657614        0.34544201787712
O            4.73749846068020        0.63249998636667        0.54961455420171
C            3.50853415726252        0.24338123155875        1.03466580885457
O            2.78679727868283       -0.37128918237516       -0.01671740816973
C            1.49007000487548       -0.79962668539332        0.34283102769388
C            0.96155545231865       -1.57484038883953       -0.86806560139102
O            1.80340214031319       -2.64141371883098       -1.19491469548621
C            0.61051014128782        0.39700342859018        0.73988046816460
O           -0.64678557227216       -0.10076592200851        1.16235414560466
C           -1.74505896354415        0.75442527918966        0.96796257751731
O           -1.84350402439297        1.26341950911521       -0.33479178200124
C           -2.17713575009539        0.31690579606875       -1.34169784148450
C           -2.34796261457673        1.10976399993151       -2.64692717067251
O           -2.55558965146326        0.26988836820790       -3.75680864149543
C           -3.44920923220368       -0.47721715968087       -1.00237550809929
O           -3.67708138147892       -1.51330179504664       -1.92511242420761
C           -3.29487275092628       -1.11042668769067        0.38379653364529
O           -4.46562402809704       -1.78148361134409        0.77926760316988
C           -3.01573555339374        0.00406878313791        1.39238668523030
O           -2.86523267112647       -0.47825522089268        2.69181840497184
C            1.29971831241211        1.18933048125310        1.86249032445048
O            0.64237266875082        2.39771508420688        2.16944604819897
C            2.77251604618382        1.49218685463601        1.53213569576293
O            3.42706494742543        1.97031819938027        2.67364957398953
H            5.29203138624719       -1.12095590641305       -0.41892649657274
H            5.82799371665221       -0.97335360776332        1.27832657486247
H            6.57646997684606        0.03946574687844        0.01261151861552
H            3.61082115504229       -0.47319862992368        1.87563240136166
H            1.54724436045534       -1.48005959669651        1.20742755832953
H            0.88101700373017       -0.87806159004713       -1.71697808952438
H           -0.01424964652418       -2.00221219332816       -0.63407177517709
H            2.70369838198531       -2.29295711695156       -1.22087387369680
H            0.47916476653789        1.05382861436107       -0.13418503804663
H           -1.63357895617688        1.64918474740799        1.59931871490145
H           -1.35895838537498       -0.40941862641996       -1.46113911027127
H           -1.47265342032989        1.75424586041428       -2.78736894128172
H           -3.23335378569388        1.74477074903068       -2.57365001857532
H           -1.74750335399060       -0.22478673894974       -3.93898301883986
H           -4.31031214751949        0.21175416610018       -0.97761753001467
H           -3.66258452622426       -1.12837898808920       -2.81544208746452
H           -2.44323619932264       -1.80775489301772        0.37165557147179
H           -4.73488181511360       -2.33953628963670        0.03925207346634
H           -3.85291299598755        0.72302683894769        1.34606691717723
H           -3.52779016876620       -1.17249179633420        2.80964247059594
H            1.24873378194732        0.59855280626453        2.78401130054748
H            0.56845806582152        2.93161057543334        1.36795903244272
H            2.81821580809524        2.23807611020066        0.71926689109850
H            2.82963778169113        2.59305426938193        3.11121572854175
48
 energy: -84.807698211794 xtb: 6.7.1 (edcfbbe)
C            5.64714895190833       -0.42605091401122        0.29679392104740
O            4.75460342240598        0.63038837069566        0.59251573522333
C            3.52343106499076        0.22735359539957        1.06053747032524
O            2.78159098314904       -0.29726103294396       -0.02481748879352
C            1.48320577102184       -0.73792967922825        0.31784887432098
C            0.94786001222861       -1.43967742144849       -0.93248139967422
O            1.80484734277487       -2.46500323704507       -1.34312604993265
C            0.62793847905708        0.44560961929015        0.80194846358602
O           -0.64789477261641       -0.02161300392765        1.20596107234790
C           -1.74134321349764        0.80266906803096        0.89168210843961
O           -1.80339855939684        1.21188292685453       -0.44662935995587
C           -2.18772389531133        0.23162876146910       -1.40210526822517
C           -2.37034851685105        0.97386595707279       -2.73577198828776
O           -2.60926199737399        0.09042742586079       -3.80491769491948
C           -3.46779063603018       -0.52200896060062       -1.00744089049931
O           -3.71735913334906       -1.60124954391054       -1.87345753041806
C           -3.30548129707072       -1.08156210900395        0.40852529723142
O           -4.47367515479330       -1.72985551510333        0.84683292652975
C           -3.02275696220767        0.08952418528330        1.34931624256279
O           -2.88893147961637       -0.31247934174496        2.67705690103259
C            1.33690699119787        1.14800300707911        1.97092304281775
O            0.69707063502644        2.34112007469165        2.35924030665031
C            2.81339511738130        1.44808159188205        1.65537028642490
O            3.48291542984632        1.82645412365830        2.82536785251001
H            5.27093278486059       -1.04685889357842       -0.52113247034319
H            5.81429696440655       -1.05206809332360        1.17996040884600
H            6.57973859519890        0.04756574650332       -0.00018904218397
H            3.62126930939312       -0.55033175577425        1.84604974639136
H            1.54581745164121       -1.47088122529199        1.13889500012103
H            0.83874927453714       -0.69024714515259       -1.73162261771828
H           -0.01274559262913       -1.90540056813463       -0.70864339986027
H            2.69892512235885       -2.09951664032783       -1.34853617580408
H            0.51236524361647        1.15786732714216       -0.03028287083005
H           -1.65072831537924        1.74918657183780        1.44968461469032
H           -1.39279740111031       -0.51877942465682       -1.51426895245915
H           -1.48824015746911        1.59820356007410       -2.91708609163975
H           -3.24514303900985        1.62461664032368       -2.67480624854361
H           -1.80833714546135       -0.41659022595314       -3.98496956206855
H           -4.32065507032596        0.17744089649109       -1.01098826864716
H           -3.70815434080218       -1.26180344360235       -2.78219817869824
H           -2.45347280677738       -1.77832872683056        0.43045342987284
H           -4.75093052401739       -2.32209836386582        0.13685376714806
H           -3.85366993937025        0.81097787007214        1.25151128504906
H           -3.55204309047262       -0.99988230542115        2.82783363913784
H            1.27795678177450        0.49772879773990        2.85074033247203
H            0.63944832858108        2.93261497588185        1.59789568484086
H            2.86917611885187        2.25209132645396        0.90065565816188
H            2.90328971219778        2.43217283899721        3.30849865477592
48
 energy: -84.804672371107 xtb: 6.7.1 (edcfbbe)
C            5.65799069673137       -0.40625985122910        0.26323141133828
O            4.78059389690615        0.63565026080571        0.64391255743306
C            3.54674088499147        0.21396498166984        1.08723393829365
O            2.79104822696953       -0.21526090362818       -0.03002666891908
C            1.49187893848755       -0.67355572439861        0.28953208870539
C            0.94964341284238       -1.29134092411950       -1.00054394831368
O            1.83673126799409       -2.23867203494883       -1.52098729793938
C            0.65458273428961        0.48687802615374        0.85654911725971
O           -0.64074191411261        0.05373194770783        1.23791075206247
C           -1.72209191183857        0.83419977570841        0.80052619311916
O           -1.74219865293105        1.12489346632239       -0.56955243065765
C           -2.20733008239718        0.11964577381314       -1.46208839159694
C           -2.38269564483216        0.80285042010138       -2.82828249362184
O           -2.67130574347089       -0.12407698493751       -3.84729692362543
C           -3.51375595495754       -0.54668047877934       -1.00552765297345
O           -3.82985259090072       -1.65577926419025       -1.80982994813234
C           -3.34343249635364       -1.03622489717392        0.43452994372297
O           -4.52015605332234       -1.62852078771095        0.92542422973871
C           -3.01922560376513        0.17937467411093        1.30222237671591
O           -2.88785754410052       -0.14637114772791        2.65064037070244
C            1.37565606593095        1.08789519569736        2.07418456723698
O            0.75045144000015        2.25400387697517        2.55339060289206
C            2.85575586179331        1.39290854087357        1.78002061600907
O            3.53255752631612        1.66634955327993        2.97504112469705
H            5.27610318412731       -0.95049024918708       -0.60505015761201
H            5.81155799605994       -1.10675868802483        1.09112215550879
H            6.59913055201268        0.07575729392788        0.01004370923481
H            3.63850630272056       -0.62393591212860        1.80909229438240
H            1.55964104383731       -1.45820772255974        1.06126583675196
H            0.77919811607462       -0.48466327281806       -1.72947969251684
H            0.02046002399075       -1.82077097602163       -0.78606863978106
H            2.71597164545806       -1.83857845518365       -1.50271467764132
H            0.56575971822812        1.25622921886394        0.07323556530842
H           -1.64298240454709        1.83279016564771        1.26605152224980
H           -1.46195265041950       -0.68092266792674       -1.55865325948061
H           -1.48016335563225        1.38220474883898       -3.05216916992038
H           -3.23112363711745        1.48926404109176       -2.78931227289369
H           -1.89129268481878       -0.66727572560448       -4.01350941757602
H           -4.33433565576062        0.18994964699690       -1.03034009633584
H           -3.81144884199490       -1.36610303074089       -2.73572273113487
H           -2.50899593925540       -1.75287927913492        0.48231536084116
H           -4.83096944594698       -2.24203246550312        0.24804817828010
H           -3.83317609314726        0.91441003016399        1.16693043593415
H           -3.56538158631503       -0.80857041631544        2.84417964096059
H            1.30882207458223        0.37309146940145        2.90165293447309
H            0.68663417350944        2.89801464914957        1.83674255302925
H            2.92158938558513        2.25414647261711        1.09239580581283
H            2.96545816749509        2.24572530834374        3.50321116521787
