48
 energy: -84.804454553674 xtb: 6.7.1 (edcfbbe)
C            5.47677000000000        1.24963900000000        0.58684400000000
O            4.88919200000000       -0.02005200000000        0.38254100000000
C            3.65779700000000        0.01388200000000       -0.23150200000000
O            2.72319000000000        0.52324500000000        0.70271500000000
C            1.36031900000000        0.61978400000000        0.33506200000000
C            0.72274300000000        1.16138700000000        1.63451800000000
O           -0.18502700000000        2.22325800000000        1.45813000000000
C            0.81875200000000       -0.74222300000000       -0.15700700000000
O           -0.37457600000000       -0.68562400000000       -0.93714300000000
C           -1.52189000000000       -1.35936300000000       -0.47212300000000
O           -1.78769300000000       -1.20468300000000        0.88336700000000
C           -2.34221300000000        0.07547900000000        1.19605600000000
C           -2.57215100000000        0.15853200000000        2.70852800000000
O           -2.72025400000000        1.49750900000000        3.11605800000000
C           -3.62787700000000        0.36563400000000        0.41097500000000
O           -4.14792300000000        1.63863000000000        0.70618300000000
C           -3.28091100000000        0.33325300000000       -1.08158000000000
O           -4.41004600000000        0.53874900000000       -1.89435900000000
C           -2.70623100000000       -1.04472000000000       -1.39624800000000
O           -2.28870000000000       -1.16968400000000       -2.72470800000000
C            1.82852200000000       -1.34627500000000       -1.16364500000000
O            1.45151200000000       -2.64878200000000       -1.53595700000000
C            3.26420700000000       -1.40269600000000       -0.64701500000000
O            4.12604800000000       -1.83946700000000       -1.65860300000000
H            4.87211200000000        1.85936600000000        1.26359400000000
H            5.60126100000000        1.77765100000000       -0.36542500000000
H            6.45052500000000        1.05915300000000        1.03122100000000
H            3.67512200000000        0.66341800000000       -1.13246600000000
H            1.23430000000000        1.34618900000000       -0.48681800000000
H            1.55503800000000        1.47434000000000        2.27623500000000
H            0.18246700000000        0.36399300000000        2.14465900000000
H            0.27935500000000        2.97165400000000        1.06571600000000
H            0.68755400000000       -1.42286700000000        0.69162900000000
H           -1.32699200000000       -2.44861400000000       -0.55287300000000
H           -1.63368800000000        0.85958400000000        0.90458300000000
H           -1.73759200000000       -0.32959600000000        3.22670800000000
H           -3.49421000000000       -0.35667500000000        2.98803500000000
H           -1.92606000000000        1.98377000000000        2.84784300000000
H           -4.38159600000000       -0.41217700000000        0.62271000000000
H           -3.99200000000000        1.82541800000000        1.64642100000000
H           -2.52234200000000        1.10493700000000       -1.28795200000000
H           -4.90188900000000        1.27389300000000       -1.50781100000000
H           -3.49296100000000       -1.78764900000000       -1.17578000000000
H           -2.96288200000000       -0.73929800000000       -3.26736500000000
H            1.81471300000000       -0.69211200000000       -2.05161400000000
H            0.58305200000000       -2.58967900000000       -1.95361200000000
H            3.32524400000000       -2.05484400000000        0.23576700000000
H            3.75790600000000       -2.66527100000000       -2.00101100000000
48
 energy: -84.805068519152 xtb: 6.7.1 (edcfbbe)
C            5.40801993369620        1.34640409706797        0.56401273253909
O            4.87578009793885        0.06947786539517        0.27283158990798
C            3.62273366107288        0.08744611198247       -0.29900977834274
O            2.70295094191127        0.48678797945831        0.70012300562078
C            1.31580039218614        0.50594458159196        0.41759815227813
C            0.71199062898194        0.87061491171890        1.79363817204558
O           -0.01435847592019        2.07879873038573        1.80743741506797
C            0.83424169120643       -0.84720742349460       -0.15105906563677
O           -0.38255183900912       -0.83021576649791       -0.89331514947756
C           -1.54623711519129       -1.41597399055853       -0.36095856975962
O           -1.80117521529893       -1.13628120988288        0.97710916687262
C           -2.34372445648426        0.17028209491767        1.19205940063768
C           -2.63878904322756        0.33727594532833        2.68899609282928
O           -2.72010246240820        1.69887007472699        3.03019054157803
C           -3.59539856243393        0.45133180822351        0.35187091864701
O           -4.05246784722716        1.76806359889361        0.54042534192510
C           -3.23163511213973        0.28114186680907       -1.12645700865825
O           -4.34081697841157        0.46704387562110       -1.97059338552421
C           -2.71886995561985       -1.14374051137485       -1.31196577928531
O           -2.30683386231415       -1.40816697907332       -2.62143898229088
C            1.82772076118503       -1.31665867631546       -1.24210259962388
O            1.50635931625737       -2.61051758913436       -1.68504353013074
C            3.28776407946932       -1.31735873985207       -0.79828280166947
O            4.12126732643360       -1.62700350990321       -1.87838184014482
H            4.79423120819934        1.87039225999554        1.30155637069589
H            5.48222877650903        1.95350529880735       -0.34528614736183
H            6.40109909765028        1.16891607355919        0.96948570431274
H            3.57957944037853        0.79588173558417       -1.15316720383736
H            1.08509921710918        1.28650480526590       -0.32728437005317
H            1.55061877867430        0.92100267649094        2.49749837542946
H            0.03357986939607        0.08720889818380        2.12665666390064
H            0.58733342991680        2.80304841845476        1.60031009324557
H            0.78383440590139       -1.59378429417847        0.65050389786263
H           -1.38508393092148       -2.51430893577918       -0.34553113216571
H           -1.60873270813470        0.92834133606281        0.89107240357497
H           -1.86551630517441       -0.17777917197933        3.27085895178198
H           -3.60499509996072       -0.10713822115117        2.94011061407790
H           -1.86144973230729        2.10420636098568        2.83187383515684
H           -4.39153200217324       -0.26879859090398        0.60820207470267
H           -3.91226840671588        2.01274538896600        1.46991644585261
H           -2.43520039381347        0.99641982874688       -1.38570724542182
H           -4.80023602199431        1.25701363805825       -1.65975318189193
H           -3.53545308317615       -1.82983875178282       -1.02632109941741
H           -2.96136030694205       -1.00026084870153       -3.20413692638258
H            1.72900706029984       -0.60558975268204       -2.07989128090089
H            0.59693647482137       -2.58208726278490       -2.01086123933778
H            3.43244438188937       -2.02531727659309        0.03022218686025
H            3.78416493712199       -2.44664677472125       -2.26453081993365
48
 energy: -84.805955879937 xtb: 6.7.1 (edcfbbe)
C            5.25076778697870        1.57987163742046        0.41214506916136
O            4.81251426389848        0.26588581209324        0.13078643483047
C            3.52828238016142        0.18189752504004       -0.36132327268808
O            2.64413420055644        0.47132970782959        0.70449178449180
C            1.24447445900696        0.35130876404551        0.52418216699373
C            0.71476781814798        0.51540226093929        1.96636948262006
O            0.19139908945275        1.79882433675824        2.22632511397615
C            0.83443752123986       -0.98877097360163       -0.12380840773434
O           -0.39533271687539       -0.98774762702827       -0.84309404700749
C           -1.58755362402361       -1.47655256470937       -0.28078752784143
O           -1.84611391680298       -1.10060885745276        1.03364555887150
C           -2.31865133918089        0.24143256000078        1.18174722603047
C           -2.68269509640348        0.46515540796510        2.65822915672711
O           -2.67232460300922        1.83505972477453        2.97003962544706
C           -3.51043984754510        0.57625223234378        0.27753166881136
O           -3.85174323632452        1.93674084283476        0.38081819652353
C           -3.12652669013118        0.28635122814360       -1.17612347532148
O           -4.19696298309495        0.51061639497911       -2.06007126427693
C           -2.73159845073793       -1.18571718276373       -1.26146542662552
O           -2.33486088665198       -1.56663974558314       -2.54629016955073
C            1.81679241491004       -1.34852105032415       -1.26260254348570
O            1.58235829235666       -2.65426964114225       -1.72383130100898
C            3.28875198216532       -1.23765422460892       -0.87474895902043
O            4.10054954694796       -1.46146197092808       -1.99149310712150
H            4.64744907379263        2.03679435274514        1.20129310258719
H            5.20811347015328        2.20531599124557       -0.48663872337481
H            6.28150989377370        1.48448994704179        0.74479174863383
H            3.36770124150598        0.90134940077262       -1.19162541986056
H            0.87374223577604        1.16464935594339       -0.12262850239883
H            1.55541286983805        0.30083275410643        2.63607965104877
H           -0.07781204448285       -0.20171910243891        2.16800176853748
H            0.90764622160398        2.43828819294118        2.13964361704638
H            0.83805087319111       -1.78690175699980        0.62990060757210
H           -1.48858270745408       -2.57847882985824       -0.19710849541283
H           -1.52274717081688        0.94763791350833        0.90631896950389
H           -1.98835821660055       -0.09653605568885        3.29240673179163
H           -3.69443730547155        0.10368623735416        2.85806944541684
H           -1.75666679277900        2.14371900714015        2.88605871460927
H           -4.37498480508883       -0.05544810364705        0.54579042689791
H           -3.74817682339892        2.20888020349651        1.30731996477469
H           -2.26645665979015        0.91453163403143       -1.45627303266273
H           -4.59308699121547        1.35551969018039       -1.81335623182133
H           -3.60083337154765       -1.78529316309090       -0.93947606220298
H           -2.94689938370510       -1.14009797096709       -3.16119112162622
H            1.62713782006017       -0.62938878541641       -2.07724153101538
H            0.65785499000893       -2.69526125664518       -2.00246938372639
H            3.52314049809028       -1.94439925296447       -0.06573994815651
H            3.81685369838281       -2.30035904700039       -2.37911724855696
48
 energy: -84.806441524987 xtb: 6.7.1 (edcfbbe)
C            5.10024388471551        1.71863216946850        0.39154781346632
O            4.73631659027225        0.39714107983014        0.04732715435594
C            3.43341560340491        0.25264618579336       -0.37613402254743
O            2.59567626265539        0.39736061297004        0.75421073332141
C            1.19780019175732        0.21463182891557        0.61751609322161
C            0.71902938830883        0.25234068713065        2.08367569564219
O            0.34278163245195        1.54663218659670        2.49677922493093
C            0.83365341146693       -1.09954243228166       -0.10463690871878
O           -0.41891058603945       -1.13591439313757       -0.78054240599410
C           -1.62403180343535       -1.54228108811033       -0.18251241782207
O           -1.88174688410748       -1.07144544380204        1.10080621654438
C           -2.27908802250183        0.29992964639791        1.17014677261003
C           -2.68058306243637        0.61296902050641        2.62172299014226
O           -2.55875087688727        1.98746283620074        2.88371473211081
C           -3.41677992461106        0.66524126217987        0.20973073550130
O           -3.64160805039209        2.05361913407593        0.21539232661984
C           -3.03651913038836        0.24395731715074       -1.21222768059770
O           -4.07739920949156        0.48059608172572       -2.12791037856211
C           -2.74857412265708       -1.25577991359202       -1.18739540070253
O           -2.37885512305368       -1.75457369104678       -2.43922272023297
C            1.78076695522787       -1.33045511567320       -1.30427297934182
O            1.60928922717438       -2.62093410483074       -1.82845393157630
C            3.26097600090630       -1.14076891582081       -0.98075230842111
O            4.02306115905370       -1.22676579946541       -2.15018544364864
H            4.52046198084427        2.07857343492403        1.24601261075335
H            4.95524714335939        2.39621192296551       -0.45752152920074
H            6.15483775849854        1.67825389244189        0.65320187447469
H            3.17138494847613        1.01539018573128       -1.13934744646522
H            0.76593026868589        1.05091613422967        0.04131417896301
H            1.54792284144091       -0.12145563865457        2.69579558902491
H           -0.14087594938159       -0.39680588740257        2.23049966085384
H            1.12343057985519        2.11015199529211        2.44545323401297
H            0.91632823379087       -1.94093958449906        0.59774820885567
H           -1.57037979907023       -2.63908315578231       -0.02913466843199
H           -1.43109977796358        0.94484084913302        0.89895985047200
H           -2.06486570917229        0.01803646572597        3.30360859274993
H           -3.72800913428904        0.35037162299574        2.78948017851913
H           -1.61205670442296        2.19565819712123        2.88740311573395
H           -4.33720645222695        0.12820102781659        0.49728273084952
H           -3.55743310828204        2.37320381672953        1.12793162199532
H           -2.12916324407534        0.78547367808464       -1.52197337813013
H           -4.40418506592987        1.37285000691153       -1.95956121238291
H           -3.65591372322273       -1.76947526789514       -0.82558106814711
H           -2.96135456876355       -1.33354335684647       -3.08598823076013
H            1.50502359756068       -0.58169616165473       -2.06621629065831
H            0.67202095456400       -2.71682959690586       -2.04501769959032
H            3.58619880168762       -1.88426861139390       -0.23916319772699
H            3.78358958852310       -2.05873918538583       -2.58002957196463
48
 energy: -84.806027503369 xtb: 6.7.1 (edcfbbe)
C            5.00678438357999        1.77206543268392        0.44023007078610
O            4.67956208949270        0.46492675074730        0.01404693787025
C            3.36725857594427        0.29852169070730       -0.36953330017980
O            2.56865505968322        0.32438013101425        0.79777648737474
C            1.17219452886515        0.11668809145760        0.67900660679980
C            0.72058216762639        0.08348338041826        2.15137103879648
O            0.43451918613333        1.37321999513057        2.64347614395110
C            0.83908052251580       -1.16917639878035       -0.10443475136063
O           -0.43818091972457       -1.25526341374102       -0.72610833572067
C           -1.64598835568719       -1.59063007286038       -0.09043215861908
O           -1.90099013796571       -1.03094012634851        1.15614224133850
C           -2.24744713360908        0.35367352488376        1.15205675067669
C           -2.65700474241304        0.74887281596092        2.58219318244082
O           -2.43613352716653        2.11815023074745        2.80078783733447
C           -3.35487414546161        0.71094502957074        0.15506622509525
O           -3.51200420152927        2.10680969510418        0.07374116170737
C           -2.98191109608255        0.18272281926716       -1.23287138606330
O           -4.00317858458364        0.40796607728224       -2.17311653962880
C           -2.76133255569921       -1.32520620358750       -1.11384739199041
O           -2.41533847774550       -1.91357638101384       -2.33292048771719
C            1.74049311254386       -1.28521834945157       -1.35303003046575
O            1.60314641022496       -2.54894653799773       -1.94671801239272
C            3.22389401016752       -1.05189813263981       -1.07197138834088
O            3.94063046766783       -1.01827865123293       -2.27248961610798
H            4.45083802248370        2.04525593168131        1.34153592193546
H            4.79963753728454        2.50269611729026       -0.34996153810487
H            6.07230215209391        1.75674532105002        0.65605996818196
H            3.04483092900295        1.10465743016654       -1.06214751340383
H            0.71738804489624        0.97089849050994        0.14779432692689
H            1.53559166855765       -0.37556868170017        2.72299431392838
H           -0.17698919394139       -0.51717007538686        2.27679979499108
H            1.24884826798916        1.88811370390301        2.60060636356757
H            1.00463718446780       -2.03900697229224        0.54962125492817
H           -1.62344185696588       -2.67589934263563        0.13117886124267
H           -1.37088987781391        0.95372782289526        0.86892131796350
H           -2.10167029478100        0.13331366488464        3.29631050082688
H           -3.72470567641878        0.57123305203665        2.73369331852457
H           -1.47708151939617        2.24640496380457        2.85750880324859
H           -4.30324455244015        0.23730090330215        0.46265429761365
H           -3.43028558181030        2.47633921896276        0.96646736470092
H           -2.04816063294445        0.66170412604029       -1.56637420679289
H           -4.28773455366535        1.32405690801089       -2.06759359452353
H           -3.68898876136475       -1.77610724542305       -0.72179864424318
H           -2.97902808479208       -1.50624566913771       -3.00473809289131
H            1.40374415808478       -0.50584862786737       -2.05793041328281
H            0.65898954504381       -2.68617073904742       -2.10454740274286
H            3.60874009300648       -1.83363417748622       -0.40159852132158
H            3.72425331741603       -1.83009158879930       -2.75039671731352
48
 energy: -84.804955404062 xtb: 6.7.1 (edcfbbe)
C            4.98436764993945        1.73495432783623        0.55823597049450
O            4.64820166873263        0.47614270164982        0.01065296191575
C            3.32425349172399        0.33900358654542       -0.34315978670143
O            2.56359574554951        0.24332564582090        0.84597190117223
C            1.16434970931659        0.04805348309233        0.73642739099768
C            0.72762598476586       -0.03553523344163        2.20925265789168
O            0.52205613868870        1.24689041153254        2.75771465098879
C            0.84360817007703       -1.20116315061046       -0.10671542181494
O           -0.45798504333118       -1.35318740066360       -0.66185267075631
C           -1.65890642802774       -1.63257948953316        0.01185248882343
O           -1.91339212249411       -0.97920017080427        1.21116520909945
C           -2.22368730852905        0.40888145653994        1.11290107906506
C           -2.61770119671692        0.90905154719967        2.51573374953671
O           -2.26504293632049        2.25672302714617        2.68424663470777
C           -3.32066303048776        0.71986274293437        0.08977982614078
O           -3.43755292892831        2.10964246539844       -0.09917326068390
C           -2.96673152952689        0.07606011404912       -1.25397206374008
O           -3.98833694204744        0.25009285861561       -2.20476220810980
C           -2.77653519408373       -1.42415155748355       -1.02406092411287
O           -2.44948469872333       -2.10444820750634       -2.19962806586665
C            1.67671927707411       -1.18375135388192       -1.40601817024752
O            1.54414878648968       -2.39528715998194       -2.09900248814100
C            3.16711839812892       -0.93362569343239       -1.17601956480352
O            3.81829455735279       -0.75388319229274       -2.40081312623280
H            4.46045066281036        1.90853729828301        1.50240836057321
H            4.74522468875900        2.54157128368294       -0.14405988489366
H            6.05703626560701        1.70633460264290        0.73331131140834
H            2.97428213667421        1.20808667613397       -0.94003130520086
H            0.71273786160979        0.92775204035892        0.24503465558148
H            1.52182679831501       -0.56416173442468        2.74924606253787
H           -0.20306902721994       -0.58607887055496        2.32069216922627
H            1.36355419201219        1.71691207903697        2.71892446158713
H            1.10650707563713       -2.09282455823486        0.48552353775075
H           -1.64526627721323       -2.69847861004374        0.31136097259504
H           -1.33119195844326        0.96473960560479        0.79193435768309
H           -2.13856886697447        0.27123345562027        3.26440630887510
H           -3.70033370498490        0.84437791138239        2.65200713772446
H           -1.30232551506632        2.28805540923822        2.79197437482321
H           -4.28170188473527        0.29880561095986        0.43226568850870
H           -3.34185024151182        2.54656796632346        0.75947068200924
H           -2.02503152532019        0.50780040548444       -1.62716021404493
H           -4.24689350735931        1.17934607886298       -2.17659888967373
H           -3.71002255294802       -1.82644565591848       -0.59531896425858
H           -3.01606018627246       -1.74147094846057       -2.89414456837527
H            1.28533463544265       -0.35717812467984       -2.02434566701407
H            0.59656326439262       -2.57165754012251       -2.18249402064419
H            3.60425337936480       -1.77064086315120       -0.61338199120156
H            3.60622104527430       -1.52305933714197       -2.94630029160294
48
 energy: -84.803698498787 xtb: 6.7.1 (edcfbbe)
C            4.96155835726447        1.72289973483434        0.66323539236475
O            4.61151980935783        0.51436304209401        0.01972231597280
C            3.27759237775115        0.39411347021961       -0.29869179308896
O            2.55664063225411        0.18577434267790        0.90143211917801
C            1.15535603339236       -0.01131587837681        0.80991609744877
C            0.75704108921929       -0.19124716980621        2.28293944023282
O            0.75113970829461        1.04704270379026        2.95438602720074
C            0.83998548079725       -1.21079176831307       -0.10119396279800
O           -0.47455905766299       -1.41741660670187       -0.60747289653340
C           -1.66790767023167       -1.63278978650518        0.09908348753229
O           -1.91206640621786       -0.86794446317436        1.23224366082715
C           -2.21232185860036        0.51030384835073        1.01610550617887
C           -2.54069599625542        1.13356480815707        2.39160422233776
O           -1.82197159397122        2.31107197729732        2.62495825146132
C           -3.34208437419648        0.71317764061028        0.00079403319035
O           -3.48890528943740        2.07436303358751       -0.32733243892666
C           -3.00980940235350       -0.04610735104010       -1.28805498082869
O           -4.05301763378176        0.03458497777373       -2.22740664888721
C           -2.79605324429763       -1.52015896826642       -0.94092447379838
O           -2.46813852383761       -2.28365083634451       -2.06390641461003
C            1.61116335037895       -1.06527986309693       -1.42971525071462
O            1.47640652815552       -2.21714550686821       -2.21674402643739
C            3.10503640115185       -0.80209701478103       -1.23592927390815
O            3.70362376660340       -0.50221131439923       -2.46396095961757
H            4.50422118335124        1.79191352669620        1.65431214572599
H            4.65800963189001        2.58719528697059        0.06203891704699
H            6.04442847564476        1.70509557075967        0.75959027043260
H            2.89907925900550        1.30843042050013       -0.80369760714226
H            0.69310850956152        0.89736329357603        0.38809414900005
H            1.48814238618689       -0.87148450112331        2.73580914250748
H           -0.23873518411506       -0.61400142092004        2.38531081038297
H            1.63452835397591        1.42568133193191        2.86869365959231
H            1.18035720242076       -2.12184940552472        0.41971753691507
H           -1.65337774628917       -2.66560013933038        0.49807614610018
H           -1.32931070577999        1.02311566549580        0.60861543459157
H           -2.34203073064506        0.37727844374286        3.15893887223238
H           -3.60094106107822        1.39883077700325        2.44560150716131
H           -0.89898388994007        2.06946129783069        2.81379323405310
H           -4.28617431197570        0.31372350716027        0.40902863327122
H           -3.36861626684258        2.60662882920480        0.46901896683899
H           -2.08178920218035        0.36303380208547       -1.71737521026112
H           -4.31451694572916        0.96178287377390       -2.28365518145252
H           -3.72095400264377       -1.89936814940115       -0.47461814701698
H           -3.05540948692800       -1.99357241793517       -2.77539376511120
H            1.17846102029366       -0.19890551999367       -1.96102856688009
H            0.53457637204213       -2.43881958869619       -2.23738051266767
H            3.57843405663777       -1.67668433386680       -0.76735079190251
H            3.47795758053985       -1.22235625599063       -3.06774601675771
48
 energy: -84.803156443802 xtb: 6.7.1 (edcfbbe)
C            4.91490949855413        1.73398061383839        0.76124062663238
O            4.56670116859483        0.57680630374086        0.02806053953639
C            3.22394193887393        0.45139669785170       -0.24948534509433
O            2.55687148904100        0.11210726794944        0.95164097889727
C            1.15616346051257       -0.09975219305176        0.88753389679539
C            0.80800555893954       -0.41451825425062        2.35124518208946
O            0.90248804026805        0.74460989655957        3.14395656908222
C            0.84041093080296       -1.23308464323339       -0.10226042354238
O           -0.48474291181372       -1.47179933129835       -0.56971251988735
C           -1.66197604307186       -1.60828778714366        0.17802420133307
O           -1.86270401601611       -0.72621142786027        1.23257202530852
C           -2.16344198959351        0.62719448820743        0.89084410046647
C           -2.41531661393248        1.37603385672437        2.21949226593538
O           -1.41300436177953        2.30003779829201        2.52204853577698
C           -3.34319270827434        0.72498688895963       -0.08479893985046
O           -3.51663373910229        2.03888963327587       -0.56098965282737
C           -3.06076637062058       -0.16066977439254       -1.30383969684099
O           -4.14250928984783       -0.17364631165719       -2.20174141913955
C           -2.82297936117982       -1.59429675618859       -0.82985059104137
O           -2.52919571926763       -2.45573316901147       -1.88935935216232
C            1.55122916881532       -0.95829478312784       -1.44399965625244
O            1.42474290373141       -2.05220652115874       -2.31134332759999
C            3.04302996655203       -0.65565656225576       -1.28935249043933
O            3.57321529157964       -0.21639812309721       -2.50721476027542
H            4.47846764513118        1.71536277124307        1.76383442136662
H            4.58702052072891        2.63969889401406        0.23914279591568
H            5.99971526044645        1.72417560122547        0.83363182469146
H            2.80414452876466        1.39823319589894       -0.65093145030720
H            0.66955063039452        0.83322137675956        0.56231744302120
H            1.51480110087034       -1.17747411209400        2.69908432751169
H           -0.20939926925153       -0.78321882306557        2.45555509689192
H            1.79455593158482        1.09694288739531        3.03462022479767
H            1.23921356281799       -2.16510808498146        0.33370721424284
H           -1.64384459619383       -2.59457847073794        0.68180250954749
H           -1.30265774290652        1.08997611874265        0.38658182165620
H           -2.52794572790335        0.62112080609686        3.00639089344529
H           -3.34802519345912        1.94670061547127        2.16121632992011
H           -0.61228920656020        1.82368470331771        2.80836650636332
H           -4.26445297649199        0.37077633567805        0.40749827318443
H           -3.37874133917509        2.66467632654963        0.15978517478709
H           -2.15435870873260        0.20844834441469       -1.80926884510842
H           -4.40787208251089        0.74354104536580       -2.34173490077285
H           -3.72895925571378       -1.93183474507838       -0.29848944383133
H           -3.15192834569325       -2.24384244790277       -2.59825593145523
H            1.06878092944830       -0.07063946702017       -1.89128827741190
H            0.49790868401562       -2.32895897831492       -2.28873696010917
H            3.56636564114245       -1.55293358435741       -0.92967312589826
H            3.36470070089201       -0.89346217736319       -3.16438560583079
48
 energy: -84.803324731374 xtb: 6.7.1 (edcfbbe)
C            4.83783128374447        1.76591319532655        0.85749534728987
O            4.51066109997148        0.66070280380524        0.03909980968971
C            3.16427827872524        0.50218229912619       -0.20154450472972
O            2.55533776464752        0.03747684822090        0.98816692294514
C            1.15867870630636       -0.20444226701672        0.94651292320728
C            0.85568152896543       -0.64502084822274        2.38843493844065
O            0.95843857699599        0.44677005819043        3.26952088376270
C            0.84692673960758       -1.26915165929832       -0.11609177591543
O           -0.48898801498785       -1.53155047268913       -0.54359826080988
C           -1.64092083346388       -1.57888144649747        0.24946229360214
O           -1.77966997405421       -0.58918084759899        1.21640760203646
C           -2.08156325344530        0.72883224362345        0.75796996608670
C           -2.25037024666824        1.59019723318091        2.02736700846196
O           -1.07879624674857        2.24897532958068        2.39997848582840
C           -3.31589039784440        0.74504693601308       -0.15500475421658
O           -3.51334159981852        2.00018211976192       -0.76228153820296
C           -3.09946565119327       -0.25689645782100       -1.29552223396705
O           -4.22556799274255       -0.34479413578461       -2.13248576694761
C           -2.84426961348981       -1.64296024267954       -0.70491793920347
O           -2.60382923756021       -2.59760247661414       -1.69518482726036
C            1.50040902470928       -0.86958404775974       -1.45460541862514
O            1.38338801198845       -1.90228156852117       -2.39618961656492
C            2.98562458228987       -0.52249567908247       -1.32367263310938
O            3.45658474301382        0.03421689189594       -2.51763251587616
H            4.43914763614863        1.64317350514606        1.86842885487425
H            4.45355757202740        2.69714232801249        0.42662914515315
H            5.92406893398503        1.79801252703348        0.89302481555233
H            2.69326569479283        1.46064967498913       -0.50734139664476
H            0.64193845185418        0.73748403282815        0.71345295654844
H            1.57863038244857       -1.42565983145085        2.65455893498024
H           -0.15645546420244       -1.02879768016940        2.49061642349230
H            1.84178695428046        0.82159452386505        3.16204205691107
H            1.29412355249985       -2.21533189437759        0.23316927968785
H           -1.61949273605369       -2.51065951439216        0.84806300927855
H           -1.24670999162552        1.13004297578757        0.16395728625582
H           -2.62319069291782        0.93462562881144        2.82349978904015
H           -2.99197988883999        2.37676027781156        1.85256732197461
H           -0.44369157548246        1.61030315976936        2.77406838662261
H           -4.20892662098620        0.44987033088700        0.42027038499634
H           -3.43323760429707        2.69992215751709       -0.10432872916343
H           -2.21907981045378        0.05703633490258       -1.87817380068209
H           -4.48708677639668        0.55725439426058       -2.35442197251892
H           -3.72727104841130       -1.92331778330437       -0.10554068940262
H           -3.26055388762356       -2.44772162762354       -2.38912123734769
H            0.97317781223406        0.02983179425258       -1.82133417127049
H            0.47608465386944       -2.23375845045550       -2.34553721757043
H            3.55251126632034       -1.42547369188030       -1.05647624567737
H            3.25821289186647       -0.59864106273803       -3.22027652503506
48
 energy: -84.803791076397 xtb: 6.7.1 (edcfbbe)
C            4.82221900730779        1.73081765184189        0.94228370506323
O            4.47343956377909        0.69671256296827        0.04367751832929
C            3.11976951770631        0.54031834575040       -0.15420553396083
O            2.56513515990155       -0.03758328620667        1.01253790840659
C            1.16975226939938       -0.28847890449902        0.99139101306442
C            0.89080697510812       -0.82071499176746        2.40660047650063
O            0.95012016809038        0.22160463203428        3.34821181554763
C            0.85083643741213       -1.28512384128641       -0.13208582916973
O           -0.49542435511666       -1.58600556206036       -0.50226915046418
C           -1.61790225897644       -1.56012145571772        0.33042451657344
O           -1.71217017952825       -0.48573627585835        1.21027237720141
C           -1.99989434459986        0.79139827426181        0.64203018714713
C           -2.11496632403282        1.75809621899671        1.83606314825687
O           -0.87644247387166        2.18007556552793        2.31677715871085
C           -3.26659083067508        0.75148929763928       -0.22704580006133
O           -3.46932339474352        1.94752908664865       -0.94236108909467
C           -3.10418211178856       -0.35207800060751       -1.27954937993951
O           -4.25871926596396       -0.49135293770580       -2.06940550826003
C           -2.85500710124396       -1.68477249237111       -0.57437370438440
O           -2.66750579921459       -2.72946599084541       -1.48108338396872
C            1.42711937470821       -0.75562603661201       -1.45902962637148
O            1.29277102220078       -1.70849870463588       -2.47991033437534
C            2.90837699641051       -0.37948065747240       -1.35962876182611
O            3.31160760340764        0.29987892997807       -2.51455204888849
H            4.46067445308166        1.51737263745086        1.95197180049768
H            4.41597977844699        2.69148907167922        0.60691593320214
H            5.90880992208683        1.77053706224561        0.94189941053610
H            2.62542160513114        1.51514885107613       -0.35240999216721
H            0.64232765532296        0.66135179891138        0.83097079416899
H            1.64263287883741       -1.58815899748332        2.62805044223002
H           -0.10602568892563       -1.24696656870122        2.48906493052316
H            1.81713061998352        0.63816787069888        3.26572529616815
H            1.35339333995629       -2.23285079747500        0.12354101535514
H           -1.58813033899269       -2.43926201739266        1.00241280987875
H           -1.17497925728231        1.11861254417639       -0.00894000681952
H           -2.70543740656701        1.25921578474236        2.61463553118291
H           -2.63547058141854        2.66956929825795        1.52666820642223
H           -0.41748409032564        1.44149962796833        2.75737595882564
H           -4.14174781685782        0.52241368832111        0.40218374326770
H           -3.52028803494833        2.69193590199259       -0.33359778785122
H           -2.23838054937283       -0.10849861453054       -1.91470609593569
H           -4.50008461713229        0.38997006627902       -2.37957635106962
H           -3.72173105677109       -1.89053987739941        0.07691289306113
H           -3.34578242317746       -2.62998588708000       -2.16315068801435
H            0.86266655615795        0.15674660507159       -1.72633210988490
H            0.41350472771986       -2.10103736331907       -2.39093060191405
H            3.50713044816361       -1.28812040489634       -1.20511448973152
H            3.10204120881411       -0.27149580716520       -3.26485926675988
48
 energy: -84.803852139520 xtb: 6.7.1 (edcfbbe)
C            4.83042439543045        1.66475093364104        1.01441176748689
O            4.44610951792332        0.71596808429409        0.03906156490381
C            3.08559950435327        0.56814006218239       -0.11135886482249
O            2.58191279302011       -0.11075323305481        1.02422495149218
C            1.18603218782438       -0.35855373583574        1.02507780948080
C            0.92010386552525       -0.94759468163868        2.41890322141406
O            0.92297036698421        0.06610933247054        3.39243249031416
C            0.84997538316392       -1.28630677426297       -0.15081399419096
O           -0.50104136845917       -1.63436625419754       -0.46101551724290
C           -1.59656551441168       -1.55049503734224        0.40125259356388
O           -1.66457964990786       -0.41287380656307        1.20171755643526
C           -1.93135926010090        0.82187966511701        0.54133346741649
C           -1.99965595982354        1.87758187447957        1.65960509840012
O           -0.75485611350606        2.13544462392761        2.23445766746241
C           -3.22003261974579        0.74331728766612       -0.29178114875742
O           -3.42428071567885        1.88785044893197       -1.08696974042086
C           -3.10298801524511       -0.43989252509582       -1.26079082660554
O           -4.27968030295916       -0.61626942967933       -2.00945029764687
C           -2.85926150293647       -1.72055544086615       -0.46136693001749
O           -2.71300091399692       -2.83434645091285       -1.29025190200891
C            1.34681899999747       -0.63563792548162       -1.45386090573037
O            1.17861892474059       -1.50231509478594       -2.54518774907069
C            2.82612017918522       -0.24264505890203       -1.38509680552376
O            3.16968245221350        0.54506891468697       -2.48970229594015
H            4.51260721200507        1.35559626523720        2.01411624628041
H            4.40733575784708        2.64974788525950        0.78722677901154
H            5.91587198260915        1.71151140390438        0.97151089380843
H            2.57989066331686        1.55323466477214       -0.20197589444133
H            0.66081383659085        0.60025902854697        0.92009033785516
H            1.70091242807473       -1.69042920807896        2.62372945108770
H           -0.05796713448023       -1.41811478818630        2.47940390053409
H            1.77265781086814        0.52094982803219        3.33761629416163
H            1.40219319806144       -2.22663200769708        0.00993544205668
H           -1.55775594468335       -2.38280384803990        1.12795968939361
H           -1.11033574157146        1.07543000486533       -0.14702864081920
H           -2.72615213179652        1.53447788231080        2.40885695967720
H           -2.33496953902657        2.83289820357619        1.24294069301059
H           -0.44447122057916        1.35180518446939        2.72306892011060
H           -4.08067184519059        0.57480937451212        0.37498618062232
H           -3.52890814478221        2.66371340795013       -0.52673761357423
H           -2.24959763471892       -0.26209760631569       -1.93330809849639
H           -4.50903582772740        0.24183822885442       -2.38684428296098
H           -3.71268338373545       -1.86021466390578        0.22432734170271
H           -3.40845631164620       -2.77614643666359       -1.95957059222824
H            0.75736519904419        0.28521674457271       -1.61927999126436
H            0.33350102822339       -1.95556446339096       -2.42229287390621
H            3.44213224913578       -1.15222504323671       -1.34030428330301
H            2.93865385136238        0.03923006079415       -3.27977702854239
48
 energy: -84.803098984629 xtb: 6.7.1 (edcfbbe)
C            4.86136122318059        1.57284792709070        1.06677262186823
O            4.43387099284789        0.71925256276234        0.02365846928282
C            3.06735723528315        0.58529664250507       -0.07988091342168
O            2.60698144858085       -0.17373666352711        1.02278585005636
C            1.21011178457607       -0.41302829639585        1.05128136646795
C            0.95738803105160       -1.03898300663631        2.42967606469730
O            0.91644953959245       -0.04276359851695        3.42004989993215
C            0.84757673712257       -1.27347906558095       -0.16681403455088
O           -0.50203191631768       -1.67127538948422       -0.42009008720134
C           -1.57732422271967       -1.53507374797808        0.46114679330426
O           -1.63738418146973       -0.34939941219339        1.18779195103047
C           -1.89305262162792        0.84568254307107        0.45849468829054
C           -1.93722750982820        1.95901619849175        1.52013497659820
O           -0.71298021338341        2.12381038550732        2.16984268445773
C           -3.19153931418663        0.73178612119805       -0.35360298422401
O           -3.39443204406351        1.82863211090406       -1.21392056541834
C           -3.10033571438925       -0.51295986927119       -1.24580444825896
O           -4.29051411258910       -0.72391157396159       -1.96376204850703
C           -2.85803526693659       -1.74451477308071       -0.36996583994959
O           -2.74098328197220       -2.90972963491240       -1.12876354264202
C            1.27405165135739       -0.52667689240868       -1.44113083746548
O            1.06688193820199       -1.31985042276682       -2.58119682355774
C            2.75279377689923       -0.12277553540033       -1.40260211087040
O            3.04251292584486        0.75687784844682       -2.45203296109891
H            4.59089658122817        1.16616615969860        2.04506566514402
H            4.42533099409312        2.57188532427428        0.95529196163917
H            5.94348277434611        1.63113321563672        0.97856179692779
H            2.56341870405579        1.57573787586195       -0.07506194225701
H            0.69158928473441        0.55458810730645        0.99445887672584
H            1.76026624613282       -1.76003077278802        2.62678126510256
H           -0.00435879589204       -1.54313670027090        2.47559967572787
H            1.75276938170898        0.43783725534648        3.38879417561981
H            1.43818670957597       -2.20123433624756       -0.09338625627453
H           -1.53183431494738       -2.32426414144479        1.23166328497011
H           -1.07300601409820        1.04807164963068       -0.24711392377548
H           -2.73816663263876        1.72273352806573        2.23400497739474
H           -2.15049484577644        2.91859155248353        1.04012269266030
H           -0.50104432423950        1.32225455571687        2.67828630927902
H           -4.04493436457202        0.61376573216578        0.33306936526194
H           -3.50254773582401        2.63402855326237       -0.69795548533817
H           -2.25642184425057       -0.38750024904964       -1.94149455254903
H           -4.51623735961328        0.11000891116944       -2.39387032021023
H           -3.70100790053556       -1.82833853581613        0.33748011941920
H           -3.44534973352203       -2.88346950156698       -1.79076405847091
H            0.67239705489855        0.39754239126724       -1.52227905595007
H            0.25642892273002       -1.82615065487875       -2.43345304906204
H            3.37597513718496       -1.02652633886015       -1.46033508776409
H            2.79316218333544        0.31125782340582       -3.27205357263638
48
 energy: -84.801709662922 xtb: 6.7.1 (edcfbbe)
C            4.92498746119357        1.49963893554003        1.11414252629248
O            4.43931033399736        0.69921081520541        0.05437893834954
C            3.06775653788468        0.59585621569506       -0.00540819209978
O            2.63512344993514       -0.23885980233003        1.05362491270662
C            1.23430132935981       -0.45361372695592        1.11587316972789
C            1.01991395010063       -1.19883694372566        2.44066285049271
O            1.50621504865049       -0.43784401737549        3.51101519874214
C            0.82919698322172       -1.21894105165216       -0.14993909681093
O           -0.51452925498460       -1.65626017361609       -0.35965551444652
C           -1.57823882794966       -1.46756537672931        0.52557084874614
O           -1.64477815531176       -0.23062342362541        1.16485523530139
C           -1.92491581392709        0.90346228234406        0.34857024554116
C           -2.00260891932275        2.09292750778049        1.32041215207914
O           -0.81414199965124        2.26755232437363        2.03365711151071
C           -3.21872787816677        0.71023758914117       -0.45657653547958
O           -3.42968580567160        1.73571253470147       -1.39853367994553
C           -3.11607634867458       -0.59990091599886       -1.24726151971479
O           -4.30244740231848       -0.87686314090691       -1.94814200838987
C           -2.86711880089210       -1.75129965939380       -0.27015615102527
O           -2.75670270427383       -2.97861579120821       -0.92293152918234
C            1.20346395582298       -0.37693431314887       -1.37957225051178
O            0.93143626766393       -1.07572685565386       -2.56775732589873
C            2.69138905170153       -0.00336672559990       -1.36619278036154
O            2.96347112277275        0.94882443406541       -2.35498054405602
H            4.69581215321524        1.05399874999571        2.08605138548818
H            4.49753639454514        2.50714177892056        1.06799113841940
H            6.00264031877652        1.55008339903171        0.97805635248242
H            2.58226570460104        1.58976966687813        0.09443757511910
H            0.73228478831903        0.52412823697067        1.15494214831017
H            1.53226438927400       -2.16889094271386        2.38299478733707
H           -0.03929897636766       -1.35408002147360        2.63656518763479
H            2.41282649613798       -0.18845370500398        3.29011785674158
H            1.44169912558292       -2.13513289415832       -0.17311393322374
H           -1.51079734152266       -2.19646199889295        1.35019178751404
H           -1.10284821546191        1.07021960743456       -0.36218454689547
H           -2.85122078059232        1.93440033852396        2.00043294762851
H           -2.15297516835133        3.02002266867783        0.76131295964090
H           -0.66458423863976        1.48659826893781        2.58279480596403
H           -4.07295312819340        0.63727593622131        0.23557297474297
H           -3.56538015932318        2.57445960414096       -0.94631746454713
H           -2.27125784413092       -0.52434226017557       -1.94878839098091
H           -4.53352630268374       -0.08210043907777       -2.44459315447536
H           -3.70278567717038       -1.77222760466230        0.45069676848285
H           -3.45662121847726       -3.00458345852955       -1.58985262076657
H            0.62239046414422        0.56294328843962       -1.36745272277077
H            0.16107889060408       -1.63578688427864       -2.39989633903256
H            3.29334412935995       -0.91122726969313       -1.51537384081772
H            2.67350960968168        0.57407106214114       -3.19676070622875
48
 energy: -84.800396259728 xtb: 6.7.1 (edcfbbe)
C            4.95094721671219        1.46993103272960        1.15211074529700
O            4.43897944640853        0.72553715595506        0.06396111119932
C            3.06763235841033        0.60783765290243        0.04424435314677
O            2.68409855155298       -0.30502949274172        1.05704349726688
C            1.28979974259674       -0.53970136982071        1.16151835774485
C            1.13649081048999       -1.40423185297125        2.42187912729983
O            1.75703803050971       -0.79239704306274        3.51689422858093
C            0.83319196600814       -1.20299536518977       -0.14329793948714
O           -0.51138542041978       -1.65377641318914       -0.30753320905129
C           -1.56343019321046       -1.39074256672096        0.57577084333063
O           -1.62080948294294       -0.11015493283432        1.12286313516222
C           -1.95036533772361        0.96691472385631        0.24814961944489
C           -2.04708016046689        2.20468813563360        1.15598240471404
O           -0.86843350125945        2.41419968076178        1.87672203399767
C           -3.24903804250148        0.70043987564286       -0.52654335273875
O           -3.47888908404910        1.65688876438597       -1.53456053172864
C           -3.13981370585723       -0.65955271530545       -1.22657116188420
O           -4.33247188417939       -0.99817559190019       -1.88855300493949
C           -2.86453799420171       -1.73616713048098       -0.17437168708007
O           -2.75865678888088       -3.00714792965253       -0.73754585993429
C            1.15898496456899       -0.27454290235366       -1.32297765843242
O            0.83378659532917       -0.88948130807113       -2.54451372737743
C            2.64739219884997        0.09792169879943       -1.34004829056440
O            2.88340772224779        1.11492628010556       -2.27188232723638
H            4.74483719955637        0.97468024397571        2.10491709503243
H            4.52327583923289        2.47822031764156        1.16853718815067
H            6.02494734143269        1.52775039200502        0.99267941282478
H            2.57408739887748        1.58506841791862        0.22986799586761
H            0.77776162646191        0.42387457757336        1.30323428413513
H            1.57459720573699       -2.39276928999431        2.22459509922324
H            0.08737823393706       -1.51747082849562        2.69120644045011
H            2.64999893754868       -0.55409647974306        3.23557599680987
H            1.44480738730118       -2.11167286126955       -0.26552677987424
H           -1.48479482063540       -2.05393116392984        1.45216300895655
H           -1.14498982550434        1.11934961602949       -0.48348714058353
H           -2.90378779847896        2.07842293648180        1.83324471507649
H           -2.19162864001573        3.10269536105990        0.55032735661297
H           -0.71871830843594        1.64227164916494        2.43768401298841
H           -4.09715807494953        0.66648827398194        0.17612526233320
H           -3.61217639081444        2.52485121555434       -1.14053794693623
H           -2.30624677855364       -0.62229495980211       -1.94425056327356
H           -4.57600423803412       -0.24631165919691       -2.44243907684225
H           -3.68732057684223       -1.70871988913121        0.56126917777060
H           -3.47205024933232       -3.08661928182760       -1.38559807351835
H            0.58909030655838        0.66580128186585       -1.22446678491182
H            0.09701901220674       -1.49229485336329       -2.37337933313274
H            3.24497351425081       -0.79580401427734       -1.57010718128659
H            2.56526068232402        0.79731842215329       -3.12689388549427
48
 energy: -84.799614135950 xtb: 6.7.1 (edcfbbe)
C            4.95507478701523        1.47417575864451        1.23214120325916
O            4.43677872386913        0.78675569733977        0.11027284824172
C            3.06870774786133        0.63297043303039        0.11446743074702
O            2.73994570503101       -0.35960727102653        1.07038905698833
C            1.36430919944929       -0.67527740937699        1.19599658097238
C            1.32434726909024       -1.70457559156145        2.33736996417742
O            1.90196894059777       -1.17907272560354        3.49793720774995
C            0.85854161786637       -1.20993157725936       -0.14914101087464
O           -0.49278311825335       -1.64979638210621       -0.27171425200440
C           -1.52557615337240       -1.28381089815622        0.60135574134204
O           -1.55243005066576        0.04610057489345        1.02195171877906
C           -1.99126126061404        1.04135564725136        0.09576154734790
C           -2.07856170786253        2.33710284848238        0.91972583845929
O           -0.86536152733965        2.63545831340321        1.54523218255632
C           -3.32613714089966        0.67524311351960       -0.56725483611534
O           -3.65709442907025        1.54873106685066       -1.62110543617227
C           -3.20399989553361       -0.72593440994422       -1.17617947367316
O           -4.41224450759037       -1.14843479208163       -1.75578827861635
C           -2.84923396692742       -1.70988256076312       -0.05991997417454
O           -2.73903948097270       -3.01920926792668       -0.52503154316008
C            1.13545916074096       -0.16781321679025       -1.24260539296733
O            0.74452956270966       -0.65537246433781       -2.50299481048662
C            2.62186181405545        0.20541992225978       -1.28850784880792
O            2.82670175688604        1.27708844687721       -2.16426808851147
H            4.77868805571882        0.91694679239684        2.15632078190891
H            4.50680024553155        2.46995320236631        1.31855449879409
H            6.02417368166358        1.56553542065472        1.05650520128120
H            2.55511627418549        1.58115407057980        0.37900710437800
H            0.80544627135782        0.22852788977014        1.48096538781253
H            1.85888531652915       -2.60572006954132        2.00639518501125
H            0.30027306491752       -1.97016435608099        2.59625405875021
H            2.77227445606188       -0.84170553103451        3.24988433098944
H            1.45014672599437       -2.10559136453882       -0.39118402671032
H           -1.42042436596151       -1.84629197783798        1.54333675541885
H           -1.24962137253355        1.17241398461287       -0.70386426771590
H           -2.88437784673609        2.22921753295385        1.66040357116603
H           -2.29634655994287        3.18539446849063        0.26643819369836
H           -0.63934638537548        1.89095384056383        2.11689426459091
H           -4.12655006164912        0.66209260711407        0.19010199396149
H           -3.78133455421887        2.44102574395407       -1.28231297292847
H           -2.40471089797458       -0.71617901575891       -1.93295929390323
H           -4.71311536218326       -0.44063278941159       -2.33892846966559
H           -3.63846788805554       -1.64178186139428        0.70959250590086
H           -3.47383401681057       -3.16086554081147       -1.13775341403078
H            0.58346653631304        0.76022843905853       -1.01966204084177
H            0.03720012097232       -1.29770563536214       -2.35212790550097
H            3.21660132235924       -0.66955004067893       -1.58818054341051
H            2.45455118315407        1.02105665885044       -3.01829035095442
48
 energy: -84.800670954803 xtb: 6.7.1 (edcfbbe)
C            5.01294831970628        1.38679220037631        1.34112681164648
O            4.44978670376494        0.81370145015438        0.17775600228093
C            3.08037889502081        0.67313447167094        0.21387866382836
O            2.77600701421567       -0.39403005474977        1.09577584790276
C            1.41598029045570       -0.77247699621450        1.20750499148603
C            1.44316298587955       -1.94582506968916        2.20176448133318
O            1.91399197578652       -1.53157682053804        3.45221402222668
C            0.87734769037710       -1.16445824747587       -0.17430070290905
O           -0.46459558097613       -1.63226450901536       -0.26303454635103
C           -1.47577509966602       -1.19583218036984        0.60691335335487
O           -1.48574057879301        0.17051893505319        0.89420874679523
C           -2.01771117346349        1.05425204786272       -0.09907862749425
C           -2.02774054238389        2.43833507365011        0.56963035678966
O           -0.76085386741609        2.78817967264920        1.04500583410670
C           -3.40699723573296        0.61492297466510       -0.57885916103531
O           -3.87188560226606        1.39011480709848       -1.65851131358226
C           -3.30563044970434       -0.82897092886575       -1.08264277144394
O           -4.55046790717844       -1.32286162417708       -1.50735905069040
C           -2.82347781397741       -1.70857379927689        0.07163627810388
O           -2.69496447914201       -3.04616965783752       -0.29914960141259
C            1.09411914830930        0.01681636452622       -1.12873834830512
O            0.61157557185732       -0.28311928730337       -2.41803354296050
C            2.58232367097658        0.37680926229777       -1.20598214687066
O            2.76606523222731        1.52252560990551       -1.98677466023570
H            4.85683246357391        0.74698359833007        2.21402228965605
H            4.58252052014532        2.37551099768931        1.53437037845084
H            6.07733924771651        1.48152552334155        1.14049292387747
H            2.58824982802920        1.60117732657397        0.57374200789988
H            0.82689022397271        0.06005324084619        1.62059604644109
H            2.08662661644580       -2.72968115265645        1.77968635077330
H            0.44599428380278       -2.35486271724199        2.36162757230209
H            2.76789435879893       -1.10580738392781        3.30570195445375
H            1.46835514405564       -2.01307179856315       -0.54496272903908
H           -1.31531530624186       -1.65385374644214        1.59733544386010
H           -1.36609437337917        1.08240388221703       -0.98214764877670
H           -2.76261444759400        2.42940157348978        1.38821067338191
H           -2.29950948432042        3.20807881281767       -0.15629960940187
H           -0.47804348860110        2.09504540942511        1.65410675022518
H           -4.12157101678698        0.64994575273934        0.25918487424300
H           -3.97725657272467        2.30660135490623       -1.38415946403940
H           -2.58169926002024       -0.86669737617056       -1.91113845720726
H           -4.92929743530647       -0.66742219297107       -2.10614703000694
H           -3.55841812496954       -1.60786284961957        0.89017459152963
H           -3.47327279686893       -3.26536988633865       -0.82960820894008
H            0.58195672683064        0.91070865479160       -0.74039631910735
H           -0.03001092290658       -1.00034050815889       -2.32107154338940
H            3.15756097370096       -0.47045807503896       -1.60747175173919
H            2.31503266485436        1.36804349320375       -2.82731916039092
48
 energy: -84.801914602945 xtb: 6.7.1 (edcfbbe)
C            5.07901017194130        1.29463175826325        1.36751288907971
O            4.46233679404210        0.81103909726211        0.19063543335177
C            3.09467868518769        0.67646883295218        0.27578065964804
O            2.81888325069476       -0.45551514807732        1.08387535534430
C            1.46291307568243       -0.84103670911018        1.20875227090881
C            1.50374238738241       -2.10447349095614        2.08375986784907
O            1.95535617906331       -1.81181510563097        3.37504426480556
C            0.86739263133748       -1.10734978115239       -0.18062858644397
O           -0.46165594594440       -1.60712063276057       -0.22020310986971
C           -1.45531178695403       -1.11824032304530        0.64589733630173
O           -1.46857661105798        0.26429289235586        0.83261538921832
C           -2.03071300691931        1.06535732946445       -0.21593420916123
C           -2.03647634931873        2.49720562754326        0.34452513088138
O           -0.77287745592325        2.87268396685868        0.80967783956500
C           -3.42906016813749        0.58296278017738       -0.62115951787367
O           -3.92793652153845        1.26983460531883       -1.74476394889125
C           -3.33345008581312       -0.89568455341351       -1.01324607348787
O           -4.58760861809840       -1.42532013253532       -1.36075129551388
C           -2.81205895915357       -1.67992842561913        0.19124182911479
O           -2.68121040804420       -3.04175154385848       -0.07740264517414
C            1.04054678485364        0.15671478666107       -1.02714048126875
O            0.48100114444878       -0.00832572594459       -2.31282893663520
C            2.53133488091460        0.50300584019039       -1.14098444761034
O            2.69971124565608        1.70652620875419       -1.83257748190169
H            4.93958716501750        0.60139554987878        2.20158696533366
H            4.67722877212263        2.27673994645603        1.64047499738082
H            6.13733881395977        1.38175856016888        1.13423149574472
H            2.62799086148213        1.57613301624506        0.72967000804898
H            0.89126481339925       -0.04759591432800        1.71520256666302
H            2.16371755261707       -2.83167730175933        1.59184505797704
H            0.51090189974863       -2.54255072455592        2.18629983175797
H            2.80980484479998       -1.37228615035076        3.28488665526783
H            1.44730617975478       -1.91347530642553       -0.65099361024321
H           -1.25879079822167       -1.50175709130101        1.66171109589338
H           -1.40364239377575        1.02586537295404       -1.11575202830259
H           -2.78106484854490        2.55839667723187        1.15253804631042
H           -2.29202481912659        3.21084715383015       -0.44192688980827
H           -0.49990712847189        2.21832244476681        1.46458457561602
H           -4.12151770347024        0.68033757336871        0.23060165335710
H           -4.02585805789827        2.20524707089647       -1.54087921267029
H           -2.63360145344731       -0.99594652994645       -1.85680399611988
H           -4.98587650645275       -0.82145344251561       -1.99963764385548
H           -3.52472126358618       -1.52119359731803        1.02020039529762
H           -3.47168177699644       -3.30731961816052       -0.56680364948920
H            0.56510766666580        1.01673559132491       -0.53456579456423
H           -0.02853821932037       -0.82924228199527       -2.30452036523435
H            3.07769437817848       -0.31439081868281       -1.63539870823875
H            2.17930770091469        1.64294327159159       -2.64476814872313
48
 energy: -84.803383048451 xtb: 6.7.1 (edcfbbe)
C            5.20604574702472        1.08385494081251        1.33530276379235
O            4.49605106466856        0.75643574738011        0.15703264604312
C            3.13277954599912        0.64953302027878        0.32089862481518
O            2.86722608187632       -0.54423983375337        1.03463840054780
C            1.50345240523815       -0.88284273285317        1.19869183966302
C            1.51469800149698       -2.20177578884597        1.98652602252939
O            2.01091412827703       -2.01606652389175        3.28176710073539
C            0.82272340791957       -1.03210290430872       -0.17386904839353
O           -0.49218265807513       -1.55113629756708       -0.13009882259220
C           -1.46780782377144       -1.01481344122093        0.72809721202001
O           -1.50845787222953        0.37568356069083        0.81773359922414
C           -2.08828619979454        1.08572944864183       -0.28754491602195
C           -2.14317697168314        2.55139784931110        0.17484923551819
O           -0.90383849631665        2.98585101307664        0.65693956329334
C           -3.46938198616489        0.53682651760041       -0.66687763881019
O           -3.97067362660278        1.12072605515494       -1.84734789935451
C           -3.33398953145205       -0.96576946924326       -0.93558706506080
O           -4.56865083093177       -1.55048299675739       -1.26890769944593
C           -2.82202749405525       -1.62998117352745        0.34177048253301
O           -2.68674366603178       -3.01135273750655        0.21097447671127
C            0.98668364276193        0.29188087408191       -0.93133348664820
O            0.37110428886529        0.27719919508117       -2.19955812110303
C            2.48236023362018        0.62179774970377       -1.06831594480646
O            2.64050588295651        1.87854990762579       -1.66216891928564
H            5.10781895797401        0.29660844139028        2.08751671935584
H            4.84941278035189        2.03201110706523        1.75214746125211
H            6.24707950473539        1.18110135986722        1.03713003131727
H            2.72385639066967        1.51488652745409        0.88440020175035
H            0.99196545997774       -0.09989351169705        1.78127492750119
H            2.12996740729645       -2.92097175464139        1.42940467909642
H            0.50574334848466       -2.60245146958991        2.08470011901837
H            2.88237600741473       -1.61010903488464        3.19842374874093
H            1.36427908921576       -1.80989912892236       -0.73206643837333
H           -1.23963137849172       -1.32135639377443        1.76444552427461
H           -1.45228514161057        0.99806539880859       -1.17685830132319
H           -2.91550174065007        2.65095202741473        0.95258066937307
H           -2.38601810417520        3.20585726495841       -0.66510053115088
H           -0.64561345543578        2.38312716872920        1.36524012921260
H           -4.17712591957237        0.68630558890638        0.16515843076927
H           -4.07821293798069        2.06855579420968       -1.72181253406809
H           -2.60741698466963       -1.11946412914718       -1.74724170386755
H           -4.96361570316040       -1.00302612990620       -1.95850248359789
H           -3.53489539572010       -1.39352096034530        1.15218959179698
H           -3.44710939207770       -3.31814170898323       -0.30155744599821
H            0.52543908676000        1.11991550380339       -0.38408734898654
H            0.57809154078853       -0.55680396184376       -2.63871984817580
H            2.99208173560479       -0.15469630302741       -1.66304975009922
H            1.96998456882270        1.95804193066810       -2.35574742393335
48
 energy: -84.803214633343 xtb: 6.7.1 (edcfbbe)
C            5.27125944092697        0.98514505624922        1.34246226090572
O            4.52188102543286        0.75315549100837        0.16593544375206
C            3.16604239221371        0.62179597232333        0.36828075144930
O            2.92602983459293       -0.63309556365236        0.97588986338038
C            1.56385815384194       -0.95023246611936        1.17753805324016
C            1.55226508684039       -2.32124593528752        1.86779549952135
O            2.11484316830227       -2.25194838747024        3.14724725238236
C            0.81034123052281       -0.98035266898663       -0.16635690845854
O           -0.49958020604281       -1.50033766923726       -0.05544566289717
C           -1.46623274072062       -0.90910994010925        0.77926962897185
O           -1.53034342488104        0.48173320384249        0.77971999364746
C           -2.13586702049526        1.11636740127377       -0.35842889226470
C           -2.25542990870441        2.59764857649127        0.03858105413714
O           -1.03589505217567        3.11481625630022        0.48759628447331
C           -3.49497454532575        0.50357352831127       -0.72009131887626
O           -3.98286356605229        0.98479548248431       -1.95158351489299
C           -3.33251239973926       -1.01271118159539       -0.87044409029246
O           -4.55598814548356       -1.64063922386700       -1.16358848689652
C           -2.81680028477547       -1.56599385891160        0.45676943840562
O           -2.67195039697964       -2.95236178344931        0.44229877995878
C            0.97164421413125        0.37644549374086       -0.86011144795097
O            0.36165410078293        0.41472695217944       -2.13163126679658
C            2.46716598023570        0.71565570007368       -0.99422709702326
O            2.61516217940573        2.01946534003203       -1.48003044358634
H            5.19415416990708        0.14134437426129        2.03346399502248
H            4.93260172549167        1.89833164165852        1.84431303297342
H            6.30243942595970        1.10383911788567        1.01898355271706
H            2.77443303089544        1.42864317298940        1.02369037768961
H            1.10401974116105       -0.19551750906113        1.83714896539672
H            2.10619216724331       -3.02511405001105        1.23235054536683
H            0.52901365723254       -2.67949206172191        1.98455335801868
H            2.99905898670089       -1.87731544960919        3.05140733364316
H            1.30187705401122       -1.73608437530242       -0.79809197498893
H           -1.21501339370985       -1.14399579502614        1.82995141027407
H           -1.48797063659052        1.01717403031058       -1.23779019976924
H           -3.02587904983890        2.69550886377721        0.81840623959230
H           -2.53722285805048        3.20101690344975       -0.82727060454258
H           -0.74137256638173        2.55946419940920        1.21997196397258
H           -4.22416715191471        0.70132920988357        0.08317455345241
H           -4.09209722047010        1.93986269694915       -1.90862648692269
H           -2.59800530153265       -1.21754748447448       -1.66329229524885
H           -4.95273212888179       -1.15837363756157       -1.89916483198022
H           -3.52797742037565       -1.26681832976034        1.24751029373109
H           -3.42793406148298       -3.30576533899940       -0.04598525093147
H            0.50484178755643        1.17822322749739       -0.28083967514234
H            0.61707118800665       -0.37360959823912       -2.62671613671296
H            2.95771717377390       -0.00740183544259       -1.66796425481323
H            1.94323956831779        2.15499785668140       -2.16314825027558
48
 energy: -84.801951625796 xtb: 6.7.1 (edcfbbe)
C            5.35222756961427        0.85115119937804        1.33431848330510
O            4.55427257234034        0.73930524770741        0.17212093096022
C            3.20710446667139        0.59086372425706        0.41704853113722
O            2.98099745193426       -0.71458620613333        0.90962470792183
C            1.62349427016905       -1.01251883108434        1.15822029899617
C            1.59263747137079       -2.42661337802083        1.75220524172205
O            2.24943304808539       -2.47349747371809        2.98702102519910
C            0.79749105087727       -0.92375478659717       -0.14169730595093
O           -0.50946424896147       -1.43386866753488        0.03443160794529
C           -1.47622861049147       -0.79147196342369        0.83160991175746
O           -1.57110753890113        0.59367531531157        0.74161129806377
C           -2.19757696993646        1.14899400518628       -0.42637279386309
C           -2.39801242042624        2.63695482473106       -0.09177721434380
O           -1.20462598202955        3.25244435871959        0.29749174371807
C           -3.52469995775522        0.46389889225112       -0.77889433385498
O           -3.98722769291934        0.83823439300738       -2.05680516164693
C           -3.32339089111618       -1.05463977748423       -0.81071784321667
O           -4.52783495236236       -1.73132478485278       -1.07313539015073
C           -2.81579112856957       -1.49293651579082        0.56151498988309
O           -2.65213809609163       -2.87370897470863        0.66053593835664
C            0.96258311850939        0.46155738961058       -0.77229693928141
O            0.35902198353521        0.55142952742609       -2.04517853284856
C            2.45686547112795        0.81445307261356       -0.90204031315098
O            2.59199635883000        2.16025357937629       -1.26150971196606
H            5.29626863825954       -0.05647816385231        1.94132981738296
H            5.04102622129836        1.71149712768175        1.93715945235745
H            6.37043448855454        0.99732513127044        0.98235049771766
H            2.84688655228272        1.33181886083748        1.16225739698638
H            1.22165683471750       -0.29420248693883        1.89324905212907
H            2.06090834370303       -3.11057710141732        1.03183339389468
H            0.56163005300051       -2.73939147314559        1.92114517585029
H            3.14067148730599       -2.12940401793152        2.85018965249055
H            1.23012686658577       -1.65552758182467       -0.84254671157685
H           -1.21297612588505       -0.95044733675643        1.89432536925273
H           -1.53111872052048        1.04954372941833       -1.29172719188112
H           -3.15389188223531        2.72157970685102        0.70375868805501
H           -2.74124232932928        3.18095419107296       -0.97483664252226
H           -0.85416818131160        2.75445935373516        1.04602084523012
H           -4.28489812031135        0.69905058849259       -0.01501064735460
H           -4.10097343238120        1.79297773157971       -2.09598313722466
H           -2.57153770504303       -1.30205559483046       -1.57454588502354
H           -4.92119154896934       -1.31856401774208       -1.85147101111952
H           -3.53639978731296       -1.14015674943858        1.32087490887175
H           -3.39294994640824       -3.27616432352756        0.18713023125161
H            0.48852586424342        1.23526806751712       -0.16250381065595
H            0.65322248885612       -0.19212268176153       -2.58638239180560
H            2.92674651393425        0.16138260680512       -1.65745557486467
H            1.92321409065388        2.35493587391936       -1.93300979633866
48
 energy: -84.799880099733 xtb: 6.7.1 (edcfbbe)
C            5.42899750776218        0.70845193070712        1.33338999881047
O            4.58485029880373        0.73763369108591        0.19911290962727
C            3.24656331978130        0.56884720875481        0.47980419475692
O            3.02749052860488       -0.77830018235985        0.84362361465467
C            1.67799076815423       -1.07703554343998        1.12751075910486
C            1.63865684690703       -2.53586196778102        1.59923579445686
O            2.36887940809346       -2.70775438067508        2.78050797947991
C            0.78745484370367       -0.86252387373792       -0.11591657153160
O           -0.51755632785805       -1.35459853601548        0.12766844142475
C           -1.48757127509068       -0.66467992371836        0.88031658595041
O           -1.61694938902752        0.70716461813861        0.69308542807164
C           -2.26624900880621        1.17165997920477       -0.50124871800420
C           -2.54264648321017        2.66223337461726       -0.24145789927020
O           -1.37334486683477        3.38046290555750        0.02242128009952
C           -3.56025243618388        0.41293459972518       -0.82636862376142
O           -4.00456889819998        0.67275749317592       -2.13921570902539
C           -3.31763972035442       -1.09692009394675       -0.73651543780286
O           -4.50116844734529       -1.82391053535142       -0.95710900777680
C           -2.81280475423300       -1.41263688664778        0.66974825033152
O           -2.62339009092753       -2.77717962036236        0.88182871829415
C            0.96163764737403        0.55246655860515       -0.67061649113451
O            0.36891009990943        0.70492256342694       -1.94328040511746
C            2.45333803977892        0.92719045901986       -0.78252783076129
O            2.57134830723109        2.30623480796898       -0.99433798122771
H            5.39556842691238       -0.26706529365304        1.82587181874018
H            5.14386633099251        1.48702529920596        2.04952832614237
H            6.43255409490503        0.89993414011243        0.96152006748291
H            2.92028915449121        1.23146785618182        1.30983691888226
H            1.32414374332241       -0.42007037111270        1.94088319953512
H            2.03836530766896       -3.16837721440143        0.79526894662073
H            0.60891153134642       -2.82935175149770        1.80688454719862
H            3.25965425580436       -2.37442667635098        2.61689293641471
H            1.15268467936536       -1.56156080212695       -0.88616571223545
H           -1.21413882652586       -0.73959885697405        1.95021226929411
H           -1.58663370523588        1.06626691903249       -1.35585794179569
H           -3.24850285512382        2.74576477534770        0.59877181520776
H           -2.98307089686261        3.12615262760296       -1.12738891168574
H           -0.93766876085146        2.96250515024776        0.77456053725589
H           -4.34599679015506        0.68192484556331       -0.09995737851841
H           -4.10902082071161        1.62090709748105       -2.26666082881193
H           -2.55075193648120       -1.38387998791990       -1.47106405485799
H           -4.89926296132546       -1.47881237345354       -1.76557804752656
H           -3.54303720976448       -1.01252816069446        1.39543367622887
H           -3.34690513418004       -3.23223915758707        0.42980167364896
H            0.47626342794368        1.28938421291357       -0.02583846399217
H            0.69449986164212        0.00824432605505       -2.52784428739180
H            2.90925462118185        0.36515016623712       -1.61571171883195
H            1.91695555532821        2.56162019935779       -1.65957779768432
48
 energy: -84.797439305628 xtb: 6.7.1 (edcfbbe)
C            5.47574822349741        0.60521425857261        1.37865816578146
O            4.61201871420151        0.75230517851692        0.26839861031764
C            3.27950759496158        0.54710423265369        0.55220615469576
O            3.06666658572567       -0.83228286681641        0.76484699184931
C            1.72622160389777       -1.15176899878096        1.06651606593700
C            1.68757378507519       -2.65148378537284        1.38448037140367
O            2.48073994704912       -2.95598450342049        2.49641285638085
C            0.77856355660961       -0.80202628280003       -0.10380735976641
O           -0.52301501030929       -1.26693515043589        0.21527114272362
C           -1.49313037974185       -0.53265197339262        0.92332986833245
O           -1.65776240427732        0.81700781456209        0.63276912381978
C           -2.33166562815510        1.17719074322109       -0.58303151710573
C           -2.66158233377048        2.67015124503833       -0.41968567193478
O           -1.51590370579143        3.46149491926151       -0.30452392233476
C           -3.60002076476732        0.35544191593392       -0.85170370038624
O           -4.03756732406330        0.49365402213365       -2.18532208744750
C           -3.32240449399731       -1.13530863415308       -0.63498155581836
O           -4.48985939517607       -1.90456230005177       -0.78797252543317
C           -2.80537780910790       -1.32058912575154        0.78991064882940
O           -2.59007900872847       -2.65850498270817        1.11573419297427
C            0.97258340379534        0.64468295779447       -0.56173031399730
O            0.38680715543268        0.88566770687649       -1.82367431188962
C            2.46325710363848        1.03257192817257       -0.65012942490450
O            2.57152358825835        2.42711315312958       -0.72052932306796
H            5.45014443775352       -0.41648045501332        1.76660800299511
H            5.20359575974132        1.30396124100439        2.17727504077325
H            6.47279368853897        0.83578135975950        1.01166868809123
H            2.96604424048050        1.11179555338815        1.45596869645872
H            1.41011216025884       -0.58395530091441        1.95868152377638
H            2.03011409271861       -3.20147465955634        0.49724796816540
H            0.66497371310238       -2.94858516766975        1.62038804523707
H            3.36426223613244       -2.60955709823097        2.32053708002395
H            1.06299700280494       -1.45423057418421       -0.94598195902168
H           -1.20470335374625       -0.51672353859342        1.99228975225881
H           -1.64871341331102        1.04389320300975       -1.43111305543573
H           -3.30728357097797        2.78708830395644        0.46367327972736
H           -3.19133336016981        3.04161820214681       -1.30052879302514
H           -0.99161460378840        3.11317952970079        0.42585397482522
H           -4.40011285881904        0.66306514807454       -0.15692112968397
H           -4.13708348672807        1.42652228458300       -2.40093591148872
H           -2.55119547958375       -1.46655420759041       -1.34603790671448
H           -4.89584795418843       -1.64157552538959       -1.62277894300986
H           -3.53814395910285       -0.87243008978777        1.48412091225246
H           -3.30632463556857       -3.16318497192485        0.70675607106463
H            0.48482454185687        1.33483813685683        0.13122118985740
H            0.74167225351475        0.25220258941740       -2.46097613410928
H            2.90872541994576        0.56154127122352       -1.54313407803168
H            1.93925114182863        2.74175891108515       -1.38184390694312
48
 energy: -84.800710984154 xtb: 6.7.1 (edcfbbe)
C            5.53478057189684        0.41795192927873        1.60010994109262
O            4.66275518829518        0.79853732462789        0.55318967325946
C            3.33264384592003        0.53375145026900        0.79670858661054
O            3.11803775564216       -0.85757788478489        0.71128507047330
C            1.77913888216460       -1.22336413360997        0.95745963061047
C            1.73364902029074       -2.75702271370929        0.96556811144687
O            2.56079024556061       -3.28520906620054        1.96276106507339
C            0.79717675546566       -0.64345760750174       -0.09122308008395
O           -0.48388915502609       -1.16074944099607        0.25003309480831
C           -1.47254382630831       -0.47467189636756        0.97526597110998
O           -1.68529647413280        0.86412101223575        0.65916720086293
C           -2.33036515043725        1.09553341768348       -0.58906787250189
C           -2.54069219464741        2.61109906454440       -0.70084722599005
O           -2.95171226642278        2.98774358037649       -1.99482211452725
C           -3.65324663880674        0.32897992350960       -0.72101071550602
O           -4.20924741623633        0.47751340449477       -2.00513828120291
C           -3.38351846182697       -1.16072750104937       -0.48937121134873
O           -4.56704777312310       -1.92032244874153       -0.52802262188686
C           -2.75713396451365       -1.31753967415056        0.89592200231990
O           -2.46393837496641       -2.64605227821114        1.20492956941122
C            1.01054747137806        0.86656908711174       -0.25553040413489
O            0.44269650530117        1.37159823940235       -1.45032453642798
C            2.50746261929664        1.24843446629568       -0.27583442321451
O            2.63393279845885        2.62991075092220       -0.08424910108229
H            5.52217535221465       -0.66472608681440        1.75071619587740
H            5.25971299747823        0.91774657520966        2.53526271232154
H            6.52712135148956        0.73629092368039        1.29025391768878
H            3.02381860534877        0.89561448128508        1.80002209077856
H            1.47643624591483       -0.84883684471327        1.95000342091037
H            2.03993078163591       -3.11742745841853       -0.02658831367393
H            0.71569585166654       -3.08785567658697        1.17408919113676
H            3.43801912620046       -2.90201875655239        1.83908429146299
H            1.02061143045074       -1.12337751158082       -1.05740960384875
H           -1.16198161193824       -0.43075737179008        2.03765733638535
H           -1.67871897978109        0.76451065427065       -1.41053061007253
H           -1.61015387596667        3.11143585293066       -0.41462241749729
H           -3.33313177705551        2.92794932450467       -0.01944336220111
H           -2.21505037289752        2.84345609708476       -2.60092231420082
H           -4.36269252249750        0.68233630175637        0.04660512126437
H           -4.18282576625819        1.42119022537990       -2.23260927495775
H           -2.67650107275889       -1.52380446117158       -1.25148383736264
H           -5.06237482316568       -1.63058900371263       -1.30401648587909
H           -3.46536688213193       -0.90155501637480        1.63417255975475
H           -3.20250542097402       -3.17639678412589        0.87635617463832
H            0.52197029549003        1.41271570912656        0.55611258607176
H            0.82358431912766        0.88767300279159       -2.19567082053253
H            2.94072897305545        0.95092643979644       -1.24686935011006
H            2.02651482489947        3.07044600306795       -0.69364660967517
48
 energy: -84.799299832418 xtb: 6.7.1 (edcfbbe)
C            5.58401848896933        0.27403331965230        1.59480086574390
O            4.69414775267576        0.77273222550807        0.61448519199973
C            3.36645513980438        0.49917595318426        0.86304764906140
O            3.12908413502195       -0.87142470440956        0.63029102146629
C            1.79454536354708       -1.24549513337319        0.88475530598150
C            1.72643824056392       -2.77094297908137        0.73455841047725
O            2.60032968323857       -3.40956091554109        1.62118040551699
C            0.77948007588127       -0.54940783569386       -0.05606524284716
O           -0.48915984655042       -1.05820647949727        0.34519002389044
C           -1.48673254886760       -0.33491447764759        1.01689138932752
O           -1.72786861780022        0.96610847043084        0.58436288361183
C           -2.35920783792099        1.07384605009314       -0.68547410166599
C           -2.60801589706820        2.56968248004876       -0.91941371747659
O           -3.06238005990951        2.83184715525490       -2.22767380131843
C           -3.66188409025893        0.26504840045556       -0.76534645875871
O           -4.20215081764864        0.28224880301988       -2.06460430711557
C           -3.36470187228556       -1.19081301148768       -0.39460706982333
O           -4.53225266291721       -1.97550457531252       -0.37841840639247
C           -2.75381791872073       -1.20787753164528        1.00633236548922
O           -2.43839726925703       -2.49689209844264        1.43713783952315
C            1.02169768613878        0.96636148498130       -0.08803853372119
O            0.43986764590834        1.58829725381445       -1.21791550100355
C            2.52299430666359        1.33339442410825       -0.10316825929261
O            2.67026307128206        2.68536763573281        0.23077535435916
H            5.54212739583414       -0.81708928075315        1.64779062156092
H            5.35143448213181        0.69434615485199        2.57935968067641
H            6.57637773313399        0.59087886032729        1.28367528181727
H            3.08849010806005        0.75217604723445        1.90772380804826
H            1.53033315379680       -0.97479847004986        1.92057765744835
H            1.97128486497191       -3.02867218913736       -0.30564128208161
H            0.71667692425250       -3.11005052745605        0.96713298045843
H            3.47340919783861       -3.01885736045840        1.49151656000529
H            0.93116541539807       -0.94169764216265       -1.07456361846634
H           -1.17725152797564       -0.19475047023227        2.07090625716552
H           -1.68785105772522        0.69162622668221       -1.46916923088432
H           -1.68258703567831        3.10942369983552       -0.69867963906715
H           -3.39133524499695        2.92127683098737       -0.24483984060659
H           -2.33337934310794        2.68291934037915       -2.84079865229645
H           -4.38998436546516        0.67043644110389       -0.04244930137888
H           -4.21884480869245        1.20532589824566       -2.36449287331014
H           -2.63955586158379       -1.60680499313498       -1.11123465091189
H           -5.01772425774103       -1.77356480719469       -1.18764847996881
H           -3.47795335176883       -0.74097491372043        1.69693179845363
H           -3.16211374867776       -3.07002813563940        1.14967856354721
H            0.55535339729057        1.44298678579710        0.77876012801667
H            0.81918373768428        1.18811828690042       -2.01206204452057
H            2.92903255867020        1.13729050487991       -1.11135092289366
H            2.05095649262847        3.19337543485441       -0.31072514785412
48
 energy: -84.798417076461 xtb: 6.7.1 (edcfbbe)
C            5.62104596484072        0.13440965665127        1.55477063951205
O            4.71091221342424        0.74852046568382        0.66242128201823
C            3.38687331525167        0.46441945043385        0.91823192895708
O            3.12007865340407       -0.86757056064072        0.53759348503585
C            1.79082976820016       -1.25071903298710        0.80354095228356
C            1.69014981086079       -2.74946979677182        0.49205675192416
O            2.59579819855820       -3.49239337378713        1.25622259066669
C            0.74929053626242       -0.44783796587634       -0.01290023877665
O           -0.50211329380339       -0.95112366626418        0.44846167365519
C           -1.50790040282792       -0.19608019157078        1.06959260055465
O           -1.77417171772276        1.05763354772031        0.52674316620556
C           -2.36702858091967        1.03762459872253       -0.76362555922215
C           -2.65117991880502        2.50064173796428       -1.13068105028743
O           -3.09476577765791        2.63863549498881       -2.46217154578493
C           -3.64707715509175        0.18891069257209       -0.80720558535671
O           -4.14569417347653        0.07107549691645       -2.11808737021576
C           -3.33546653669444       -1.21806008946150       -0.28916727231506
O           -4.49067077904764       -2.01861267476634       -0.22486223618224
C           -2.76061186856908       -1.08839212956711        1.12150870168779
O           -2.43655812350171       -2.32298733899099        1.68361899515051
C            1.02521615743532        1.06159560063333        0.07723334623873
O            0.44018916953856        1.78462864643032       -0.98812348784773
C            2.53068003975764        1.41411957426896        0.07826604925925
O            2.70071588545727        2.71479718906407        0.56855390563702
H            5.57123471982053       -0.95532964868738        1.48224616942148
H            5.41752445101087        0.43912095132896        2.58711189895414
H            6.60798911567831        0.47954246263558        1.25647661787430
H            3.14290018227261        0.59893386162270        1.99275861387052
H            1.56904989664409       -1.09040878096756        1.87114038680211
H            1.87823598163181       -2.89493766856618       -0.58142258425157
H            0.68737020204943       -3.09840713453636        0.73931977872039
H            3.46506969684860       -3.08932956339780        1.13897430182332
H            0.82686581411905       -0.74834478288271       -1.07072593401956
H           -1.20329091019080        0.03261845624634        2.10821701057217
H           -1.66179627667670        0.60824110149089       -1.49288763433703
H           -1.74368641660591        3.08131081557862       -0.94282942101401
H           -3.45384335764024        2.88472960909166       -0.49806051356207
H           -2.35298110235932        2.47124607290286       -3.05449678181439
H           -4.40648003483966        0.64342945100243       -0.14851326740994
H           -4.18648241171685        0.96376111519001       -2.49736165501361
H           -2.58521068429710       -1.68869464908708       -0.94319329465240
H           -4.95957062786162       -1.90481269280220       -1.06072396052087
H           -3.50715120404154       -0.56756838211783        1.74647912603282
H           -3.14112665404501       -2.93588026872628        1.43298701698364
H            0.57359366872159        1.46972809249500        0.98590140298055
H            0.81554147495777        1.45796945121954       -1.81705222779635
H            2.91523617764633        1.33677243416813       -0.95423580601476
H            2.08246391571434        3.29254000860908        0.10138002521167
48
 energy: -84.797778449292 xtb: 6.7.1 (edcfbbe)
C            5.64473884141141        0.01124199137565        1.50429871303779
O            4.72463021555781        0.71766913917440        0.69439186616828
C            3.40213221518090        0.43284635777628        0.95699765563123
O            3.09916764881402       -0.85068533303482        0.45513171970055
C            1.77451001345193       -1.24023990168339        0.73344078347663
C            1.63563121589891       -2.69897583891879        0.27976332326551
O            2.56059262864127       -3.52621309405571        0.92467840562781
C            0.71796815119610       -0.34602775530043        0.04328001042390
O           -0.51401478053441       -0.84685387837266        0.55395027548374
C           -1.53563530677224       -0.06886538897385        1.11928739503084
O           -1.82616462899950        1.13203260485507        0.47919200481876
C           -2.36926283259379        0.99799990666272       -0.82406539163696
C           -2.68082550599587        2.42033003639292       -1.31021065623444
O           -3.09117971835379        2.44504068464724       -2.65949809043825
C           -3.62478571020451        0.11140992942515       -0.84240705911106
O           -4.07051120711257       -0.12943806117766       -2.15535314592146
C           -3.30149848724188       -1.23889753705225       -0.19556111441849
O           -4.44275007461601       -2.05605028479284       -0.09846904450968
C           -2.77266376948685       -0.98025319387965        1.21603189506684
O           -2.44243578225153       -2.15755149671391        1.88727817089302
C            1.03266022489443        1.14758118599024        0.23524360794691
O            0.44189581006558        1.95698408627794       -0.76170219420870
C            2.54420736560460        1.47370307452116        0.23530123482828
O            2.75047942102233        2.71783724144074        0.84351966790790
H            5.57206070506881       -1.06668946223271        1.33737620393229
H            5.47330653213200        0.22663948214236        2.56450036661233
H            6.63031726243109        0.36449971830566        1.21135233813587
H            3.18751494282778        0.46559815420712        2.04529250239625
H            1.59437421596775       -1.18397406536803        1.81894946172786
H            1.77415835585831       -2.74002696715671       -0.81055422610815
H            0.63902135742539       -3.05768039428147        0.53736756829810
H            3.43008820766661       -3.12179880453655        0.81364313166756
H            0.73054936629796       -0.55952374363414       -1.03962506644126
H           -1.24657300130622        0.23882198139914        2.14030872205065
H           -1.62716148088152        0.53533957559658       -1.49532288970961
H           -1.79569372035285        3.04000000634354       -1.14000893660617
H           -3.51163597772222        2.82702475071094       -0.73035045192992
H           -2.33119342390199        2.25562979572210       -3.22126486473614
H           -4.41878573411514        0.59898453587555       -0.25184666464957
H           -4.13340676974242        0.72821031688387       -2.60527142854058
H           -2.52189543983237       -1.74632643284589       -0.78452791441490
H           -4.88153177618517       -2.03069147241250       -0.95762046074359
H           -3.54609360584830       -0.42485006002018        1.77489698858262
H           -3.12683152763222       -2.80422454032465        1.66771756941997
H            0.60486067643679        1.49527553163303        1.17990197510170
H            0.80327048686367        1.69469877194773       -1.61878045631475
H            2.90388337355034        1.48958675022767       -0.80886672465959
H            2.14050802070766        3.35084774340622        0.44169424180419
48
 energy: -84.797468926306 xtb: 6.7.1 (edcfbbe)
C            5.68962226666037       -0.13192521664871        1.36466442643924
O            4.75193197894401        0.67206127152765        0.67486001653696
C            3.43635508859537        0.40287186689517        0.98365625296596
O            3.06640029069156       -0.82434315907659        0.39208137518516
C            1.74312565156799       -1.19592070535769        0.69807493824469
C            1.53745707172972       -2.60761918379556        0.13377018135998
O            2.46402146163193       -3.51140301709762        0.66265781873091
C            0.69055789118575       -0.21680157737655        0.12985633073781
O           -0.52742688325995       -0.72715824381981        0.65923192919472
C           -1.58432721066809        0.05452291820388        1.15166188854655
O           -1.89716600725744        1.19436755400107        0.41843374016804
C           -2.37487863723891        0.94850911464154       -0.89229418307108
C           -2.71556627488248        2.32056281291045       -1.49114797953807
O           -3.07300254667285        2.23667539050160       -2.85275914856219
C           -3.59703887023402        0.01505655298727       -0.89637104499921
O           -3.97462888459447       -0.34114429706483       -2.20438702392694
C           -3.25868801958638       -1.26981021569648       -0.13332073018004
O           -4.37752414513273       -2.11489911850167       -0.01747289455243
C           -2.79559649289915       -0.88850894095988        1.27430617711065
O           -2.45574232192240       -2.00099128990651        2.04390165795975
C            1.05717170774798        1.24133200102403        0.45755017200862
O            0.43893282117841        2.17337723388649       -0.40454709477782
C            2.57606203508944        1.52507431470064        0.40008963553352
O            2.85252499851317        2.70780250595433        1.09590524636723
H            5.58161277197476       -1.18566086089546        1.09419614768002
H            5.57278638495013       -0.02165986634363        2.44814471734845
H            6.66949280437424        0.22849062605748        1.06129960044731
H            3.27917786750242        0.34703772816790        2.08075581517719
H            1.60907147290100       -1.22340860431668        1.79088667834110
H            1.62397834810354       -2.56174313458111       -0.96185674909445
H            0.54317382666527       -2.95870926190699        0.40979508374970
H            3.33947422222632       -3.12074945871043        0.54909175522390
H            0.66245437189640       -0.32342819163435       -0.96923551265180
H           -1.33231723591801        0.44116715860792        2.15375837114374
H           -1.58960453081964        0.46682901208338       -1.49954663877629
H           -1.86309015582418        2.98737172764490       -1.32849988799935
H           -3.58295098861658        2.73433071443732       -0.97332050187578
H           -2.29006919204888        2.02600412226851       -3.37419459503158
H           -4.43242061536964        0.51622870104281       -0.37907890271433
H           -4.06166262863004        0.47742307119494       -2.71799350449772
H           -2.44044032744976       -1.79400489519265       -0.65090114599113
H           -4.77697627845661       -2.17655651365876       -0.89376751900730
H           -3.60729009512808       -0.31952616946920        1.76030487934162
H           -3.11050980285003       -2.68520017889478        1.84918091254028
H            0.69639797386212        1.49046396070167        1.45993413576940
H            0.72835193113327        1.99162570345756       -1.30808329579957
H            2.87882964895889        1.61959333035291       -0.65801936179311
H            2.22995023606644        3.38238835587904        0.79222887688002
48
 energy: -84.807376311344 xtb: 6.7.1 (edcfbbe)
C            5.76945326511946       -0.23475769139241        0.80597342701606
O            4.74789546899817        0.64205138354486        0.37278898775676
C            3.50666262033271        0.38382322055156        0.91340683631669
O            2.99858939969882       -0.80291292768482        0.33932688243199
C            1.69840824247691       -1.11852805346424        0.77478003541165
C            1.37577763134078       -2.50907021832158        0.21101198761035
O            2.31178319292933       -3.45888366297534        0.63298717406106
C            0.66493753394265       -0.06754959738622        0.31790940864395
O           -0.56848086584997       -0.59798434394493        0.80296743919092
C           -1.67240042876614        0.17183416028764        1.16901259857826
O           -1.96413336931342        1.25031395177539        0.31417880780899
C           -2.31623928694192        0.87487832367556       -1.01442269914906
C           -2.62440281530522        2.17476601228527       -1.77465526385588
O           -2.87532197698914        1.93993187825470       -3.13943941211062
C           -3.51483266189286       -0.08729452295235       -1.03129382283893
O           -3.77201014175097       -0.57494132905800       -2.32353454835742
C           -3.21559963173140       -1.29024741572512       -0.12810683804510
O           -4.32544800871411       -2.14616618682058       -0.02408053844545
C           -2.87447334113999       -0.78031310467543        1.27405043679248
O           -2.57776983882353       -1.81431540391383        2.15973194752294
C            1.10696363393411        1.29857776809854        0.87152751421486
O            0.45801324983242        2.40560064240930        0.28971532532639
C            2.59873546989168        1.57049673673079        0.58633346224654
O            3.02479948226075        2.66338303921425        1.34927432439256
H            5.57219263707566       -1.26117982722058        0.48531624553405
H            5.86820689951225       -0.20789172219503        1.89660466844572
H            6.68550164825739        0.12583015077773        0.34432628147732
H            3.56229454648555        0.26276233432849        2.01589600004882
H            1.67007210137099       -1.16100734612929        1.87479258553091
H            1.35727822439809       -2.44394910751383       -0.88636503204694
H            0.40022209527045       -2.82792092683606        0.57743608764373
H            3.18685796268932       -3.09654811203854        0.44567379435225
H            0.64647490066362       -0.01616383888996       -0.78078909308005
H           -1.50583359942849        0.65109902501088        2.14880553791167
H           -1.46983234347761        0.36044446115611       -1.49633711338267
H           -1.79524571273133        2.87688169667445       -1.63207173168564
H           -3.53319822780253        2.62434653880733       -1.36826520845672
H           -2.04854326465277        1.71457274822728       -3.58213665247466
H           -4.40009138108966        0.43684971489259       -0.63289587004947
H           -3.83555415358924        0.18560152530681       -2.92297573127462
H           -2.34911946401574       -1.83665122816400       -0.53167470843779
H           -4.63877644735314       -2.31605820759053       -0.92099584281710
H           -3.73164296025371       -0.19062158373957        1.64403962230757
H           -3.20188187175095       -2.52953726448048        1.97538844271639
H            0.95685255272761        1.29409755141113        1.96395077179289
H           -0.50245936430555        2.28223141281648        0.36779573436004
H            2.70646866324326        1.77839268284918       -0.48875354868506
H            2.43884668487920        3.40172230895719        1.13727238609752
48
 energy: -84.808550732801 xtb: 6.7.1 (edcfbbe)
C            5.75765168862630       -0.28955257555220        0.84913930716266
O            4.76381279126546        0.64752210427892        0.48269112884122
C            3.50613828100155        0.36420910812991        0.96944559876046
O            2.98443998258862       -0.74396330924499        0.26380278139193
C            1.68363041281367       -1.09437188576014        0.66786437716376
C            1.33692130132046       -2.40122963896276       -0.05810703792998
O            2.26400458911022       -3.40752762543044        0.22996838135664
C            0.65962176157663        0.01331022446099        0.35252135273179
O           -0.55715295667908       -0.52514322580543        0.86477083321365
C           -1.66693853056058        0.27005913019564        1.15700147199395
O           -1.93746532580474        1.27566731860479        0.21122199810476
C           -2.30491469731622        0.80366574668188       -1.08091288259740
C           -2.61778831609549        2.04809715487924       -1.92726979101441
O           -2.88484827682068        1.72131315955816       -3.26955762131734
C           -3.50738276637191       -0.15231973574284       -1.02063712991205
O           -3.77010445563489       -0.73397250181795       -2.27214659955763
C           -3.20855337529510       -1.28443168676900       -0.03043463939080
O           -4.31719372442489       -2.13177056565963        0.13599380814067
C           -2.87245921760327       -0.66711713654283        1.32881871419827
O           -2.58312105013928       -1.62735433455789        2.29584979463559
C            1.12913136419771        1.32741179342341        1.00003876026006
O            0.49354187274549        2.47777341560352        0.48922872320375
C            2.62772912565227        1.59755538720962        0.75132785315273
O            3.07002711057361        2.60232869049549        1.61929169945609
H            5.54771230369194       -1.27530685325575        0.42542563723074
H            5.83154568312902       -0.37166654330380        1.93900447882171
H            6.69130322834245        0.09406226685686        0.44474700504423
H            3.53549676160551        0.12640124474745        2.05368811221819
H            1.66078311543105       -1.26902064052040        1.75476214022139
H            1.30563691520625       -2.20221828794375       -1.13944329079557
H            0.36188273423229       -2.75162257320570        0.28034181737340
H            3.14208313488015       -3.03435165526402        0.08163685193854
H            0.59345029461636        0.16142250338554       -0.73562091089014
H           -1.50995665774694        0.82571219445795        2.09691327707470
H           -1.46700686051728        0.25054773425019       -1.53470980027459
H           -1.78620202100447        2.75638659373568       -1.84030985673233
H           -3.52086741449964        2.52728876339475       -1.54245637889888
H           -2.06446360367812        1.46346903736152       -3.70652892323808
H           -4.38977831387725        0.40291516817471       -0.65982610132394
H           -3.84096086133372       -0.01924525867771       -2.92480134032302
H           -2.34046171730907       -1.85815001551899       -0.39029448632685
H           -4.62971715425302       -2.36847353813840       -0.74594452046794
H           -3.73024668604420       -0.04809171237370        1.64610408576363
H           -3.20466157053668       -2.35609775745117        2.16347866885404
H            0.96928169452336        1.24929763901879        2.08875173867020
H           -0.46397356375664        2.32653051054277        0.44790902904896
H            2.74991665555018        1.90513442418684       -0.29777557304686
H            2.51047326383169        3.37491338699783        1.46851859027208
48
 energy: -84.809118135555 xtb: 6.7.1 (edcfbbe)
C            5.74233502088966       -0.32774117628711        0.82631100349476
O            4.76311270096801        0.64981806040922        0.53366355474132
C            3.50160816501395        0.35034877098742        0.99942325252853
O            2.95739601681861       -0.68330344559341        0.20166042636665
C            1.65920935380223       -1.05952324877224        0.59123207545270
C            1.28055680673406       -2.27683501190519       -0.26232592681504
O            2.19444836961223       -3.32148392440367       -0.09733454554302
C            0.64783235032962        0.08724245354310        0.41637533291742
O           -0.55615006215678       -0.45986721113144        0.94348068099910
C           -1.67535183456757        0.35068507976309        1.15360430127685
O           -1.91388285452561        1.28425172643654        0.12891912259091
C           -2.27746251936043        0.72740905580754       -1.12959676721363
C           -2.57573589375351        1.91560753342599       -2.05813105202806
O           -2.83856124495915        1.50458335437857       -3.37768972967475
C           -3.48773401514195       -0.21354985008203       -1.01662840372175
O           -3.74358351725362       -0.87534188049174       -2.22911847525834
C           -3.20405998348022       -1.27844048173552        0.04907411379895
O           -4.31550411571869       -2.11263956419815        0.25626835679331
C           -2.88588390159247       -0.57084336843261        1.36761088339443
O           -2.61340621573480       -1.46340784587734        2.40234358175922
C            1.14663699671853        1.34598540174023        1.14227961522488
O            0.50711254232736        2.53157089210708        0.71860017697505
C            2.64489399013017        1.61395306455114        0.89178827139759
O            3.11884078498922        2.54036727789516        1.82745529923523
H            5.51623522353284       -1.27584327983603        0.33081112279958
H            5.81655059923270       -0.49218505347952        1.90679508920192
H            6.68139675046343        0.07012160166011        0.44929909263753
H            3.52833007571358        0.01852929240661        2.05848344567067
H            1.65320479571078       -1.34802119105754        1.65397362358725
H            1.23649045228867       -1.96512694169140       -1.31650585212087
H            0.30522051061129       -2.64744885469434        0.05345337951397
H            3.07660072442677       -2.94760653528173       -0.21681253838160
H            0.54175470415386        0.32481783641313       -0.65283244550637
H           -1.53977305542802        0.97012573962156        2.05615967039237
H           -1.44247855276183        0.13701141444595       -1.54080766749774
H           -1.73954284662386        2.62230347372460       -2.01213256299208
H           -3.47675721700406        2.42583367789198       -1.71032889632700
H           -2.01932710732671        1.20764091474898       -3.79133443992333
H           -4.36933000941781        0.36988774396034       -0.70155444148285
H           -3.80759751639409       -0.20483178363567       -2.92768854059493
H           -2.33185351523282       -1.87480941639493       -0.26064437260422
H           -4.61856294531642       -2.40403896800491       -0.61255895963520
H           -3.74714790966906        0.06904555942108        1.62945021706524
H           -3.23248947233015       -2.20015955566254        2.30850467604173
H            0.99908490871368        1.19739240882136        2.22540527162116
H           -0.43211275496601        2.35965404563177        0.55690501567161
H            2.75820572913538        1.99943246513203       -0.13243718782285
H            2.56722843519341        3.32942538182715        1.75061331693302
48
 energy: -84.809005494163 xtb: 6.7.1 (edcfbbe)
C            5.71974007225821       -0.35475434955821        0.75359900063455
O            4.75189545746163        0.65641914562791        0.55133085191427
C            3.49306454823801        0.34249353394241        1.01398622505865
O            2.91755795221215       -0.61411977917401        0.14359926581846
C            1.62392211653403       -1.01210068172719        0.52827995421784
C            1.20559901189884       -2.12998038464448       -0.43506588689677
O            2.10243986339153       -3.20083121028157       -0.39754242585010
C            0.63041745094900        0.16041740878722        0.49716769316789
O           -0.56475517926897       -0.39419952525147        1.03221041104644
C           -1.69486578618539        0.42225295520396        1.15653632073714
O           -1.89567485596113        1.28243883881630        0.06269141389874
C           -2.23620160713899        0.64179495129582       -1.16194086851656
C           -2.49968973908469        1.76533961789260       -2.17739138749358
O           -2.73265773886358        1.26776109515980       -3.47226083602012
C           -3.45847665073223       -0.27833540233343       -1.01475383817562
O           -3.69538632747107       -1.01596588157259       -2.18659863045204
C           -3.20676260827416       -1.27354505990257        0.12346526868053
O           -4.32905021292388       -2.08501788385476        0.35999067806855
C           -2.91212937045349       -0.48311149826000        1.39928930676567
O           -2.66503470802537       -1.30763357381515        2.49523477215267
C            1.16307060604555        1.35709875837946        1.29490016098428
O            0.51133723627636        2.57121440279243        0.97432934072698
C            2.65746306190608        1.62546062356955        1.02396371669737
O            3.17217602657755        2.47212591883992        2.01210317427310
H            5.47129467330463       -1.25945102199521        0.19197151881766
H            5.80774193977636       -0.60130292887952        1.81726000999508
H            6.65917667460589        0.05661093480339        0.39237829295204
H            3.53024104111184       -0.07525918782684        2.04161323923163
H            1.64060716319421       -1.40778208607148        1.55594487758128
H            1.14622334848718       -1.71219350344132       -1.45151896496681
H            0.23018001987982       -2.51579703690262       -0.13766423704501
H            2.98918033740053       -2.83175962922897       -0.49642193000556
H            0.48872234907011        0.48527240700359       -0.54476391071924
H           -1.58718120284060        1.09809728995095        2.02136724065580
H           -1.39916038187769        0.01485927083315       -1.51144365466824
H           -1.65870061873216        2.46768525365714       -2.15795929373849
H           -3.40419931138734        2.30525212733527       -1.88865950909442
H           -1.90766331020808        0.93043420453286       -3.84119249683346
H           -4.34056069452842        0.33193770613660       -0.75729530472241
H           -3.73536749164089       -0.39299306437036       -2.92948525336057
H           -2.33315748399221       -1.89473846026749       -0.12784187827469
H           -4.61674333738849       -2.42907394127874       -0.49471710358393
H           -3.77702943693829        0.17367526794941        1.60071624471074
H           -3.28886217167917       -2.04417054234205        2.43899330465568
H            1.03973280320354        1.13720252293813        2.36847248368563
H           -0.38939780282219        2.39576239928780        0.67121819479792
H            2.75154423893777        2.08420351716055        0.02807896696039
H            2.62537697943188        3.26830211152773        2.01730668019720
48
 energy: -84.809546257146 xtb: 6.7.1 (edcfbbe)
C            5.67631118859219       -0.22262387105636        0.38637214642406
O            4.65969701659298        0.76070093920232        0.36302648005331
C            3.47645136236859        0.37293335788930        0.95125726839109
O            2.82260219851478       -0.53686039853745        0.08409980991582
C            1.56736249727161       -0.97858784444363        0.55117981344827
C            1.08134067198712       -2.03268895378443       -0.45126730266178
O            1.97702176942259       -3.10038893065060       -0.54831835468180
C            0.58297346907055        0.19431554940286        0.67242895313254
O           -0.62642366500495       -0.35010541418198        1.16271273604166
C           -1.75242611442064        0.49381884527431        1.15109174829980
O           -1.85307644228150        1.26227110387433       -0.01911862953735
C           -2.14606821210507        0.52269046295767       -1.19950516954910
C           -2.29998033553286        1.55191039775891       -2.33025358415132
O           -2.47737947612691        0.94545715291783       -3.58711272040417
C           -3.41288048943718       -0.33527626946372       -1.04889066575461
O           -3.62285466725519       -1.15832734214622       -2.16874143959950
C           -3.25979118535686       -1.24334212731415        0.17556971892600
O           -4.42310297394747       -1.99586863364060        0.41217862275344
C           -3.00192365093117       -0.36257815127195        1.39826607039817
O           -2.83153813973746       -1.10675828466709        2.56530787306452
C            1.18576527323153        1.24845324276111        1.61202682339476
O            0.42145725005634        2.42915285081619        1.71603165302880
C            2.61568813324857        1.62180336767019        1.17288551237622
O            3.21992874211662        2.40988583016147        2.15881328398880
H            5.38825052295447       -1.10419891292189       -0.19263557573831
H            5.90227202982645       -0.52240624997784        1.41531252794607
H            6.55069422744964        0.24298698813707       -0.06156090769834
H            3.65131802863946       -0.11861598562872        1.93064712314599
H            1.67268797215778       -1.44366516188069        1.54294105199910
H            0.95192226540883       -1.54891962042317       -1.43155104735229
H            0.12846784030974       -2.43989802900219       -0.11234736430714
H            2.85483249489205       -2.72404948909554       -0.68916711597630
H            0.44210454332038        0.65333233939793       -0.31763845389122
H           -1.66827524439421        1.23892331333696        1.95680706968741
H           -1.31636310579582       -0.16567676840449       -1.43582280011892
H           -1.43092242133700        2.22031660376180       -2.32599343343820
H           -3.19428391124641        2.15256695574096       -2.15143872489808
H           -1.66073841118254        0.50360773370586       -3.84893178285466
H           -4.27997540989574        0.32726793312173       -0.88868682591995
H           -3.60152449401976       -0.59847045219334       -2.96078503463112
H           -2.39881161944022       -1.91216141163524        0.02180822792782
H           -4.67889201332728       -2.39489290224542       -0.42861429465378
H           -3.85741271421822        0.32758450319364        1.50611664291543
H           -3.48126047550715       -1.82218397260058        2.53823808313241
H            1.22396413716532        0.83759439984827        2.62812359039639
H            0.08654712591801        2.67621261756033        0.84533254144250
H            2.57398632257247        2.16638971462846        0.21419046524210
H            2.56225500525024        3.05836452005678        2.44909666625061
48
 energy: -84.809438317333 xtb: 6.7.1 (edcfbbe)
C            5.64043095611370       -0.23891780121648        0.29440935625186
O            4.65150736373372        0.76793698401533        0.38738202897656
C            3.47121549891716        0.35957168269940        0.96843640518496
O            2.77472623417720       -0.45283408873665        0.04064848180343
C            1.51591655799518       -0.90365344594001        0.49231383804887
C            0.99489289185919       -1.85729705567699       -0.58872811832722
O            1.85307055370070       -2.94446759980295       -0.77021150150690
C            0.56801101216624        0.27933972698932        0.73980361816430
O           -0.64722542346719       -0.25395609962094        1.22930709769235
C           -1.78488745952008        0.56857399466805        1.12380975265327
O           -1.86667759719406        1.25758523009682       -0.09459692592832
C           -2.12063627547488        0.44237803241591       -1.23352395751037
C           -2.26042503316015        1.39783999908440       -2.42898487659902
O           -2.39995063706060        0.71241793087256       -3.64950081726447
C           -3.37964272901833       -0.42270738443639       -1.05975544141415
O           -3.54860568993483       -1.32051693410240       -2.12791542348091
C           -3.24978047287064       -1.24617221297572        0.22557696257840
O           -4.41264130520213       -1.99348808313997        0.48154390933968
C           -3.03166830350349       -0.28517262851516        1.39453950121226
O           -2.88881512813200       -0.95036310000379        2.61150371378768
C            1.21929312132331        1.24081374750185        1.74585873641209
O            0.48303844609243        2.42565073988684        1.94804414969288
C            2.65288871479008        1.60785617155832        1.31818862774241
O            3.29905168290253        2.28527195363797        2.35870139004667
H            5.31135324970256       -1.05961181376862       -0.34889371706358
H            5.88851270016701       -0.63209409782398        1.28627644422664
H            6.51369227085585        0.24189070481397       -0.13969865856404
H            3.65386415789219       -0.22019053874474        1.89677029687973
H            1.62788025156223       -1.45685572693507        1.43750156755684
H            0.88804109587378       -1.29281144619681       -1.52806104329647
H            0.02794211589071       -2.25880089262022       -0.28398776163607
H            2.74451306652134       -2.58951791925018       -0.87714493213990
H            0.40756573925122        0.82095044912462       -0.20415370515406
H           -1.73174217389232        1.36726635974279        1.88029329234524
H           -1.27532290210615       -0.24462014182120       -1.40651837530653
H           -1.39977051693364        2.07665179750317       -2.44496274306251
H           -3.16596733776362        1.99622646061251       -2.30871271426862
H           -1.57080686741824        0.26920079868380       -3.86576351575150
H           -4.25937721440989        0.23611990280512       -0.96659612008408
H           -3.51609015383518       -0.81342579444337       -2.95422486189502
H           -2.38002011013113       -1.91545856606524        0.13861432151104
H           -4.64339842615550       -2.44836811105641       -0.33782848085043
H           -3.89558344894096        0.40208116946109        1.43327018342151
H           -3.53441657953323       -1.67010534475402        2.61341840841497
H            1.25176310489073        0.75422128493011        2.72755883829106
H            0.24186541665480        2.80346359374968        1.09269422420801
H            2.61470080479086        2.23711881212922        0.41214575808797
H            2.66771169176973        2.92097484169794        2.72463407662973
48
 energy: -84.808463900064 xtb: 6.7.1 (edcfbbe)
C            5.61538557918704       -0.26273107531604        0.24196997958201
O            4.65753059149905        0.76091728977334        0.42812720987051
C            3.47222471132806        0.34209209637961        0.99141727335190
O            2.74143049020776       -0.37368531251910        0.01224096802215
C            1.47635464094490       -0.83046343627979        0.44376108414153
C            0.93883251110364       -1.69801574810156       -0.69826893810688
O            1.77746700937988       -2.78761445293581       -0.94708972357410
C            0.56467945532740        0.35473781551492        0.79958768564304
O           -0.66336399683924       -0.15710100196055        1.28161957847363
C           -1.80699927344478        0.63820644545446        1.07583366639263
O           -1.86735559888826        1.24653948231919       -0.18417286545970
C           -2.11310234813832        0.37469053864926       -1.28168551184885
C           -2.26263334170109        1.26997505526571       -2.52201325516271
O           -2.39248575170848        0.52277090327419       -3.70706965527135
C           -3.36199741059672       -0.49635837555544       -1.06980124813147
O           -3.50662876498101       -1.45536240495763       -2.08726115975084
C           -3.23645024352255       -1.24292810414093        0.26181092832989
O           -4.39097793287489       -1.99351334953561        0.54481198948382
C           -3.05039001384278       -0.21182361275413        1.37509148551791
O           -2.92548829179218       -0.80141659321023        2.63202285928438
C            1.25633534327032        1.22467218405526        1.86102301259297
O            0.54966917062120        2.40884381299030        2.14986345632223
C            2.69560887951185        1.58219598229646        1.44846537391159
O            3.37218894109038        2.15660573256640        2.53100677315070
H            5.25774572860431       -1.01700664987593       -0.46438865609337
H            5.85907585173159       -0.74447017438595        1.19506304082288
H            6.49932804122211        0.22722467499309       -0.15910019127659
H            3.64790936665051       -0.31416540067947        1.86872717000030
H            1.58864809316874       -1.45516961632470        1.34414912827922
H            0.85241945582806       -1.07060493170604       -1.59897681575415
H           -0.03616764773340       -2.10307265901537       -0.42528996610104
H            2.67616696648615       -2.44325020763213       -1.02414760178579
H            0.39850439554025        0.96550286927071       -0.10065210486028
H           -1.78482024071234        1.48811924379986        1.77769309459672
H           -1.25944176423817       -0.30654789689309       -1.42280128327319
H           -1.40926735775948        1.95621058210364       -2.56999925138076
H           -3.17500264417464        1.86334616071285       -2.43268873372137
H           -1.55715937239335        0.08063272923229       -3.90067125136110
H           -4.25225066756878        0.15326919459857       -1.02357567442931
H           -3.47697867739127       -0.99378090233968       -2.93990775160240
H           -2.35533247236080       -1.90193380808537        0.22645091612212
H           -4.60459158867906       -2.49555473719136       -0.25140900636628
H           -3.92189579502364        0.46682818851586        1.35628740199962
H           -3.55942672360424       -1.53089572172857        2.66208853436889
H            1.27876994597096        0.67059241785025        2.80616705767489
H            0.36302023856205        2.87748530874422        1.32660767867864
H            2.66860322465225        2.28127531865657        0.59453603858547
H            2.76230620144413        2.77472768301229        2.95802855532549
48
 energy: -84.806326731434 xtb: 6.7.1 (edcfbbe)
C            5.60166835939783       -0.27922260603883        0.20438929141682
O            4.67303335610313        0.75169737551084        0.47752101015411
C            3.48269026878555        0.32320984341972        1.02254714622883
O            2.72474057132599       -0.30135808085017        0.00267683164747
C            1.45343912009903       -0.76390063219627        0.41363407990668
C            0.91184316636334       -1.56110880622892       -0.77493369437136
O            1.75193120936988       -2.63516133117322       -1.08390198239159
C            0.57476498767422        0.41801438487020        0.85856558409367
O           -0.67361902967037       -0.06115041972328        1.32282351641031
C           -1.81421410275532        0.70097240156444        1.00576197321014
O           -1.84347688625019        1.22005713450421       -0.29293272802763
C           -2.12113146606375        0.30783640515065       -1.34859895921571
C           -2.30014915813920        1.15728718492727       -2.61756196084835
O           -2.45054432986680        0.36395916008940       -3.76998647197006
C           -3.36437544326750       -0.55530890107158       -1.08108152455279
O           -3.50978511406448       -1.56455031492884       -2.04884583292386
C           -3.22634598173865       -1.23042544754815        0.28634402978751
O           -4.36860806466852       -1.98349540638753        0.60918846110625
C           -3.05848312808554       -0.13593294273859        1.34011528383967
O           -2.94646435396080       -0.65000367145093        2.63055708347230
C            1.29664128137701        1.19506583922327        1.97070956162968
O            0.61788411651800        2.37140571318425        2.34344653492950
C            2.74155879897168        1.54584193103976        1.57488621471972
O            3.43862540604239        2.02462836213464        2.69085356753656
H            5.21932318796984       -0.96716227537960       -0.55497731641548
H            5.83931838764391       -0.83952187889820        1.11516691934172
H            6.49545207794108        0.21707496106880       -0.16594912775356
H            3.64940012973979       -0.39912289932936        1.84823258415127
H            1.56447182412846       -1.44492920430668        1.27328434379571
H            0.83016747872464       -0.88306188243175       -1.63842007725349
H           -0.06154125592022       -1.98504471729215       -0.52608548340543
H            2.65113563230909       -2.28653077252973       -1.13261643222999
H            0.42142702662490        1.08863422668178       -0.00120061496898
H           -1.82120750506167        1.60318995010936        1.64159529153750
H           -1.27317870124965       -0.37750966624770       -1.48971647517414
H           -1.45052924146197        1.84354171664865       -2.70804664793835
H           -3.21305842643452        1.75043063809164       -2.53277014566033
H           -1.61598987937533       -0.07945799579382       -3.96414274144839
H           -4.25879794405103        0.08997954091679       -1.06216960793149
H           -3.49472796132566       -1.14331317597679       -2.92260163630734
H           -2.33447849526613       -1.87583991539162        0.28732716665330
H           -4.57775830629012       -2.52504047677763       -0.16200605706931
H           -3.93350757836735        0.53521440840830        1.27203481549335
H           -3.56741825876589       -1.38866149573592        2.69153469312426
H            1.30773216636474        0.57714266507947        2.87552072793024
H            0.46224981853033        2.91103016610357        1.55797650071598
H            2.72756988995224        2.30502541558124        0.77344810638038
H            2.84231926453606        2.61557102585734        3.17188549293055
48
 energy: -84.803126098667 xtb: 6.7.1 (edcfbbe)
C            5.60739085169642       -0.28433472587232        0.19158779236168
O            4.70640258391293        0.74319205434074        0.55484219706709
C            3.50703022445255        0.30128960015753        1.06897249650933
O            2.73329744369698       -0.22651463042896        0.00778868982701
C            1.45400129831761       -0.69540065272093        0.38892341431111
C            0.90907164877143       -1.41348288025163       -0.84556083695680
O            1.76092227945916       -2.45033013633291       -1.23948589393912
C            0.60180883908405        0.47580996179867        0.91144916779111
O           -0.67004217797352        0.03307380133274        1.34873041569571
C           -1.80015743434880        0.74897736031570        0.91180867457388
O           -1.78980691717063        1.16089082329528       -0.42462804472803
C           -2.14496597581674        0.21997745838609       -1.43151587818505
C           -2.35815789773920        1.03191385951049       -2.72046229404246
O           -2.56984393836202        0.20179933047192       -3.83699904194147
C           -3.39548597323593       -0.60450711648242       -1.08935327497874
O           -3.57750393998370       -1.65784932272379       -2.00256360724155
C           -3.23307180067307       -1.20932088936720        0.30711299528580
O           -4.36862700300231       -1.94455674530030        0.68877964287828
C           -3.05268443910869       -0.05596055055718        1.29338456248272
O           -2.94831524206418       -0.49122946053701        2.61262494761981
C            1.33893434189338        1.15433806073241        2.07690551799743
O            0.68743351053514        2.31794891922811        2.52643117240563
C            2.79560956214885        1.49464337398348        1.71537433057417
O            3.49956733550814        1.86159470774683        2.86883510429128
H            5.21172763169185       -0.88713152652361       -0.63064695773382
H            5.82197208039546       -0.93378854277176        1.04712904928809
H            6.51788886394448        0.21792741570942       -0.12631813650751
H            3.65886891425132       -0.48552893342807        1.83677801741673
H            1.55818741530553       -1.42971847367331        1.20521072721874
H            0.80667228495022       -0.67696048636450       -1.65700605272218
H           -0.05272907543307       -1.87161323127373       -0.61241264742701
H            2.65580871885074       -2.08757703225680       -1.26015015818450
H            0.47637129299655        1.20305196626350        0.09355316574614
H           -1.82946123908617        1.70643183105766        1.46414237711463
H           -1.32634457655766       -0.49364108914180       -1.59315858737504
H           -1.49889580976768        1.69566878703236       -2.86704298668098
H           -3.25489845973824        1.64705515555005       -2.62137817432096
H           -1.74910266327569       -0.25668826243516       -4.05378852681335
H           -4.28100084567909        0.05299809676038       -1.08302468497555
H           -3.58712937828810       -1.27807373398792       -2.89510885790026
H           -2.34014844614136       -1.85305266278004        0.32847900096223
H           -4.59510650710829       -2.51990249742029       -0.05259222261678
H           -3.92210267149807        0.61747502916467        1.18386215338752
H           -3.57005827155047       -1.22497449669599        2.71372990668448
H            1.32683688496306        0.47492922034124        2.93629770131025
H            0.54937857652621        2.91377247096169        1.77938396747222
H            2.80715616778711        2.31600560665295        0.97784410362915
H            2.92329884939409        2.44136871937613        3.38671686205968
