48
 energy: -84.840225781452 xtb: 6.7.1 (edcfbbe)
C            5.69482900000000        1.03102700000000       -0.60160100000000
O            4.60211500000000        1.31747500000000        0.26307700000000
C            3.49582200000000        0.50631800000000        0.09558300000000
O            2.90197000000000        0.74382800000000       -1.16068200000000
C            1.73540800000000       -0.02745200000000       -1.37002200000000
C            1.28221200000000        0.24166700000000       -2.81089600000000
O            2.25537200000000       -0.12877300000000       -3.74814600000000
C            0.62589300000000        0.32423400000000       -0.35280100000000
O           -0.47230800000000       -0.54249500000000       -0.59452500000000
C           -1.73632600000000       -0.03303000000000       -0.96935500000000
O           -2.62048600000000       -1.11062200000000       -0.91031600000000
C           -2.85992400000000       -1.58619500000000        0.41156900000000
C           -3.74640800000000       -2.83398600000000        0.27677000000000
O           -3.96750800000000       -3.46603300000000        1.51375000000000
C           -3.54076600000000       -0.50036400000000        1.26074500000000
O           -3.71838000000000       -0.89778300000000        2.59689400000000
C           -2.66521600000000        0.75749700000000        1.25721100000000
O           -3.32911400000000        1.85620200000000        1.84602900000000
C           -2.34877400000000        1.14765600000000       -0.18674100000000
O           -1.55251800000000        2.29914800000000       -0.26583500000000
C            1.20632900000000        0.06393100000000        1.04986000000000
O            0.30164500000000        0.42943300000000        2.05522400000000
C            2.51188800000000        0.84890300000000        1.22051100000000
O            3.03697600000000        0.52244800000000        2.48107400000000
H            5.43299500000000        1.24233300000000       -1.63900900000000
H            5.99555500000000       -0.01636200000000       -0.50364000000000
H            6.50020800000000        1.68525900000000       -0.27866700000000
H            3.77691100000000       -0.56878200000000        0.16377500000000
H            1.97526700000000       -1.09740100000000       -1.26168100000000
H            1.03029500000000        1.30627700000000       -2.90477100000000
H            0.39961400000000       -0.36233400000000       -3.02483200000000
H            3.06712200000000        0.35215900000000       -3.53859700000000
H            0.33515900000000        1.37097400000000       -0.44910200000000
H           -1.70404800000000        0.26021000000000       -2.03340400000000
H           -1.90304000000000       -1.84870200000000        0.88533800000000
H           -3.28881500000000       -3.50953900000000       -0.45235800000000
H           -4.72770200000000       -2.53576600000000       -0.09925500000000
H           -3.16225300000000       -3.92157400000000        1.79301800000000
H           -4.51325700000000       -0.25104100000000        0.80083700000000
H           -4.11051800000000       -1.78803500000000        2.59702200000000
H           -1.73427900000000        0.54566100000000        1.79553600000000
H           -3.62192700000000        1.58143200000000        2.72466900000000
H           -3.31417700000000        1.33900500000000       -0.69141500000000
H           -1.91429800000000        2.93418000000000        0.37110800000000
H            1.43046600000000       -1.01364200000000        1.12948300000000
H            0.78504900000000        0.42571600000000        2.89570900000000
H            2.29232400000000        1.92532300000000        1.15281000000000
H            3.88061400000000        0.98161100000000        2.59353100000000
48
 energy: -84.841483057605 xtb: 6.7.1 (edcfbbe)
C            5.67914290087195        1.07385181242619       -0.60771664725681
O            4.59445048263066        1.32784532110440        0.27712970910907
C            3.49294805598469        0.51319323833158        0.09788946816351
O            2.86434147862181        0.80667600738031       -1.12963112419751
C            1.71562285075883        0.01329223054074       -1.35984262406525
C            1.22324930498375        0.35283858443476       -2.77248991537534
O            2.21451709036684        0.13902235637878       -3.73902687946780
C            0.62931299712431        0.26925074464060       -0.29162082702153
O           -0.45677484619482       -0.61713052491574       -0.51586075451719
C           -1.69559073138691       -0.13834636261875       -0.99615427933271
O           -2.58907573592029       -1.20611370899442       -0.89830244683287
C           -2.85961646819402       -1.60975719951376        0.44160904278202
C           -3.77732662455326       -2.83893582970392        0.35101827012248
O           -4.02903984251495       -3.40925021106259        1.61178727098377
C           -3.52254089477880       -0.47070158728220        1.23396236752588
O           -3.70186422454770       -0.79992278872422        2.58810894834683
C           -2.63226432462643        0.77549700479544        1.16378704271676
O           -3.27720145074157        1.90791469528824        1.70655482574815
C           -2.33059807195077        1.08565273572227       -0.30294906178495
O           -1.55412833059475        2.24375982128107       -0.45660184194195
C            1.24380761271553       -0.02726691934361        1.08664690920664
O            0.33710448608156        0.28572389835135        2.10874560540945
C            2.53241905417638        0.78390368955681        1.26261193347025
O            3.09863591518287        0.41746686168862        2.49363466693662
H            5.40261727249105        1.30487856576017       -1.63712565376158
H            5.99220714021054        0.02775503618844       -0.53727911223029
H            6.48167967898125        1.72921491992403       -0.28015377119776
H            3.78751420391325       -0.56029118558100        0.10451035169633
H            1.99361264084456       -1.05284496605181       -1.32044749767786
H            0.87996890571754        1.39583064604459       -2.78407286573280
H            0.39432341025300       -0.30695566214229       -3.03090406061567
H            2.99068346637646        0.65562738883211       -3.48415248475230
H            0.30445178522023        1.31031649124333       -0.33096598649937
H           -1.61960819338054        0.08440736504925       -2.07324641012111
H           -1.91678582174970       -1.87383524657172        0.94148799600630
H           -3.32937158162053       -3.55752461224947       -0.34191427208987
H           -4.74583927592300       -2.53225024815855       -0.05067817797447
H           -3.24309553003054       -3.88247045780840        1.91545762096913
H           -4.49329919270324       -0.23081923236885        0.76522817451624
H           -4.11633865687048       -1.67884071060028        2.63143897824446
H           -1.69696162347387        0.57773655545432        1.70177871808576
H           -3.56543078670546        1.67829115482292        2.59959800252012
H           -3.29844700672993        1.22790860558009       -0.81768847659560
H           -1.93347516584350        2.91440219095727        0.13235842548726
H            1.49375141477447       -1.10069927249771        1.12827118868962
H            0.81861145110019        0.24447448860522        2.94891616570731
H            2.28477745580652        1.85629248125771        1.24727140400562
H            3.93491932489948        0.89092782683875        2.60250408987870
48
 energy: -84.841940983889 xtb: 6.7.1 (edcfbbe)
C            5.64949074357392        1.14479378723635       -0.61484747245791
O            4.58095097124131        1.33194856114599        0.30591394587307
C            3.48837646380299        0.51085282849256        0.10363054056964
O            2.82099230665855        0.87452102543936       -1.08391259180964
C            1.69343068866455        0.06123371289459       -1.35347131152466
C            1.16453066606676        0.49493293173271       -2.72749194718379
O            2.17019958517447        0.47715001001623       -3.70305499267421
C            0.63512759731725        0.20579097504168       -0.23900339080276
O           -0.43964491039429       -0.69672169398296       -0.44242545011142
C           -1.65271271354782       -0.26435391576666       -1.01896188721863
O           -2.55101119299666       -1.32266856524027       -0.87035148288069
C           -2.85514015998531       -1.62975656581356        0.48876966475473
C           -3.79262168538053       -2.84674361788482        0.46369324151052
O           -4.07456064161005       -3.32645400543438        1.75541633004030
C           -3.51156772224410       -0.43016801015753        1.19318551359846
O           -3.71266513337915       -0.66402788643594        2.56372528238415
C           -2.60507012984764        0.79866475973538        1.05008622223892
O           -3.23483325554867        1.96901710197201        1.52308548062541
C           -2.30400829808124        1.00677703343748       -0.43532484080159
O           -1.53377573961037        2.15433518078130       -0.67589171662337
C            1.28358685511881       -0.14539617336203        1.10890085560579
O            0.37157381272851        0.09684860121176        2.14617636377339
C            2.55648822294205        0.68348995546488        1.31013229416070
O            3.16497431519032        0.24937053851642        2.49793702343372
H            5.34340131860430        1.41545142703056       -1.62610051818493
H            5.98752435611143        0.10411043009971       -0.60008231579675
H            6.44473746687026        1.80318685828236       -0.27589425443128
H            3.80068838126370       -0.55501324559348        0.02990122449461
H            2.01028144685113       -0.99399048677434       -1.40048824616305
H            0.72071149613280        1.49503957593833       -2.63552054868206
H            0.40388475123397       -0.21135368059312       -3.06166491790939
H            2.89678094012189        1.02966070810475       -3.38452429512055
H            0.28200904744115        1.23894054350292       -0.20792095025589
H           -1.53768462052748       -0.12716896775713       -2.10537818218510
H           -1.92703547471438       -1.87515924899532        1.02437148685007
H           -3.34559564822174       -3.61784037103772       -0.17102332434521
H           -4.74913522128431       -2.55271725926598        0.02556398676483
H           -3.29863861355301       -3.78361161305144        2.10570065634792
H           -4.47330005146815       -0.20972262419808        0.69683932410688
H           -4.14049851001522       -1.53218500843010        2.66124898677157
H           -1.67156849892066        0.61947827908173        1.60020719225832
H           -3.53642325970963        1.79354334853838        2.42407938451709
H           -3.27002012758297        1.10159820402605       -0.96297021072008
H           -1.93458594743191        2.87349345969781       -0.16322297325271
H            1.55703328928247       -1.21331777554086        1.09378641928431
H            0.84285502881333       -0.01326738311135        2.98548562925717
H            2.28538184506576        1.74836350752415        1.37290471839362
H            3.99708195677684        0.72904073295476        2.61226806311615
48
 energy: -84.841567483808 xtb: 6.7.1 (edcfbbe)
C            5.62938781647110        1.18069264048126       -0.63589604363876
O            4.58717030905680        1.31192351150247        0.32400990622344
C            3.49110069574727        0.49927028253520        0.10592544838938
O            2.78244340025320        0.93892740043865       -1.03046144312603
C            1.66306562017460        0.12555017624784       -1.33656196832923
C            1.09609847159149        0.66301077028454       -2.65958100086849
O            2.09781031069491        0.82499639906747       -3.62628462143066
C            0.64300441985787        0.16344131090989       -0.17932660788789
O           -0.41908072358516       -0.75609335343239       -0.36246280788321
C           -1.60431051315648       -0.38624755762527       -1.02954241014452
O           -2.50286692199879       -1.43739225793121       -0.83429690016292
C           -2.84830259821702       -1.65009914627935        0.53338508414106
C           -3.79382423835658       -2.86057843042997        0.56451532173098
O           -4.11256202031997       -3.25009320814301        1.87787730434125
C           -3.51534816092320       -0.40275150755830        1.13807833563098
O           -3.75030910761670       -0.54196547776976        2.51598531787343
C           -2.59994025913487        0.81074636927165        0.93294687040681
O           -3.22776312513432        2.01078670892730        1.32354059875706
C           -2.27765758456119        0.91972678855258       -0.55965808403035
O           -1.50819402224160        2.05105956650387       -0.86842271749781
C            1.32613465763305       -0.23561400389921        1.13645978701150
O            0.42097333585731       -0.03248238304322        2.18904719426404
C            2.60008277913034        0.58706975335890        1.35174807103164
O            3.24909558232935        0.07997757179410        2.48793318368330
H            5.28662486549230        1.48108634233988       -1.62677332086721
H            5.98756738126649        0.14717815912912       -0.67008179318869
H            6.42208366426151        1.84237362121918       -0.29754577058393
H            3.80375069855655       -0.55747919897977       -0.04938626573905
H            2.00137928061301       -0.91525539156444       -1.47478717293583
H            0.57648793990795        1.60997944142865       -2.46499504007408
H            0.39152163657590       -0.05762674784326       -3.07522861281406
H            2.78526539092293        1.38589072814805       -3.24231240167326
H            0.26517032718347        1.18495998199524       -0.07921853567395
H           -1.44783593595866       -0.33497142105719       -2.11690087946376
H           -1.93773897215130       -1.86381934011370        1.11106123458368
H           -3.33612125381244       -3.67517886036423       -0.00483742849632
H           -4.73651192106274       -2.59161014066516        0.08256249596757
H           -3.34827892087562       -3.68414756488107        2.27960885611428
H           -4.46405753251546       -0.21304634926182        0.60529749053638
H           -4.18470899878821       -1.40017400705869        2.66143536964226
H           -1.67557398677320        0.65829297855702        1.50842754963792
H           -3.55430423080323        1.88925714327653        2.22482285593322
H           -3.23455346050144        0.96970523548637       -1.10861035307311
H           -1.93129312814080        2.80659414876819       -0.43124379161413
H            1.60097753401588       -1.30119269683471        1.07675958752399
H            0.89180331229609       -0.19176165742841        3.02022515831439
H            2.32734109856030        1.64403871197518        1.49242661509275
H            4.08479308108235        0.55304092968767        2.60381834267216
48
 energy: -84.840322621606 xtb: 6.7.1 (edcfbbe)
C            5.61882091251844        1.20207524737222       -0.67226183504730
O            4.60890209399336        1.28151645231132        0.32685174706949
C            3.50234042149494        0.48509643354337        0.10088376809471
O            2.75370198581417        0.99484105860261       -0.97837939199117
C            1.62754462606075        0.19854195213701       -1.30971252346712
C            1.03709216274786        0.83156121094699       -2.58011822683810
O            2.02921747989822        1.07418783076565       -3.54132839919004
C            0.65324700731784        0.14282263072360       -0.11296428701376
O           -0.40298316461904       -0.78541014779044       -0.27775238342692
C           -1.55642018794598       -0.48186197457878       -1.02449258052606
O           -2.45605455213790       -1.52623433381759       -0.79064140700360
C           -2.84513745141130       -1.66138009521676        0.57492304320813
C           -3.78024225655208       -2.87801130466030        0.64852171926604
O           -4.14934711269449       -3.18160307141223        1.97131571470787
C           -3.54397690177980       -0.38673523443228        1.07679130024380
O           -3.82909713420389       -0.43981612272241        2.45114947083677
C           -2.62661763258037        0.81604137904370        0.82864052503270
O           -3.26546108109314        2.03365001973782        1.13551833289937
C           -2.25859948341322        0.84388185154394       -0.65842416164890
O           -1.48949039219111        1.96564062955716       -0.99805416131172
C            1.37825271313381       -0.31017314533310        1.16159819583066
O            0.49482494452830       -0.15251541320342        2.24071174357805
C            2.65717117090218        0.50201309147513        1.38091652651293
O            3.34544186528781       -0.06508635451955        2.46424465570834
H            5.24367697862107        1.55169646983759       -1.63484711088651
H            5.97691254296617        0.17269884610112       -0.77097231997109
H            6.42147522739593        1.84782387436024       -0.32654888596652
H            3.80450838892892       -0.56094318268528       -0.12882763878206
H            1.96815735753080       -0.82743228623220       -1.53250493111233
H            0.51275448609794        1.75529606088625       -2.30923855311425
H            0.33346022182648        0.14284106653903       -3.04670172670108
H            2.70832832184618        1.62218090695101       -3.12553834216978
H            0.26151915418570        1.15193782344714        0.05651327150830
H           -1.35752924130315       -0.50717074719627       -2.10452827446632
H           -1.95299133686796       -1.82903906675309        1.19492993839501
H           -3.29246422617839       -3.72394825717916        0.15520573062518
H           -4.70435751727820       -2.65290588568897        0.11145438671479
H           -3.39877350761462       -3.57899626150864        2.43243407643920
H           -4.47306952882409       -0.23827921793413        0.49853539616865
H           -4.26360277994140       -1.29080969149153        2.63415096450447
H           -1.71876491977483        0.69691330984822        1.43914484667322
H           -3.63254422153427        1.95310968160557        2.02595449939236
H           -3.19688820541653        0.85305611733173       -1.23997798621905
H           -1.94358007782265        2.73958399756731       -0.62942422420639
H            1.65062745625448       -1.37164264527914        1.04725385646121
H            0.97709041048245       -0.36268233161919        3.05367966988496
H            2.38926162947629        1.54921576502686        1.58838106637644
H            4.18365934130352        0.40444902895467        2.57701690600540
48
 energy: -84.838371484503 xtb: 6.7.1 (edcfbbe)
C            5.65007535010541        0.99313386811319       -0.76595086438710
O            4.70968872294916        1.09675627556773        0.29632725948906
C            3.52365024272222        0.41519709086604        0.09601283534445
O            2.77687039257599        1.03749583714367       -0.92219502225404
C            1.55997035841721        0.38070248024792       -1.24953744112891
C            0.98714175550720        1.22905945410737       -2.39376107194768
O            1.85669186000407        1.23437651942746       -3.49460875558487
C            0.64687862834961        0.23586431592715       -0.01061897921872
O           -0.37677324265010       -0.73158850002968       -0.17158156995260
C           -1.49322243621188       -0.54596862185696       -1.00464092904859
O           -2.35791550251928       -1.61430922538942       -0.73998324649067
C           -2.80923022386016       -1.68815977223988        0.60954767078087
C           -3.68090353489931       -2.94861595292583        0.71667727121022
O           -4.08832739036196       -3.19567205110134        2.04013522469864
C           -3.60042665998007       -0.42699430577317        0.99082594336724
O           -3.95361645743768       -0.40661485432291        2.35027191753188
C           -2.73090798121728        0.80154241976820        0.70693749005609
O           -3.43894746768831        2.00301662474068        0.90194075213674
C           -2.28072387398291        0.76215882314918       -0.75871928860627
O           -1.54930602557090        1.90437918587148       -1.10713698471775
C            1.40960376529820       -0.26667124122993        1.22327856249660
O            0.57368327683189       -0.09001044879672        2.33667851038019
C            2.73817865343205        0.46648925274106        1.41088771343354
O            3.42881413771807       -0.15878965346873        2.45987334306974
H            5.26813843392737        1.46657906308961       -1.67120773705586
H            5.88118847091051       -0.05668196072862       -0.96994045394767
H            6.53893997852662        1.51316539027119       -0.41915973508054
H            3.71597204974743       -0.64423046691873       -0.18465622308447
H            1.78770662926384       -0.63368768365471       -1.62222219345737
H            0.81568345420936        2.24399311897476       -2.01888268535396
H            0.04262727987207        0.82633818024280       -2.75012704908174
H            2.70940195822003        1.57403058450498       -3.19229557119856
H            0.22038846492424        1.21887409816854        0.22546023045839
H           -1.23017580748222       -0.64419170087187       -2.06662482000134
H           -1.94383707156319       -1.76697994465517        1.28301030662156
H           -3.12888033002773       -3.79325220500220        0.29347507683744
H           -4.59294921817530       -2.80596038181392        0.13255557483957
H           -3.33672360903011       -3.52114205601772        2.55318512836296
H           -4.50393409087946       -0.36644525236732        0.35897121098518
H           -4.34470114384155       -1.26924029618386        2.57197179122649
H           -1.85133629156108        0.76663204479239        1.36829770569846
H           -3.85195679634877        1.96084686340346        1.77480475748241
H           -3.18366212214854        0.69213478803545       -1.39024675481078
H           -2.05856016894043        2.66704773718416       -0.79035549571440
H            1.62315331161797       -1.33787484544980        1.07674230337422
H            1.07332467215774       -0.34448223283540        3.12620828544105
H            2.54326851131040        1.52483527700682        1.64167391221905
H            4.30597306185432        0.24291034445356        2.53218405375779
48
 energy: -84.835471467689 xtb: 6.7.1 (edcfbbe)
C            5.63177744728390        1.03183055866363       -0.82131625775613
O            4.73020753471102        1.07468572236818        0.27780432432642
C            3.53623475057221        0.40564714600474        0.08244158033820
O            2.75277298421573        1.08381904336006       -0.87016586653614
C            1.52905856056892        0.43767929010641       -1.19841284755911
C            0.95059498926275        1.31846114360646       -2.31379444886445
O            1.81754067483824        1.34318933904223       -3.41710211680259
C            0.65943540258030        0.23169044440568        0.06478596048430
O           -0.38072734802024       -0.71810886607723       -0.09054316573016
C           -1.45107442075152       -0.58786747372940       -0.98834386800589
O           -2.32849018638359       -1.64271613387186       -0.69905787804293
C           -2.81097284467482       -1.67226706940055        0.63970445349428
C           -3.64873785072417       -2.95179818472236        0.78190309921791
O           -4.09461350069327       -3.14250616722868        2.10228287098762
C           -3.64617574872126       -0.41795012914160        0.93394528285260
O           -4.04455079818162       -0.33638191654624        2.27874151955127
C           -2.79224317672081        0.81106693846384        0.61588094810631
O           -3.53165464078062        2.00548121169749        0.71787788561897
C           -2.27147211478440        0.71940082258193       -0.82518318512138
O           -1.55071996811696        1.87074582494540       -1.16266252078443
C            1.45987038919481       -0.32998722086868        1.24771714611271
O            0.66292242273903       -0.19628573870289        2.39511031838028
C            2.80060863835855        0.38271663448991        1.42642138698015
O            3.52386699472666       -0.30885665029203        2.40969452614592
H            5.22137624131497        1.56117343560130       -1.68218228906738
H            5.84944103786825       -0.00453574358043       -1.09696801364701
H            6.53556612735978        1.52637360579838       -0.47545526110459
H            3.71577612167732       -0.63621467593673       -0.26477997211272
H            1.75571160180560       -0.56223704721282       -1.61202701525383
H            0.78914614759877        2.32488405785485       -1.91419464051147
H            0.00367845234259        0.93044586412321       -2.67819562720679
H            2.67105497881439        1.67808972103749       -3.11195806880812
H            0.24690002877111        1.20693997663928        0.36053740628574
H           -1.14180371264781       -0.73512649962726       -2.03061824320906
H           -1.96290816641659       -1.69562901645293        1.33856603459561
H           -3.05769101941383       -3.79961592576415        0.42271284640837
H           -4.54315544492045       -2.86725457552481        0.16055371066771
H           -3.35270367837279       -3.42172196707626        2.65502993221901
H           -4.52846350132609       -0.41157421926402        0.27039838795241
H           -4.41875875860895       -1.19724988846894        2.53361276125726
H           -1.94090402810179        0.83210077302327        1.31433058403410
H           -3.98860446389730        1.99506603306158        1.56953345792044
H           -3.14138019933020        0.61239644332462       -1.49661511739534
H           -2.08785375577938        2.62591034972019       -0.87463213318887
H            1.65812472461467       -1.39555564615801        1.04809176008737
H            1.18624328718206       -0.49165260969793        3.15436284268801
H            2.62379674973315        1.42673933014634        1.72645373046893
H            4.40394900708450        0.08655564167664        2.47919572610200
48
 energy: -84.831216146818 xtb: 6.7.1 (edcfbbe)
C            5.60480218882599        1.16729531992918       -0.84016571571881
O            4.73229302906084        1.11184343415091        0.28166716457730
C            3.55261800879242        0.42221604236500        0.07263865225175
O            2.72203212938979        1.13741519927641       -0.81034604627693
C            1.51311305568813        0.46949455547360       -1.15386822224081
C            0.92640558184776        1.35257942978929       -2.26172120336593
O            1.81561315312546        1.41380540320049       -3.34638373542660
C            0.68023960338269        0.19574621898091        0.12290485135175
O           -0.39012342691423       -0.72101057016548       -0.02465156818697
C           -1.42192517610890       -0.64156967136656       -0.96917049409961
O           -2.31992357408274       -1.67239221214861       -0.64490398742357
C           -2.82966833333666       -1.64819446510090        0.68240467936905
C           -3.64957450912142       -2.93362062805555        0.86854876518728
O           -4.14321759311421       -3.05349721793512        2.18027716488132
C           -3.69115182126584       -0.39499875961653        0.88601163118327
O           -4.13552739854485       -0.24466722744357        2.21001899240314
C           -2.83508348977045        0.81955851944280        0.52903653968191
O           -3.58135077965135        2.01415756479363        0.54888846625757
C           -2.26365222789259        0.66710542457530       -0.88874360488513
O           -1.55853117620787        1.82375259303428       -1.23735742434870
C            1.52315836766595       -0.43970631356197        1.23723732123817
O            0.76223786539488       -0.40653144027194        2.41559979809685
C            2.85695511813494        0.28334919061197        1.43051133345870
O            3.62135488402099       -0.46541431280148        2.33781681379089
H            5.16358454729687        1.75268289522386       -1.64797974001662
H            5.83115657764103        0.15846328482188       -1.19874391047544
H            6.50985051433714        1.65026065503676       -0.48145521900058
H            3.75212313103084       -0.58775222397686       -0.35029342163932
H            1.76932486391596       -0.51331896670242       -1.59364876758772
H            0.73144773019328        2.34877974191141       -1.85359787874241
H            0.00025235571796        0.94196263302499       -2.65259560152829
H            2.65201423330458        1.77134782273472       -3.02017310100793
H            0.29756014771663        1.16211002238615        0.48778039267458
H           -1.08079650301057       -0.84227013650505       -1.99110971885223
H           -1.99842640415474       -1.62302506429650        1.40079898009194
H           -3.03109720327601       -3.79013671291326        0.58421349741812
H           -4.52026939898076       -2.90318603981485        0.20986432870355
H           -3.41702739763702       -3.27612554520325        2.77782043394668
H           -4.54968712894512       -0.43535693725332        0.19346252637191
H           -4.51325865082770       -1.09401477722057        2.49648734664734
H           -2.00511260907825        0.88167609448695        1.25088502731483
H           -4.07234400286092        2.03844165002051        1.38112546765578
H           -3.10769269426889        0.51849920868454       -1.58505901914930
H           -2.11390328245048        2.57288228575309       -0.96650171042333
H            1.73185611069408       -1.48362610534659        0.95199931829469
H            1.31573480613633       -0.74831060621779        3.13300560098884
H            2.67010974378030        1.29786963468694        1.81391865192679
H            4.49350299683063       -0.05457290439888        2.41702828040075
48
 energy: -84.825426752975 xtb: 6.7.1 (edcfbbe)
C            5.54232860512053        1.44235693089150       -0.75347222960500
O            4.69881694167814        1.18235289965597        0.36187586143072
C            3.56396231276901        0.44505443673390        0.08068694730233
O            2.68574937851105        1.19069029567353       -0.72876844395397
C            1.51681763912654        0.48268846816938       -1.12801008967082
C            0.92176268994679        1.36258348164431       -2.23081168267605
O            1.84109143935834        1.48105869142402       -3.28603361636626
C            0.70034515731954        0.11975775475416        0.13662771735577
O           -0.41430609441913       -0.74115555586910       -0.01127095395998
C           -1.42680071806340       -0.71917906162634       -0.97693750531092
O           -2.33853871251091       -1.71607035863378       -0.57995629808731
C           -2.83602462670210       -1.60679733549796        0.74649121827447
C           -3.64595734136604       -2.88094383973078        1.02798893340951
O           -4.11384112221619       -2.91795359387384        2.35429821274069
C           -3.70417453256029       -0.34861526114830        0.86908057192754
O           -4.13507214605064       -0.10445235498825        2.18402540959382
C           -2.86110183127364        0.83996727377034        0.41066854199176
O           -3.62009197184378        2.02458381648121        0.33675088138218
C           -2.29110383689852        0.58290967716583       -0.99391524639629
O           -1.62586886026340        1.72817610226107       -1.43891861764818
C            1.57417179306624       -0.61663742578688        1.16247710805979
O            0.83584759878498       -0.73564366877349        2.34908146060037
C            2.89008015846499        0.12187201575399        1.41836368154047
O            3.69188739905825       -0.70252776288925        2.22207172492578
H            5.05628679501128        2.11828444069392       -1.45798695494001
H            5.80573722485563        0.50926281383708       -1.26005201640603
H            6.43282216634181        1.91027733818296       -0.34208633080439
H            3.82478324605519       -0.50194937159091       -0.44357109091078
H            1.83252851892698       -0.46982827264363       -1.59727282495491
H            0.67033868441107        2.34213615514437       -1.81456334718623
H            0.02970344721347        0.91433743746878       -2.65781455999863
H            2.65022860937438        1.87140268698124       -2.92985245590691
H            0.36625950708493        1.06977164706625        0.58882742589237
H           -1.07724319849649       -0.98965224409329       -1.97905594233939
H           -1.99987432008867       -1.52965416846116        1.45518491960929
H           -3.02806474525767       -3.75138737747074        0.78716052310141
H           -4.52958194985955       -2.89666349273628        0.38598441651901
H           -3.37316322708662       -3.09010484803864        2.95085947802853
H           -4.57026767011457       -0.44493875252005        0.19160126397424
H           -4.50053748065789       -0.93416969324238        2.53601763588392
H           -2.02950759174035        0.97016924104546        1.12115189467351
H           -4.11469852125868        2.10792247421145        1.16296573584366
H           -3.13575264396603        0.35593047877059       -1.66845752560421
H           -2.20271254588772        2.47876873250957       -1.22267513439168
H            1.80669276333205       -1.61607566027856        0.76035108081445
H            1.41104975527940       -1.14349595951214        3.01285567298281
H            2.67667778018541        1.07695146996085        1.92168691190407
H            4.54831203067505       -0.27137469228297        2.34982952444021
48
 energy: -84.833223087944 xtb: 6.7.1 (edcfbbe)
C            4.22234049102693       -1.06853535222484       -1.75520158611751
O            4.11822094207213       -0.32816968015321       -0.54621858210848
C            2.81466003204458       -0.05920339059501       -0.14705266026613
O            2.24229575795701        0.85875703541859       -1.05057964800365
C            1.12830024784748        1.62677607145407       -0.58070315167172
C            1.56995426089455        3.07872601524473       -0.31696817015985
O            2.19619112046703        3.62353603928733       -1.44887762065552
C            0.47552295323405        1.01055048311171        0.65413702067556
O           -0.13806871691339       -0.25809423249475        0.45725960630148
C           -0.75904121763994       -0.68108080606133       -0.73333469902692
O           -1.35917139087126       -1.91026775084497       -0.42000329820241
C           -2.31191486041151       -1.86137379011116        0.63518978614472
C           -2.77539899279418       -3.30643802816182        0.88004557242604
O           -3.64711800434542       -3.39752943216059        1.97973330168570
C           -3.49617535024461       -0.95317074689137        0.26790778011462
O           -4.36558511321090       -0.74931554579938        1.35236318883694
C           -2.95773710457095        0.41063063712390       -0.17239747461940
O           -3.97250229359851        1.22881429763561       -0.70159244257771
C           -1.91246636155987        0.20686462243085       -1.27581468493841
O           -1.49701707155278        1.42975684213398       -1.81202451406076
C            1.47886222631274        0.80814208369737        1.80326412620535
O            1.45074383893297        1.95254797624836        2.61323953842101
C            2.89167015748166        0.50019193220765        1.27892346943134
O            3.49115335543654       -0.42440051409124        2.14750746512742
H            3.77174334637070       -0.52173081232903       -2.58508330963287
H            3.73006777093036       -2.04060153795727       -1.64930459924492
H            5.28742162159378       -1.20210596819323       -1.92629651850078
H            2.21691981829546       -0.99528281640990       -0.13640288463439
H            0.42739193061248        1.64275364835163       -1.41774160210984
H            2.23616734964541        3.12960914628760        0.55299525212872
H            0.68985347888900        3.69252345574118       -0.11731286036311
H            2.82439583274114        2.96531791238562       -1.77875053386915
H           -0.28297967452698        1.72643351624470        1.00705763807750
H           -0.02779492507904       -0.88047223409773       -1.52796337848930
H           -1.83859444504330       -1.46124776622675        1.54304224302632
H           -1.89343549252373       -3.94211271939552        1.00108719011563
H           -3.33461793217458       -3.65550363573454        0.00912519810396
H           -3.14258048378222       -3.32214032270926        2.80039728623438
H           -4.03862636111349       -1.39866628504363       -0.58344249290351
H           -4.59937917257904       -1.62018149525968        1.71692600132087
H           -2.49095381375327        0.90326065498840        0.69472924884779
H           -4.70251643351992        1.24430934767047       -0.06836588324963
H           -2.37777175253708       -0.40028401423250       -2.07252467371814
H           -2.29503266746390        1.96476181223908       -1.94980791769396
H            1.14696804950011       -0.07845499864605        2.36383150460413
H            1.99062259893952        1.79399267020383        3.39996616792164
H            3.48460509629414        1.42741436907250        1.23945751700799
H            4.33040341647954       -0.70931111897483        1.75906144596551
48
 energy: -84.829586487169 xtb: 6.7.1 (edcfbbe)
C            4.15742783506095       -0.94010238364749       -1.88496270853689
O            4.09686561660240       -0.23175831684723       -0.65417884480906
C            2.80941016556400       -0.00396342948184       -0.18494416734265
O            2.17730102497971        0.93561732348134       -1.02261042660479
C            1.06638727178126        1.65715634028888       -0.47254408059886
C            1.48695732771396        3.10745349131486       -0.16909201717361
O            2.01794197926292        3.72215346503959       -1.31365696112121
C            0.48416079905780        0.97500216630311        0.75969744655885
O           -0.14529707067239       -0.28619660670187        0.55095360957199
C           -0.68341021033660       -0.78393158584381       -0.65106675726747
O           -1.31901295741437       -1.98237708078683       -0.28419224224548
C           -2.33535622944151       -1.84488530804150        0.70146792712916
C           -2.84171959509643       -3.26301261501729        1.01151864483937
O           -3.78938480050693       -3.26539601745260        2.05055409518879
C           -3.47967632916718       -0.94597486339251        0.20426547050446
O           -4.39437090655742       -0.64239372100184        1.22619180974388
C           -2.89252195660190        0.36802280909914       -0.31871385543038
O           -3.86138707332042        1.15643772904486       -0.96513857146367
C           -1.80173274716571        0.04344183614259       -1.34594439583389
O           -1.36707037923938        1.19036251561074       -2.01654204155376
C            1.54415963556130        0.74433505612160        1.85392573271898
O            1.52263849864491        1.84981713388096        2.71699732458006
C            2.93995097203708        0.50103098832361        1.25699531933335
O            3.60552085382684       -0.43790568952530        2.05964224431998
H            3.65068227878240       -0.38648584535817       -2.67713925756652
H            3.69613654294122       -1.92715273558355       -1.77767156916732
H            5.21516260369294       -1.04181255849015       -2.11282925749820
H            2.23273042320634       -0.95341137401483       -0.18216990156887
H            0.33181180122463        1.68836123656170       -1.27967363081748
H            2.21051562999509        3.13836668429603        0.65459124287976
H            0.60803752330314        3.68642435202140        0.11998257268402
H            2.63821438215934        3.09951251366689       -1.71841151407547
H           -0.26215173191338        1.66476824735676        1.18526745287472
H            0.09761687735315       -1.04489163069115       -1.37736896885496
H           -1.91195146537480       -1.39204867898555        1.60909394612248
H           -1.98220756122591       -3.90072854851416        1.23748887825152
H           -3.34489794460553       -3.66375191133942        0.12860168466493
H           -3.34070762716746       -3.15138704847924        2.89872804798769
H           -3.99161674964204       -1.44772925235255       -0.63455707309626
H           -4.67303806649813       -1.47988793758669        1.63501212523188
H           -2.45635919423506        0.92408572040670        0.52551806999929
H           -4.61981586322791        1.24397776702789       -0.37244811820479
H           -2.23184149630432       -0.65711223436022       -2.08402707567292
H           -2.15646818601223        1.72083049848525       -2.21210934223237
H            1.25883511233979       -0.17511391974547        2.38612468534592
H            2.09642217848826        1.66893996136682        3.47445093700977
H            3.50381854769193        1.44623112519097        1.22670764110082
H            4.43328631252893       -0.68292208611158        1.62169822710755
48
 energy: -84.825893445890 xtb: 6.7.1 (edcfbbe)
C            4.10190948218304       -0.73343767363670       -2.04506220486128
O            4.07895074785916       -0.08944500719800       -0.77788056670047
C            2.80916754341149        0.06431912886629       -0.23619470431071
O            2.10227300101619        1.01759402088667       -0.99278754232092
C            0.99614229406888        1.67055411663612       -0.35557835617668
C            1.38534929999153        3.11769210675252        0.00209774070947
O            1.83105222017955        3.80822625788484       -1.13537023938920
C            0.49301181752498        0.91337840840699        0.86475591229402
O           -0.15263653079588       -0.34031828593306        0.65034060142310
C           -0.61849152182588       -0.92019538844856       -0.54442824406665
O           -1.30585280902619       -2.07039234753051       -0.11682296653679
C           -2.38334352762002       -1.81755645164742        0.77760240315778
C           -2.95192993303557       -3.18647481548370        1.18440456503650
O           -3.94807498165809       -3.06591528982011        2.16989251397045
C           -3.46561371154744       -0.94209750332099        0.12323623533203
O           -4.43291977069319       -0.52087367453059        1.05059386924492
C           -2.81117955215442        0.30188979386507       -0.48651084927297
O           -3.71517857241313        1.03732939288336       -1.27373782349167
C           -1.66587528935593       -0.15306788841778       -1.39779558756783
O           -1.15930444371473        0.89565183996936       -2.17093931407054
C            1.61572336510332        0.65871892789585        1.89275990453021
O            1.59981254347192        1.71678401939846        2.81410662560701
C            2.99016839484212        0.49675920524574        1.22332818859692
O            3.72103667449901       -0.46167691429464        1.94206677722057
H            3.52143234571310       -0.16980610442887       -2.77719381108463
H            3.69767051834880       -1.74756333732499       -1.96214824609075
H            5.14794939362427       -0.76833056864661       -2.33749995397278
H            2.27019902507801       -0.90738479856783       -0.25490222059883
H            0.22614154080175        1.71530348210834       -1.12905174434951
H            2.15271578762716        3.13112214407303        0.78551773375313
H            0.50674961442675        3.65101362896030        0.36964299329891
H            2.44710161149162        3.22912992812998       -1.60575520278346
H           -0.23678629524440        1.56799989236282        1.36786663943923
H            0.20338578580201       -1.26103200322170       -1.18861979540466
H           -2.00834262238770       -1.29167473866620        1.66681087875571
H           -2.12615701950572       -3.82581175984385        1.50983318012649
H           -3.42586573196223       -3.65127911498000        0.31687131382037
H           -3.53701991224645       -2.88399011482106        3.02532088116467
H           -3.93950349075758       -1.51026552140376       -0.69554741124025
H           -4.75691943263722       -1.30767849506266        1.52170371341516
H           -2.41575128529497        0.93334971239646        0.32417680444179
H           -4.50917868152327        1.19775871903592       -0.74652281726054
H           -2.06493820993832       -0.92778784293405       -2.07686858525094
H           -1.92251813667621        1.40107571954111       -2.49540190090447
H            1.38533778232179       -0.29615792290222        2.38783329322315
H            2.21089651454428        1.51498569452243        3.53605642080647
H            3.52205474010307        1.46071384365682        1.22199456032222
H            4.53714546476405       -0.65114082692799        1.45728869623915
48
 energy: -84.822846475515 xtb: 6.7.1 (edcfbbe)
C            4.02217722921750       -0.49278798884499       -2.21940610603157
O            4.04394519392082        0.07600839083330       -0.91643474022443
C            2.80175097349685        0.13533191145342       -0.29753714474314
O            2.00618667496878        1.08393737238993       -0.96397577826816
C            0.91648920574698        1.65808933621724       -0.23600515355320
C            1.26804556983885        3.10605337230475        0.15933865686166
O            1.63947995497758        3.84981480501026       -0.97106036238558
C            0.50880776908442        0.83980294415366        0.97918837388883
O           -0.15437823739404       -0.40847714115381        0.78096767093359
C           -0.55896167519693       -1.07375836907783       -0.39094404710299
O           -1.31331406658587       -2.15913484334154        0.08888035597271
C           -2.44979571019346       -1.78583207607251        0.86120238071373
C           -3.11335529618516       -3.09261188141562        1.32545961758626
O           -4.19212986544311       -2.85220562871992        2.19495102088484
C           -3.43681037436189       -0.92619267611612        0.05072337104121
O           -4.44087385658974       -0.37693782077621        0.86510324516313
C           -2.68614403427069        0.22707471132202       -0.62570378325195
O           -3.49906236810191        0.91153782988473       -1.54624552375416
C           -1.50251278022668       -0.36606425578623       -1.39651082887467
O           -0.88145863617659        0.56158042329437       -2.23711245045500
C            1.70583611511093        0.57526598174057        1.92146172124454
O            1.70759723835638        1.58403017635190        2.89751213307328
C            3.04494042007827        0.50500642282528        1.16972456935895
O            3.85344427045579       -0.45388483246104        1.79977500953187
H            3.36114865386998        0.07275183887249       -2.87795519517284
H            3.68566723738010       -1.53357648418079       -2.17281691422056
H            5.04695764807820       -0.44443766987073       -2.57775759230267
H            2.31278813167321       -0.86211596467798       -0.33688599651658
H            0.10209096011814        1.70322593142816       -0.96324694741704
H            2.06749114345165        3.11994290940000        0.91007358968811
H            0.38793892697775        3.59409842062138        0.58242458280942
H            2.24304107593094        3.30246592876467       -1.49340886754792
H           -0.19292646941650        1.45939792711163        1.55940532591960
H            0.29349542925750       -1.50391468632975       -0.93638590497575
H           -2.12528303619212       -1.20152966190193        1.73381578306206
H           -2.35020760823766       -3.72894008555721        1.78254868930073
H           -3.52187261216387       -3.61460291216527        0.45713030312838
H           -3.85616379348173       -2.62638466590765        3.07217722259261
H           -3.88387361938406       -1.54756816419931       -0.74415700464576
H           -4.84743275112314       -1.10281983214451        1.36861800674004
H           -2.32090050496275        0.92126241633652        0.14703935479611
H           -4.31533285936867        1.16458157963741       -1.09468731828449
H           -1.88883837286134       -1.19578878571062       -2.01545478905416
H           -1.58702750151838        1.02894113295909       -2.71268126215300
H            1.54122510174564       -0.41144567121739        2.37912230866882
H            2.37064301527728        1.37108682587596        3.56849385605061
H            3.53620603394991        1.49008075406377        1.18820209216126
H            4.65125809246704       -0.58036164571660        1.26651683556453
48
 energy: -84.821124553414 xtb: 6.7.1 (edcfbbe)
C            3.90307399043955       -0.26480942208076       -2.39135482943838
O            3.98084499050635        0.22837164788124       -1.05935092150063
C            2.77667416003999        0.20175003204638       -0.36811627941173
O            1.90911187303782        1.15166447300588       -0.93285296329705
C            0.84152143146863        1.63629375152660       -0.12015992711844
C            1.15389102808142        3.08317396721665        0.31643627226131
O            1.44644070306316        3.88237075243938       -0.79865877159986
C            0.53110841054676        0.76732707857137        1.09004137917685
O           -0.15693347303961       -0.47241475518929        0.92438611943277
C           -0.51103410430927       -1.21889990210372       -0.21419005166405
O           -1.34120936050980       -2.22957104567157        0.29939373399540
C           -2.52196557544236       -1.74175005189158        0.92997646296777
C           -3.28373410875973       -2.96940782586321        1.45496125849080
O           -4.41463697620259       -2.60172117910340        2.20567711619649
C           -3.39743017332337       -0.92638838749094       -0.04016102717826
O           -4.44440335549113       -0.27080175373091        0.62861304399862
C           -2.54517776285277        0.13578009368058       -0.74624718516856
O           -3.24829887790010        0.76321857348191       -1.78930477469970
C           -1.32820380281473       -0.56874665653768       -1.35420920763318
O           -0.57634381673352        0.24543773535654       -2.20382649405194
C            1.80126486013569        0.49093938315398        1.93306735993544
O            1.83792955857271        1.44419164127144        2.96359625217800
C            3.09274233506412        0.50855321790988        1.09984554404412
O            3.97271686619845       -0.44547638249662        1.63463946020193
H            3.16432563261940        0.29343831730214       -2.96762467203059
H            3.63353911456945       -1.32562234844669       -2.38713277229986
H            4.89583991006324       -0.12945072026419       -2.81173349830479
H            2.32287371779722       -0.81044313046323       -0.43593677518655
H           -0.01738088262788        1.67753385253212       -0.79563986637409
H            1.98496977962443        3.09781499047519        1.03215228048189
H            0.27616518753906        3.52070427954384        0.79596300356683
H            2.04269148885484        3.37647459659100       -1.36938458030070
H           -0.12827241580843        1.35804924566489        1.74336597273881
H            0.35959563672766       -1.73425169967928       -0.64842641324006
H           -2.24449623789172       -1.08897639047498        1.76997247113335
H           -2.59183419403463       -3.59048390469133        2.03110529007431
H           -3.64865821921060       -3.55513033353159        0.60820980695799
H           -4.13615913823475       -2.28667431834227        3.07551380995801
H           -3.79977623892458       -1.60296024017574       -0.81356042329572
H           -4.92095689233241       -0.93298991575052        1.15845951742008
H           -2.21890494808547        0.88226330398876       -0.00517654180096
H           -4.09110825901022        1.07797167757568       -1.43583001797734
H           -1.70098938761097       -1.43400931393785       -1.93224477183419
H           -1.19913546065904        0.68456863338041       -2.80428195751833
H            1.69769119389563       -0.52378604371857        2.34535065487352
H            2.55085999687276        1.21719165466761        3.57618269558780
H            3.54684497340020        1.51083976690205        1.13799338667219
H            4.74432284427294       -0.51116135568256        1.05398420491973
48
 energy: -84.820752553745 xtb: 6.7.1 (edcfbbe)
C            3.72976575599978       -0.12354321906160       -2.53406689271946
O            3.89066243030224        0.30074306016742       -1.18590947460657
C            2.72762387448493        0.25787409027244       -0.42991728989121
O            1.85505782535443        1.25846364054435       -0.88511183606875
C            0.79095509275453        1.64384056782124       -0.01914304570503
C            1.05972055181971        3.08723913077527        0.46077776122866
O            1.28942616390341        3.93723601593371       -0.63054961517064
C            0.56442262356871        0.73264984863127        1.18212983082957
O           -0.15418369976155       -0.49410096641724        1.05308558819681
C           -0.46454347587911       -1.31338247531581       -0.04750985933754
O           -1.36185841130200       -2.25604869787779        0.47992154002772
C           -2.57238979221276       -1.69047034562712        0.97322879239437
C           -3.40088918329551       -2.84874925090445        1.55163302413188
O           -4.56722626468879       -2.39003711186876        2.18976347961665
C           -3.34858877835740       -0.95571479140409       -0.13466144384886
O           -4.44193975516452       -0.23873084463035        0.37860298357228
C           -2.41846865663643        0.03875287607860       -0.84105111622222
O           -3.01597937642321        0.59877611754680       -1.98335913147119
C           -1.16637863514259       -0.72276347382907       -1.28959667657036
O           -0.31511533819826        0.02214378561191       -2.10749476625499
C            1.88853713382081        0.44109297548191        1.93584136881429
O            1.98260312466887        1.36710878003510        2.98822102603891
C            3.12998180146522        0.48783604837721        1.03100565231133
O            4.03092248328882       -0.49567591640975        1.46867065553021
H            2.97060026828971        0.47452756693911       -3.03916710864468
H            3.43948589820776       -1.17831854399159       -2.56704360475785
H            4.70051232521734        0.01614865544427       -3.00220513214665
H            2.24520548153370       -0.73736076262948       -0.52837401669038
H           -0.09855665588164        1.66911530314116       -0.65604508231724
H            1.91285296979503        3.10054858778289        1.15057073477518
H            0.18313033936285        3.47555612703993        0.98249504799292
H            1.89853108279591        3.48086600270944       -1.22888296028510
H           -0.04907203487247        1.30272625525020        1.89439768597647
H            0.41299684530810       -1.89273710793946       -0.37665886604981
H           -2.34037221204195       -0.96637190257710        1.76728253811093
H           -2.76493384234300       -3.43044250918859        2.22508508176359
H           -3.72658160002200       -3.49992305085423        0.73727132311535
H           -4.33815119551718       -2.00869555136513        3.04764925038138
H           -3.68877592625629       -1.69253603961983       -0.88234246642561
H           -4.96363056487570       -0.84438652977298        0.93313490240944
H           -2.14620329140957        0.83186730631322       -0.12682825153617
H           -3.88279527406496        0.94322719920024       -1.72941047209462
H           -1.50749114771233       -1.61441234620211       -1.84746044598400
H           -0.86430565056287        0.44185618128599       -2.78757710158101
H            1.81396379999082       -0.58428166409235        2.32757784307804
H            2.72535504763991        1.12384095340373        3.55755393115410
H            3.59213616372432        1.48592798303602        1.08966785788502
H            4.76397771041722       -0.54128637026013        0.83828113168918
48
 energy: -84.820857140926 xtb: 6.7.1 (edcfbbe)
C            3.53495301915653       -0.01266007919473       -2.65905944861731
O            3.79130842362157        0.33340248205420       -1.30359608773400
C            2.67311223148931        0.30264814934304       -0.48395254421366
O            1.82826052412580        1.36949509045028       -0.82538093606927
C            0.75865937573913        1.66020824011636        0.07039579048287
C            0.97361368624192        3.10286359865386        0.58043563608391
O            1.13858245689293        3.99192939402734       -0.49063039145594
C            0.60939361917896        0.71985321148980        1.26539372017146
O           -0.14632211203219       -0.48807811973276        1.17850257296266
C           -0.41882435284355       -1.37372668062954        0.11966090779995
O           -1.37708163199677       -2.25306799378034        0.64844994892889
C           -2.60771623966793       -1.63686159773550        1.01065705932915
C           -3.48933178103641       -2.73959127379914        1.61935655528106
O           -4.70831672917359       -2.23144004315994        2.10229227368030
C           -3.29062995178844       -0.99188670287886       -0.20824683043347
O           -4.41556578201587       -0.23408719368473        0.15557520323740
C           -2.29630119303143       -0.05567850108021       -0.90411392115329
O           -2.79297273231853        0.43218051953427       -2.12508696782865
C           -1.01869506264089       -0.84847685818427       -1.20263734615060
O           -0.09992134288689       -0.15065501889437       -1.98836960077670
C            1.97587381407677        0.40542833311601        1.93149470632448
O            2.14133834054560        1.31753523470919        2.98805070982009
C            3.16552529516414        0.44918973448338        0.95967875866919
O            4.05643374154789       -0.58002822426567        1.30313075614339
H            2.81607604473050        0.67603935702141       -3.10364037724133
H            3.14213476445691       -1.03205169876067       -2.72209822064455
H            4.49424233386583        0.05658356770183       -3.16502742694507
H            2.13493840236514       -0.65916336385080       -0.60590148834360
H           -0.15094655152409        1.65299169428489       -0.53917066868908
H            1.84463754946309        3.12875646564381        1.24793647994909
H            0.09563580199344        3.44025236253676        1.13401730963187
H            1.77274216889843        3.59197925909915       -1.10286954390273
H            0.04919084441553        1.27806890367814        2.02830869404816
H            0.45803085802144       -2.00117468737801       -0.10939640980296
H           -2.42022260907797       -0.85182885772054        1.75719800586177
H           -2.91922135927582       -3.25207947697853        2.39938110294932
H           -3.73936005761940       -3.46561696197414        0.84244772862859
H           -4.56033241233895       -1.77625200001118        2.94165624469101
H           -3.57416811707189       -1.78469272525488       -0.92135001702381
H           -4.98524520154269       -0.79301264698924        0.71217472592777
H           -2.07703504879463        0.78093367793190       -0.22181793615911
H           -3.67718562322774        0.78953009877417       -1.96668776746575
H           -1.32315559927189       -1.76724566664009       -1.73793448238126
H           -0.59821748228143        0.25641779051985       -2.71387325277660
H            1.91241777912579       -0.62350057364819        2.31636615379476
H            2.91125991952805        1.05817139826298        3.51223020071358
H            3.66127675152955        1.43056923706195        1.03318173077272
H            4.74712730773974       -0.62217526428578        0.62635105199910
48
 energy: -84.820948402987 xtb: 6.7.1 (edcfbbe)
C            3.44114932546551        0.11770897356126       -2.74136534993212
O            3.74211610159499        0.40326528993028       -1.38129907324089
C            2.65240628008470        0.34137660467913       -0.52628164504953
O            1.79640287818785        1.42084222087142       -0.79610739829859
C            0.73323393451157        1.65337114486235        0.12538650518368
C            0.91377677191257        3.09366199522194        0.65545219223603
O            1.04253447643978        4.00665208512650       -0.39968475379589
C            0.64449780122087        0.69230786077318        1.31245812588778
O           -0.16093517499245       -0.48393162843552        1.26588036410481
C           -0.40527782089879       -1.42336341533256        0.24637060080015
O           -1.41894350171192       -2.24462360370563        0.76758259113944
C           -2.65005114570774       -1.58633557999725        1.03535628786610
C           -3.57570303509256       -2.63169346326995        1.67882366055623
O           -4.80180051858151       -2.07188104087635        2.07990686195579
C           -3.26383088783121       -1.02100801393866       -0.25607722859731
O           -4.39908802093499       -0.23282528771579       -0.00680282463096
C           -2.21962390375205       -0.14018802020870       -0.94838888450393
O           -2.63795072472791        0.27992826808569       -2.22304378695562
C           -0.93214250147161       -0.95413210236448       -1.13024814669374
O            0.02622370451352       -0.29191495770799       -1.89941933463915
C            2.03552690574248        0.34442721325374        1.90761725846623
O            2.23813968751873        1.20247686443836        3.00291435778627
C            3.19291247846116        0.43892616937920        0.90302237371391
O            4.10412527435993       -0.59316359318084        1.17887340290733
H            2.76313172171899        0.86649061479702       -3.15173607615263
H            2.97957908216021       -0.87016202327782       -2.82812129581514
H            4.39465970155390        0.14006613226858       -3.26264889796101
H            2.10941898880777       -0.61489003873777       -0.66333008979429
H           -0.18948033255718        1.62209944931320       -0.46341787845537
H            1.79255147986278        3.12801176846525        1.31313940271658
H            0.03377375925823        3.39795937250275        1.22480333932734
H            1.68934126111702        3.64205649121728       -1.02057255079712
H            0.14043658588444        1.24938960913420        2.11498303516970
H            0.46404162855744       -2.08290751904778        0.09529041843933
H           -2.48085968836059       -0.75436047227134        1.73376830020278
H           -3.04549975511444       -3.10239731364150        2.51160387887635
H           -3.81055074917734       -3.40221233971210        0.94089216503839
H           -4.67622211161422       -1.56412150255023        2.89243286123371
H           -3.51486522446955       -1.85773346561327       -0.93000826457062
H           -4.99957996875399       -0.74410261131028        0.56289359582529
H           -2.03380350338108        0.73355862473120       -0.30380984810179
H           -3.52759780115616        0.64863420709321       -2.13848250230100
H           -1.21337051475851       -1.89516487275013       -1.63930136285615
H           -0.44062762812637        0.10131397447302       -2.65297360108951
H            1.98582992860446       -0.70251438865338        2.24365739268024
H            3.03265908251328        0.92515547588030        3.47903863441000
H            3.68076826990051        1.42237917810534        0.99927412609348
H            4.76856352020801       -0.60643674059269        0.47518140733175
48
 energy: -84.820395151517 xtb: 6.7.1 (edcfbbe)
C            3.46246147678405        0.33900556744861       -2.81882494657139
O            3.74433995220481        0.63318322060917       -1.45679635643790
C            2.68138595570316        0.42448102110804       -0.59091661182387
O            1.70992081937165        1.41384782287894       -0.81511831053434
C            0.70070539276206        1.59747033898624        0.17443619249294
C            0.86310676245769        3.03481409449769        0.72193659790174
O            0.92768187580924        3.96883058943193       -0.31990150619262
C            0.68766035231971        0.61509241278904        1.35059518906878
O           -0.18940293486347       -0.50726872133544        1.36347204099785
C           -0.44761350258893       -1.49786899245729        0.39494377147509
O           -1.52278266805140       -2.23126947386268        0.92369769026001
C           -2.73350187580906       -1.50467623112753        1.08066705843260
C           -3.72289916381038       -2.44601050240659        1.78662382558118
O           -4.93943981232955       -1.80491866105357        2.08107347859365
C           -3.27267847995929       -1.05229159955976       -0.28557574148287
O           -4.39893533224342       -0.22123500070609       -0.17068652818075
C           -2.17242656819842       -0.26068485055284       -0.99718433127832
O           -2.50821582199682        0.04423870450415       -2.32825573007907
C           -0.89119563207101       -1.10421952602550       -1.03468104388837
O            0.12245944042746       -0.50620941386220       -1.78481693210802
C            2.10317148232079        0.18404394418270        1.82094816735395
O            2.32491459357483        0.79468039793680        3.06746647525105
C            3.22538549702026        0.52301421489025        0.83519075876147
O            4.28123245455457       -0.37711708173446        1.04980774939316
H            2.69687107657119        1.01023370267735       -3.20868493751959
H            3.12052044325297       -0.69499044380011       -2.91962591316259
H            4.40012759215111        0.48315038005713       -3.34957171398955
H            2.23942327186519       -0.57850610098410       -0.75564509032181
H           -0.25007286810287        1.55017139736105       -0.36615894365622
H            1.76563873326318        3.08420956112478        1.34688796815508
H           -0.00231533367272        3.30483930300589        1.32978251894300
H            1.54529073549561        3.62269235618628       -0.98042176532879
H            0.28357185639775        1.17638034735010        2.20505468246049
H            0.39390906360562       -2.20479511339004        0.32231752957192
H           -2.55504496470643       -0.61429845137032        1.70036403554170
H           -3.24260924727418       -2.84931441817791        2.68281451420145
H           -3.96165705747675       -3.27770121815439        1.11985278488710
H           -4.82022405824916       -1.21610476027112        2.83784081923580
H           -3.50950807872486       -1.94433589911350       -0.88990752420738
H           -5.03424155230628       -0.65710617618492        0.42353897485110
H           -2.00825526305493        0.66768407150383       -0.42798194225295
H           -3.39104421320468        0.43829990933152       -2.33191618848534
H           -1.16056535175415       -2.07164315600455       -1.49928346984527
H           -0.29369431877435       -0.14757024244777       -2.58378886907231
H            2.09405862299651       -0.91156167614602        1.93040872636295
H            3.16969675768215        0.48377401944970        3.42120177703028
H            3.56431399041189        1.55835131646548        0.99774708534868
H            4.92047206551248       -0.27079538374227        0.33055630436458
48
 energy: -84.826776704598 xtb: 6.7.1 (edcfbbe)
C            3.97207201412269        2.41884940137524       -2.16737929735661
O            3.68457838317811        2.05043139746438       -0.82526152518937
C            3.16128568395952        0.75763298998713       -0.68854082756041
O            1.83593132854730        0.65917926898449       -1.13638110457028
C            0.78784025633163        0.97620491359302       -0.23165500820011
C            0.69077992136841        2.49707051389589        0.00672994508371
O            0.33996012998356        3.18477181906566       -1.16604975697263
C            0.86159258064963        0.21530246909512        1.11178113099616
O           -0.22888757571861       -0.59398216863367        1.51763861971527
C           -0.75275203493379       -1.73180858652642        0.86632430732918
O           -1.93148120135063       -2.04049547516958        1.55690307677941
C           -2.99296765954554       -1.11272116352946        1.37892542084506
C           -4.13329414409210       -1.57533972188808        2.30116661540075
O           -5.22762767387547       -0.69210509909742        2.27874208609002
C           -3.44187757081621       -1.08708293932122       -0.09168457469969
O           -4.43022829740491       -0.12013990665716       -0.33895950578404
C           -2.22959835804578       -0.74774547297448       -0.96566555471696
O           -2.51007355067996       -0.87677349410880       -2.33784894771851
C           -1.09103708536997       -1.72483389922926       -0.63975138852177
O            0.05328032455237       -1.54207089328994       -1.42195501416177
C            2.16952145413093       -0.60000756758527        1.14226003610875
O            2.34178149181920       -1.14164488090796        2.42235711934835
C            3.33130392258961        0.32869414326673        0.77527533968973
O            4.52817989291615       -0.37677361133974        0.98089978736299
H            3.10114207276807        2.27088664365853       -2.80990334191747
H            4.80471677190354        1.82285451369528       -2.55376095599239
H            4.24610553842836        3.47011479127621       -2.13853705315051
H            3.71554117002486        0.05451739461551       -1.33435477372087
H           -0.09798280111280        0.67499459084481       -0.78781354260920
H            1.64395985026670        2.86981760546841        0.40446501572052
H           -0.10493962488606        2.70117676314415        0.72562873221530
H            0.97532699623631        2.95017600057513       -1.85520523425717
H            0.90965119401550        0.93128289937421        1.94070638856147
H           -0.08168585218759       -2.58825447305584        1.04939777598459
H           -2.65909130965826       -0.10449885557508        1.66544717196541
H           -3.73196892594610       -1.70846156073353        3.30980659404800
H           -4.50368490523028       -2.54061366368047        1.94837286932318
H           -5.01849998949406        0.09687702153977        2.79586360841415
H           -3.80514503982015       -2.09139516945144       -0.36829221667152
H           -5.12425339112090       -0.22002602346795        0.33586471699820
H           -1.94563941686597        0.29107909995086       -0.73775055908076
H           -3.32334795974403       -0.38757140289276       -2.52299757083743
H           -1.49714700963000       -2.73746239514994       -0.82180366636835
H           -0.23197087100919       -1.47411958910591       -2.34528951901249
H            2.10598483156374       -1.39984994174859        0.38634557367630
H            3.25948378800881       -1.44785708939832        2.48370575532804
H            3.29525126624107        1.22207809479697        1.41583783638184
H            5.27990772919537        0.21963818972723        0.86987754493342
48
 energy: -84.829456652354 xtb: 6.7.1 (edcfbbe)
C            3.89607733169953        2.59318290210846       -2.04966552649496
O            3.66732997566778        2.06507785222440       -0.75059596048196
C            3.13084108978424        0.77031719348595       -0.74601461337905
O            1.78984950675828        0.73495765044748       -1.15545822979369
C            0.77471120075424        0.99996420957898       -0.19669806153789
C            0.66489718384031        2.50775768690014        0.10341735109993
O            0.22077013449213        3.23090884420441       -1.01610044106166
C            0.91532630187432        0.18859222474103        1.11028768660105
O           -0.21338838034642       -0.53176145202828        1.56899732304676
C           -0.75084158329047       -1.70142554518492        0.98590612484134
O           -1.95607560167754       -1.93381672776132        1.65823376781668
C           -2.99210825525352       -1.00409423474415        1.37601947628833
C           -4.15615389917567       -1.34798633633619        2.31975723096457
O           -5.22895670938471       -0.44742638714765        2.19195401644303
C           -3.41324920213196       -1.11843206285928       -0.09762488767176
O           -4.39352602592348       -0.17940678604409       -0.45898164053576
C           -2.18128098011433       -0.86437137321045       -0.97195102020318
O           -2.42739105184429       -1.13738365275738       -2.33010937984369
C           -1.03817085485286       -1.79045126442311       -0.53074860360176
O            0.12736764119878       -1.62263567791400       -1.28598684089484
C            2.15706724962859       -0.71319263423140        1.00494669424057
O            2.35701124466117       -1.36899176151957        2.22762500708896
C            3.35448541950696        0.17529394737138        0.65302692667305
O            4.51009989989501       -0.62081892180684        0.70974494191371
H            2.99121399892177        2.54078863722897       -2.65905734586457
H            4.69508515393759        2.03729121119325       -2.54982591320567
H            4.19348230182688        3.62845948794752       -1.90533459714219
H            3.64976123135191        0.14150182399958       -1.49023050209801
H           -0.13122469102132        0.70084476164400       -0.72243973261372
H            1.63705131701745        2.88337640893598        0.44954735415700
H           -0.08258074991435        2.66812949930712        0.88262018525492
H            0.80190238012230        3.02461271394742       -1.76007525028558
H            1.08528125326330        0.87325734760365        1.95072727951637
H           -0.10388992259930       -2.55427100130890        1.25070518971041
H           -2.63841235072772        0.01971789168690        1.56784385594062
H           -3.77304825973467       -1.38904114523230        3.34344592308641
H           -4.54428557316111       -2.33496435033945        2.05810872637422
H           -5.00302677324350        0.38884048600236        2.61995227154747
H           -3.77250861539639       -2.14500198726541       -0.28276247984646
H           -5.09451627131215       -0.20075433562356        0.21586672528181
H           -1.91048225062519        0.19554378500885       -0.84956394773057
H           -3.23971396274449       -0.67870839796479       -2.58438217213974
H           -1.41582784334720       -2.82104561029186       -0.66664744557224
H           -0.12930876479478       -1.62035998339396       -2.22019909389372
H            2.00563722581260       -1.44115089153418        0.19326070726060
H            3.25363214577171       -1.73682035398536        2.21141944400988
H            3.41607196778989        0.99934190514206        1.37920222353862
H            5.29501178065021       -0.06345010545950        0.63131940314894
48
 energy: -84.831140019046 xtb: 6.7.1 (edcfbbe)
C            3.86094052701755        2.70978534416350       -1.95941787064310
O            3.65405991486936        2.07806709591973       -0.70395715755489
C            3.09881136857575        0.79411996531278       -0.79024948905586
O            1.74840783331403        0.80768105714893       -1.16964536703671
C            0.76076963767727        1.03450392828477       -0.17216740694634
C            0.65631714724365        2.52737704778668        0.18996217474954
O            0.17262374490539        3.29298062892018       -0.88414135724898
C            0.94352990298268        0.16907724503382        1.09231848438739
O           -0.21267625824544       -0.48379011275621        1.58016788970658
C           -0.74531719729274       -1.68873642442354        1.06833166828017
O           -1.97117189189695       -1.86491191430488        1.72079015517241
C           -2.98760840746082       -0.93942789418519        1.36523628137789
C           -4.16574035113220       -1.19532013848963        2.31929217034488
O           -5.22637663475931       -0.29606825932839        2.10824962724041
C           -3.39298194476300       -1.15637595533930       -0.10047031284596
O           -4.36014521364667       -0.23993317559523       -0.54540554068960
C           -2.14588967699068       -0.97389976512617       -0.96877712056746
O           -2.37092846950264       -1.34536649679915       -2.30769238710683
C           -1.00494037520629       -1.86187650617736       -0.45013149056375
O            0.16286915321951       -1.70962699071506       -1.20642138423868
C            2.14085739757504       -0.77405126637372        0.90938687419781
O            2.35787331782235       -1.47766357092963        2.10436729806131
C            3.35529116852020        0.08962330655329        0.55318116659386
O            4.47729695342553       -0.75386805809744        0.50110273816865
H            2.93825780026817        2.73554650490793       -2.54300808197131
H            4.62915300881964        2.17855032505920       -2.52966679325689
H            4.19201137928112        3.72036917579209       -1.73551926103357
H            3.58847433629043        0.22083010311795       -1.59623800306771
H           -0.16207977414940        0.74895126388863       -0.67887227128385
H            1.63912493174510        2.89169977782969        0.51806332083463
H           -0.06413617125813        2.65192938991312        1.00058346164863
H            0.71841464894473        3.10612797355280       -1.65936468931465
H            1.18989034309481        0.82444295906104        1.93959490203627
H           -0.11137856228232       -2.52569464920447        1.40093902627854
H           -2.61777735555754        0.08923756311752        1.48695669995493
H           -3.79467290820772       -1.15946803315319        3.34752947022500
H           -4.56227628785439       -2.19557018052477        2.13144382215348
H           -4.99466503715209        0.56983674301319        2.46902313897258
H           -3.75694084940938       -2.19151090887970       -0.21476941000989
H           -5.07147216800616       -0.20750897499210        0.11794617617041
H           -1.87058244426255        0.09103160515671       -0.92224136888559
H           -3.18103616782018       -0.90951891087219       -2.60566782928648
H           -1.36587282660854       -2.90335526147769       -0.53885531406661
H           -0.09216997935949       -1.75179333287387       -2.14042276909434
H            1.94459420690414       -1.46788991900837        0.08044357394508
H            3.23090896060338       -1.89277033189167        2.03729251272607
H            3.48506222089328        0.85952407208068        1.32825747154107
H            5.28329342403769       -0.22530056035256        0.43612471546888
48
 energy: -84.831404621569 xtb: 6.7.1 (edcfbbe)
C            3.81093058950494        2.71273191383957       -2.00253821608723
O            3.63570904995991        2.06312211474769       -0.75115381351327
C            3.03043847977527        0.80183705106134       -0.83670190992538
O            1.66490252411867        0.87632796291140       -1.15264734676704
C            0.73886859816065        1.09697295345539       -0.09601431297992
C            0.72597651979446        2.56891596241970        0.35342857444264
O            0.24262044155250        3.41971168661696       -0.65400386479075
C            0.94058022774067        0.14696254677631        1.10303545870123
O           -0.23774091378845       -0.47190029229307        1.58267885182527
C           -0.75052648700158       -1.70523588585596        1.12355224637687
O           -1.99848789660016       -1.84474980503613        1.74442816249982
C           -2.98557545128569       -0.90868937024452        1.33943392949567
C           -4.18419250321372       -1.09479469926675        2.28354738437339
O           -5.20834367543392       -0.16465165874266        2.02954103097942
C           -3.37198703845012       -1.17316200337341       -0.12260347534567
O           -4.30367086861238       -0.24762722886120       -0.62212022338411
C           -2.10530211866485       -1.06479620520372       -0.97369228465994
O           -2.31571484044508       -1.50462710096280       -2.29479479210106
C           -0.98423553305182       -1.94052153135038       -0.39461123970731
O            0.18741816971572       -1.81988411333675       -1.15137519975230
C            2.11680227379071       -0.80354994807791        0.85775685808160
O            2.36722835349154       -1.52780082406354        2.03521344588872
C            3.32391080212809        0.06248689894164        0.48031890086305
O            4.43792801330266       -0.78541698621269        0.36884864724353
H            2.87070205474478        2.75714420486764       -2.55608718042247
H            4.55484551455853        2.18222812867713       -2.60476108944346
H            4.16073087880106        3.71593304029296       -1.77349037781203
H            3.46236524782206        0.22770205800014       -1.67428837578475
H           -0.22438958448402        0.88425235175591       -0.56653374698437
H            1.73768183814954        2.86434019995970        0.66232732390388
H            0.04304193341614        2.67946093027371        1.19787300581116
H            0.75816143622612        3.26447876011787       -1.45647152803632
H            1.22881386603291        0.75392532347371        1.97547848195418
H           -0.12615264746849       -2.52432783910348        1.50981566928171
H           -2.59147915687680        0.11418924431335        1.42762165851054
H           -3.82514109338055       -1.04055611562115        3.31534501823297
H           -4.61454441360029       -2.08546955590770        2.12079175341580
H           -4.95091760099069        0.70260826856894        2.36938614812892
H           -3.76457400784311       -2.20111760463470       -0.20167809394736
H           -5.02267415259290       -0.16312588887154        0.02782435125042
H           -1.80274747614475       -0.00643310401095       -0.98266093122618
H           -3.11001673131789       -1.06794828787211       -2.63124202666663
H           -1.34909940247400       -2.98295145806556       -0.44604679176490
H           -0.06918751840655       -1.88388598002007       -2.08403582696762
H            1.89638425121698       -1.48289036035292        0.02556584982165
H            3.23170270678528       -1.95305203385266        1.93160190592600
H            3.48648092453066        0.81221056826796        1.26915333838310
H            5.24247279486397       -0.25838080285526        0.27846681863648
48
 energy: -84.830717953694 xtb: 6.7.1 (edcfbbe)
C            3.55098576337503        2.50768414729853       -2.33382793330988
O            3.51082618628005        1.96698199255052       -1.02033377018464
C            2.79763230066137        0.76514965671419       -0.91396868426327
O            1.40953398463094        0.95720981994759       -1.01744859339178
C            0.70077909271327        1.22623369237925        0.18504721048473
C            0.99667829631718        2.63820448797894        0.72472169016620
O            0.56067676361504        3.63203789867139       -0.16558752077782
C            0.91269814135715        0.13440006476774        1.25753470527610
O           -0.28873584287873       -0.50416195059561        1.65494986279420
C           -0.76305689485309       -1.74983862269403        1.19290251432303
O           -2.05116610037093       -1.86987150210237        1.73736721695167
C           -2.98389556490884       -0.90021257892253        1.28330923312173
C           -4.25908820400981       -1.08550217323999        2.12152920124089
O           -5.23006285864192       -0.11111149948168        1.82679605794040
C           -3.26850238616457       -1.09652872376318       -0.21326294440368
O           -4.09439938866392       -0.08920956288056       -0.74103311586242
C           -1.94327291609199       -1.06747092167762       -0.97814231480675
O           -2.10074742742976       -1.49337286253840       -2.31220597531314
C           -0.93207273669441       -2.02004378747658       -0.32866149973005
O            0.26999195596813       -2.03138974864342       -1.04650572025251
C            2.08359273294861       -0.78803160721693        0.91439363235588
O            2.46284232805778       -1.47400536688753        2.08211773682984
C            3.23046756979911        0.08801197147643        0.39632375475552
O            4.34603179852269       -0.74241479967404        0.20360128143690
H            2.54448312338436        2.62241525528341       -2.74244876590202
H            4.13161916235864        1.85666772491683       -2.99450160552386
H            4.03526834463433        3.47655861377487       -2.24367708337511
H            3.04617057767827        0.09973471091156       -1.75807628017411
H           -0.34889846307265        1.21633361413237       -0.12671421460102
H            2.07009662056381        2.74466176895465        0.92643309733253
H            0.43666392167487        2.79169851820370        1.64875030256186
H            0.98952382716376        3.48314582103540       -1.01855740820172
H            1.21032520947714        0.63853268331424        2.19109294675890
H           -0.16586952559081       -2.56254730716316        1.63125950052788
H           -2.57704684742588        0.10961719331048        1.43807285688439
H           -3.98334685587320       -1.08563678943809        3.17993636992705
H           -4.70573466705522       -2.05320823127876        1.88214771509684
H           -4.97817666275520        0.72970948880181        2.23081997157386
H           -3.72780816084510       -2.08949400552922       -0.35714071073554
H           -4.86191224711910        0.00812613903511       -0.15099998484813
H           -1.55402789321754       -0.03964128877967       -0.96492229504478
H           -2.82331064595492       -0.98474442068756       -2.70398505421798
H           -1.38156349112673       -3.02978487421929       -0.36014295523011
H            0.03113173690522       -2.08760692164070       -1.98489198588661
H            1.80904914353631       -1.49670305957862        0.12644655780293
H            3.31202140925954       -1.90320435490864        1.90008682776905
H            3.45660999830639        0.86575096621831        1.14073819809663
H            5.11699215567095       -0.20313379860336       -0.01585979978769
48
 energy: -84.829123496569 xtb: 6.7.1 (edcfbbe)
C            3.32496368227164        2.57145893194805       -2.40324904106093
O            3.39285525402364        1.99271873987771       -1.10655195781986
C            2.66147112573442        0.80555489570811       -0.97115236512148
O            1.27480269537386        1.03656049125316       -0.95316810611436
C            0.68334406551543        1.28259589192644        0.31664443028088
C            1.10249016722619        2.64291965276660        0.90549161244136
O            0.69856049879200        3.70844322892315        0.08709149117548
C            0.92039783545891        0.11620048843491        1.30301738216579
O           -0.29932812339454       -0.50484821967617        1.68051231324628
C           -0.77188363148521       -1.77925514489209        1.30744018090083
O           -2.08558972439121       -1.82126735440627        1.80727038135674
C           -2.95874735248314       -0.84608163667367        1.25488647973796
C           -4.29003322725940       -0.96471911584024        2.01444033344946
O           -5.20464100718085        0.03316583171002        1.63198113972414
C           -3.15988983654697       -1.07466761919748       -0.25234558219327
O           -3.88149768438250       -0.02975377536615       -0.85480745743387
C           -1.79504321579034       -1.17001306032076       -0.94066365113862
O           -1.91252357803902       -1.63759333153896       -2.26500454809662
C           -0.91545991018309       -2.17440042256290       -0.18907432281658
O            0.28974939603607       -2.39448290725962       -0.86614408143081
C            2.06018430933627       -0.79691694643128        0.85746463818031
O            2.51188647744002       -1.51111140888635        1.98304307347103
C            3.17995005698364        0.07923923686574        0.28080208024132
O            4.25840245535748       -0.76565986130071       -0.02606050939961
H            2.28772222995617        2.70976469523562       -2.71723764073404
H            3.83488443780225        1.93269549430470       -3.13083301188792
H            3.83008669225771        3.53106185894901       -2.33031731019148
H            2.82224322972968        0.15812070166809       -1.84996314890207
H           -0.38827188118151        1.34467796723747        0.09585606117492
H            2.18764385031446        2.66885439831135        1.06379390039104
H            0.59438022595362        2.78386013546591        1.86101358380325
H            1.10710723465021        3.59491568665260       -0.78117739866166
H            1.26228827844839        0.55316028884292        2.25605332830387
H           -0.20916482874556       -2.56399515038639        1.83278616182362
H           -2.53427703539520        0.15769142209343        1.40227414487206
H           -4.08154585937822       -0.94235476184259        3.08793746902646
H           -4.75543135935770       -1.92328360071751        1.77389415125751
H           -4.94926144241155        0.87526844094785        2.03097144694215
H           -3.67958055497554       -2.03722822162040       -0.39871476274957
H           -4.69010200472348        0.11485431092636       -0.33385648854556
H           -1.31693529384654       -0.18084119950486       -0.93964500342672
H           -2.54935791810020       -1.07508982946765       -2.72516817180095
H           -1.47431697968500       -3.12708245375401       -0.14335867170497
H            0.06330910817990       -2.50038008258579       -1.80387681158923
H            1.73353357577660       -1.48743267479157        0.07487770530249
H            3.32036994040717       -1.97622811679080        1.72272817715226
H            3.48121535247755        0.82583110206777        1.02995951561620
H            5.01903665538148       -0.23493155292827       -0.29637897102172
48
 energy: -84.827333544184 xtb: 6.7.1 (edcfbbe)
C            3.23503679269287        2.71914638266848       -2.37000008579594
O            3.33967668612479        2.05136522055198       -1.11947792810020
C            2.58793879564041        0.87346822415139       -1.03318098819101
O            1.20795653594239        1.12647826307540       -0.93500136499896
C            0.68126775346386        1.31076742585990        0.37421544538977
C            1.14731492382659        2.63107593648113        1.01370724933570
O            0.69349466179432        3.74509212508695        0.29102648213484
C            0.94405499912714        0.08595452985250        1.28189471583382
O           -0.29127493446511       -0.49379949345444        1.68054441882174
C           -0.78664769782734       -1.78854724819510        1.43304170836453
O           -2.11210313155126       -1.73793221877777        1.90545175124280
C           -2.93063602904872       -0.77747610099595        1.25123908392934
C           -4.30086500705168       -0.81586646840288        1.94750656475330
O           -5.16129549176165        0.18783686323879        1.46633056404541
C           -3.07164705456826       -1.07768993961321       -0.25153469033149
O           -3.69605299992167       -0.02216890378693       -0.93844308918738
C           -1.68973548521401       -1.30366767653545       -0.87368021131851
O           -1.78986596517503       -1.83581211535319       -2.17461384560099
C           -0.92936902000449       -2.32228514824412       -0.01914570385777
O            0.25914720752696       -2.73220305702741       -0.63348501535615
C            2.02138791505638       -0.82927590291081        0.71174559161651
O            2.49993501260715       -1.63761664873304        1.75913276343456
C            3.14248948565539        0.05057649417250        0.14149384998077
O            4.17696131450506       -0.80253044839305       -0.27392466038280
H            2.19000036681640        2.89848698710496       -2.63290272780647
H            3.70377217387273        2.12284742291564       -3.15880569532801
H            3.76267322820302        3.66188110017317       -2.25113265914654
H            2.69311794274770        0.28597798420872       -1.96141234810344
H           -0.39899405665801        1.39481718304386        0.20694357326470
H            2.24118552548688        2.64463506851812        1.09638596686809
H            0.70769560798179        2.71469702873454        2.00902296723659
H            1.02557084011853        3.67557112051571       -0.61369902772611
H            1.36343768289647        0.45667352211500        2.23298454303957
H           -0.25617813947436       -2.53232498611368        2.04372162645239
H           -2.48666916360321        0.22246240110918        1.36265398890102
H           -4.14565427807958       -0.74258804225376        3.02760151204737
H           -4.78514221959101       -1.77137756599327        1.73335751190399
H           -4.90683513592851        1.03992309114581        1.84433497627392
H           -3.64830490638283       -2.01071796722497       -0.37491491408188
H           -4.52424621279822        0.18683330873683       -0.47317236793738
H           -1.13791339338418       -0.35349734785599       -0.90311225225512
H           -2.37440832998824       -1.26141050432920       -2.68645711017596
H           -1.58113019135163       -3.20642286332290        0.10232857111012
H            0.04416212723106       -2.90401543920977       -1.56429046064354
H            1.63234767162254       -1.44994067876945       -0.10004063498202
H            3.25655493057458       -2.13562027099620        1.41744001622932
H            3.50085593512081        0.73676153860647        0.92242182110914
H            4.94692913283542       -0.27854677172431       -0.53061739744309
48
 energy: -84.825604454554 xtb: 6.7.1 (edcfbbe)
C            3.16277320350185        2.90223747680108       -2.29170679623729
O            3.30455679742000        2.11553211935657       -1.11658211374338
C            2.51403861151907        0.96152512106396       -1.09986353554550
O            1.15002543691123        1.24620627397043       -0.90894619217623
C            0.69642906115154        1.35218854461330        0.43521381353470
C            1.22501760251872        2.61473100531708        1.13842299043989
O            0.75107189364550        3.78740982808958        0.53111149388274
C            0.97270268286592        0.06529312768759        1.25016334554134
O           -0.27619802867204       -0.45738543863830        1.68453708264199
C           -0.80276378359141       -1.75768316984360        1.57215772585416
O           -2.13348550397366       -1.61359286643381        2.00984269937069
C           -2.90337715944760       -0.70544128944037        1.23193202919516
C           -4.30077249441444       -0.64660568859510        1.87019278999208
O           -5.11553839726681        0.32268060761769        1.25669159958069
C           -2.99519284931871       -1.13726975357615       -0.24358481374160
O           -3.55525954134966       -0.12740682189663       -1.04461722693947
C           -1.60015806268959       -1.46615395208898       -0.78847911750765
O           -1.67087071660018       -2.09431739589920       -2.04687412359840
C           -0.93349086115837       -2.44173764041600        0.18682385789657
O            0.24525746779759       -2.99647251740052       -0.31971319504388
C            1.94523933728242       -0.85343402176713        0.52223473050146
O            2.42631502021546       -1.79072589956522        1.44951269069450
C            3.08654049393713        0.01166393042874       -0.03430611571767
O            4.04446252662939       -0.85476048926102       -0.58340742915924
H            2.11455165941612        3.14860655008967       -2.47521233899118
H            3.55915017975036        2.36459287882170       -3.15829311286405
H            3.73933936419431        3.80681461826468       -2.11766302186369
H            2.55199869322163        0.45980756174234       -2.08231111788773
H           -0.38899767370500        1.46398170539785        0.32779542616052
H            2.32228609894543        2.60290584435371        1.15410155240078
H            0.84793417537240        2.62950246245102        2.16251838594535
H            1.01938197810886        3.78013654263083       -0.39701353519990
H            1.49113864672477        0.34703489431192        2.18306761824315
H           -0.30603987499674       -2.44515845858098        2.27127084510494
H           -2.44019472896765        0.29152639742129        1.26682880092309
H           -4.18733338496171       -0.46946408011161        2.94342474313429
H           -4.80039345563853       -1.60795704391272        1.73050919217530
H           -4.85013181810156        1.20299679155256        1.55393160449162
H           -3.60121962835567       -2.05762246401158       -0.30846916933852
H           -4.39742929222988        0.14035154527549       -0.63769733575886
H           -1.00744658711412       -0.54224389215700       -0.86381395288137
H           -2.21041659226035       -1.54055812886741       -2.62668360985668
H           -1.64952164420291       -3.26158615777098        0.37770937812566
H            0.04481628850707       -3.30623766962875       -1.21705781002673
H            1.46633632434772       -1.35713046097799       -0.32283377005407
H            3.08381175322448       -2.33853200615786        0.99858617651065
H            3.52433569282044        0.60688253173062        0.77979340044420
H            4.83671751634053       -0.35513565776724       -0.81976252887040
48
 energy: -84.824534559861 xtb: 6.7.1 (edcfbbe)
C            3.13611284998846        3.01121273298943       -2.24960102273747
O            3.29249255576881        2.14866031467035       -1.13078951451478
C            2.44789515958397        1.03348313946420       -1.14356648567879
O            1.11028700236695        1.36620883263443       -0.86454772610485
C            0.72814753877161        1.40834554561597        0.50489951140082
C            1.34121087651383        2.60523340544003        1.25170724551168
O            0.86815590167040        3.82816103654709        0.75149123243253
C            0.98295262018860        0.06323047933542        1.22626235442305
O           -0.28312900706094       -0.40843603782392        1.67098901457105
C           -0.81710088386529       -1.70955453203626        1.66400297244029
O           -2.15795194249481       -1.52100527670987        2.05418665249397
C           -2.90291386020011       -0.67188792023080        1.19089191492214
C           -4.31485369715887       -0.55830807359127        1.78817641338921
O           -5.09697463443221        0.38782991153255        1.10070679550486
C           -2.96016091401121       -1.21326536023646       -0.24920793290343
O           -3.48621016419705       -0.26210345984845       -1.14039282681163
C           -1.55260482060053       -1.58954297102033       -0.72630572582343
O           -1.58879903504311       -2.29832929650128       -1.94204593187456
C           -0.92333086189929       -2.50050090087494        0.33484609840322
O            0.25883790601675       -3.10927671356545       -0.09367309017417
C            1.87540246361148       -0.85370537199105        0.39990652460748
O            2.36406498295905       -1.84831754456498        1.25795769457058
C            3.02544024572698       -0.00681318287444       -0.16973525514411
O            3.91073198784123       -0.87843305781514       -0.82239830817647
H            2.09425694526690        3.31794547775597       -2.36601997010407
H            3.46441429039646        2.50884817779380       -3.16462061443817
H            3.76489090037621        3.87517239207387       -2.05152567319563
H            2.41335361070180        0.59454689287270       -2.15578117307900
H           -0.35592178369733        1.56571590871711        0.45838449077828
H            2.43618713179024        2.56088437044435        1.19425923103652
H            1.03014992789427        2.56424958969193        2.29682490169555
H            1.06854567379159        3.86958612893658       -0.19270246691353
H            1.56116676368812        0.25871039401696        2.14693797834057
H           -0.34361807132946       -2.33978045943561        2.42955997757483
H           -2.43514733146751        0.32307023709055        1.16117073541917
H           -4.22514360995141       -0.32419639286255        2.85256413032743
H           -4.82660007212751       -1.51830916947653        1.68859023437977
H           -4.83807890399949        1.27843343689332        1.37149214213850
H           -3.57350762160714       -2.13091408296881       -0.26232728846074
H           -4.33026895384158        0.05459909287658       -0.77601686626250
H           -0.95566281227111       -0.67167486622646       -0.84313063196677
H           -2.12219565600824       -1.78913312728188       -2.56674905698161
H           -1.65797677325418       -3.29227822614767        0.56962497380906
H            0.07621518240814       -3.49378251502653       -0.96525799709287
H            1.33468453680516       -1.29175465158037       -0.44479985668556
H            2.91019026163760       -2.45223675798053        0.73728377876730
H            3.53120747203031        0.51527812840236        0.65470252562632
H            4.72115305699239       -0.40587029131471       -1.05274212860207
48
 energy: -84.823383801953 xtb: 6.7.1 (edcfbbe)
C            2.98250550253155        3.11570667871248       -2.24521015207976
O            3.21629188871437        2.18294936370540       -1.19884170146387
C            2.31493502576672        1.11227443844873       -1.17067894845286
O            1.03768064542483        1.49856902304393       -0.72959777753640
C            0.80932912923689        1.46735584760823        0.67285851789070
C            1.60297370574604        2.54688338393897        1.42971854497114
O            1.21378278820795        3.84008050280300        1.04917069328405
C            1.00778119308694        0.05117085977332        1.26181614372402
O           -0.28786043615805       -0.36832064768742        1.67650910848512
C           -0.85365530717152       -1.65468234274153        1.73674208676854
O           -2.20456909615253       -1.41013825461704        2.05543080707741
C           -2.90831433706158       -0.63214483597892        1.09687767993286
C           -4.32463905298538       -0.41560482571617        1.65342802840499
O           -5.07881631992434        0.45160493775760        0.84214485398065
C           -2.95367593986778       -1.32855455835639       -0.27387318035690
O           -3.48056387539821       -0.49382864812162       -1.27347638935072
C           -1.53140729172372       -1.72719414364907       -0.68016532690248
O           -1.52093277406214       -2.52898865352189       -1.83643302435328
C           -0.92301820223100       -2.54382559305480        0.46808280956139
O            0.27194565235411       -3.17529929651881        0.11766212989308
C            1.83247181889253       -0.84230483710379        0.34089793020550
O            2.39787419277540       -1.84291022149042        1.14372704220016
C            2.93990152808466       -0.00054089101086       -0.31490694122817
O            3.71136709024671       -0.87044894314115       -1.10168015732755
H            1.95175979107552        3.47609321060986       -2.22667570551226
H            3.18097088242091        2.65356977181046       -3.21666272836006
H            3.67415870474433        3.93644659822239       -2.07441986126064
H            2.14891018625003        0.72914247365203       -2.19247276365831
H           -0.25451382444274        1.71580074187288        0.76085067163895
H            2.67920589988889        2.40567517249355        1.27227436153341
H            1.37887195670870        2.46407314371026        2.49444747598629
H            1.36244881929528        3.93642455126914        0.09935641501117
H            1.61505923546022        0.12978595243241        2.18166436052771
H           -0.42969491599568       -2.23772181097514        2.56653217249216
H           -2.40825117028699        0.33895195169898        0.96924216654099
H           -4.24376918592807       -0.05133729114320        2.68127597194609
H           -4.85521817581838       -1.37010116931344        1.66675325501651
H           -4.78826474847563        1.36162112385173        0.98469502497044
H           -3.55470241549688       -2.25023176706638       -0.18801096488550
H           -4.32414345694751       -0.13528182416908       -0.94751542287557
H           -0.94530336105921       -0.80977851006716       -0.85050190938562
H           -2.05884917047282       -2.08798277055913       -2.50751336907940
H           -1.66063729554729       -3.31930661723893        0.74598356148514
H            0.11387264817455       -3.62437460409972       -0.72762360008532
H            1.22527813259349       -1.27147869130948       -0.46195846275161
H            2.86369628899340       -2.46582293215464        0.57055553056395
H            3.55455583137470        0.45542126245462        0.47358310187253
H            4.50316825231587       -0.41140094088054       -1.41058013875173
48
 energy: -84.822435183013 xtb: 6.7.1 (edcfbbe)
C            2.74007711769068        3.20825514296959       -2.26333490241336
O            3.07065172709419        2.23279443415444       -1.28364877499389
C            2.13541801028784        1.19599041296149       -1.16646789541780
O            0.95629109782385        1.61885199862047       -0.53078181704848
C            0.91849438034895        1.49302210607702        0.88376511865384
C            1.90765061206722        2.43116390956754        1.59920883766197
O            1.63307507177083        3.77815323315965        1.31715020015616
C            1.03857034661476        0.01676035979448        1.32586264505377
O           -0.29231965366020       -0.33657067425891        1.69145318953305
C           -0.90690180391878       -1.59695055316346        1.80443444052557
O           -2.26321767321892       -1.29261186520524        2.03328667128167
C           -2.90273913579223       -0.58018407401880        0.98384166055137
C           -4.32721729477891       -0.26524733172816        1.46834295724817
O           -5.02618582968818        0.54278701368093        0.55308314299320
C           -2.92748554881033       -1.40582086196488       -0.31258566599672
O           -3.40723865010365       -0.66612668057366       -1.40675322296801
C           -1.50009878603199       -1.85934259446682       -0.63138697189561
O           -1.46231897246489       -2.76292843165022       -1.70910493536934
C           -0.93320826557930       -2.57604951278048        0.60324713863915
O            0.27898653104994       -3.22069841134656        0.35305736762388
C            1.80745698463259       -0.83297134394578        0.31300156666208
O            2.48719056618733       -1.81713879644385        1.04739934229967
C            2.82811220526116        0.02679063162769       -0.45152741998034
O            3.46214707243341       -0.82305384333679       -1.37408995159195
H            1.74115160445550        3.61567740383322       -2.09105455778044
H            2.77838298344047        2.76824157931799       -3.26455407517205
H            3.48951445523606        3.99017014552451       -2.17139468354321
H            1.81149346366675        0.86438675698316       -2.16838002201252
H           -0.09330479474735        1.82751812499498        1.13947672580481
H            2.94087677978442        2.18647233386833        1.32672398249372
H            1.78236766525734        2.31391976136167        2.67687681321577
H            1.71485859240209        3.90853173260281        0.36309033670147
H            1.64942248029977       -0.03410454326838        2.24493135227966
H           -0.54793063027929       -2.13213066074763        2.69558975408619
H           -2.36029616902873        0.35548151911640        0.78402301484550
H           -4.26547069989583        0.19338213375171        2.45933301807180
H           -4.89006288223815       -1.19749980398882        1.55508195886674
H           -4.71201550487147        1.45402660526351        0.62046588854799
H           -3.54847252813070       -2.30434148956605       -0.15442508668822
H           -4.24482002182802       -0.24928715181847       -1.13994201788973
H           -0.90185464305368       -0.96406496318829       -0.86586904081226
H           -1.98571559379939       -2.38731045417334       -2.42982751457808
H           -1.68028162594301       -3.33138814275949        0.91051659611109
H            0.15494096763443       -3.75362240357137       -0.44755484274453
H            1.14239371212016       -1.28431009951736       -0.42897591511638
H            2.93314556799549       -2.40738518289577        0.42547287202479
H            3.55889628846868        0.42618048999005        0.26454440948708
H            4.21758686102335       -0.36742260696025       -1.76811984428442
48
 energy: -84.822291946225 xtb: 6.7.1 (edcfbbe)
C            2.08405257862308        3.35077445969935       -2.21177171204701
O            2.65610230079696        2.31802078598807       -1.41542940213314
C            1.74680064930512        1.30852644301803       -1.04827604367107
O            0.82912212448498        1.77156166481239       -0.09750118619576
C            1.10600956306616        1.49017758606116        1.26365588848108
C            2.39042515817801        2.15711767386559        1.81468494017360
O            2.62958451653472        3.42030354538461        1.26040687945556
C            1.08178918528890       -0.03207346387346        1.51369016758326
O           -0.29725163928526       -0.28202058204709        1.75971407773440
C           -0.99736374036613       -1.49848788377980        1.87454329771616
O           -2.34745780635950       -1.11021761969840        1.93628418819242
C           -2.83380736622655       -0.48228993364164        0.75783812337419
C           -4.26080341581147       -0.00200135772948        1.06483552082185
O           -4.80655995027077        0.73738914767431       -0.00043665794921
C           -2.81834885485417       -1.46641510532304       -0.42238929905496
O           -3.17695436893173       -0.85587134350170       -1.63618517713420
C           -1.39888734949816       -2.02059351798740       -0.57655209754767
O           -1.33840515897258       -3.06794943975292       -1.51336339981757
C           -0.93327614193472       -2.58397891672512        0.77452278525614
O            0.30580128419115       -3.22617100065603        0.70608665829072
C            1.80769232776362       -0.79938244664118        0.39671955607861
O            2.71547315611122       -1.66468007069458        1.03374104248072
C            2.57649000581791        0.10311388582543       -0.58697596425279
O            2.91764681701956       -0.71414764796094       -1.68063749596578
H            1.25428127527798        3.82872272032633       -1.68697462325444
H            1.72807413556526        2.94145550348960       -3.16135254844906
H            2.88202584733692        4.06741240790534       -2.38908026172537
H            1.14272063353292        1.02052536666108       -1.92650207127626
H            0.23965128673614        1.92224651164989        1.77456854312199
H            3.25574776934234        1.49768002186655        1.67098537974689
H            2.25683668106362        2.31211583184073        2.88699945427943
H            2.76133571293156        3.30583144670234        0.30404556068171
H            1.64335342505590       -0.26087092920423        2.43489440244455
H           -0.76882191647745       -1.97601786227641        2.84065047095210
H           -2.19521197855810        0.37685854048661        0.50451639107548
H           -4.24370340678437        0.57086768925165        1.99647413303088
H           -4.90904385918151       -0.86985431082573        1.20600097751165
H           -4.40399234744827        1.61567781826815       -0.02321780565621
H           -3.49840554189412       -2.30559152415633       -0.19666006382193
H           -3.99384207934919       -0.34879751049830       -1.48609126258053
H           -0.75154861563753       -1.18870457870174       -0.89719165283717
H           -1.79063562603004       -2.77635269659438       -2.31650706036686
H           -1.70013184601671       -3.31403716644804        1.09257873901387
H            0.25555049141301       -3.86886589122341       -0.01831848776724
H            1.09881242545985       -1.37002565287468       -0.20565635812840
H            3.08571442454411       -2.26518545243119        0.37354636028914
H            3.48745042989039        0.47348225651533       -0.09886900538334
H            3.52590522794250       -0.23928205578122       -2.26256212683230
48
 energy: -84.824574425758 xtb: 6.7.1 (edcfbbe)
C            1.30511849701605        3.37057464217871       -1.91108682521579
O            2.02862180314051        2.23250971959230       -1.45795621184923
C            1.24205332865304        1.29304968247811       -0.76176470505138
O            0.81482792541266        1.83582962953186        0.45605209920396
C            1.40880884597120        1.34984136642603        1.64648808023412
C            2.89362331169445        1.74902726242617        1.81008015624891
O            3.16959923266031        3.00598594747821        1.24836169869099
C            1.16446199309198       -0.16818275626504        1.72626412368058
O           -0.25070497955024       -0.22709690692502        1.79730171506565
C           -1.08907449876350       -1.35394892516040        1.89837720815317
O           -2.38493471829933       -0.83866604968093        1.73808552387407
C           -2.62127400682597       -0.27086522110733        0.45648740833646
C           -4.01807478206367        0.36808297253039        0.50375218764406
O           -4.31535323650091        1.07108767577308       -0.67814308404856
C           -2.53910314142371       -1.34557216129022       -0.64041185137805
O           -2.62019652349458       -0.78946322703252       -1.92926259162811
C           -1.20015600031075       -2.08588467855570       -0.53524773980484
O           -1.18129728639767       -3.24705069669962       -1.33237455001038
C           -0.98139181594063       -2.53942096429498        0.91456130311301
O            0.19913612938748       -3.27241498623952        1.08823423585300
C            1.88436957984742       -0.86655619555835        0.56037284790253
O            3.13356897901544       -1.28110408122103        1.07415173070923
C            2.09715443827268        0.01446843898351       -0.69017608860373
O            1.84302676845083       -0.79689353430050       -1.81287672841542
H            0.83665148670892        3.88988615363196       -1.07267145554228
H            0.53671816022387        3.06871438730402       -2.62859091564700
H            2.03558383656398        4.01445572887619       -2.39351178904459
H            0.32429639596715        1.08181427473078       -1.34230267948217
H            0.81020275622127        1.83938024856518        2.42104090147937
H            3.54770540886314        0.97999263498066        1.38494390629011
H            3.11651198278770        1.83316020010855        2.87533119156544
H            2.92247132789346        2.97974842632700        0.30945454391939
H            1.60651680567230       -0.58032169177627        2.64551294357701
H           -1.04438294867459       -1.75867314638333        2.92296511981437
H           -1.86429379606863        0.50072626601514        0.25208446772605
H           -4.07816710685413        1.00815849918010        1.38858652490089
H           -4.76965014289519       -0.41937459674974        0.59632463077432
H           -3.83751863844519        1.91084505068800       -0.68199812653557
H           -3.35049328628152       -2.07663549702212       -0.48257847423789
H           -3.39700987127230       -0.20420378406399       -1.95443544943514
H           -0.40542679612102       -1.39869380568649       -0.85620873415733
H           -1.40634793857598       -2.99371634022858       -2.23705626077837
H           -1.84399762782936       -3.17615847770652        1.18002231399719
H            0.18704273765962       -3.99421790928829        0.44093050465613
H            1.31355028028486       -1.74172857475852        0.25128282561551
H            3.49991590380133       -1.97119533544046        0.50592296790394
H            3.14704665031781        0.34317168016585       -0.69480665822070
H            2.13026099699594       -0.34247597691461       -2.61603052610153
48
 energy: -84.828910280018 xtb: 6.7.1 (edcfbbe)
C            0.70948813507179        3.22108526874968       -1.96572008796626
O            1.54873486251137        2.08707310207970       -1.78850341054078
C            1.24890546008962        1.31330073304980       -0.67322576011047
O            1.54865447983643        2.05060278824683        0.48482123281248
C            1.77889251853301        1.32196273973930        1.68606557227567
C            3.26569300324212        1.42910188571744        2.06649952835481
O            3.62132297569224        2.76535461578562        2.31331027289301
C            1.26858152207519       -0.12721424194250        1.63054868703241
O           -0.14507401307573        0.01163744633595        1.63820641122588
C           -1.07175133264954       -1.04070983035399        1.82693202922074
O           -2.33256149011809       -0.48872288712245        1.57412997216566
C           -2.59812473099288       -0.15083599185904        0.22153460029222
C           -4.01084490192571        0.46023962425451        0.20748418004731
O           -4.38588982993180        0.91035382129088       -1.07100132019177
C           -2.52619617851152       -1.38578119455120       -0.69239567837881
O           -2.62438235811148       -1.03798549556213       -2.04975403127040
C           -1.18553799353799       -2.10005581927616       -0.48539340116190
O           -1.16216022026857       -3.35972477233014       -1.11505097978700
C           -0.98495517071477       -2.34988494516228        1.01560350592909
O            0.17590175974788       -3.07334564306977        1.31053492890010
C            1.93963716955354       -0.85691785274738        0.45264234585262
O            3.19476677299450       -1.28340525717016        0.93026456987748
C            2.08595103324995        0.03514945710341       -0.79386975811381
O            1.68131498073125       -0.70801458337156       -1.91556794556518
H            0.73063109281567        3.86051162431548       -1.08206144166359
H           -0.31813077387483        2.90303048788469       -2.16626695255902
H            1.11177826944034        3.75155947891585       -2.82513687352752
H            0.17149652760533        1.04341429555238       -0.67116440786875
H            1.19712697473418        1.85128276688837        2.45390578121595
H            3.88941217244446        1.00402760270614        1.27264977399754
H            3.45127236145502        0.87791191656014        2.98901145903706
H            3.33337554935436        3.29107349721112        1.55413236429239
H            1.59035268046261       -0.65568392305102        2.53934993170110
H           -1.07686788015713       -1.31462441674828        2.89575900181163
H           -1.86293623732808        0.58854567743961       -0.13128945407899
H           -4.05358194705711        1.25626157492086        0.95544278908939
H           -4.72712534004285       -0.31500831920697        0.49047576308259
H           -4.01195422310397        1.78544994969523       -1.23375828214085
H           -3.33444129160777       -2.08222676992596       -0.41147114194973
H           -3.42283663778875       -0.49351629567939       -2.16169962224893
H           -0.39117715676961       -1.46173219761690       -0.89541361576625
H           -1.37435050570481       -3.23205822093611       -2.04907246193080
H           -1.86524481512617       -2.92467948320288        1.35622604633035
H            0.15341462637961       -3.88427673705492        0.77950518961885
H            1.34252980898673       -1.72414089742750        0.17055120726560
H            3.54285987780015       -1.96634900886283        0.34195965455721
H            3.13766828052591        0.34470641689177       -0.89499287332223
H            1.74635854842333       -0.14674655578993       -2.70125560738760
48
 energy: -84.832371278418 xtb: 6.7.1 (edcfbbe)
C            1.20297230095390        3.70732051168914       -1.65123580926717
O            1.60484230339261        2.35331894529131       -1.81342719947802
C            1.38359942603750        1.55238558628824       -0.70516793107162
O            2.24875555256728        1.91702594930309        0.34383473382888
C            1.90061318494460        1.31057277547173        1.57532611941650
C            3.17487229250772        1.29192850004383        2.43290350900928
O            3.68990467955841        2.58250975430105        2.62814827401344
C            1.28189237146508       -0.10099819888537        1.42809029079218
O           -0.12014548545020        0.11292621163016        1.42565073387452
C           -1.06845694804234       -0.88532426715200        1.75925591881429
O           -2.31292667243610       -0.34673571646619        1.43075520026794
C           -2.57631424016416       -0.27984052597108        0.03369205515592
C           -3.90172200028459        0.48191075780345       -0.12406919148858
O           -4.24087322887319        0.69281012127630       -1.47199384136948
C           -2.65898663370030       -1.69799556103191       -0.55159804669364
O           -2.89409948509336       -1.70825452237588       -1.93559180689887
C           -1.31680855516878       -2.39374448699582       -0.29933157141084
O           -1.36061091034810       -3.76245266627755       -0.63882276545331
C           -0.98210488888319       -2.31872550230966        1.19495761866490
O            0.24554664930931       -2.91456897778507        1.51145406235713
C            1.85033315054326       -0.77289056552099        0.16026620815744
O            3.20315444499437       -1.03916930769167        0.43835161141604
C            1.69142428818111        0.10382194377017       -1.10267443162554
O            0.69085927919180       -0.43450130606310       -1.92680252796947
H            1.77224396032899        4.18968752508066       -0.85521050787549
H            0.13468679468811        3.76300320435215       -1.41854032352562
H            1.40633663515885        4.18995150601869       -2.60352650397516
H            0.33326149038533        1.63771333880400       -0.35805703417664
H            1.14007142171737        1.93973553018104        2.06846954709346
H            3.91032606821557        0.64132904971194        1.94638545828412
H            2.94074749880990        0.89993590326653        3.42395908624097
H            3.84912090917926        2.96780777944195        1.75701599617384
H            1.56776278846510       -0.72401046077856        2.28338401314355
H           -1.07374003676244       -0.98152769118242        2.86036001094806
H           -1.76270544760015        0.25810696420946       -0.47533426903936
H           -3.83208610182809        1.42116108518006        0.43357874944667
H           -4.70689847818768       -0.11508364283153        0.31019028449726
H           -3.67150494411555        1.37665268460406       -1.84909564034853
H           -3.45366982738257       -2.25105671698376       -0.02090022577970
H           -3.61448164267077       -1.08302503287607       -2.12697169217140
H           -0.55817281431955       -1.88085989426067       -0.90324434581547
H           -1.70194296815028       -3.82805222945610       -1.54065556115241
H           -1.79443451450138       -2.85529389505796        1.71854056908273
H            0.22879655306430       -3.81491879186602        1.15299755497387
H            1.30960648665826       -1.70560986576871       -0.01412340888383
H            3.53436591146249       -1.70563578516734       -0.17804612113173
H            2.65866771854608        0.12499103473986       -1.62743384395222
H            0.64791807991223        0.08366438945670       -2.74223131466632
48
 energy: -84.834803442243 xtb: 6.7.1 (edcfbbe)
C            1.39140360657285        3.83816334902056       -1.55207849876459
O            1.70141190280044        2.46799280298385       -1.77141707250295
C            1.42733548210741        1.63879486611355       -0.69558206619760
O            2.32162797340960        1.89850441157154        0.36205750964877
C            1.92837407442612        1.27042889805201        1.57061370651185
C            3.18505149335987        1.16311757521293        2.44591774426381
O            3.74875717963814        2.42238786678578        2.70372161828453
C            1.25121840759151       -0.10256213176650        1.34706648581441
O           -0.14284198176438        0.15898628102165        1.30073947972352
C           -1.10109207011230       -0.78193148414882        1.74394339280871
O           -2.34438016322716       -0.27585890232245        1.36489332662381
C           -2.60124425670787       -0.32020185419669       -0.03475127838262
C           -3.92276963353660        0.42970665811585       -0.26198809858932
O           -4.24960570947979        0.53337261468113       -1.62573685410974
C           -2.68623069876131       -1.78183555017348       -0.49828153300962
O           -2.92401125473428       -1.91214680912482       -1.87581510290613
C           -1.33987836841183       -2.44455259711638       -0.19068973948361
O           -1.36396193546187       -3.83315263075113       -0.43300369910508
C           -1.00599511562823       -2.25710458060327        1.29482859465001
O            0.23225568766390       -2.81226800585240        1.64347527228307
C            1.80970717387460       -0.73798782956861        0.05974581915395
O            3.16677908928707       -1.00656846793132        0.30192879939469
C            1.61119951093028        0.18634500583569       -1.16175099241004
O            0.51119948018614       -0.26314293518354       -1.91002191625997
H            1.99822433068949        4.25042988592123       -0.74436262210542
H            0.33106006577038        3.95438860291753       -1.30509994301182
H            1.61768625438923        4.34381585485372       -2.48705718498424
H            0.38828902279605        1.78657504791080       -0.33593431556202
H            1.18809757924220        1.91615939572825        2.07317261383251
H            3.90192491582717        0.50353427288006        1.94461454347651
H            2.91683105764268        0.74073015633406        3.41576680864393
H            3.94817237264395        2.83278440357225        1.85212490962151
H            1.48595641968454       -0.76908309825443        2.18324438630083
H           -1.10288851096419       -0.77668941586708        2.84797560686456
H           -1.78195015068254        0.16952989902608       -0.58121079799724
H           -3.85495966552305        1.41044994901921        0.21902241141011
H           -4.73408525510235       -0.12839056319226        0.21080610915946
H           -3.66995685536743        1.17885126543588       -2.05158517749293
H           -3.47803838932340       -2.29000755248982        0.07952670817140
H           -3.62894026636016       -1.28881068469115       -2.12307519248486
H           -0.58731582400754       -1.96317731971512       -0.82914294160715
H           -1.72324480223735       -3.96789184006493       -1.32012260765422
H           -1.80933172536917       -2.76436922885945        1.85937630247494
H            0.23070560475772       -3.73252800600617        1.33914150915896
H            1.26767342058301       -1.66731972064765       -0.13492963063932
H            3.49761275141842       -1.62695768035556       -0.36128072705543
H            2.53145503798650        0.16343321353854       -1.76444887816221
H            0.46270915382022        0.24605205881612       -2.73085509877057
48
 energy: -84.835842740136 xtb: 6.7.1 (edcfbbe)
C            1.51724326645091        3.92931815116417       -1.47065157340243
O            1.79079952661482        2.55917416027852       -1.73337986752676
C            1.47225503342614        1.70088068955975       -0.69285201766780
O            2.35873397410176        1.89715486361259        0.38640419528872
C            1.93883005606912        1.22925226493164        1.56674626645876
C            3.18413309967120        1.04989801025033        2.44560313974433
O            3.77535587936108        2.28178410474730        2.76734040581951
C            1.23014039005122       -0.11110473682764        1.26476926574354
O           -0.15775290764282        0.18020393567326        1.17978032595251
C           -1.12666370654402       -0.68936213943941        1.72649479512552
O           -2.36774022812296       -0.20937102331723        1.30691129851595
C           -2.62287855105351       -0.34457633842723       -0.08714115765724
C           -3.94391393353841        0.38993924129581       -0.36265791486261
O           -4.27936046650328        0.38967819094243       -1.72813434260312
C           -2.71012363206212       -1.83343660228253       -0.45163302828336
O           -2.93577335589483       -2.05653168549670       -1.81926911067141
C           -1.36743039789332       -2.47324776110804       -0.08873492266663
O           -1.38259196849519       -3.87237625193227       -0.25212621428617
C           -1.04490725778885       -2.19646566231982        1.38573298283360
O            0.18765342936813       -2.74055112713582        1.77016542720682
C            1.79609549098177       -0.71218015846482       -0.03205511169694
O            3.14626051493055       -1.00832703956092        0.20772024043652
C            1.60865827086799        0.26046934480359       -1.21545213776087
O            0.48216350885875       -0.13404865303843       -1.95557518886026
H            2.11119466678302        4.29084252590532       -0.62976958718451
H            0.45379489438401        4.07058798288562       -1.25151666288190
H            1.78851765124030        4.46233626618262       -2.37804511624369
H            0.43325434182161        1.86957205127138       -0.34310941889130
H            1.21118977456673        1.87234415595201        2.09028002980820
H            3.88986195878431        0.39763254838892        1.91977056297345
H            2.89679276580130        0.58866905500588        3.39207715544998
H            3.99391224993443        2.72616875338202        1.93770128460207
H            1.42386220440202       -0.81152797049314        2.08211544709933
H           -1.11974685140618       -0.58929149901161        2.82454063097638
H           -1.80239008503223        0.10666427451115       -0.66378684150647
H           -3.87052275133581        1.40449306359399        0.04078750838443
H           -4.75316407607255       -0.12793210713402        0.15706865086780
H           -3.70522879083589        1.00419096017166       -2.20392784672942
H           -3.50738474485943       -2.30041585152935        0.15253627422379
H           -3.64458142332738       -1.45728830744351       -2.11107982536062
H           -0.60876689188880       -2.02455451948752       -0.74545902751580
H           -1.74723135349426       -4.05996886709275       -1.12758549237347
H           -1.85523888643780       -2.65971846309462        1.97715342956816
H            0.18843375383928       -3.67115000981554        1.49859167338392
H            1.24039650540634       -1.62651189183157       -0.26373298254938
H            3.48121593443541       -1.58487923064231       -0.49224437341113
H            2.51643073504563        0.23334387405471       -1.83646408065010
H            0.43620879939194        0.40021488286501       -2.76042546618267
48
 energy: -84.835926351492 xtb: 6.7.1 (edcfbbe)
C            1.67926811172319        4.06584533669771       -1.33214802429738
O            1.90487586977330        2.70412451615829       -1.67282285179885
C            1.53852669184060        1.79775788565610       -0.69015117296548
O            2.41169329151155        1.89998052208305        0.41280101300951
C            1.95158635547266        1.17346217081374        1.54292859925409
C            3.17728260492531        0.89570089166727        2.42354079712645
O            3.79850598314541        2.08342234528198        2.84020391529468
C            1.20622330393520       -0.12170256909627        1.14886883056657
O           -0.17390592217574        0.20068301870544        1.03298732808963
C           -1.15951696350974       -0.57262125106446        1.68306084107558
O           -2.39082037930978       -0.11476116491883        1.21225895356620
C           -2.64183361772318       -0.39040722284808       -0.16245423723513
C           -3.95520080041749        0.32314978574662       -0.51827256237302
O           -4.28627746386002        0.18346923942097       -1.87764119374751
C           -2.74475142387176       -1.90782385907232       -0.37656615987990
O           -2.95209550269429       -2.26175799606865       -1.71932430473776
C           -1.42182072227096       -2.53332311538906        0.07337586232883
O           -1.46208014082487       -3.94001287271476        0.05262764641563
C           -1.11680014573723       -2.11043903789946        1.51528803402414
O            0.09032703540806       -2.64933460302840        1.97876139169590
C            1.76777458883172       -0.66336296219392       -0.17561435169182
O            3.09741983750725       -1.03857875097028        0.06029240603739
C            1.63635564527697        0.38790281589956       -1.29723937186232
O            0.51068422375469        0.07839365493129       -2.07745061868027
H            2.27364342297955        4.35359812879140       -0.46346093863820
H            0.61867970557210        4.23507934834219       -1.11918081178084
H            1.98471578245115        4.64067341144571       -2.20243702258878
H            0.49927724328826        1.98016631027163       -0.34854711730805
H            1.23866512738237        1.80712864619890        2.09745045749467
H            3.87173115989432        0.26158052097520        1.86150217776213
H            2.86283591587793        0.37641079530734        3.33048765493845
H            4.03873644046605        2.58059767852606        2.04737183602292
H            1.36371266765526       -0.87193173587018        1.92628895181701
H           -1.14604352263898       -0.34704139561018        2.76213029024035
H           -1.81534397018305       -0.00643091617257       -0.77854224067251
H           -3.87356679339439        1.37348387883440       -0.22243955866914
H           -4.77102585554239       -0.13062525827053        0.04902180009586
H           -3.70225174520449        0.73720738963068       -2.41241818837934
H           -3.55894090379217       -2.30120771035569        0.25662828272150
H           -3.65469466733794       -1.69124615322696       -2.07679560802822
H           -0.63855389199216       -2.16901959307317       -0.60757858373298
H           -1.81758464528257       -4.21232565212483       -0.80431957785363
H           -1.95090953477806       -2.48193497814115        2.13774935547076
H            0.08030853726351       -3.59656519001454        1.77181115078265
H            1.16966619456817       -1.53161690419874       -0.47803067070820
H            3.42832607994752       -1.55310499722598       -0.68844536098020
H            2.55334402541701        0.36781871469756       -1.90568658350074
H            0.47984918271698        0.68953435584859       -2.82638880033277
