48
 energy: -84.817890824328 xtb: 6.7.1 (edcfbbe)
C            5.80686900000000        0.87896200000000       -0.92847700000000
O            4.74011100000000        1.53203600000000       -0.26824400000000
C            3.67112500000000        0.71540700000000        0.02964400000000
O            3.00422000000000        0.40929400000000       -1.18340900000000
C            1.80456800000000       -0.31787200000000       -1.04765500000000
C            1.28151600000000       -0.53900500000000       -2.47478000000000
O            1.05426700000000        0.68030700000000       -3.12488300000000
C            0.78117900000000        0.47252200000000       -0.20751000000000
O           -0.40426400000000       -0.29238600000000       -0.07261700000000
C           -1.58765100000000        0.25630700000000       -0.59897500000000
O           -2.41345100000000       -0.79928700000000       -0.99178200000000
C           -2.78540300000000       -1.64660800000000        0.08681100000000
C           -3.64424600000000       -2.77365900000000       -0.50350700000000
O           -3.95606200000000       -3.75806900000000        0.45487000000000
C           -3.55498600000000       -0.87083700000000        1.17191100000000
O           -3.81474000000000       -1.66162800000000        2.30455500000000
C           -2.72484000000000        0.33669000000000        1.62242100000000
O           -3.44685000000000        1.17282900000000        2.49611900000000
C           -2.35831800000000        1.15578300000000        0.38627000000000
O           -1.61272200000000        2.30189800000000        0.72030900000000
C            1.41521000000000        0.70379900000000        1.16848700000000
O            0.60422700000000        1.39520000000000        2.08053200000000
C            2.74924100000000        1.45730300000000        1.00343200000000
O            3.39156900000000        1.55053600000000        2.24393700000000
H            5.48572200000000        0.47612400000000       -1.89266500000000
H            6.20575800000000        0.06683800000000       -0.31051700000000
H            6.57209700000000        1.63642200000000       -1.07931400000000
H            4.00530200000000       -0.22945400000000        0.50753800000000
H            1.98752900000000       -1.28746600000000       -0.56039300000000
H            0.32693200000000       -1.06679800000000       -2.43880500000000
H            2.01313200000000       -1.14461500000000       -3.02716500000000
H            1.86682000000000        1.19753300000000       -3.04585400000000
H            0.57147300000000        1.43168300000000       -0.69327900000000
H           -1.37096300000000        0.82126800000000       -1.51705400000000
H           -1.88021300000000       -2.07229600000000        0.54623700000000
H           -3.12159200000000       -3.19975000000000       -1.36639700000000
H           -4.59837600000000       -2.36678300000000       -0.84483900000000
H           -3.15115500000000       -4.23494200000000        0.68986000000000
H           -4.49990700000000       -0.49908800000000        0.73894700000000
H           -4.20354700000000       -2.49667100000000        1.99940700000000
H           -1.80637600000000       -0.02130400000000        2.11167300000000
H           -3.81603400000000        0.60920600000000        3.18630300000000
H           -3.28698900000000        1.45889200000000       -0.12170300000000
H           -2.09402700000000        2.73054000000000        1.44321600000000
H            1.62999600000000       -0.27582500000000        1.62160200000000
H           -0.10213600000000        1.85574100000000        1.59011200000000
H            2.55641300000000        2.46058800000000        0.59088500000000
H            2.70956800000000        1.79062900000000        2.88823100000000
48
 energy: -84.818904520363 xtb: 6.7.1 (edcfbbe)
C            5.79928745394753        0.91638215021824       -0.96980460300584
O            4.74758104703326        1.54358009657426       -0.26209642908734
C            3.67976974036674        0.71883251950470        0.01578111336510
O            2.98204808033196        0.48227689425234       -1.19559227119504
C            1.80178937585831       -0.27831436184166       -1.06433066744663
C            1.23689587097310       -0.44233213928704       -2.48227985012016
O            0.90348274784737        0.79555227773530       -3.04619008568527
C            0.80121359083521        0.44581030951777       -0.14344472547480
O           -0.37744328817562       -0.32579154241570        0.00877439371382
C           -1.53704179483592        0.17609015535206       -0.61225915399530
O           -2.35005287446048       -0.89798601911885       -0.97420324457735
C           -2.77567695708842       -1.68576520449531        0.12829168031705
C           -3.60928644031975       -2.84091363986949       -0.44375831341313
O           -3.97763281535287       -3.77035140905939        0.54882314625638
C           -3.59402045965317       -0.84791304020421        1.12653937881330
O           -3.92801481838251       -1.57348632788218        2.28336168225546
C           -2.76721136992173        0.36752566517243        1.55753318292812
O           -3.51237341327014        1.25096036269149        2.36292916289139
C           -2.32576959605979        1.13075530521122        0.30898140959904
O           -1.54630028313249        2.25292347681350        0.65090007514297
C            1.45896928588858        0.64670379093767        1.22212730463716
O            0.64362282485979        1.32426521063886        2.14272985659964
C            2.78527503414742        1.41218391902524        1.05027861418513
O            3.46798217569230        1.45534560511363        2.27207690476553
H            5.45894558874501        0.55682352484425       -1.94462812602262
H            6.20591872788655        0.07675349728869       -0.39504103676476
H            6.56491794480009        1.67698794985417       -1.10175461780211
H            4.01747666301406       -0.25289350393721        0.43370202066918
H            2.02468414400433       -1.26817749660931       -0.63628563031144
H            0.32243282419792       -1.03660809578584       -2.44871263539110
H            1.98545115509647       -0.96129733060933       -3.09598997410269
H            1.68943583882491        1.35445186811338       -2.98802827323514
H            0.56353266502395        1.42386832661252       -0.57770044921701
H           -1.28445336484656        0.68967867051258       -1.54936347389415
H           -1.89587659392475       -2.08696167811863        0.65428919007917
H           -3.04506348178913       -3.31564760702556       -1.25356044954324
H           -4.54126708872619       -2.44937939908216       -0.85678046787319
H           -3.18942657772359       -4.23700773423734        0.85142546281982
H           -4.50739934170438       -0.48786838218015        0.62214782625285
H           -4.30345975692636       -2.42271604914213        2.00177086573000
H           -1.87728276362094        0.01712827117620        2.10283313620492
H           -3.92974859486766        0.71977170594537        3.05151802148966
H           -3.22080954738187        1.45457164920297       -0.24343389549980
H           -2.04876873443401        2.72903536276651        1.32822513075633
H            1.68247767135616       -0.33776856519330        1.65886591722081
H           -0.06878711117853        1.77436682765820        1.65342448725415
H            2.57539335917766        2.43090867866056        0.68695569616511
H            2.81457925727212        1.69563944611258        2.94443772201689
48
 energy: -84.818499741590 xtb: 6.7.1 (edcfbbe)
C            5.77696708502048        0.98918486063227       -1.02926431035096
O            4.74499411304299        1.56483160751021       -0.25210741434255
C            3.68879725178152        0.71871243865039        0.00538791122966
O            2.95834674269321        0.54933539438745       -1.19787669429000
C            1.79756738760782       -0.24489232703049       -1.07902898360568
C            1.20499265426534       -0.35725418276048       -2.48930375155923
O            0.78311016461873        0.88741080545243       -2.97494327573621
C            0.82318536536772        0.41286803357889       -0.08382145601937
O           -0.35694479476750       -0.35193103446666        0.08407228663740
C           -1.48954200638560        0.09979734493287       -0.62243550889025
O           -2.29168438859528       -0.99221257161586       -0.94876288736496
C           -2.76791024276106       -1.71617470018546        0.17564453850508
C           -3.56771643469002       -2.90844071472240       -0.36753552321277
O           -3.99173539952421       -3.77431706389191        0.65965716095853
C           -3.63702544638811       -0.82015566368823        1.07392603567249
O           -4.05038469708056       -1.47409841521291        2.24776093033147
C           -2.81672172959725        0.40520423314350        1.48512284519142
O           -3.58697288125081        1.33511472201368        2.21093581152726
C           -2.29559536257880        1.10747053347942        0.23066141589622
O           -1.48790472825818        2.20698442588222        0.58448569786307
C            1.50216806636869        0.57309093202647        1.27268681508693
O            0.68340157815519        1.23137603287748        2.20619502267477
C            2.82395911071099        1.34685919407395        1.10571000079384
O            3.54640353852219        1.31993253199848        2.30539723259723
H            5.40925664751014        0.69352199193254       -2.01549349645373
H            6.20122353138123        0.11493588023082       -0.52295301984388
H            6.53727134271363        1.75948772662883       -1.13249545284352
H            4.04200947801511       -0.27418717761667        0.35556266576999
H            2.05835513633273       -1.25056374382947       -0.71101516600727
H            0.33073154119502       -1.01012256842746       -2.47360813254174
H            1.96918379617237       -0.79238947969221       -3.14737403097052
H            1.53818029195181        1.48719403270014       -2.91673366607489
H            0.57048536425826        1.41026036641911       -0.46650761893884
H           -1.20540218696964        0.56464707081599       -1.57373103059019
H           -1.91455981715832       -2.07928096393077        0.76861936344675
H           -2.95859481259641       -3.43225605340327       -1.11194915786039
H           -4.47473958255994       -2.54742209568210       -0.85677398335823
H           -3.22112972807700       -4.21180393774662        1.04087006031802
H           -4.51262620963863       -0.48031048815054        0.49435157802508
H           -4.41152161763907       -2.33814388172645        1.99395165134377
H           -1.96100268445511        0.06889463438132        2.09148545706387
H           -4.05648407464044        0.83922399235512        2.89233302459232
H           -3.15273783850848        1.44806609940219       -0.36899885551123
H           -2.00765958215006        2.72647057769731        1.21496090329574
H            1.72950735917394       -0.41988818725371        1.68642969566822
H           -0.03028558905180        1.68253056666346        1.72216875676968
H            2.60331514937241        2.38440099540289        0.80837143623223
H            2.92346513762005        1.54803220627828        3.00945013487928
48
 energy: -84.816494352367 xtb: 6.7.1 (edcfbbe)
C            5.75043756270924        1.06176118085168       -1.08222679128807
O            4.74190594653295        1.58149065173955       -0.23773039034641
C            3.69630619737965        0.71589403223691       -0.00225780729448
O            2.93282880275961        0.61491034314348       -1.19213910399164
C            1.78859567945413       -0.20815738979427       -1.09312007747728
C            1.18528704087720       -0.27067907490825       -2.50078184759622
O            0.69440862365103        0.97325912255024       -2.91927319858922
C            0.84199637344693        0.38437445178702       -0.03100208836551
O           -0.34560223081005       -0.36412259613421        0.15015126993562
C           -1.45088363187339        0.03023862012731       -0.63169373285064
O           -2.24207337907996       -1.08005987352544       -0.91714360825950
C           -2.76163436461603       -1.74116806664196        0.22563462109870
C           -3.53071849791055       -2.96880061920788       -0.28207158671482
O           -4.00196927698550       -3.77384156284591        0.77364203969950
C           -3.67296122423110       -0.79791866788454        1.02700084717342
O           -4.14990895495279       -1.38300130232581        2.21319324732278
C           -2.86446822488055        0.44317343932770        1.40995920075332
O           -3.65889738202983        1.41167354910628        2.05507000901240
C           -2.27811068436217        1.08343146366716        0.15015431703959
O           -1.45820386676569        2.17347196631739        0.50648148392117
C            1.54302334518268        0.49632346332780        1.31613128646673
O            0.72668308503511        1.13114962096288        2.26979443730266
C            2.86322027821404        1.27483868810502        1.15879252029894
O            3.62197265818087        1.17379886022288        2.33213139973042
H            5.35256637682468        0.82891461464465       -2.07350885908251
H            6.19254397827337        0.15857288858604       -0.64704317784825
H            6.50512732139403        1.84060996413000       -1.15907490834340
H            4.06252100983356       -0.29446740175725        0.27789389680313
H            2.08161500704552       -1.22581022863760       -0.78377713211421
H            0.34974719278261       -0.97234359089491       -2.51944519047313
H            1.96833969443041       -0.62740032312323       -3.18379362594610
H            1.41761780180776        1.60847460237755       -2.83869034866628
H            0.58425197715201        1.40106144155925       -0.36188517618678
H           -1.14222171751311        0.44933398742714       -1.59379625598020
H           -1.93363964840291       -2.06250812690375        0.87584235116554
H           -2.88485262404480       -3.53333847905578       -0.96313523135141
H           -4.41377028833570       -2.64278412931024       -0.83550914355757
H           -3.24938654105852       -4.17980448175579        1.22016079421252
H           -4.51519427246736       -0.48878471941420        0.38442923030345
H           -4.49705575138429       -2.26144856894724        1.99135384807875
H           -2.03957538894371        0.13228296205540        2.07070332297717
H           -4.16909273028390        0.94975359020744        2.73117995070396
H           -3.10221523152417        1.42257282050034       -0.49459842403877
H           -1.99444758275962        2.72998402739553        1.08917924099244
H            1.77111986775806       -0.50737890984324        1.70123066916855
H            0.01716805830808        1.59851513166605        1.79912109509025
H            2.63760635603216        2.32866990736995        0.93108856652738
H            3.02998925736782        1.38527669136585        3.06686307983406
48
 energy: -84.812877604662 xtb: 6.7.1 (edcfbbe)
C            5.71905848808123        1.14336235784008       -1.12296248844414
O            4.74020693071857        1.59071380345369       -0.20501059105123
C            3.70329212793037        0.70589483579348       -0.00583373894434
O            2.90339017642106        0.69367182070611       -1.17462032603793
C            1.77065156539132       -0.15069225389329       -1.10903309970888
C            1.17328008743124       -0.15497023108178       -2.52031473989906
O            0.61584194610921        1.08074977304341       -2.87295342710992
C            0.84929619733242        0.36867687956582        0.01578344401177
O           -0.34950173217024       -0.35887290385674        0.19887536452553
C           -1.42749334493262       -0.03460865613944       -0.65148792258203
O           -2.19954294057767       -1.17116936860021       -0.88212041804150
C           -2.74845453011905       -1.75986882522540        0.28565554492044
C           -3.48319841970467       -3.03096852622979       -0.16211150738321
O           -3.98462529609873       -3.76736542508328        0.92926115497695
C           -3.69807242408307       -0.77635144174043        0.98725949517237
O           -4.21383213190846       -1.28491958852085        2.19256305097172
C           -2.91340149360516        0.49555928770658        1.31319668953096
O           -3.73637879605955        1.49439347760745        1.87031856865580
C           -2.29073978571836        1.05867960308279        0.03337984265083
O           -1.49043080985755        2.17500385869754        0.34318950481396
C            1.58534600801218        0.38458378312809        1.34882859525945
O            0.79181964730852        0.95061190768114        2.36409994762462
C            2.90457445454828        1.17032859790923        1.21891103320043
O            3.69513021432804        0.97347784783817        2.35848209950388
H            5.28738977346465        0.99222005683149       -2.11588891861068
H            6.17402028732846        0.20796694114680       -0.77851378811324
H            6.47190028610525        1.92679880650419       -1.16116332533810
H            4.07910646637994       -0.32180448004586        0.18473822921530
H            2.08734122419199       -1.17910821868269       -0.86160312643810
H            0.38294054296579       -0.90373193499774       -2.59531506540274
H            1.98334744350238       -0.42409148248946       -3.21256028807696
H            1.29875418780408        1.75180466954259       -2.74724962113411
H            0.59769780372750        1.40973434527219       -0.24158802024122
H           -1.09747130590342        0.33068186964056       -1.62526159864270
H           -1.93930692558580       -2.02300817877010        0.98387951037459
H           -2.80505466740759       -3.63238329589354       -0.77707504744406
H           -4.34822722636164       -2.75749099929563       -0.76973807834651
H           -3.24434073349583       -4.12595245977318        1.43320508495452
H           -4.51842493132067       -0.52096000027145        0.29483292774536
H           -4.54398672736987       -2.18047116698040        2.01856119924722
H           -2.10819187833754        0.23549105853728        2.01893523853213
H           -4.27058120895942        1.06788511441000        2.55128996260599
H           -3.09706425646460        1.34543653758084       -0.65818117988200
H           -2.04796870582765        2.76492107189743        0.86956441295574
H            1.81543161760671       -0.64231401053584        1.66245139117930
H            0.11911392776113        1.50811246578939        1.94886210035850
H            2.67794588077169        2.23964383747614        1.08217324471460
H            3.12940898141308        1.13469279961762        3.12577369243154
48
 energy: -84.808434220019 xtb: 6.7.1 (edcfbbe)
C            5.68833757118513        1.25539881436331       -1.12742114591912
O            4.74007901214497        1.59157809288624       -0.13289153565589
C            3.70893220013372        0.68713488260281       -0.00453314836015
O            2.87374746348598        0.80180032992291       -1.14095307044126
C            1.74460731271450       -0.05248248095408       -1.14112841266437
C            1.17110541345086        0.04267690407191       -2.56091702611297
O            0.51501144904572        1.25163679577347       -2.81762495040971
C            0.84047210385315        0.36871676234572        0.04272984553866
O           -0.36648676135744       -0.34426507966017        0.21583611907547
C           -1.42191366908337       -0.11764282695570       -0.69206025892308
O           -2.15942450694383       -1.29273306134443       -0.83385317980972
C           -2.72270807198702       -1.77835501374519        0.37425730484380
C           -3.42103647505259       -3.10316804479412        0.03890350050208
O           -3.91920315864444       -3.74657904659277        1.18928463534763
C           -3.70736557570185       -0.75463032407541        0.96134594980259
O           -4.23445116727243       -1.15861601984416        2.20126072608169
C           -2.96134162221651        0.56395249604087        1.17498817272902
O           -3.81961678284143        1.58740133893672        1.62320204738251
C           -2.33583602765923        1.01094661276375       -0.14879221117225
O           -1.58707127555856        2.18583011414304        0.03162324904344
C            1.62040284550304        0.22126190036697        1.34793097586306
O            0.87175987293997        0.64100697893399        2.46165936039927
C            2.94248223915660        1.00964414573666        1.28332640511198
O            3.75187773808167        0.67496878223498        2.37642562934144
H            5.22554298355509        1.22418969172061       -2.11722326388418
H            6.14889301970433        0.28509180982216       -0.91088058111136
H            6.44350402701171        2.03683383328604       -1.09531276632414
H            4.09011423280509       -0.35428855046393        0.06056399895642
H            2.07253904880253       -1.09449010523333       -0.97755983321932
H            0.45495447708892       -0.76167674791876       -2.73858363934034
H            2.02074190502430       -0.08814012434216       -3.24688166586808
H            1.12636062278764        1.96861766697089       -2.60935560382457
H            0.60241031336938        1.43535497890516       -0.10444672244429
H           -1.07485810007209        0.16476452535539       -1.68449972491237
H           -1.92374604676915       -1.95481009563035        1.11048794667845
H           -2.72026617903904       -3.74243801268932       -0.50904290482490
H           -4.28439519304128       -2.91014025336509       -0.60122250969855
H           -3.17678114344571       -4.03063601466916        1.73596145231990
H           -4.52073760381896       -0.58790062767469        0.23434404154638
H           -4.53502669093505       -2.07652743378406        2.10956521324838
H           -2.16108274205991        0.39427699807570        1.91297165633894
H           -4.36169126848499        1.20845563151689        2.32581755274465
H           -3.14110905750068        1.17824397421867       -0.88091213463109
H           -2.16927246296027        2.80846153174499        0.48800118630034
H            1.84843626667971       -0.83758805358723        1.52288309348179
H            0.30163556562356        1.37167021580389        2.19200728999445
H            2.72414259723352        2.08979995891375        1.27706040532254
H            3.19732729063745        0.72738610771629        3.16714351495326
48
 energy: -84.804058102661 xtb: 6.7.1 (edcfbbe)
C            5.66939863250154        1.36589506895570       -1.11039896148480
O            4.74436358442536        1.59052290422118       -0.06379348124771
C            3.71854443892334        0.67272190696398       -0.00670547854510
O            2.85646692830158        0.90123297493136       -1.10439613303109
C            1.72658703928956        0.04897450949374       -1.17767903880835
C            1.15842750126881        0.28032748377050       -2.58773807772861
O            0.37372552967439        1.42902381613163       -2.71662669042540
C            0.84407027318795        0.35931392418639        0.05738624030031
O           -0.36791995034004       -0.34500595603135        0.22733631810423
C           -1.40342628722044       -0.22421673737374       -0.72025437107923
O           -2.11290226207919       -1.42499931858440       -0.76155869378515
C           -2.70035783411044       -1.79697293088460        0.47544584380907
C           -3.36409532347184       -3.16400511535747        0.26247398605288
O           -3.88231751984440       -3.69425287338374        1.46084607223760
C           -3.71999509183102       -0.73936385533250        0.92724171766930
O           -4.27600699178931       -1.02465699287039        2.18755931564669
C           -3.00519073826880        0.60979445352982        1.02585811813231
O           -3.89491745088707        1.65351858724014        1.34692280522509
C           -2.34737640878007        0.93608505377966       -0.31763322575012
O           -1.61812852118300        2.13248224187805       -0.23409764710688
C            1.65613203971132        0.07196838806636        1.32288432821625
O            0.93632719206424        0.35957882181848        2.49588769296690
C            2.97964859418342        0.85811805082383        1.32247696931509
O            3.80430953397188        0.40416908210803        2.35959651821092
H            5.18239088339849        1.43430799219596       -2.08655028680987
H            6.13954916364558        0.38163873479471       -1.00664140998119
H            6.42141524527545        2.14530083915403       -1.01531923350456
H            4.10323766932672       -0.36817664256693       -0.05792946627059
H            2.05879386954724       -1.00260178214618       -1.11684361903621
H            0.54104077757697       -0.56599283313982       -2.89543173265874
H            2.03090008517527        0.33122747812692       -3.25576415443533
H            0.88479730365075        2.18271453449580       -2.40050289576800
H            0.61915297007333        1.43927355012683        0.01564367959464
H           -1.03825838744321       -0.04422167850647       -1.72834830608277
H           -1.91872893657585       -1.87950894562760        1.24595363900156
H           -2.63629009379029       -3.84183283453375       -0.19640352701846
H           -4.21256925609813       -3.05786118161744       -0.41657803940168
H           -3.15016338729979       -3.90139072268150        2.05391482470875
H           -4.51447220757069       -0.66471146383019        0.16500628622873
H           -4.55606959288894       -1.95362610310205        2.18340161403800
H           -2.22424206118206        0.53081264064149        1.79919968339287
H           -4.45382029403764        1.33190379880450        2.06483762796711
H           -3.13326578256091        1.01758390542161       -1.08454708600239
H           -2.22070821791459        2.79126921625411        0.13692010369854
H            1.88223799040618       -1.00033670318354        1.37307571064823
H            0.39236196392050        1.14092767791593        2.34132545785458
H            2.76809139529959        1.93376260185731        1.43635169217700
H            3.25924797508922        0.35927839199768        3.15768026161967
48
 energy: -84.800155906921 xtb: 6.7.1 (edcfbbe)
C            5.64804233969413        1.46683529447239       -1.09875397296620
O            4.75021201780787        1.59124386305680       -0.01242878424669
C            3.72806798878562        0.66787924149254       -0.01283066296404
O            2.83696807348289        0.99074508123970       -1.06257368939136
C            1.70803904429745        0.14285050210836       -1.19021780864588
C            1.13098921250722        0.47638033563513       -2.58085138887511
O            0.20031749888144        1.51478898379823       -2.62427619137366
C            0.85452814999533        0.35107538497327        0.08694751833619
O           -0.36439323547363       -0.34138019911913        0.25216153170852
C           -1.37052386525052       -0.31618569137395       -0.73099362704755
O           -2.06473853704208       -1.52613766789272       -0.68646838118054
C           -2.68404882167392       -1.79919387394120        0.56012361474384
C           -3.31981337159996       -3.19133462270327        0.45005152802476
O           -3.85843968673358       -3.62529031077581        1.67789619291186
C           -3.73310819229054       -0.72420760432473        0.88329441192950
O           -4.32444704448424       -0.90575282120073        2.14717424764145
C           -3.04254144548784        0.64066400309222        0.88270025690855
O           -3.95914923614474        1.69226951432215        1.07732545644883
C           -2.33483873439889        0.86482729527116       -0.45734315510932
O           -1.61419910738044        2.06899261444462       -0.43052406683135
C            1.69953371625871       -0.05592202408513        1.29950469222430
O            1.01025797050692        0.10952422679192        2.51390442534194
C            3.02238398643840        0.72879339617109        1.34524508216485
O            3.86892296993814        0.18036426532892        2.31681848390109
H            5.13503491987699        1.62008863999508       -2.05161458816214
H            6.12384412182808        0.47980305883647       -1.09614073101204
H            6.39976460800039        2.23868589393377       -0.95332541419558
H            4.11325775288873       -0.36265978584698       -0.16762967880056
H            2.04838491260197       -0.90780172910658       -1.21465588717916
H            0.63753936518321       -0.40132521607950       -3.00617620205066
H            2.00534799332607        0.71393232039232       -3.20614373771859
H            0.56414415760592        2.28677572988379       -2.17673021397910
H            0.64911288711744        1.43548712182816        0.14388723637084
H           -0.97609670197097       -0.23321897546761       -1.74046272662518
H           -1.92563969157647       -1.79994617590380        1.35787785408587
H           -2.56976303777273       -3.89241271694879        0.06849860780433
H           -4.15299576068164       -3.15980268699004       -0.25506042270486
H           -3.13719739775832       -3.77056240839263        2.30191319497542
H           -4.50378383503578       -0.73201135569838        0.09362465239700
H           -4.58419822852814       -1.83773721948632        2.22038732645988
H           -2.29046887093931        0.64566459151631        1.68831334129194
H           -4.54078208741411        1.42468878273675        1.79942194233531
H           -3.08965808476232        0.88445045792000       -1.25818934350518
H           -2.23735640700900        2.74979919777628       -0.14300166620382
H            1.92702723759946       -1.12738134185806        1.23742448637959
H            0.46162558644856        0.90006536430969        2.45439339271512
H            2.81494914180822        1.78889618475659        1.56394780992416
H            3.33988170442602        0.05468703910023        3.11703998331564
48
 energy: -84.796465388981 xtb: 6.7.1 (edcfbbe)
C            5.61723345957660        1.58432154533294       -1.09170815805547
O            4.75009183297562        1.60490561204293        0.02608971013562
C            3.73853911294018        0.67160933981969       -0.02380386363578
O            2.81608823312507        1.06585861325268       -1.02091724469543
C            1.69366243889361        0.21533578941065       -1.18579302121770
C            1.11289384844895        0.59997304227491       -2.56543465566113
O            0.08046346461545        1.53434193434519       -2.59111040279420
C            0.87177729948751        0.33883291952246        0.12441737226471
O           -0.36233209478271       -0.32753498213784        0.28769363403906
C           -1.33525867614029       -0.37867376380037       -0.72398134261142
O           -2.03169723806047       -1.58413473272707       -0.61396053444103
C           -2.68182109344277       -1.78311659785638        0.62957152937063
C           -3.28199360491663       -3.19492557501736        0.60388295116764
O           -3.85243977682942       -3.54792149385393        1.84330300900093
C           -3.76243160859000       -0.71184178331206        0.83321355478910
O           -4.40321861388869       -0.81227610316741        2.08212034885488
C           -3.08962617414786        0.65877168396099        0.76305327184419
O           -4.02671146839343        1.70798108576903        0.83857130931026
C           -2.31379242748374        0.81386378754561       -0.55012681066926
O           -1.60051502686462        2.02353076369924       -0.52467481772946
C            1.74730561946644       -0.16989721100563        1.27650932910776
O            1.09004219893004       -0.10960364892225        2.51850587688467
C            3.07100927772659        0.61093052182882        1.35373114164111
O            3.94550925109425       -0.01851706179320        2.24836970190656
H            5.07564411394216        1.81426732838643       -2.01275765102704
H            6.10050926476177        0.60566275369962       -1.18820912657946
H            6.36678620050353        2.34830119114396       -0.90078464058551
H            4.13084048688178       -0.33790567463371       -0.27232508395348
H            2.05040181800122       -0.82778305666312       -1.26650322462940
H            0.72618879812886       -0.29135699674068       -3.06750425999561
H            1.97850628137394        0.96589847207590       -3.13952808876603
H            0.30726240213143        2.29004564049574       -2.03851049035914
H            0.69587405381515        1.42193875286600        0.26558384333442
H           -0.91050429604003       -0.37071824440597       -1.72497943066581
H           -1.94971343745945       -1.70773671687561        1.44794799454980
H           -2.50376302473294       -3.90381367622028        0.30158572273312
H           -4.09098118263982       -3.23713594401621       -0.12822502258595
H           -3.14952844925676       -3.63036673117807        2.49890855519335
H           -4.49827160545081       -0.79061567123967        0.01501344797673
H           -4.64464672477568       -1.74240164418086        2.21599071950858
H           -2.37844887086995        0.73336700196449        1.60216235627556
H           -4.64101384259876        1.48261706338404        1.54785918867718
H           -3.02523216552784        0.80186840366980       -1.38905925090427
H           -2.24393093812929        2.70760789170978       -0.29536284940481
H            1.97287381036669       -1.23192292924568        1.11787411232995
H            0.52720741729975        0.67262959005584        2.53460712736828
H            2.86964920729988        1.64698414544217        1.67080611057018
H            3.44150841840330       -0.21125067805879        3.05137296864796
48
 energy: -84.792309353174 xtb: 6.7.1 (edcfbbe)
C            5.56638702512953        1.75765318732029       -1.06325303419327
O            4.72614210058463        1.65450992444252        0.07031492261073
C            3.74545272206682        0.69353119680966       -0.03583687073732
O            2.78997415604427        1.13137919025492       -0.98290865794890
C            1.68875236616230        0.25959763696957       -1.17820149476895
C            1.10828866095903        0.65181088282753       -2.55760466691518
O            0.02811351352887        1.52611044281675       -2.60179234260043
C            0.89425210898890        0.30492692999531        0.15592904803482
O           -0.36143891668971       -0.32196829304257        0.32305645010912
C           -1.30495584479167       -0.43587148205029       -0.70752636749058
O           -2.01906356781173       -1.62566744563435       -0.54253255071949
C           -2.69616312869158       -1.76114603582606        0.69328153387437
C           -3.27375608088563       -3.18195388596473        0.73858970244008
O           -3.88209791489343       -3.46324858058929        1.97830800914122
C           -3.79591649227319       -0.69647490630732        0.79354001681679
O           -4.48238360070931       -0.72700519125051        2.02164777854488
C           -3.12740390976184        0.67062296395563        0.66649605205677
O           -4.07123494115304        1.71656508570254        0.63694603528785
C           -2.28726684330608        0.76920342200454       -0.61374962913175
O           -1.57535310635834        1.98031933190338       -0.57484629944974
C            1.79776807366509       -0.28945499423790        1.24360100883491
O            1.17087434189024       -0.32994519129419        2.50224488034777
C            3.11616408128462        0.49858694128316        1.34814392486710
O            4.02653924069544       -0.19482000209843        2.15575773649533
H            4.99618910807655        2.04885434645647       -1.94892542621377
H            6.07595422926466        0.80679983247444       -1.25469228433321
H            6.29736339684351        2.52557466388573       -0.82266384744267
H            4.16619026803784       -0.27872662816944       -0.37159815487347
H            2.07976006282277       -0.76889018875828       -1.29514476855572
H            0.78436251965018       -0.24900102719250       -3.08763363387566
H            1.96790277547342        1.07508637049742       -3.10161775036970
H            0.17258740159474        2.26357760861039       -1.99840472089550
H            0.75294540693210        1.38202931107693        0.36973497855203
H           -0.85654098578190       -0.48939440115704       -1.69706039280373
H           -1.98825639855501       -1.62428615859825        1.52469976862205
H           -2.47526046350981       -3.89576860360338        0.50997216347962
H           -4.05581247990736       -3.28452080535812       -0.01637340311933
H           -3.20114857911546       -3.49456680258021        2.66091094739006
H           -4.49861865506504       -0.83303570120144       -0.04556948181241
H           -4.71810579889819       -1.65012553906167        2.20475155149106
H           -2.45611309549510        0.80122517266314        1.53166515473166
H           -4.71616188548667        1.53015124121880        1.33008486918759
H           -2.95619655807456        0.74020364453305       -1.48585612576797
H           -2.23127259789117        2.66671886517645       -0.39304945990688
H            2.02820661803147       -1.33390194926676        0.99821375735418
H            0.58294924462897        0.42948358868094        2.58004190695887
H            2.91250816391602        1.49898385877734        1.76280354157715
H            3.55489021951275       -0.45373787529415        2.95959053222162
48
 energy: -84.800515424291 xtb: 6.7.1 (edcfbbe)
C            5.65360884280793        1.03458174988740       -1.25236113821888
O            4.88246833843819        1.19434589129490       -0.07699672058187
C            3.69018707292936        0.50290355705458       -0.07856701261241
O            2.82824293210804        1.13838298539394       -0.99850297864854
C            1.50800574770816        0.64363595116290       -1.15021856269765
C            0.90868336264391        1.64571491213976       -2.15606721364564
O            1.05229971336364        2.95609205842646       -1.69019676172021
C            0.78264753643342        0.60818152347645        0.20581193054233
O           -0.41234158343581       -0.17446825056098        0.32309954492087
C           -1.23936623457393       -0.58617143536660       -0.72978994439622
O           -1.78772265644707       -1.82856520390231       -0.37039853429640
C           -2.53067092777755       -1.82837009907618        0.83625106488420
C           -3.00761538750716       -3.27057759658689        1.06432231275924
O           -3.66415496543108       -3.41901033597044        2.30162383047964
C           -3.72034798677849       -0.85681661895307        0.76635698843093
O           -4.36254765915782       -0.71876758594168        2.00982704639689
C           -3.21288055168690        0.52133790420940        0.33895226561036
O           -4.27125136616335        1.42097995729793        0.11406581847710
C           -2.42574659980526        0.38381596335835       -0.96693404331034
O           -1.99435554365652        1.62901215589521       -1.42412205381228
C            1.68027055493006       -0.02390121020698        1.28494030625320
O            1.11292718434291        0.13847020682302        2.56303178195779
C            3.09536342598678        0.55415119756061        1.32939978215003
O            3.90077373569475       -0.20461176438470        2.18631200779792
H            5.11536621689248        1.40214038977782       -2.12984515827343
H            5.91823476662333       -0.01784498774780       -1.40272654752394
H            6.55495948559560        1.62249258349677       -1.09777412241434
H            3.83712597002541       -0.55712877281653       -0.37432639816602
H            1.54228983306053       -0.37373401210821       -1.57387356954213
H           -0.15629716167895        1.48708943533962       -2.30219558519595
H            1.44123553497933        1.51249503375671       -3.10940381067241
H            1.97513090644790        3.06124015726633       -1.42022700738645
H            0.53808814759203        1.64487295580732        0.48116464462123
H           -0.68925679915287       -0.75689215553238       -1.65917122035727
H           -1.88569061908501       -1.52053097406239        1.67392806020470
H           -2.15020291386172       -3.94591337645645        0.97658877223662
H           -3.73667684662962       -3.53743489039146        0.29659253653969
H           -3.01809860855382       -3.34581123985803        3.01406124417024
H           -4.43114988740272       -1.21657142984359        0.00353751526963
H           -4.57568849290617       -1.60913533953489        2.33073136733395
H           -2.54586851119498        0.91458254972391        1.12212449584168
H           -4.86182388189827        1.35999631155738        0.87444213661031
H           -3.07886830135448       -0.09256402210918       -1.71860848496030
H           -2.70841761952691        2.25924684541238       -1.25511282445048
H            1.76198728888769       -1.10094792293057        1.05304877708186
H            0.16861631211118       -0.03470648550081        2.47537955552232
H            3.05711972618339        1.60532434241988        1.64886018924590
H            3.46140447330086       -0.22061696668843        3.04645063227631
48
 energy: -84.798696433546 xtb: 6.7.1 (edcfbbe)
C            5.63668350547490        1.03386049855816       -1.29491100226486
O            4.89724551210297        1.14510393307821       -0.09391514166120
C            3.68275604018221        0.49471987609794       -0.11207694614380
O            2.81608228281802        1.22550166014092       -0.95386916666751
C            1.48525283150233        0.76602937421873       -1.12466718812347
C            0.88126324089289        1.87125349628728       -2.00963512475311
O            0.99641227706135        3.11746126755762       -1.38305139149593
C            0.78205682079440        0.61482834355100        0.23460118291384
O           -0.42190062834270       -0.16245876210381        0.32410228830897
C           -1.19906787615314       -0.65654043173542       -0.72956222760763
O           -1.74813826757404       -1.87879668976165       -0.29432301459627
C           -2.51342204315815       -1.80421654184036        0.89524589710184
C           -2.97724179223843       -3.23340435022447        1.21451268620971
O           -3.66289704055852       -3.30151483915991        2.44296488952980
C           -3.71337907879639       -0.85520600598213        0.73957041809307
O           -4.36544340624617       -0.62534462673387        1.96395225883965
C           -3.21633194435739        0.48806411185456        0.20357039360087
O           -4.28208157817688        1.35284328588877       -0.10859000983282
C           -2.41428820495910        0.24528490987837       -1.07774358143734
O           -2.05261734173744        1.45188176787825       -1.67732771422591
C            1.69748851399091       -0.09961262546328        1.24832799702553
O            1.15289497434192       -0.02363963470079        2.54462961859018
C            3.11965202761783        0.45888983843811        1.30892909358469
O            3.92950496118504       -0.36373402103125        2.09971275482541
H            5.09180913408614        1.47208925069894       -2.13525261194967
H            5.86209066156173       -0.01551999567175       -1.51559034871661
H            6.56080589999647        1.58132715578660       -1.12656355100524
H            3.78557268298577       -0.54382479702019       -0.49114492333441
H            1.49564813011671       -0.20335601333170       -1.64843490015158
H           -0.17747306363229        1.70700079842243       -2.18882927532424
H            1.42758609265273        1.86422072315074       -2.96348252146274
H            1.92253454220067        3.22015941825680       -1.12446867966325
H            0.54313659958300        1.62436608348676        0.60002476498930
H           -0.61580437373831       -0.88262930546484       -1.62613033861926
H           -1.88925231855137       -1.43079184292295        1.72182494811168
H           -2.10963629625136       -3.90107822250812        1.19673749199697
H           -3.68307319129051       -3.56491377358338        0.45031093223401
H           -3.03507486164747       -3.17321646444325        3.16382963899857
H           -4.41518179533735       -1.28306546615137        0.00416865115788
H           -4.58339121518320       -1.48964387026443        2.34656550801960
H           -2.56239238427140        0.95455691252713        0.95674182045207
H           -4.87605848469984        1.35602791328336        0.65142832351523
H           -3.03764985417525       -0.34321986345958       -1.77350285134736
H           -2.78559980506756        2.06773376831209       -1.53467280748100
H            1.76408391885889       -1.15839031071573        0.93976760284479
H            0.20425394263887       -0.17293875512257        2.45873561615869
H            3.09964211818106        1.48731336438354        1.69726946475895
H            3.50293614428439       -0.43346658916177        2.96370598965804
48
 energy: -84.797217484702 xtb: 6.7.1 (edcfbbe)
C            5.59780229662143        1.12998570034481       -1.36074637637748
O            4.90610500718491        1.13440026454767       -0.12671108337353
C            3.68379131842087        0.49962695727639       -0.15904116053196
O            2.79592592776561        1.31094251814997       -0.89835707724395
C            1.45620102806492        0.87878712777361       -1.07055409805753
C            0.83192841043817        2.07667089889209       -1.80812215910325
O            0.95518111004271        3.24337264867150       -1.04312989564704
C            0.79044890404383        0.60186088252898        0.28717676135579
O           -0.41722169030357       -0.17412277565970        0.35992805800980
C           -1.14318254793445       -0.75143610608486       -0.68801116022376
O           -1.70495645103070       -1.93782755320937       -0.17075414095864
C           -2.52525958156781       -1.76413654526514        0.97078518917098
C           -2.99372871344450       -3.16373997905863        1.39660702046476
O           -3.72339123396003       -3.12977433533186        2.60089722772420
C           -3.72324660632982       -0.84467725433867        0.67994023703435
O           -4.42652834159766       -0.51205785381263        1.85087496990322
C           -3.21108976771964        0.44748064681024        0.04113524063792
O           -4.26660052390990        1.26822485461557       -0.39871112493451
C           -2.35837050531988        0.08210903345819       -1.17678694295369
O           -2.01791832792921        1.21560303905718       -1.91471477525015
C            1.74059946260793       -0.20245655628460        1.20189354251342
O            1.23531260726140       -0.24748006161591        2.51516411971625
C            3.16733580675579        0.34179902541980        1.27088225953266
O            3.99353617128954       -0.55218106051172        1.96077354120395
H            5.03048199034564        1.65728160716260       -2.13212521166087
H            5.79388799142363        0.10398997128727       -1.69160444022727
H            6.53827686486807        1.64327339906681       -1.17620764773717
H            3.76065131544631       -0.50141782403588       -0.63335655200545
H            1.43611458173145       -0.02758088574214       -1.69485540932900
H           -0.22833567562478        1.91893751349395       -1.98438765555231
H            1.35517417163375        2.18403851795770       -2.76800022024405
H            1.88875449553279        3.33069219869826       -0.80761450433545
H            0.56250733278403        1.56998932593346        0.75440556822326
H           -0.51659364546542       -1.05024115379118       -1.53335117619090
H           -1.94389175091951       -1.31053173415074        1.78849956407196
H           -2.12271368573597       -3.82341570898629        1.46777458395102
H           -3.66981248643344       -3.56615622976527        0.63954634769493
H           -3.12235574677905       -2.94001894977657        3.33100907762052
H           -4.39221429637486       -1.34392862988853       -0.04123791420918
H           -4.64748162657267       -1.34041581816848        2.30486396910838
H           -2.59111523374114        0.99002206463385        0.77131983323897
H           -4.89152538378294        1.34266397520337        0.33223768370031
H           -2.94153032464142       -0.60504458103734       -1.81485286956217
H           -2.77393876611055        1.81875910196212       -1.85725130812382
H            1.79323989899413       -1.22851182275064        0.79441458575653
H            0.28606672650311       -0.40088926929749        2.44101202473085
H            3.16729344083949        1.33164378703531        1.74931696901589
H            3.58638206501857       -0.70411840788965        2.82351144358665
48
 energy: -84.797230669028 xtb: 6.7.1 (edcfbbe)
C            5.52635012636407        1.18626652527105       -1.50044152895122
O            4.89418532916241        1.12745813374584       -0.23633948042181
C            3.66476674966248        0.50565289092703       -0.24275214172750
O            2.74566058424504        1.37914309772728       -0.86458885453618
C            1.38374782521125        0.99922225058840       -0.97076826388180
C            0.73661751114481        2.30080173910589       -1.48540631951939
O            0.95537061923409        3.34881189053164       -0.58329019773646
C            0.79763404119625        0.58927027597506        0.38854786269641
O           -0.40339574582785       -0.19664519476051        0.45571653160313
C           -1.06224533079916       -0.85222185601961       -0.59089496738593
O           -1.64914029886867       -1.99634919648482       -0.00923603083738
C           -2.55391300474175       -1.71547675879088        1.04611339631775
C           -3.05128624912752       -3.06852444343382        1.57603635168137
O           -3.86438159065416       -2.92015360807792        2.71642456022481
C           -3.72867814819435       -0.83799997381497        0.57905698288041
O           -4.51493477725601       -0.39845229456497        1.65807268338008
C           -3.17970311225739        0.39236695407567       -0.14840850071973
O           -4.20604771374515        1.14204407760481       -0.75328265220307
C           -2.23325675449228       -0.08767157723144       -1.25118414611267
O           -1.83289541143654        0.95720003583874       -2.08508188532891
C            1.80309705827134       -0.29422245358176        1.16537475671158
O            1.37425200387170       -0.46954413064611        2.49441423116283
C            3.23147844971948        0.24495240785314        1.19966017826434
O            4.09203093864652       -0.69655227882788        1.77470875303293
H            4.92982538653704        1.76156027065759       -2.21331636780769
H            5.69429781096458        0.17866447211346       -1.89681011335728
H            6.48081630777938        1.67911993680741       -1.33246266853066
H            3.70234757542049       -0.45736033483354       -0.79363749858656
H            1.27301138948430        0.18625302891905       -1.70154779288518
H           -0.33788273710751        2.17932529962700       -1.58940284986763
H            1.17545318879885        2.52977186459590       -2.46512582906977
H            1.90813468806539        3.39055951864693       -0.42441923295363
H            0.58691150028817        1.49902422519725        0.96487808163112
H           -0.37378443517065       -1.22435718925037       -1.35780298769224
H           -2.03461907461082       -1.17565094434710        1.85306816530137
H           -2.18721982001150       -3.71135105484485        1.77436526933488
H           -3.67187567452860       -3.55014007960373        0.81768449026726
H           -3.31775286749183       -2.64660819027954        3.46256713829751
H           -4.34345795340805       -1.41238101196562       -0.13465149630059
H           -4.76521832884349       -1.17941023894493        2.17625962907958
H           -2.62402493566667        1.01790587885149        0.56651089827872
H           -4.88143040289912        1.29221307035891       -0.08124034338510
H           -2.76394909133624       -0.84736017012053       -1.85200799363474
H           -2.61936704462611        1.50611475744652       -2.22250922772463
H            1.83047819160957       -1.27598953529366        0.65760945806609
H            0.42796347692728       -0.65386437224626        2.45497841156009
H            3.26128146780740        1.19706170783114        1.74876104150378
H            3.72474429933863       -0.92248341095355        2.63928540919799
48
 energy: -84.800056779494 xtb: 6.7.1 (edcfbbe)
C            5.35713954599876        1.22342689220070       -1.74160128889619
O            4.84798821781645        1.10796544570248       -0.42656474467453
C            3.61217377818942        0.50387245059664       -0.34643508180940
O            2.65705198022603        1.42188925782869       -0.83558238169038
C            1.28293766527121        1.07945995844193       -0.81145830173327
C            0.60677351569153        2.43720887864854       -1.10959558772111
O            1.02633169999261        3.40509924644836       -0.19032195334219
C            0.81875965133037        0.57104362497534        0.56029463538322
O           -0.37960889752565       -0.21273367837108        0.63895847124893
C           -0.95235306371521       -0.93663485571332       -0.41633839177734
O           -1.59187707975872       -2.03639823243109        0.18760819562820
C           -2.61215824632138       -1.66643398265090        1.10398694310417
C           -3.18686687966505       -2.96910708170963        1.67941668066855
O           -4.12170587078548       -2.72552540529480        2.70429574914419
C           -3.71457019070238       -0.82478151947858        0.43434850435976
O           -4.61911915710505       -0.30474244312052        1.37598937105218
C           -3.07853790983672        0.35028160483085       -0.31671711934701
O           -4.02474375715506        1.05235128901494       -1.08535704498086
C           -2.02174152904220       -0.22075058211204       -1.26336690215830
O           -1.48633117317092        0.73835790914966       -2.12513169832581
C            1.88373635287745       -0.35990185441976        1.18808584585842
O            1.57784683862412       -0.61174312540435        2.53870401643492
C            3.31229638264173        0.17511520393768        1.11663709904003
O            4.21735790614125       -0.79380460337193        1.56323783344171
H            4.70115194742874        1.83571732871103       -2.36584695294935
H            5.47559273797940        0.23499755756360       -2.19918051135203
H            6.32842732675902        1.70187239116600       -1.64296145480218
H            3.58074581520293       -0.43029710679706       -0.94518621126926
H            1.05457058608747        0.34975993371597       -1.59728031359070
H           -0.47280093223956        2.35424530587542       -1.01424536940029
H            0.85862511170353        2.73115436709480       -2.13597458149992
H            1.99323803306939        3.38272705633198       -0.18173251128589
H            0.64763552174694        1.42719019853556        1.22287840289457
H           -0.18949066662678       -1.37108939838079       -1.07612209157488
H           -2.18008867258943       -1.06404423997141        1.91801038917728
H           -2.36044592178421       -3.59879565742965        2.02558232948723
H           -3.72481452749018       -3.50714674541435        0.89622418965267
H           -3.66010874423593       -2.38627993893344        3.48034099592149
H           -4.24637881458999       -1.45263397046069       -0.30097386130622
H           -4.93214454025397       -1.04307045344347        1.92208357359781
H           -2.60025749997497        1.02585875558386        0.40880583041251
H           -4.77324620907003        1.24421163958352       -0.50773065243760
H           -2.49614307685958       -1.02089726957601       -1.85915242687238
H           -2.23413143585013        1.26724506556550       -2.43835762932094
H            1.85837899263781       -1.31062122014201        0.62407126786912
H            0.63397572090084       -0.81007565856293        2.57652503267596
H            3.39816360233092        1.09970765646121        1.70555239001881
H            3.92876187586246       -1.06325596302198        2.44506222023499
48
 energy: -84.803572793697 xtb: 6.7.1 (edcfbbe)
C            5.25923453110296        1.40056147440926       -1.80350964734147
O            4.82019011875085        1.15308257869582       -0.48149683758733
C            3.59152211707352        0.53524767456139       -0.39906042051206
O            2.60910708658510        1.48253153626377       -0.76269246584868
C            1.24921720907890        1.09153435007800       -0.72624532709501
C            0.50646485054113        2.42656805057304       -0.95463041864103
O            0.92381151456269        3.38695976011821       -0.02649216933323
C            0.85458623791840        0.51508467497621        0.63914207546214
O           -0.36594337602516       -0.22497922451384        0.73368973448646
C           -0.89502065689345       -1.00712156262953       -0.30506159085789
O           -1.59196172751517       -2.05329246808568        0.32883180159516
C           -2.65411783073469       -1.60477095665106        1.15887510492514
C           -3.28998200686377       -2.85637372728502        1.78151461420900
O           -4.27748564445504       -2.52948934172639        2.73100678480094
C           -3.69744474353841       -0.78852283368845        0.37298350018119
O           -4.64387607530953       -0.19243035686994        1.22363744603247
C           -2.99156208617022        0.32374874608260       -0.41075701451293
O           -3.87446681283757        0.99899020766905       -1.27269094273944
C           -1.89891581193766       -0.32957346034964       -1.25821043856125
O           -1.29768601490732        0.55550470570227       -2.15620184434332
C            1.93689890930732       -0.46549064314922        1.14539618138808
O            1.69514528832290       -0.81166428060605        2.48827379427702
C            3.36319503377743        0.07290302748056        1.04161416885814
O            4.28572489781758       -0.93364450380814        1.34828450309425
H            4.57251474250008        2.07031919297414       -2.32767654280467
H            5.34994415858556        0.46317884054194       -2.36349034949804
H            6.23573181050288        1.86918920908788       -1.70969661095266
H            3.53535905116611       -0.34268633945295       -1.07643013156439
H            1.02916980710602        0.38034983402712       -1.53066974963992
H           -0.56384640836794        2.29491897573374       -0.81329766832127
H            0.69817018111028        2.75944348771671       -1.98225516370120
H            1.89057750591940        3.39661273859940       -0.04934438168150
H            0.73891983593989        1.33425387230240        1.35762825940633
H           -0.10364698993465       -1.49423015104159       -0.89064452158638
H           -2.25467038235517       -0.95880965243377        1.95588611145105
H           -2.49919340944858       -3.47690241104397        2.21610421863325
H           -3.79272871897536       -3.43475732759224        1.00364931569185
H           -3.85443720504526       -2.15280053379899        3.51171588892859
H           -4.19895339566972       -1.45277190721095       -0.35167078655590
H           -5.00120613818848       -0.88742046677689        1.79871015001915
H           -2.53778594730532        1.03107251136449        0.30035047654062
H           -4.65021431793232        1.23970714120223       -0.75204648626750
H           -2.35861379883648       -1.16054070901665       -1.82267008396494
H           -2.01453617545239        1.08614746944622       -2.53236818149225
H            1.88075935488541       -1.37403070891691        0.51768773630327
H            0.74980482494953       -0.99445841878240        2.56269538548474
H            3.48611137464687        0.93921903511735        1.70745337962445
H            4.04613124275375       -1.28037306213527        2.21766404321259
48
 energy: -84.806505195219 xtb: 6.7.1 (edcfbbe)
C            5.21526139075278        1.60809392181438       -1.77683020222680
O            4.80241560046816        1.22751463346396       -0.47834036723902
C            3.58773254250902        0.57819140696068       -0.43808598547949
O            2.57974060385752        1.53270982075912       -0.69920808111828
C            1.23473872951072        1.09094692464478       -0.67953184054175
C            0.43255390825630        2.39681155635965       -0.85321351187788
O            0.80747560488545        3.34102323242237        0.10924451158165
C            0.89196317539666        0.44012129315138        0.66537883484986
O           -0.35461696100576       -0.24493662711188        0.77973993537208
C           -0.87155504885593       -1.07940621048126       -0.22582357305079
O           -1.61937856545897       -2.06463724832457        0.44662358178915
C           -2.69300671376239       -1.53767301423905        1.21314831838655
C           -3.37013369521423       -2.72738791787834        1.90876904476066
O           -4.37539410928309       -2.31193112772770        2.80327440723626
C           -3.69494232434163       -0.76386964825045        0.33685966151874
O           -4.66442681704079       -0.09924419076737        1.10666188048565
C           -2.93899228270337        0.28451849069944       -0.48643158200311
O           -3.77485020785666        0.92180947837834       -1.42120010212945
C           -1.82686399000785       -0.43498763722359       -1.25145735998646
O           -1.17723869330815        0.39103319075472       -2.17282021844350
C            1.97817062614940       -0.58562683530407        1.05183262820187
O            1.77390941480525       -1.04833083059209        2.36552822223631
C            3.39842294326468       -0.02724526413106        0.95557656647594
O            4.33687705963986       -1.05019742946758        1.13286496264828
H            4.49954048747860        2.29811102790379       -2.23120040588533
H            5.32979188218366        0.72867220653845       -2.42015603247763
H            6.17655425186360        2.10001923817989       -1.65084074823837
H            3.53801094091757       -0.23307226608076       -1.19452339594618
H            1.04079640657678        0.40021865252166       -1.50828574627094
H           -0.63028942134513        2.20988242988613       -0.71561239779316
H            0.60503141357697        2.77731741950349       -1.86792683609904
H            1.77288406195785        3.39225747331975        0.08944420894440
H            0.83636787483927        1.21863817242157        1.43484697868686
H           -0.07594869039713       -1.61853152658004       -0.75652158791203
H           -2.30101874966885       -0.84206538177238        1.97094247945341
H           -2.60401285207688       -3.32780155710276        2.41085302664296
H           -3.86394589691506       -3.35352062442272        1.16289962280888
H           -3.96568732084733       -1.87390192956762        3.55874426656758
H           -4.17749376518935       -1.46883885904719       -0.36168453687556
H           -5.04912525353155       -0.74628290536473        1.71885286429889
H           -2.50051368280805        1.02563253816116        0.19964075172193
H           -4.56701176413532        1.20274205942654       -0.94746099411473
H           -2.28146416496457       -1.28693212763097       -1.78804535535508
H           -1.87010603684069        0.91539469929341       -2.59938385602940
H            1.91018345093958       -1.43613256937796        0.34904747919542
H            0.82668095067301       -1.21406564045699        2.45955680702745
H            3.53610258430708        0.76972065046014        1.70041626870960
H            4.13680711782150       -1.47476709224620        1.97732230112598
48
 energy: -84.808494291689 xtb: 6.7.1 (edcfbbe)
C            5.19099361992631        1.78366559782847       -1.72675900273732
O            4.79311663873688        1.28943652187673       -0.46216567503866
C            3.58725966328780        0.62269370215314       -0.46863842956704
O            2.56268245697528        1.58029673421243       -0.63913641225308
C            1.22961596290290        1.10139540675630       -0.64669549603306
C            0.38257753333352        2.38123618594630       -0.76958012342927
O            0.71115683094141        3.29813605614946        0.23533530972623
C            0.92607318816609        0.37334429137720        0.66807437426015
O           -0.34306990784011       -0.25831113104119        0.80556431063481
C           -0.86053842821212       -1.14695735361366       -0.15423499868923
O           -1.64943951511003       -2.06846041653103        0.55927634288188
C           -2.72868237527068       -1.47411174634776        1.26528863264174
C           -3.43809853198816       -2.60296178820771        2.02700862764554
O           -4.45495362369160       -2.11212189744260        2.86857677677798
C           -3.69732416792374       -0.75238420884718        0.31205144674248
O           -4.68423319735287       -0.03131171780250        1.00490520679725
C           -2.90221896723985        0.23461434193343       -0.54824442952579
O           -3.69982745758541        0.82745617705253       -1.54389764190147
C           -1.77591912853892       -0.53770760388590       -1.23831478358051
O           -1.08450654181926        0.23966644846122       -2.17233725628799
C            2.00977567340681       -0.68583456063660        0.94433563355951
O            1.83276725739745       -1.25708945120025        2.21876261628480
C            3.42492894366627       -0.10856427068604        0.86797161627347
O            4.37405356269276       -1.13496955780137        0.93305548421349
H            4.46824298352351        2.50774365926479       -2.11176414233785
H            5.30151276284059        0.96414698599063       -2.44551371370619
H            6.15203975498179        2.26669358587036       -1.56829659883801
H            3.54078753840789       -0.12026247509667       -1.29258148462033
H            1.06031891549869        0.43963623537730       -1.50437513918874
H           -0.67358301377166        2.14710126312098       -0.65333982105589
H            0.55004156559314        2.81176439712396       -1.76543558905994
H            1.67399108597725        3.38544132208231        0.22990113198625
H            0.92721029781614        1.10896347599272        1.48152018314850
H           -0.07010478251635       -1.73566413386853       -0.63568306379793
H           -2.34084235151392       -0.73275028549980        1.98051714247441
H           -2.69190414073303       -3.17765599613837        2.58605272954863
H           -3.92613541376756       -3.27257408837427        1.31582677841477
H           -4.05418924388604       -1.62722266666791        3.59993274892531
H           -4.16386076026589       -1.49755409496346       -0.35496912148053
H           -5.08645955019559       -0.63019435737160        1.65378765208711
H           -2.47633037784940        1.00881235609846        0.10868542729294
H           -4.50458261482126        1.13971196708344       -1.11283065422671
H           -2.22640905372991       -1.40587768715807       -1.75163492564867
H           -1.75572263775188        0.75256672367259       -2.64481837800407
H            1.93592817458712       -1.47462224018371        0.17406067969384
H            0.88440595569023       -1.40356213934145        2.33383712227493
H            3.57265754845554        0.61844626190891        1.67951935657575
H            4.19679389065080       -1.63424976957190        1.74088443534069
48
 energy: -84.809536358086 xtb: 6.7.1 (edcfbbe)
C            5.17366965061945        1.95591120447367       -1.65168952832598
O            4.78544088714128        1.34719210431562       -0.43492746672111
C            3.58804299474931        0.66791309889511       -0.49807247903174
O            2.54984146144021        1.62256204843696       -0.58241735820655
C            1.22660361816577        1.11697425023826       -0.61934875568415
C            0.34462491297089        2.37444511688198       -0.68272136768631
O            0.63067062323389        3.24743940695307        0.37295096762726
C            0.95714572968252        0.30744726492608        0.65595178531257
O           -0.33027676260835       -0.27423441465514        0.81924793627363
C           -0.85762556098304       -1.21733936690191       -0.08321473345118
O           -1.68110064512060       -2.06816673440632        0.67588859990071
C           -2.76176048806736       -1.40780276935161        1.31738697402801
C           -3.50017136125742       -2.46608693012941        2.14946820636362
O           -4.52343563945955       -1.89930587315923        2.93352169503143
C           -3.70087643806160       -0.75045017421051        0.29195853650300
O           -4.70116929754876        0.02351069853498        0.90373087612888
C           -2.87252767838216        0.17002687160533       -0.60868138136894
O           -3.63665804850047        0.70826479842327       -1.66021055241378
C           -1.73547967827398       -0.65086258573979       -1.22123207982214
O           -1.00221454455859        0.07740800724683       -2.16359005921519
C            2.03434039726976       -0.77773618128076        0.81623929653740
O            1.88293989768556       -1.45994994307834        2.03861269475036
C            3.44583858366917       -0.18510755885138        0.76770804687113
O            4.40166389890917       -1.20629782219067        0.72249639027485
H            4.44333828552918        2.70534640021619       -1.96766624889808
H            5.28751111959799        1.20487655818354       -2.44117547148326
H            6.13150044496219        2.43092815043516       -1.45423351536897
H            3.54829210633591        0.00040356161791       -1.38452536208433
H            1.07465789950467        0.49505170587602       -1.50982812517092
H           -0.70509779807658        2.10092037862744       -0.59606420531289
H            0.51148874504503        2.86318906027508       -1.65193144480394
H            1.59019343524524        3.36382750078877        0.38666111784848
H            1.01593665974933        0.99414290287760        1.51020837146551
H           -0.07822812314126       -1.85694687109977       -0.51307508782877
H           -2.37400642499090       -0.61979629448945        1.98078419186577
H           -2.77199023415678       -3.00678508775361        2.76354460777666
H           -3.98628475963544       -3.18103454507536        1.48238164252612
H           -4.12756784388885       -1.36234232585309        3.63043049219037
H           -4.15386538749135       -1.53828107051296       -0.33414685215659
H           -5.11798186323477       -0.52112295012317        1.59015230163738
H           -2.45671151007575        0.97949460334790        0.01113810812148
H           -4.45154645009793        1.04868963224403       -1.27145759358017
H           -2.18216851415464       -1.53474917703713       -1.71004843595579
H           -1.65013331118453        0.57449332205740       -2.68292497174992
H            1.95357610208570       -1.49417710919857       -0.02063884730437
H            0.93570319065809       -1.58836530023651        2.18141576829299
H            3.60353651316463        0.46453809167014        1.64073652227946
H            4.24231723749777       -1.77806159645366        1.48469166542059
48
 energy: -84.809788779958 xtb: 6.7.1 (edcfbbe)
C            5.15033098331128        2.07481190642412       -1.60983182779778
O            4.77793383111075        1.37712463582317       -0.43676482007254
C            3.57851009438116        0.70544848787689       -0.53375093923102
O            2.53943282205285        1.66326070348111       -0.52460214879386
C            1.21891592893260        1.15140401650652       -0.57635772628449
C            0.32029468348546        2.39633095300736       -0.55611306359422
O            0.59737161061827        3.20867209102335        0.54901089222397
C            0.98240366331118        0.25740546607275        0.65020640701503
O           -0.31930882478425       -0.28200859810213        0.83436069448120
C           -0.85278869195687       -1.27887365318337       -0.00600543231967
O           -1.70593760462511       -2.05897559643449        0.79319276083487
C           -2.79124333814079       -1.34258687946865        1.36167668762050
C           -3.55698976162436       -2.32947783586852        2.25442840092050
O           -4.59202544327193       -1.69784395177959        2.97038998861055
C           -3.69974774487976       -0.75839858968070        0.26745956561685
O           -4.71450292672192        0.05912058900780        0.79267141709318
C           -2.84062191427272        0.09522773239185       -0.66877257633840
O           -3.57200832189041        0.57103648764173       -1.77246970639065
C           -1.69171438102720       -0.76594355060701       -1.19818700850185
O           -0.91711517456783       -0.08588591457370       -2.14419346104838
C            2.04813037313889       -0.84534689943131        0.69477049526476
O            1.92796205811427       -1.62410523592199        1.86263625119170
C            3.45972817845304       -0.24849873421362        0.66103814463567
O            4.41299953867865       -1.26195476657376        0.51188204089808
H            4.41734445042703        2.84671775543482       -1.85839266703895
H            5.25133024872315        1.38484588316527       -2.45481664837261
H            6.11194477653508        2.53253128938707       -1.39109418040445
H            3.52248511539192        0.11108031981594       -1.46991197574337
H            1.06164862453374        0.58186256111910       -1.50062646464136
H           -0.72468965693531        2.09999790291024       -0.48240288706444
H            0.47391766801680        2.94692557730942       -1.49428320320732
H            1.55502976506078        3.33816469809312        0.56679282543257
H            1.09579211069208        0.88928724626386        1.54173013366803
H           -0.08286971639295       -1.96347984999491       -0.37782377997475
H           -2.40797931393965       -0.51074940763184        1.97190147282342
H           -2.84713303312319       -2.82738151607818        2.92367564988719
H           -4.03462895929488       -3.08925596550959        1.63226326386631
H           -4.20643033035972       -1.11079912539674        3.63171595862934
H           -4.13695330618268       -1.58815796272561       -0.31412788965686
H           -5.14779123125530       -0.43087475062209        1.50944817183171
H           -2.43618717559537        0.94017491920681       -0.09014416633913
H           -4.39761738628476        0.93315089487398       -1.42828838270007
H           -2.12993980378745       -1.66739987455667       -1.66137506299530
H           -1.54042949849169        0.39280749840022       -2.70877459477506
H            1.94848038520182       -1.48965745529004       -0.19654911515771
H            0.98611828465696       -1.73424546664884        2.04791111163618
H            3.63768944430569        0.32759199924142        1.58069392227039
H            4.27085494132978       -1.89308597754610        1.22928833068454
48
 energy: -84.809522449818 xtb: 6.7.1 (edcfbbe)
C            5.08975788936387        2.15289513320526       -1.64384102248340
O            4.75772190023305        1.38336022538644       -0.50415782931578
C            3.54554151626112        0.73359010145535       -0.59256696214445
O            2.52158682683086        1.69939725084555       -0.46504065720930
C            1.19510216070040        1.20206453567326       -0.48718882900578
C            0.30808457428457        2.44450585604361       -0.32361123728318
O            0.66042868462160        3.17848806646912        0.81419822420201
C            1.00508060577457        0.21529393151200        0.67712522031418
O           -0.30924862176355       -0.29154984246921        0.86722980538202
C           -0.84166347200025       -1.33843871562415        0.08829993322027
O           -1.72922198318142       -2.04292875967775        0.91744701262659
C           -2.82111653506300       -1.27084124675119        1.39297611550263
C           -3.62887508362670       -2.17538587413802        2.33448839785772
O           -4.67776999569198       -1.47797582726470        2.96405790834889
C           -3.68524268830964       -0.76497401643353        0.22619499789272
O           -4.70904604464074        0.09850185775498        0.65098369338746
C           -2.78709774234279        0.00805873910452       -0.74302862091325
O           -3.47729376150114        0.40350578775610       -1.90352579164805
C           -1.62817025491073       -0.89636063575589       -1.16596690477061
O           -0.80279585433563       -0.28272026937040       -2.11521896568907
C            2.05486461024056       -0.89522876569043        0.59003421613366
O            1.98986337461977       -1.75782453237912        1.70391228425759
C            3.46893171370907       -0.30277528832888        0.53510279394261
O            4.40578796623424       -1.30831524933687        0.27341643052058
H            4.35612101471918        2.94580508178341       -1.81123132660856
H            5.14846427008682        1.51867755127660       -2.53522774954555
H            6.06460894681701        2.58707183523856       -1.43594275985098
H            3.43727565521835        0.20912522606139       -1.56496661493223
H            0.98528735903019        0.70388262979611       -1.44193825990728
H           -0.73185473942785        2.14410274732194       -0.20000690996725
H            0.40221844960635        3.05979736283189       -1.22918055881149
H            1.61954929720547        3.29493968636778        0.78422851795802
H            1.17084931665927        0.77874221300463        1.60646702092992
H           -0.07906651968070       -2.06518713403357       -0.21062284929195
H           -2.44422091085046       -0.39873580117033        1.94833221445462
H           -2.94756001489460       -2.62642045477004        3.06387462325867
H           -4.09637658827479       -2.97675438006049        1.75843886364845
H           -4.30540417702510       -0.84470565392639        3.58936545392200
H           -4.11071926194024       -1.63384694889090       -0.30486310409288
H           -5.16914872546272       -0.32964134951443        1.39041482085480
H           -2.39366940163844        0.89239665792656       -0.21858983575609
H           -4.31278593780548        0.79135479964152       -1.61572323339870
H           -2.05714316551344       -1.81982533018397       -1.59238186808071
H           -1.39400939412405        0.16372721319754       -2.73769081204964
H            1.91036207999378       -1.46959683482667       -0.34155668999908
H            1.06356347631435       -1.85518650991161        1.95797224168188
H            3.69166874282930        0.20526518151805        1.48479529410413
H            4.28677649061345       -1.98933619246358        0.94819816121418
48
 energy: -84.809301586371 xtb: 6.7.1 (edcfbbe)
C            4.96332573988185        2.23305281369187       -1.73850206524299
O            4.70826241652645        1.38313488454746       -0.63681552458015
C            3.48063513824155        0.75783509264073       -0.67628256833674
O            2.48829928543122        1.72614372630032       -0.40155322929022
C            1.15777524450334        1.24576577383145       -0.35116810203530
C            0.30642514488957        2.47668769031216       -0.00525880826746
O            0.78358877896633        3.12006689662157        1.14183006420245
C            1.03010157173159        0.16387035975830        0.73741790685821
O           -0.29760864878390       -0.31248386164594        0.92287527130839
C           -0.82588826756082       -1.40546749751601        0.20692182678126
O           -1.75814495773978       -2.02431906922358        1.05189606788250
C           -2.84976831329547       -1.19090242978745        1.41296900034070
C           -3.72635023008431       -1.99846641626660        2.38056328540720
O           -4.78042863902319       -1.22661187315182        2.90631379814915
C           -3.64524073348516       -0.75435433668960        0.17098203922947
O           -4.66067120577241        0.16582213797721        0.48235433510488
C           -2.68903528900658       -0.08263796685059       -0.81914735860419
O           -3.32304102914813        0.22754751207961       -2.03638386726492
C           -1.53695987747983       -1.04332784918466       -1.11415849154420
O           -0.64061392943775       -0.51966683253891       -2.05418558013605
C            2.05547188312361       -0.94110537664602        0.49655571865777
O            2.07237913493979       -1.88320067157339        1.54928964850536
C            3.46909729056327       -0.35291673103424        0.38042131885902
O            4.37309575812208       -1.34550851267053       -0.01189616887271
H            4.23247748358185        3.04452310408131       -1.78743077391512
H            4.94139511913451        1.66788108940497       -2.67677099545725
H            5.95861776473024        2.63953172286277       -1.57652628715467
H            3.28751181774835        0.30521598509289       -1.67109292640003
H            0.86025171968712        0.82780231101298       -1.32138406339543
H           -0.71841734566502        2.17089057714089        0.20669003229348
H            0.31279077340337        3.16019307326757       -0.86586181620645
H            1.73797776787838        3.22230459823882        1.02628762674562
H            1.25247395951674        0.64575158131494        1.70053258774819
H           -0.07296512128249       -2.17309217396665       -0.00089261031833
H           -2.47347979965280       -0.28857524809002        1.91810655956932
H           -3.09214045256957       -2.41047027690529        3.17272656429101
H           -4.19216987275094       -2.82858202914148        1.84527353997722
H           -4.41680629426374       -0.55834833078474        3.49954005539881
H           -4.07341972450853       -1.65084611663005       -0.30980379805575
H           -5.16428296131010       -0.19187800390817        1.23094969078727
H           -2.29286590782577        0.83435301761037       -0.35699746836905
H           -4.15986513267807        0.65517341418478       -1.81691740210084
H           -1.96736619330896       -1.98422443391936       -1.49774927821645
H           -1.18257486348950       -0.12687452573352       -2.75292894165528
H            1.83673484931384       -1.44541776903280       -0.46003107517301
H            1.18570541976766       -1.94722099600714        1.92327655297466
H            3.76345428693555        0.08796067439205        1.34442571419579
H            4.28225249527461       -2.07501465625545        0.61502484310563
48
 energy: -84.810639014080 xtb: 6.7.1 (edcfbbe)
C            4.85495973845852        2.35557166574700       -1.73598169374191
O            4.63906985137326        1.40024204611685       -0.71516260042500
C            3.40010360675622        0.79641420874942       -0.75545456840760
O            2.44059789779680        1.73877652693785       -0.32182449894196
C            1.11523042883498        1.25650897209475       -0.21440986701254
C            0.29284518255531        2.45679081008397        0.28046395951970
O            0.85932267404455        3.02336257266261        1.42798950232976
C            1.03909836571645        0.08834002498838        0.79480375783850
O           -0.30138401692962       -0.32937239967911        0.99344176248647
C           -0.83223788878744       -1.47085507617155        0.35988677688890
O           -1.81731727662032       -1.98773371596103        1.20865107569576
C           -2.89650128536782       -1.09357600111074        1.43382483382748
C           -3.85337702850692       -1.78032272210600        2.41797580725511
O           -4.89183515137855       -0.92151667564079        2.83032415616904
C           -3.61028489011039       -0.74309658986742        0.11640069140885
O           -4.60700798450394        0.23324239145843        0.29361655853228
C           -2.58682275169753       -0.19229963983061       -0.88166608094048
O           -3.15451084658762        0.01721814458562       -2.15309774597597
C           -1.44949599246918       -1.20331350711621       -1.02654665704659
O           -0.47404250681357       -0.76911584581372       -1.93684196277791
C            2.00840226263714       -0.99928283576274        0.33347015052990
O            2.05113899196462       -2.12218201875908        1.18711325112686
C            3.42572187173523       -0.42209729742937        0.17407090625356
O            4.26900470492401       -1.39332065724441       -0.37783692463892
H            4.13406830724671        3.17450887339724       -1.66781558679169
H            4.78221834082667        1.88868705001452       -2.72427520333438
H            5.86228206534335        2.73417098272967       -1.58059766002308
H            3.14618769415472        0.45600613195580       -1.78034587625280
H            0.74795318429050        0.90871752919745       -1.18837226646875
H           -0.71058420513311        2.12761337859535        0.55262567967595
H            0.22996048023140        3.19885412345408       -0.52794974601116
H            1.80100352973552        3.14072197436046        1.24384636845742
H            1.35285328919198        0.47212710958097        1.77666466184322
H           -0.08738832807177       -2.26973344830631        0.28343508966684
H           -2.51579935522325       -0.16174061734820        1.87918248575257
H           -3.27455780779299       -2.15341138341633        3.26933947511877
H           -4.33535705621268       -2.62982977737484        1.92960593422490
H           -4.51976822386196       -0.22032220084250        3.37857927167214
H           -4.04731114646730       -1.66431055813823       -0.30620054746894
H           -5.15255135851512       -0.03652580152439        1.04963785978607
H           -2.18464539621115        0.75453752304194       -0.48967932925116
H           -3.98843299869740        0.48272603203404       -2.01517936438041
H           -1.87967762445284       -2.15858559367542       -1.37011227124259
H           -0.95499385797986       -0.45584195530111       -2.71555701991709
H            1.69072658461671       -1.38003536047384       -0.64483877216739
H            2.12482913720978       -1.82130011406078        2.10116192233620
H            3.80953643273877       -0.08872950384720        1.15330745505776
H            4.04876641893964       -2.23669274787291        0.04381167456461
48
 energy: -84.811147095422 xtb: 6.7.1 (edcfbbe)
C            4.77141934161382        2.41207275102632       -1.78328944763041
O            4.60138346039261        1.39496475598747       -0.81507864808271
C            3.34795851542411        0.82111831858927       -0.80844175049148
O            2.43982184834882        1.75560355751987       -0.26117280786454
C            1.11409855210771        1.29003957458045       -0.11533026071568
C            0.33351033106891        2.46712933560837        0.48841937933551
O            0.95335207747384        2.94783503592331        1.64752099239551
C            1.05519196167372        0.05769847263469        0.81537104168687
O           -0.29955041305729       -0.31917883487576        1.00667431653276
C           -0.82522489814806       -1.50318786849162        0.45247390557476
O           -1.84217814057493       -1.94842787754894        1.30234850416434
C           -2.91612338543936       -1.03113261036506        1.44020197079915
C           -3.90719067016711       -1.64612517134142        2.43789793251712
O           -4.95647224538715       -0.76020455924821        2.75462372029953
C           -3.58615186037974       -0.76084403337361        0.08214923795537
O           -4.58338119785598        0.22756561658371        0.16360946620310
C           -2.52527492899337       -0.27617060850595       -0.91015275814377
O           -3.05080756175741       -0.12505012104517       -2.20781257634414
C           -1.39466524037562       -1.30404867682480       -0.96781837953597
O           -0.38456024487703       -0.90753028055327       -1.85854616475171
C            1.98783269290760       -1.01763388284225        0.26242521571116
O            2.07224088450250       -2.16884301511913        1.07625901647907
C            3.40128710835884       -0.44658507755583        0.05111525531420
O            4.19958190020001       -1.39778164197512       -0.59424821190128
H            4.07942063679676        3.24032223693242       -1.60980946271443
H            4.61751149911865        2.01549466981500       -2.79280565695182
H            5.79702780504899        2.75669771054753       -1.67516736325640
H            3.02012571385662        0.54470624434401       -1.83146967798068
H            0.69405809743340        1.00716844972654       -1.09064984631594
H           -0.66509598834106        2.13559858008839        0.77508882479222
H            0.25521887918507        3.26182882736738       -0.26712588996554
H            1.88902301498166        3.06373006525029        1.43431187504907
H            1.40850150433846        0.37050493436130        1.81036656791490
H           -0.08784305415350       -2.31201077598047        0.45022100637379
H           -2.53741712295157       -0.07669477855228        1.83650267642144
H           -3.35809326710531       -1.95865847302581        3.33218611325958
H           -4.37471568137044       -2.52762110640901        1.99430237964942
H           -4.60125205047594       -0.02357652313082        3.26625547381336
H           -4.01289435277911       -1.70559602472405       -0.29663336746026
H           -5.15671124397495        0.00578362265425        0.91469265248009
H           -2.12135972740738        0.68488959650615       -0.55449306514310
H           -3.88828106270709        0.34587720546163       -2.11765061703590
H           -1.81814206222153       -2.27019280903702       -1.28699902863529
H           -0.83586285156217       -0.62674674124758       -2.66692339988504
H            1.61223057536859       -1.36464425170755       -0.70692484006011
H            2.24467789703894       -1.89991168329940        1.98733169081487
H            3.84245187251013       -0.16892325113872        1.02413341756088
H            3.99131914902253       -2.25931487183075       -0.20445459808397
48
 energy: -84.810658042621 xtb: 6.7.1 (edcfbbe)
C            4.71546938599052        2.46648881914302       -1.80787739304714
O            4.57038337013198        1.40774231736707       -0.88089195108040
C            3.30753691621890        0.85646197011652       -0.84228558968481
O            2.44652563674546        1.77390502808832       -0.19751593923119
C            1.11979753157274        1.32404982303521       -0.02874713644632
C            0.38235011669202        2.46965700033867        0.67969241453365
O            1.04524168708027        2.85354863486660        1.85067918752481
C            1.06383983613350        0.03211713842633        0.81474559670791
O           -0.30306329443669       -0.31188978732071        0.99022510168732
C           -0.82378724533248       -1.53284515624583        0.51971259049405
O           -1.86725771017410       -1.91037705817538        1.37053335553501
C           -2.92997448161132       -0.97390121142975        1.43764677667905
C           -3.94287588858047       -1.51631548885735        2.45535790023657
O           -4.98793573654143       -0.60253022716691        2.69822755200666
C           -3.57517329391082       -0.77984938489111        0.05561838367036
O           -4.56020878063674        0.22437852292423        0.05846757113911
C           -2.48928781497535       -0.36973872037512       -0.94159753575014
O           -2.98863307273223       -0.28489342350955       -2.25583677375884
C           -1.36806804923618       -1.41051152811457       -0.92272223551798
O           -0.34521001577963       -1.05802459783791       -1.81777204868398
C            1.97103175070202       -1.02749825581778        0.19439206853201
O            2.08770795632790       -2.19593092595925        0.98143521979784
C            3.37828700732193       -0.45760854032845       -0.05742199042460
O            4.13268743419196       -1.38029985492762       -0.79108676749401
H            4.04424000416100        3.29517504866776       -1.56721732852381
H            4.51331034024883        2.11897084221323       -2.82697773207787
H            5.74986271242018        2.79182432182541       -1.72793593119283
H            2.92295118960750        0.64409293456944       -1.86068391245202
H            0.65746171109436        1.11428994243135       -1.00483577347451
H           -0.61460255943359        2.13685349594403        0.97009444194615
H            0.30050927432193        3.31759730001225       -0.01502025163151
H            1.97549056422022        2.97403575932997        1.61740592244079
H            1.44122335247930        0.27556760568039        1.82227178395291
H           -0.09250852296328       -2.34378545052079        0.58363851914290
H           -2.54520868669448       -0.00179906249771        1.78170726381577
H           -3.41165756017952       -1.77706602427718        3.37660026591310
H           -4.41188341127441       -2.41959443181903        2.05981405680106
H           -4.63335585186526        0.16072006089958        3.16962503192463
H           -4.00790138302571       -1.74062544757908       -0.27225685307809
H           -5.14977102230791        0.05501610552666        0.81055240878070
H           -2.07745349207170        0.60455293544413       -0.63275617974081
H           -3.82199772658786        0.19924434146242       -2.20720153263747
H           -1.79155584972159       -2.38917011882264       -1.19999267926902
H           -0.78537640358473       -0.81138852760777       -2.64324071123992
H            1.55499103648547       -1.35580655446860       -0.76375734886890
H            2.33789624573210       -1.94704989361603        1.88041929441754
H            3.86947776166383       -0.23842649113460        0.90675002710172
H            3.93647110337283       -2.25936978885023       -0.43649634138754
48
 energy: -84.809354977544 xtb: 6.7.1 (edcfbbe)
C            4.65806657338283        2.54074338383904       -1.81504228881663
O            4.54116037617175        1.43315667416902       -0.94271489649793
C            3.27269170200160        0.89920064990448       -0.87097106208364
O            2.46065304389247        1.78980393615619       -0.13067581787185
C            1.13294040636468        1.35552511971361        0.05847454369284
C            0.44688546986666        2.45903716168340        0.87659679989028
O            1.15392612678475        2.73338686378858        2.05231661525678
C            1.07258313761499        0.00619627791155        0.80326260858516
O           -0.30445113446015       -0.31052261159370        0.95902627741290
C           -0.82512741783013       -1.56156167659014        0.57766334461192
O           -1.89210937835389       -1.86532197099934        1.43123342166132
C           -2.93857983384521       -0.90994404627373        1.42837005639537
C           -3.96818275746279       -1.36866134280953        2.47033854028528
O           -5.00082071025472       -0.42489018799022        2.64147582553721
C           -3.56922584211916       -0.79722930236406        0.03138913722502
O           -4.53246471161429        0.22540126332088       -0.04349706970160
C           -2.46431461802278       -0.47898260173139       -0.97677711690519
O           -2.94678127005050       -0.47409351238148       -2.30040355208505
C           -1.36150274166369       -1.53586148039829       -0.87646634772711
O           -0.34090666478813       -1.26332967657105       -1.80077381314709
C            1.95836250324160       -1.03098743620395        0.11724017026932
O            2.10193789666859       -2.21941013074501        0.87057711481031
C            3.35859875504856       -0.45735331794821       -0.16422927125024
O            4.07356097093504       -1.34448263654785       -0.97707457758594
H            4.01559076861552        3.36478006005577       -1.49333669319607
H            4.39742820081514        2.25524693572693       -2.84014231567407
H            5.70103618094394        2.84482670808861       -1.77128390957302
H            2.83337273857538        0.75220388239751       -1.87872655572320
H            0.62901764749262        1.23019105822585       -0.91245495757613
H           -0.54939249545571        2.12741925817125        1.16991422801783
H            0.36734790364079        3.36043868834063        0.25264777535814
H            2.07852952510823        2.85764675436211        1.79944565526889
H            1.46705676338177        0.17401465634030        1.82170490863604
H           -0.10097678836979       -2.37043674017725        0.70673973864676
H           -2.54124515167939        0.07659721535731        1.71157698129346
H           -3.44944024749133       -1.57567886103894        3.41208017030977
H           -4.44774702397866       -2.28897005149399        2.13063426624457
H           -4.63925905413098        0.36094432039143        3.06834242601871
H           -4.01948133296883       -1.76871309953196       -0.23517276469938
H           -5.13388449069730        0.11693685055584        0.71032061983796
H           -2.03647125923497        0.50610539964767       -0.72934901026457
H           -3.77035166693704        0.02866660702238       -2.29531740355712
H           -1.80064862070509       -2.52564799973311       -1.08044613611625
H           -0.78448569559527       -1.05886331344838       -2.63605721183317
H            1.50908990389106       -1.33788458165713       -0.83191574669658
H            2.41160242261801       -1.99515202523805        1.75788535540265
H            3.89142074117994       -0.29448442937552        0.78933017754707
H            3.88498722618297       -2.24001271186903       -0.66227346133608
48
 energy: -84.807639080799 xtb: 6.7.1 (edcfbbe)
C            4.59709708858292        2.64287367897115       -1.79477926562179
O            4.50721221321706        1.47932944084798       -0.99517504463109
C            3.23661959365947        0.95568222079417       -0.89706364063990
O            2.47387877006170        1.80217307048322       -0.05830895373104
C            1.14656993203519        1.37757388212793        0.14801416739723
C            0.51240018586904        2.42375699810147        1.07579376241618
O            1.26218126124586        2.58609572698731        2.24557004559275
C            1.08185740321456       -0.02503339424334        0.78387198860867
O           -0.30232680155042       -0.32004439378236        0.92275220026476
C           -0.82777635813123       -1.59383883276209        0.63796563472854
O           -1.91511205923834       -1.81277500627419        1.49581126134381
C           -2.93729926310652       -0.83600896153278        1.41642794494739
C           -3.98291018722067       -1.19166880882705        2.48251140101708
O           -4.99078377876137       -0.21100412742807        2.57796115160230
C           -3.55902824465208       -0.80930186199431        0.01149199166462
O           -4.48655101477417        0.23676760804789       -0.14592206905872
C           -2.43918241994832       -0.60760016145925       -1.00921034370859
O           -2.91326313249358       -0.69748129922632       -2.33317220252123
C           -1.36903065410123       -1.68590733786991       -0.81466349131652
O           -0.36014959984043       -1.54210574339716       -1.77764530487387
C            1.94449610267899       -1.02799721806355        0.02113139051004
O            2.11367185502482       -2.24407183437390        0.72341634676135
C            3.33598071618873       -0.44568233878679       -0.28633426512949
O            4.00626686927217       -1.28281982502935       -1.18567945510503
H            3.98157272901691        3.44919752007547       -1.38712810085432
H            4.28422341821845        2.43093321496719       -2.82308489344351
H            5.64481783126310        2.93300882932766       -1.78100266990572
H            2.74662849650823        0.88333668096291       -1.88950072686550
H            0.60420998061127        1.34167926743398       -0.81011888925761
H           -0.48145667279964        2.08889853551422        1.37312108633222
H            0.43389584624407        3.37456169662294        0.53003773612640
H            2.18031318861825        2.71710702234081        1.97331463709600
H            1.49334167778326        0.06011564708913        1.80756580872660
H           -0.11262722284495       -2.39665471535165        0.83499046234151
H           -2.51827098517383        0.15919655654015        1.62926234405835
H           -3.47416076014002       -1.34352418733582        3.44004313895207
H           -4.48528685645124       -2.12114183952097        2.20688623693143
H           -4.61147103135610        0.59224205198370        2.95386197799739
H           -4.04126337852179       -1.78227754563148       -0.18378179934842
H           -5.09703931429499        0.20204609330090        0.60749812945637
H           -1.98391737099298        0.38158701317581       -0.83960129531670
H           -3.71960360131272       -0.16963865898787       -2.37763576389661
H           -1.84355685794789       -2.67568302652080       -0.91384829825196
H           -0.81381725287304       -1.39287666147926       -2.61963290035992
H            1.46030526776941       -1.30269089568958       -0.92003836234041
H            2.48158627492555       -2.05578808467143        1.59712331685902
H            3.91185117503515       -0.34876848403191        0.65142512769521
H            3.82490302628916       -2.19578355100092       -0.92103681561510
48
 energy: -84.805850742102 xtb: 6.7.1 (edcfbbe)
C            4.55384803948424        2.75663385749251       -1.74099088264469
O            4.47649385238060        1.53474672724232       -1.03217386033743
C            3.20234312460493        1.02267007199696       -0.92194442409018
O            2.48870482952358        1.81156702827618        0.01145311806240
C            1.16264849272688        1.39409115341632        0.23476614512731
C            0.58552717119160        2.37234404965192        1.26844319508555
O            1.38103908140840        2.42433725449275        2.41762348872320
C            1.09031371320081       -0.05374380084807        0.75675301750608
O           -0.29905188585343       -0.32569568291472        0.88844434715206
C           -0.83175000536458       -1.61525491364466        0.70936205747691
O           -1.93486757074498       -1.74237153715515        1.56959716654783
C           -2.93353227521374       -0.75344193948872        1.40151931240809
C           -3.99108914678858       -0.99244723917057        2.48817502631879
O           -4.97598397253124        0.01585873731336        2.49266388035012
C           -3.54925923719902       -0.83217981903192       -0.00387312854351
O           -4.44340826052430        0.22399038252372       -0.25825902508923
C           -2.42002219000739       -0.75776371487654       -1.03103204576751
O           -2.89186236406152       -0.96200007110537       -2.34327156672426
C           -1.38006423476394       -1.84169362941501       -0.72766792222878
O           -0.38625022948252       -1.84251863441117       -1.71463892799717
C            1.91980038029454       -1.01146773352734       -0.09648647308748
O            2.10706578077948       -2.26456345472413        0.53152872206250
C            3.30362331198476       -0.42249421496951       -0.42461420531563
O            3.92026534529675       -1.19747929677354       -1.41384515318243
H            3.96824036232504        3.53640252955791       -1.24662688746305
H            4.19759013562080        2.63090442029278       -2.76940869188616
H            5.60590095878748        3.03083943376755       -1.74678085487962
H            2.67125083322581        1.03572753214720       -1.89578469223165
H            0.58306000298281        1.44795470361144       -0.70047384776358
H           -0.40351946048324        2.03227883568335        1.57531232267229
H            0.50738255402354        3.36577410319759        0.80483229999954
H            2.29102327228130        2.56243648023060        2.12250755822416
H            1.52444442517206       -0.05807130924597        1.77547059290185
H           -0.12581427443743       -2.40387374216213        0.98128130641841
H           -2.49314668865168        0.24691959151174        1.53046275965771
H           -3.48978883909168       -1.07287038842255        3.45820612662509
H           -4.51393264536471       -1.93043007305484        2.29045798796497
H           -4.58018060080195        0.83861522417890        2.80362547484933
H           -4.06099152764068       -1.80322506780093       -0.11559482294870
H           -5.05995043812527        0.27074111961367        0.48944630668250
H           -1.93924278987923        0.23070437070426       -0.95408595953034
H           -3.68116842781859       -0.41666687545861       -2.44448039971126
H           -1.88713162649563       -2.82042906980711       -0.70999268587008
H           -0.85106188237145       -1.77239893200772       -2.56090068454538
H            1.39677491651379       -1.23664311155398       -1.02966504142292
H            2.53291691603818       -2.12734930630240        1.38857104996810
H            3.92268466035286       -0.40340784039868        0.49037829107875
H            3.73012450754343       -2.12506226278297       -1.21480467185841
48
 energy: -84.804243858682 xtb: 6.7.1 (edcfbbe)
C            4.51371600479822        2.86969622749599       -1.67947536372497
O            4.44458317755698        1.59332649004801       -1.07329012833995
C            3.16719227219845        1.09389346880905       -0.94631522675366
O            2.51082510192293        1.81532103934013        0.07942254536110
C            1.18723319923460        1.40540363593231        0.32736891416561
C            0.68020353699452        2.30414221633909        1.46524826335828
O            1.52927537941571        2.24476854621516        2.57493478397696
C            1.09980387060667       -0.07955791637791        0.72890429252366
O           -0.29368673022010       -0.32259576612598        0.86140487576173
C           -0.83692452246461       -1.61793258476936        0.79288572039964
O           -1.95239666593242       -1.64881735305257        1.64902790797530
C           -2.93314203522580       -0.66547419608587        1.37736659679235
C           -4.00215306998216       -0.78152225294969        2.47295654989034
O           -4.96926002728376        0.23899299010377        2.37260523357318
C           -3.54016575646725       -0.86921358302696       -0.01913646188675
O           -4.41081887459375        0.17459750156109       -0.38280055886276
C           -2.40224190300355       -0.91950593055073       -1.03823758256740
O           -2.86917412274590       -1.25173566308356       -2.32581295137377
C           -1.38467809963931       -1.98559182639065       -0.61513186207007
O           -0.39790463016811       -2.12566294671903       -1.59628605532185
C            1.88197429028193       -0.97892076230604       -0.22713727185001
O            2.07261253017744       -2.27654496141663        0.29714084632829
C            3.26139777155415       -0.38729344598552       -0.56902160016418
O            3.81962412326510       -1.09383447428393       -1.64079378330055
H            3.96761725223905        3.61397724859869       -1.09362204970245
H            4.10771720378353        2.83798775918902       -2.69662865764599
H            5.56972251823814        3.12620838570821       -1.71251125905747
H            2.59372916796913        1.19490599359095       -1.89066608741625
H            0.56756887207973        1.55021893722825       -0.57175948980301
H           -0.30065273332017        1.95744533790194        1.79045349429009
H            0.60271059894491        3.33424742913041        1.08993094227069
H            2.42762122925886        2.38945493339959        2.24883709109781
H            1.55971866995466       -0.18216968451291        1.73116885146613
H           -0.14175576181068       -2.38376515058139        1.14624267099626
H           -2.47781252610454        0.33599436302660        1.41233580255965
H           -3.50887237523321       -0.77724937036491        3.45044384190954
H           -4.54010065632516       -1.72513604686809        2.36135204014201
H           -4.56181885848883        1.08089207168542        2.60801022937321
H           -4.07094872358539       -1.83623019092316       -0.04038336511904
H           -5.03374993970587        0.30340544073607        0.34973729219329
H           -1.90490538278393        0.06331418952568       -1.06052311996476
H           -3.64570280631283       -0.70411117224894       -2.49206170163923
H           -1.91619281917491       -2.94310507568284       -0.48473148607788
H           -0.86621236645589       -2.15332120781685       -2.44321280154964
H            1.31768952714184       -1.12964627346295       -1.15110409929303
H            2.54673769400323       -2.20998956977796        1.13719115079241
H            3.91902949851173       -0.44937196131132        0.31679223770685
H            3.61296399977189       -2.02990090237392       -1.50763453939731
48
 energy: -84.803015320820 xtb: 6.7.1 (edcfbbe)
C            4.47976175733756        2.97034008337545       -1.61742187796227
O            4.41114753671057        1.64960223742922       -1.11519033187252
C            3.13056311153640        1.16435796007125       -0.96774082286375
O            2.53824875701662        1.81204184162814        0.14309070362721
C            1.21825297267527        1.41077988771219        0.41949338611461
C            0.78919238355371        2.21905886310019        1.65374572421513
O            1.68924251032219        2.04534130160594        2.70986599605474
C            1.10529522750649       -0.10071260353360        0.69869295495562
O           -0.29140944192725       -0.31054494803091        0.83431771526809
C           -0.84357901937599       -1.60273225924283        0.87782521656497
O           -1.96931247411044       -1.54270892396716        1.72086578637782
C           -2.93643999379119       -0.58101737014941        1.34348170781829
C           -4.01712340752577       -0.57822833997378        2.43367877695695
O           -4.97203242505452        0.43703214266133        2.22344516003852
C           -3.53176182629939       -0.91424311683799       -0.03302655325129
O           -4.38499735846638        0.09931152752893       -0.50713488383596
C           -2.38476953133171       -1.07925036822508       -1.02987189753159
O           -2.84449520997215       -1.53766418527555       -2.28067113039507
C           -1.38209103705987       -2.10704750062793       -0.48988784682089
O           -0.39105850356107       -2.36275512867780       -1.44017415497762
C            1.83442993180099       -0.93708079076714       -0.35294736657631
O            2.02449501957158       -2.27035631329640        0.06615355952553
C            3.20894923506847       -0.34303151590140       -0.71190155064039
O            3.70292735165060       -0.97566278956662       -1.85873639489332
H            3.97573665926262        3.67269143981003       -0.94817697095806
H            4.02821187979371        3.02962864426890       -2.61386103527424
H            5.53832080116632        3.21078071886572       -1.67804988723513
H            2.51632447377406        1.35210707225786       -1.87237855769786
H            0.56049902335449        1.64572421703719       -0.43228715836604
H           -0.18326743802642        1.86619211581483        1.99746976834735
H            0.71993508424268        3.27920801342105        1.37231088132200
H            2.57416244101380        2.20071346598077        2.35334288889047
H            1.58527408556615       -0.30173597544278        1.67610428540469
H           -0.15693286639499       -2.33384528246888        1.31355329025852
H           -2.47046118253646        0.41452869591597        1.28508206446360
H           -3.53331259653684       -0.48309783043234        3.41129569870203
H           -4.56430724571961       -1.52269442442631        2.40933923300543
H           -4.55714166369089        1.29388028970412        2.37708185516728
H           -4.07502605865733       -1.87207751307023        0.03494799343270
H           -5.01591013700974        0.30440183766124        0.20063289067280
H           -1.87720380063099       -0.10867958490860       -1.14819922729046
H           -3.61059630173600       -0.99903956124317       -2.51205110170104
H           -1.92848424286375       -3.03810943925994       -0.26178938931047
H           -0.85307084394062       -2.49196234428472       -2.28093878858065
H            1.22901692550693       -1.01151221224160       -1.26021179313508
H            2.52971376679791       -2.27132723094070        0.89049480722060
H            3.90356535876798       -0.48553916042800        0.13539018125130
H            3.48151442228350       -1.91507171203203       -1.78556914569816
48
 energy: -84.801970157256 xtb: 6.7.1 (edcfbbe)
C            4.41234371685824        3.07161743025568       -1.57379648062320
O            4.35607919067196        1.71265119458432       -1.18515755773715
C            3.08037555837295        1.23020529699113       -0.99195751752388
O            2.57221881727258        1.79037897450318        0.20448542242237
C            1.26048538913361        1.39359836858010        0.51992442608014
C            0.92040764809034        2.09697470055437        1.84305692863340
O            1.86936283858325        1.80432635467418        2.82799335538874
C            1.11466587737775       -0.13382281359639        0.67433996638644
O           -0.28655661567956       -0.30447675149195        0.80634273748408
C           -0.85736834437202       -1.57960478172266        0.95770090550476
O           -1.99271572674484       -1.42742577063842        1.77627357240368
C           -2.94182733591773       -0.49387010610743        1.29645311224098
C           -4.03312949433011       -0.37096510293106        2.36898049315797
O           -4.97340753294146        0.62918358264135        2.04943870159047
C           -3.52694982261215       -0.95248054596245       -0.04789665756054
O           -4.36491500797868        0.01818163348305       -0.62720547739208
C           -2.37107602689165       -1.22377825567305       -1.01080644425295
O           -2.82241365833814       -1.79674290945702       -2.21629145142077
C           -1.38478636739817       -2.20477442920194       -0.36327574539224
O           -0.38361397691320       -2.55677759109723       -1.26834126524450
C            1.80104370087470       -0.91084109096562       -0.45167278833154
O            2.02520065524706       -2.25763314431434       -0.10482497340573
C            3.15341100136783       -0.29232088139628       -0.85913998149741
O            3.56077366762274       -0.83736777098975       -2.08243906657608
H            3.96665514627306        3.71743528739533       -0.81249869141433
H            3.89541152003270        3.22364799234527       -2.52776957353193
H            5.46824408315789        3.30532712863950       -1.68591343103220
H            2.41098910702599        1.49691725228996       -1.83553099455173
H            0.56323431763683        1.71665702970350       -0.26924307961080
H           -0.04300261138587        1.73902458961958        2.20706445415011
H            0.86853114591665        3.17977263615988        1.66241607721399
H            2.73825916404883        1.97535652351958        2.44064522293274
H            1.59876593738457       -0.42751682920354        1.62549517233858
H           -0.18403045449879       -2.27331435942336        1.47044994540382
H           -2.46074213786504        0.48498499901130        1.14727581508055
H           -3.55777975963857       -0.18518750360558        3.33778841314739
H           -4.59166458658268       -1.30691969231195        2.43209400277020
H           -4.54856694290812        1.49223013895091        2.11782166894358
H           -4.08041504990942       -1.89429223532123        0.10643036148051
H           -5.00173148598150        0.29567983631259        0.04991010294651
H           -1.85218025625936       -0.27410006431377       -1.21671737723383
H           -3.58017889443796       -1.27599913068260       -2.50807496139128
H           -1.94512631225326       -3.10457359896412       -0.05492172076211
H           -0.83100499288442       -2.75750140282681       -2.10253872453387
H            1.14944086788256       -0.94872854704344       -1.32899536425897
H            2.54764437014373       -2.29146472216275        0.70743554196062
H            3.90177967931078       -0.50415328492802       -0.07486745818104
H            3.37985611107647       -1.78752370703496       -2.04645496639448
48
 energy: -84.800908311423 xtb: 6.7.1 (edcfbbe)
C            4.32646419122291        3.17740192676806       -1.53043403838036
O            4.28401294458520        1.78887777091909       -1.26369978037957
C            3.02159061557486        1.29729072316795       -1.01392049441027
O            2.61176174111146        1.75224236757325        0.26184279389493
C            1.31377923915725        1.35134124510211        0.62181784276655
C            1.06725076171985        1.93897513986157        2.01993262096484
O            2.05985484645625        1.53291540462931        2.91854041318477
C            1.12992121189142       -0.18141976778271        0.65207634067601
O           -0.27605268724707       -0.30751295264110        0.78090585704206
C           -0.87845005950543       -1.54915721426081        1.04285064879541
O           -2.01926535530859       -1.29493146299309        1.82707395236733
C           -2.94661845585169       -0.39981088964921        1.24246383621717
C           -4.05136614624432       -0.15859756091489        2.28089653231753
O           -4.97482707413182        0.81526260625688        1.85072494465424
C           -3.51989714613602       -0.97914812989352       -0.06008147409731
O           -4.33576655899746       -0.05831403806183       -0.74287905431794
C           -2.35513984919440       -1.35853693748018       -0.97498825724427
O           -2.79812997494820       -2.03615241372526       -2.12772675670972
C           -1.39768816688330       -2.28924212998538       -0.21931658193700
O           -0.38269755225739       -2.74109979972725       -1.05967550250066
C            1.77660346455890       -0.89308697812890       -0.54296673860584
O            2.05960974575054       -2.24439012268696       -0.26877473376833
C            3.09082455149301       -0.23010042056425       -1.01202673467886
O            3.39386344744034       -0.67247363638140       -2.30554555770359
H            3.95259730956539        3.75314184412520       -0.67949220672019
H            3.73598290974450        3.41950453328915       -2.42103517993668
H            5.37283649605833        3.41428607810073       -1.70689328383106
H            2.29216316834330        1.63795751633704       -1.77719538315260
H            0.57878580807564        1.75569923880745       -0.09220452532400
H            0.11440826544249        1.57439034205784        2.40531452433839
H            1.03868481792816        3.03469795166120        1.94099874510279
H            2.91089238938570        1.72500253238579        2.50256834176338
H            1.61040144044163       -0.56520419079818        1.57148272926456
H           -0.22557367160491       -2.20208777567304        1.63179752622183
H           -2.44811890143651        0.55315508881201        1.00687055055120
H           -3.58731655770849        0.11666266343045        3.23389073801279
H           -4.62220746790449       -1.07764557957429        2.42770998545285
H           -4.53913009280325        1.67554404747140        1.83501767074853
H           -4.08901071783061       -1.89414616336313        0.17670315804078
H           -4.98118692858246        0.28761127036329       -0.10652828425672
H           -1.81679973005365       -0.44106443836512       -1.26119214788668
H           -3.54198350818608       -1.53373682551592       -2.48094828960226
H           -1.98113222756052       -3.14572500737600        0.16273691619664
H           -0.80729330744955       -3.00033778509933       -1.88929365201380
H            1.07408921904602       -0.91160225998506       -1.38144729462669
H            2.58969106521521       -2.30145452023117        0.53633068350210
H            3.90027864903208       -0.50322041825394       -0.31238074106030
H            3.26929998340233       -1.63176693609341       -2.31641601602050
48
 energy: -84.800038981367 xtb: 6.7.1 (edcfbbe)
C            4.24889852754448        3.30504374827792       -1.44777376793969
O            4.21406381727853        1.89762410018912       -1.31138260069377
C            2.96739960130205        1.38723249900963       -1.02553192118204
O            2.64608239688350        1.71113858017837        0.31388572830699
C            1.36878599275746        1.28222683156815        0.70705088858283
C            1.20831439452174        1.73484277185282        2.16706080222862
O            2.23586989796225        1.22118726243782        2.96620956509523
C            1.15094326844384       -0.24757796444615        0.60926551733584
O           -0.25561608012489       -0.33194592474073        0.76503116651534
C           -0.90056464990845       -1.51665392814113        1.15809862226551
O           -2.03142071329528       -1.12826678041621        1.89923647088207
C           -2.93021470089750       -0.29527607477198        1.18792558820520
C           -4.06094578516858        0.07219097439286        2.15949905285582
O           -4.95441014903503        1.00707814384647        1.59962208797151
C           -3.48190420073915       -0.99865559070896       -0.06429329102435
O           -4.24073389603034       -0.12832702169498       -0.86805549520647
C           -2.31074744373748       -1.52218937608304       -0.89874935198436
O           -2.74992766604793       -2.30526083783698       -1.98265352471731
C           -1.42704502723928       -2.39479266584673       -0.00192748069780
O           -0.40464359532573       -3.01379444912301       -0.71238327621306
C            1.72221146849922       -0.83333952059030       -0.69231661413333
O            2.02454012870672       -2.20531030681604       -0.61558719254828
C            3.01743251468591       -0.13187365771063       -1.17015525200381
O            3.23836334652983       -0.45638485061080       -2.51381527588399
H            3.94505082739034        3.79794239586718       -0.52044245215351
H            3.59523456376928        3.63176724104392       -2.26408403835218
H            5.28090425106123        3.55613370998306       -1.67983236610054
H            2.19144015544858        1.80438440005701       -1.70010719383622
H            0.59844691174602        1.75528922402123        0.07784221429933
H            0.26754244846352        1.35449781590847        2.56712508378836
H            1.20420145367590        2.83314934825007        2.19694843221485
H            3.06925496223656        1.44370331735834        2.53025633629126
H            1.65035960193744       -0.73314432125237        1.46514328514756
H           -0.27125949956017       -2.11028580054640        1.83248889401020
H           -2.41033151115336        0.62011865947486        0.86499293696496
H           -3.62048683502954        0.44132550423486        3.09162374328584
H           -4.65181111299772       -0.81760236375613        2.38580685135378
H           -4.50440877395154        1.85503128788034        1.50777945670346
H           -4.09430958486117       -1.86066595276502        0.25046992340286
H           -4.90200228850556        0.29392850056304       -0.29743399007328
H           -1.72550304846337       -0.66420919089741       -1.26537311849470
H           -3.45659302065533       -1.81370356549548       -2.41796214909236
H           -2.07047859238269       -3.15765640000703        0.47338623334398
H           -0.77664425304339       -3.29975900878465       -1.55725686154054
H            0.97089022169017       -0.73910172045121       -1.48452800054858
H            2.42261261406845       -2.40669019124364        0.23844783652596
H            3.85870773133465       -0.47835756197521       -0.54610801112692
H            3.13444748273851       -1.41501735779965       -2.59395884061053
48
 energy: -84.811605563370 xtb: 6.7.1 (edcfbbe)
C            4.51357505892626        3.30784294313488       -1.17637993469685
O            4.35265466942937        1.90288256279419       -1.18110114222417
C            3.05510509884321        1.47888077922724       -0.99280594155999
O            2.69276768189171        1.72987604484541        0.35054603518120
C            1.38885278641252        1.32274794855315        0.67292300412296
C            1.17697440464674        1.73076811735188        2.13933162514842
O            2.14053437286527        1.14877144394525        2.96916826639023
C            1.15130324216942       -0.19563742578508        0.50263762114584
O           -0.25825284362892       -0.29328211781970        0.68551990746540
C           -0.86234261180016       -1.43257829200900        1.23148786938483
O           -1.99803841169927       -0.98716328795470        1.93609785107272
C           -2.92277533156751       -0.26357295845233        1.14269774764012
C           -4.04934762337668        0.19782892291093        2.07857132966681
O           -4.97110440405939        1.03386214015471        1.41758637885556
C           -3.47807390272624       -1.12603489458472       -0.00522456805487
O           -4.25928834962671       -0.37726014153064       -0.90202119348056
C           -2.30637442812204       -1.73256468888546       -0.78036985982428
O           -2.73415051194872       -2.66052418956269       -1.74895724632715
C           -1.40726761426921       -2.46682204165170        0.21556012625412
O           -0.41564491014653       -3.21151552323695       -0.43689976403765
C            1.65760720666859       -0.66996267629364       -0.87212146877088
O            1.94203563612246       -2.04259199991186       -0.91992633872353
C            2.99783023517748       -0.02014776104033       -1.27521320525740
O            3.21353408567791       -0.22118345080808       -2.64441827019092
H            4.21348197590522        3.73553264180419       -0.21603549509295
H            3.92644269870140        3.76868064894747       -1.97865292224389
H            5.57256861627370        3.48630812383198       -1.34636885010650
H            2.35198988543464        2.01254277316543       -1.66667958745660
H            0.65775025886936        1.83838380310474        0.02941870855806
H            0.20218478353117        1.38098805813438        2.48246519326761
H            1.21755200787317        2.82742831247069        2.20541127856970
H            3.00151135943704        1.31915860068759        2.56448320880264
H            1.68000166681800       -0.74690894826634        1.29198727561829
H           -0.20817959071033       -1.92123049381552        1.96485000956778
H           -2.42607385592996        0.61440570505883        0.70212794296664
H           -3.60628102159773        0.69025026810278        2.95012780505498
H           -4.61528276428368       -0.66999638484757        2.42345565773130
H           -4.55314622067638        1.88440690408254        1.23857454876180
H           -4.07212121908871       -1.95146365024993        0.42332812531066
H           -4.91498178190971        0.11164661962330       -0.37972208460358
H           -1.73933107568616       -0.91971986903873       -1.26054776455525
H           -3.46208307809089       -2.25128332974878       -2.23176008884691
H           -2.03341778269713       -3.15431080249499        0.80778710213369
H           -0.83471893526430       -3.59181668533083       -1.22352916081071
H            0.90053221045781       -0.39561040874081       -1.62677184839025
H            1.13726547312449       -2.55024915101748       -0.70562789802615
H            3.79265025361550       -0.49381989283761       -0.68065043785289
H            3.19156875729871       -1.17594838373775       -2.79087490280587
48
 energy: -84.812809713174 xtb: 6.7.1 (edcfbbe)
C            4.55390598853004        3.32543367344932       -1.09019095916426
O            4.35348091980359        1.92879655343654       -1.18554855567821
C            3.05199433527407        1.52891055788224       -0.97752066962674
O            2.75196968909477        1.67448129979994        0.39722803949134
C            1.44404642792133        1.29188052508044        0.73366499466144
C            1.29531410446965        1.57748684291790        2.23603540474354
O            2.25405353056860        0.88009478919690        2.97879756066863
C            1.13823542978732       -0.19615515964596        0.44375265060167
O           -0.27193817293885       -0.26624905632549        0.63703750326243
C           -0.87440387342088       -1.35004763380531        1.28838141818979
O           -2.01157955754415       -0.84537622025789        1.94416477838316
C           -2.93508041663460       -0.21330800585284        1.07297763884859
C           -4.07546179322008        0.33125077955773        1.94478558902523
O           -4.98270964618148        1.10682960879875        1.19611381704006
C           -3.47136313276768       -1.18846059250374        0.00875387702688
O           -4.24704260062078       -0.53360996152179       -0.96327528591251
C           -2.29146326490583       -1.86294030160190       -0.69714834637752
O           -2.71002151216870       -2.88943159054474       -1.56453123652097
C           -1.39076437696580       -2.48278471342638        0.37173858968722
O           -0.36338887923437       -3.25271772565952       -0.19124999653120
C            1.56256920757625       -0.54873122194323       -0.99312257828978
O            1.73775284379682       -1.92128175061825       -1.21964175091616
C            2.92387897249509        0.06251441581823       -1.38350521107045
O            3.09027332292308       -0.03041517888080       -2.77066074750818
H            4.30475262550384        3.69198721745120       -0.09069388325743
H            3.94723304792803        3.85577439206522       -1.83291001371814
H            5.60941329236623        3.48966355004688       -1.29254719847174
H            2.34058417433645        2.14041253682953       -1.57204600910030
H            0.71319338649973        1.88777507743154        0.16348894285095
H            0.31503722344389        1.24331721291588        2.57995974801876
H            1.38961879795260        2.66059768922585        2.39761115939709
H            3.11131680527131        1.05631197171513        2.56877448653577
H            1.66489873841083       -0.83762108780865        1.16068682112539
H           -0.21904645879494       -1.76118444320899        2.06745871836062
H           -2.43928885305409        0.62070604881549        0.55318078792131
H           -3.64472057156103        0.89899748859047        2.77592281987907
H           -4.65095696012960       -0.50030005197480        2.35664172297755
H           -4.55548875281060        1.93323076630013        0.94150652206353
H           -4.06579937994638       -1.97194874184631        0.50946206799773
H           -4.90679540224047        0.00473192289170       -0.49788638525573
H           -1.72907379924799       -1.09977359586624       -1.25722286419808
H           -3.42622548417420       -2.53218676322336       -2.10294362955849
H           -2.00914854626047       -3.12845567291410        1.01608940543401
H           -0.76640219560821       -3.76112503756348       -0.91104936507368
H            0.79504441569685       -0.13782900189842       -1.67352874690741
H            0.99052290565016       -2.42038877719016       -0.83773937398696
H            3.71234397596130       -0.49519015122131       -0.85686549011291
H            2.98672563041782       -0.96367857046303       -2.99890212059235
48
 energy: -84.815593968494 xtb: 6.7.1 (edcfbbe)
C            5.14208844074745        2.85727250313537       -0.77732653492436
O            4.61213820559834        1.56225881193771       -0.98375972239732
C            3.23665164107811        1.49916885347167       -0.94344835134868
O            2.83231139191694        1.65162009701481        0.40675388185164
C            1.45780224447573        1.47347614817614        0.65569806074273
C            1.28034457003044        1.68619704385789        2.16764365016789
O            2.07661205221390        0.79611979726980        2.89773698311522
C            0.99098137981082        0.05754519612788        0.25254745296775
O           -0.40136613539688       -0.02520495127761        0.50520687835435
C           -0.88116107917044       -1.09800068734900        1.27620405935168
O           -2.02812782897035       -0.64795388892364        1.93905854113621
C           -3.06052727741657       -0.25731150543242        1.04329510610109
C           -4.23174654815423        0.24620703099486        1.89839744027290
O           -5.25837993321295        0.80360539995598        1.11078531631586
C           -3.49903585035686       -1.42181315731724        0.13422806042968
O           -4.40523765150053       -1.00269026898290       -0.85489572513275
C           -2.27528835917168       -2.02136430873336       -0.57045623353509
O           -2.59868451841318       -3.20013756923890       -1.26926956668110
C           -1.24608881339802       -2.37589011541535        0.50018569170675
O           -0.10721602330402       -3.00561410178914       -0.03222245660494
C            1.28363909416021       -0.06797539155355       -1.25011838592341
O            0.89267271784511       -1.27000767593873       -1.85652996312554
C            2.78906223300958        0.14628419468845       -1.50382026570165
O            3.03708254781615        0.12527520258764       -2.88090377394128
H            4.86604820682528        3.24373131237511        0.20739727662450
H            4.78813457660368        3.54794012705349       -1.55078450578520
H            6.22207848782407        2.75167038654120       -0.84486468223750
H            2.77734908165091        2.30530519357481       -1.55320072429786
H            0.85814537993095        2.20853033923021        0.09879174752640
H            0.24313147705152        1.49307430145706        2.44650806640126
H            1.53708446407090        2.72683396241550        2.40945533315870
H            2.97374639090694        0.86743172230806        2.54497351743181
H            1.54016319600971       -0.69789681421472        0.82428633666392
H           -0.15824481131342       -1.34916791383814        2.06688545001125
H           -2.69576820062135        0.55822131081832        0.40026403298679
H           -3.84909606244826        0.96323028375667        2.63224406789791
H           -4.68026117551399       -0.59160068505856        2.43627353209262
H           -4.94541142199648        1.63006875043852        0.72420682465528
H           -3.95315004254625       -2.20922728422276        0.76066570955887
H           -5.10912437539510       -0.49911062810312       -0.41605587531486
H           -1.85226363325962       -1.27449859336985       -1.25869914769973
H           -3.36047520072171       -3.00037641922371       -1.82597320951760
H           -1.72170190230909       -3.05036509339886        1.22986935946955
H           -0.43692298411176       -3.68655918569393       -0.63719662000390
H            0.73609245904602        0.73417661256175       -1.76967897483993
H            0.70943256910624       -1.93932447600800       -1.17053619636738
H            3.36577480260121       -0.64239183861539       -0.99446059433698
H            2.50670837175879       -0.60076806175216       -3.24187630175268
