48
 energy: -84.853337034757 xtb: 6.7.1 (edcfbbe)
C            5.76290100000000        0.53015100000000       -0.92184400000000
O            4.78486000000000        1.30071100000000       -0.22846800000000
C            3.59908000000000        0.64153500000000        0.03996200000000
O            2.93050000000000        0.34933400000000       -1.16884200000000
C            1.67213300000000       -0.26787300000000       -0.97384900000000
C            1.11454900000000       -0.61885800000000       -2.35983500000000
O            1.79617700000000       -1.68630100000000       -2.96014000000000
C            0.70942300000000        0.65660800000000       -0.19794800000000
O           -0.50547600000000       -0.03561700000000        0.01449300000000
C           -1.68990100000000        0.49358200000000       -0.53635300000000
O           -2.44597300000000       -0.58086600000000       -1.01625500000000
C           -2.81314400000000       -1.49967200000000        0.01333600000000
C           -3.65852900000000       -2.59362000000000       -0.65796400000000
O           -3.97905800000000       -3.63582000000000        0.23001600000000
C           -3.59524800000000       -0.81528800000000        1.15049100000000
O           -3.77729300000000       -1.68165200000000        2.24259200000000
C           -2.84394400000000        0.42538200000000        1.65666200000000
O           -3.62080400000000        1.16581900000000        2.56545500000000
C           -2.53728200000000        1.31262500000000        0.45114700000000
O           -1.88677000000000        2.50729400000000        0.76669900000000
C            1.36604800000000        0.97346800000000        1.15748000000000
O            0.56482700000000        1.84614400000000        1.89848900000000
C            2.75757400000000        1.57480700000000        0.92228000000000
O            3.35284300000000        1.76094200000000        2.17896100000000
H            5.42684400000000        0.30800200000000       -1.93461400000000
H            5.96436600000000       -0.40020700000000       -0.38440300000000
H            6.65269300000000        1.15240900000000       -0.94830400000000
H            3.78789700000000       -0.30900200000000        0.58479000000000
H            1.79719000000000       -1.19473200000000       -0.39323300000000
H            1.15601500000000        0.27891400000000       -2.98808300000000
H            0.07718600000000       -0.94046600000000       -2.25081900000000
H            2.71828100000000       -1.42918400000000       -3.10223300000000
H            0.53597200000000        1.58850100000000       -0.74377200000000
H           -1.46017400000000        1.11639200000000       -1.41132300000000
H           -1.90122000000000       -1.93568000000000        0.44558100000000
H           -3.12239100000000       -2.95624600000000       -1.53945000000000
H           -4.60566700000000       -2.15956000000000       -0.98600600000000
H           -3.20429300000000       -4.20075200000000        0.36140900000000
H           -4.57088800000000       -0.47934800000000        0.76097800000000
H           -4.17821000000000       -2.50674500000000        1.91395200000000
H           -1.89661200000000        0.11665500000000        2.12144400000000
H           -3.89824100000000        0.57402900000000        3.28053300000000
H           -3.48913300000000        1.53239700000000       -0.06497500000000
H           -2.29218300000000        2.86256200000000        1.57327100000000
H            1.48594200000000        0.02275200000000        1.70471200000000
H            1.08054600000000        2.14751200000000        2.66417700000000
H            2.64930900000000        2.53159000000000        0.39112600000000
H            4.22927800000000        2.15736700000000        2.06215800000000
48
 energy: -84.854728732840 xtb: 6.7.1 (edcfbbe)
C            5.74994853191996        0.59776450821448       -0.98948801299721
O            4.78181953927941        1.32028855159884       -0.23317175246265
C            3.60860182613726        0.63549244709040        0.02555259864562
O            2.91016005092036        0.41492178602275       -1.18192424714351
C            1.66567765563412       -0.23317658630881       -0.99249501107181
C            1.07878532206733       -0.50995343214806       -2.38201710629093
O            1.81383277608226       -1.47157329832558       -3.08879374828580
C            0.72146078776320        0.62826468552688       -0.12848370364809
O           -0.48989217575373       -0.06783287408927        0.09157881591274
C           -1.65004952431215        0.40473087732491       -0.55643669677697
O           -2.38363129035660       -0.70081296501337       -0.99124980002958
C           -2.80381575388345       -1.54622974368061        0.07992043869906
C           -3.61637501306131       -2.68413029003045       -0.55833905883862
O           -3.99007426773002       -3.66234120696118        0.38002345821630
C           -3.64081215448065       -0.78054489934278        1.12117191335330
O           -3.89950868094545       -1.56757342914144        2.25666885323225
C           -2.89803883624411        0.48103262553688        1.58635349684400
O           -3.70724270062685        1.28182597205696        2.41221175982324
C           -2.52139376500331        1.29314360935487        0.34799464739445
O           -1.83878197652855        2.47952862861464        0.63176220220307
C            1.40596851625304        0.87456092992400        1.22538473330801
O            0.60581661033648        1.70000606889425        2.02109809968932
C            2.78574556955284        1.50271854647171        0.99053727242633
O            3.41641782527222        1.61369940086389        2.23881860271807
H            5.38962575934053        0.42048731473117       -2.00283236093585
H            5.97713459847459       -0.35499806782213       -0.50379642515093
H            6.63118968521662        1.23228992045207       -1.00902791948333
H            3.81913768303837       -0.34627445690727        0.50273037710209
H            1.82365392363112       -1.19257646669189       -0.47506797458715
H            1.03285326695519        0.43502291168628       -2.93698027971315
H            0.07289659960531       -0.91751932109507       -2.26813627094042
H            2.71608096484383       -1.14360035654210       -3.21155705751962
H            0.52841823853179        1.59279294678092       -0.60800664974133
H           -1.38518496411503        0.96697291941573       -1.46097863385538
H           -1.91617581792642       -1.94909227501555        0.58805080618508
H           -3.03458846935826       -3.10674766949400       -1.38218974868174
H           -4.54187464150864       -2.27259040545316       -0.96729172733162
H           -3.22851869024871       -4.22176532766048        0.58875176237999
H           -4.58687096557391       -0.46011537475582        0.65323715364445
H           -4.28741627012139       -2.41142084340413        1.96196649842071
H           -1.97728361102303        0.19163639306340        2.11324203441492
H           -4.02743714740723        0.73358906925642        3.14393365689367
H           -3.44514726794546        1.51665919323164       -0.21408056588648
H           -2.27007690840929        2.89659387692999        1.39410508130951
H            1.54543497000148       -0.10074865819159        1.72115735287834
H            1.12385096660480        1.96205961044352        2.79948696489267
H            2.65422697059334        2.49003158533755        0.52476677735918
H            4.28145225324938        2.03549855950178        2.12532039930274
48
 energy: -84.855226555109 xtb: 6.7.1 (edcfbbe)
C            5.73008881039368        0.67043577082844       -1.05571592507115
O            4.77581233416927        1.33812256395715       -0.23437563832088
C            3.61489332136616        0.62796732155394        0.01100716745473
O            2.88332180333550        0.48340606929361       -1.18800575224398
C            1.65404966070264       -0.19801650776652       -1.00760068388221
C            1.04739120667383       -0.40965301087708       -2.39973715236243
O            1.84100971583963       -1.24807733530131       -3.19531037857843
C            0.73196891948821        0.59799324470512       -0.06123481009627
O           -0.48113569860324       -0.09200841178520        0.16578144579207
C           -1.61181249716953        0.32223435879850       -0.57066129146641
O           -2.32739791238529       -0.81020105619906       -0.95811054231372
C           -2.79657595819050       -1.58103605082565        0.14810709531316
C           -3.57272737256959       -2.76632684807597       -0.44781338772503
O           -3.97771376759317       -3.68632019509544        0.53518829064054
C           -3.68529668762136       -0.74702502858846        1.08830694805017
O           -4.01029106804673       -1.45463511926434        2.25861014976076
C           -2.95875184235601        0.53959489923236        1.50762934924334
O           -3.80375132745211        1.39836184140738        2.23426130911852
C           -2.50871174308382        1.27161727561181        0.24419377917307
O           -1.80539892869590        2.45315421866705        0.50317676234032
C            1.44643731671454        0.76872078728072        1.28696767584637
O            0.65403500679557        1.54574500303166        2.13865515382329
C            2.81539903051564        1.42113553686300        1.05628210748068
O            3.48342404958275        1.45323536233010        2.28939195342526
H            5.34453532576984        0.54605981840223       -2.06762297186463
H            5.97938152125064       -0.30561017016381       -0.63092919200117
H            6.60429335725275        1.31482345055275       -1.06280940689093
H            3.84542903948900       -0.38198676797956        0.41436066193783
H            1.84593175815878       -1.18316703367415       -0.55258152561067
H            0.91062466999171        0.56773741757400       -2.87850766062823
H            0.08322331112829       -0.91020173738737       -2.29939746147149
H            2.71121994830149       -0.83792278639216       -3.30161766424282
H            0.52825433343955        1.59208668193771       -0.47342662525582
H           -1.31111815312213        0.82534517183446       -1.49696140542512
H           -1.93359587495968       -1.94011460869882        0.72624553308206
H           -2.95334530503562       -3.23429760982309       -1.21801623592737
H           -4.48351887749430       -2.39213979799168       -0.92069604831806
H           -3.22183252059308       -4.22442541167622        0.81086207958800
H           -4.60213736772239       -0.45644333448891        0.54833191335818
H           -4.37648182933545       -2.32044796790646        2.00316659791121
H           -2.06954930241020        0.28078731359388        2.10074073189796
H           -4.16485748841765        0.90303076316981        2.98438494090518
H           -3.40045264418851        1.48952257362548       -0.36835326372976
H           -2.25922550483409        2.91807323641665        1.22356613693959
H            1.60140661159469       -0.23008262950525        1.72700971382443
H            1.17733009442107        1.75793131734178        2.92844426156337
H            2.66351533883940        2.43615610407663        0.66168177194250
H            4.34270318368839        1.88685629780438        2.17661249954121
48
 energy: -84.854749640799 xtb: 6.7.1 (edcfbbe)
C            5.71570564314120        0.70684730540635       -1.08821028673104
O            4.77680180467940        1.32425500630704       -0.21159133056595
C            3.61347276375497        0.60766664687846        0.00118537980907
O            2.85595673857516        0.56296452510296       -1.18949315416194
C            1.63031228937729       -0.13592602552950       -1.04125767021977
C            1.02552509094949       -0.26377548813515       -2.44428637294592
O            1.86900685713565       -0.98304060105591       -3.30396386190929
C            0.73222992720948        0.59188383022633       -0.01802740334990
O           -0.48668385374270       -0.08556228933138        0.21321537734130
C           -1.59275837376911        0.25681425148408       -0.59453337045983
O           -2.28447397315572       -0.90821236864523       -0.92230840440652
C           -2.77806880607492       -1.60817235361175        0.21963207495833
C           -3.51631809313932       -2.84621377430103       -0.31393088001907
O           -3.93987759410975       -3.70020592102435        0.71980696098668
C           -3.70954413428959       -0.72456252050461        1.06815415672522
O           -4.07204622932900       -1.35567834290132        2.27050479804451
C           -3.00770830919714        0.59356872658882        1.42538337789890
O           -3.88112259242737        1.48947848373401        2.06938489498071
C           -2.52343745388697        1.24785317888465        0.13206058256783
O           -1.83206026221322        2.44672218499398        0.34356611626539
C            1.47114658741160        0.66888533706176        1.32437481244212
O            0.69400183488373        1.39746987488974        2.23188063475899
C            2.84254202194079        1.32405108946429        1.12024345427406
O            3.53266838160243        1.25139912060667        2.33938080589789
H            5.31712274486701        0.65185378820055       -2.10135716695351
H            5.96378775146694       -0.29677188005753       -0.73246945650658
H            6.59424900559603        1.34491383637491       -1.06401605461977
H            3.84102438084086       -0.43266056073192        0.32024703610913
H            1.83736393467589       -1.14887832985629       -0.65766782372292
H            0.82992631336351        0.73971918238567       -2.84253931707417
H            0.09664915447083       -0.83319597501448       -2.39089877057459
H            2.71753659747561       -0.52004674687550       -3.35808609558823
H            0.52852868732904        1.61415084404393       -0.35942817672912
H           -1.27137971156955        0.70514193977909       -1.53963370847541
H           -1.92945373667994       -1.90925587899055        0.84950521989714
H           -2.86571026569874       -3.35808749107413       -1.02859835276349
H           -4.41689609791468       -2.52258562981829       -0.84066072372863
H           -3.18459274599898       -4.19914963951556        1.06238924211352
H           -4.60788435877889       -0.48123090820334        0.47609264549780
H           -4.41071823444427       -2.24495121083612        2.06091117716889
H           -2.13492328484883        0.38174828939746        2.06051129982436
H           -4.26214203942500        1.03965620154350        2.83818480355776
H           -3.39639545415242        1.42442064963639       -0.51905980361630
H           -2.31706044321142        2.95563826346840        1.01299861725624
H            1.62257367923865       -0.35669200469468        1.69827584509838
H            1.22030128245365        1.54049449941350        3.03501289438869
H            2.69582155638312        2.36854938418136        0.80974224731099
H            4.39700101335267        1.67870447895246        2.24285472133405
48
 energy: -84.853131816927 xtb: 6.7.1 (edcfbbe)
C            5.69673810356030        0.73517577504915       -1.11940268020524
O            4.78364433012430        1.28950654290782       -0.17604463387736
C            3.61124727640470        0.57718008181962       -0.00374637101404
O            2.83396750334970        0.64198649759348       -1.18001458959809
C            1.60714001296582       -0.06643148003855       -1.07813695753626
C            1.01693333471138       -0.09289854661234       -2.49383427253737
O            1.91424928702529       -0.67045538899150       -3.40497764628243
C            0.73134212695835        0.58707803774124        0.01458379055104
O           -0.49623015059683       -0.07341622468495        0.24769653737364
C           -1.57989318858915        0.18827712143077       -0.61793261044725
O           -2.24844367381260       -1.00752937712692       -0.87455896881427
C           -2.76070993778001       -1.63048533274022        0.30282051246285
C           -3.45651337403719       -2.92220664690566       -0.15463541374676
O           -3.87687667143962       -3.71362488969036        0.92909287050076
C           -3.73367556260839       -0.70432579090941        1.05258238978697
O           -4.13059937731605       -1.25156932806977        2.28476328754803
C           -3.05888521126447        0.64507773150887        1.33602789153890
O           -3.96179393758194        1.57204898949956        1.88937306577557
C           -2.54155843904815        1.21530186124714        0.01585883069687
O           -1.86236461982371        2.43043459324287        0.17128515710209
C            1.48881045598430        0.56525748334187        1.34854784058843
O            0.72843380370864        1.24541148235675        2.30748288615649
C            2.86778441312384        1.21358719550457        1.17963325489295
O            3.57085990215753        1.03397323469002        2.38004704700648
H            5.28829188570209        0.79145743773817       -2.12845219526824
H            5.91890539942449       -0.30510198859741       -0.86717387828511
H            6.59353632377205        1.34307322523606       -1.04295204518320
H            3.82515223660580       -0.48928459050777        0.22596158863551
H            1.82012216319505       -1.10511278220925       -0.77306244454871
H            0.76286961319749        0.93034898842846       -2.79823032042503
H            0.12970076844034       -0.72649551252811       -2.51391895896023
H            2.73980826831605       -0.16505414932405       -3.38100179749318
H            0.53550854992653        1.63389147191968       -0.25488995386512
H           -1.24444887382983        0.57681539891374       -1.58168856320762
H           -1.92562753956549       -1.86321166659591        0.97794883165682
H           -2.77881367829615       -3.46375054770804       -0.82060849388098
H           -4.35527424101163       -2.66159101378644       -0.71816597898507
H           -3.11541947714903       -4.16575231232957        1.32008101450872
H           -4.61354697371252       -0.51793572437562        0.41383929536310
H           -4.43834259400707       -2.16315130304272        2.13210551231490
H           -2.20414101306607        0.48936935099453        2.01098852184210
H           -4.36826350073478        1.16721266291102        2.67004308603538
H           -3.39613905046110        1.34375913916844       -0.66945193278345
H           -2.37206695507943        2.97904096061813        0.78907547434431
H            1.62737412983861       -0.48439616901265        1.65346343878640
H            1.25413945051346        1.30988368110919        3.12100804349843
H            2.73355892732421        2.28134410266946        0.95442843674306
H            4.43950976491577        1.45728269762323        2.30762307105046
48
 energy: -84.850587294916 xtb: 6.7.1 (edcfbbe)
C            5.70542425456469        0.72174347643573       -1.09617705981801
O            4.79465282228191        1.23206256595564       -0.12616196246603
C            3.60514923798240        0.53714791731344       -0.01010099288091
O            2.82491067918252        0.72884396003809       -1.16986180164312
C            1.58609305735114        0.03118833137598       -1.14783531319111
C            1.01860461673812        0.18137447237679       -2.56838269120972
O            1.97128489441725       -0.17464290776342       -3.53472951412235
C            0.72431636929112        0.58631554659829        0.01033826224597
O           -0.50743422418855       -0.06651508052543        0.24524515026602
C           -1.58086900756466        0.08696792091454       -0.65640813659490
O           -2.21555719354211       -1.14463124529878       -0.80970203208717
C           -2.73529979191093       -1.66898596610351        0.41217094938371
C           -3.40256747189686       -3.00805781129113        0.06053017777314
O           -3.83886006971760       -3.70321973182759        1.20221865909462
C           -3.73592301703510       -0.69912472748643        1.06536706363983
O           -4.13718917552785       -1.14201705992844        2.33756876853982
C           -3.09100962565097        0.68351862864010        1.23409326399130
O           -4.01610063119689        1.63865520049211        1.69538130198713
C           -2.57266984153271        1.14399584909155       -0.12782953515489
O           -1.91759360353692        2.38127475842495       -0.07326329001547
C            1.48895512090066        0.45326677070378        1.33532586195717
O            0.73644866052463        1.07046638256443        2.34286154408462
C            2.87863520360854        1.08791741877402        1.22404586750002
O            3.57597260693896        0.79367953766031        2.40499384833351
H            5.30158521960952        0.83426167684562       -2.10224859156882
H            5.91853050300230       -0.33233333683720       -0.89958568318915
H            6.60671909022331        1.31742510903190       -0.98459483792604
H            3.79130037808310       -0.55029878034839        0.12379006690333
H            1.78389220208438       -1.03710545840146       -0.95719021561203
H            0.68634708625005        1.21679995346555       -2.71692655724049
H            0.18902371246351       -0.51033327778869       -2.71620992337099
H            2.75626688743958        0.37674835800276       -3.40346161034876
H            0.53477850324844        1.65396349263536       -0.17565667277762
H           -1.24563489583638        0.39309331230573       -1.64732911884541
H           -1.90683513410058       -1.82561446124530        1.11685414007204
H           -2.70204928950704       -3.59872518674559       -0.53660497485689
H           -4.29054537264925       -2.81379940732591       -0.54528406966250
H           -3.07999420215680       -4.09990897825367        1.65379385686479
H           -4.61145822717180       -0.58879387638804        0.40347738546653
H           -4.43575045929192       -2.06625528404631        2.26194061708908
H           -2.23991202739448        0.60481418849525        1.92683284983939
H           -4.41854021985021        1.30037525731686        2.50901905099535
H           -3.42202797597793        1.19436067858112       -0.82918910304081
H           -2.45541258404471        2.97651569003801        0.47328916006839
H            1.60865313414588       -0.61907932833088        1.55810469467792
H            1.25290508909379        1.04466125055346        3.16440161870226
H            2.76623995757565        2.17316724019300        1.08899981611175
H            4.45254473891913        1.20483195044157        2.36757064706104
48
 energy: -84.848233588597 xtb: 6.7.1 (edcfbbe)
C            5.67271780235332        0.19931889677820       -1.06760107499530
O            4.86075911982022        0.88351281522787       -0.11558767067640
C            3.56780937451541        0.40516001908639       -0.01261429780269
O            2.83709312667009        0.79167243480572       -1.15357460952183
C            1.52270289543559        0.26104534720339       -1.22218849319089
C            0.98083824396788        0.76508467036939       -2.58201626185428
O            1.98066687872652        0.82254815429227       -3.56207973633933
C            0.70395967446740        0.71374303496416        0.01163947314957
O           -0.49584749766842        0.00135570878197        0.25681616573994
C           -1.54985746272242       -0.01645949805421       -0.67838659042314
O           -2.09063315702179       -1.30152204994952       -0.71244375843742
C           -2.62715473976306       -1.72728626111085        0.54028402942860
C           -3.19554226260758       -3.13677955042715        0.31132045081366
O           -3.65431013329983       -3.72754956140394        1.50178880034881
C           -3.71343550535626       -0.76146543935402        1.04563251825435
O           -4.14550128791445       -1.08962771213611        2.34213708743877
C           -3.16171184648250        0.67014051164308        1.08930154326366
O           -4.16156578057369        1.60267313251791        1.42217191229640
C           -2.62027620111721        1.02416277541629       -0.29556740370142
O           -2.03444815655779        2.29640240894016       -0.34600437511386
C            1.47974746009057        0.52313038313785        1.32702116306622
O            0.77640620173082        1.20140962307306        2.33192134705310
C            2.92192199735282        1.02680479969823        1.22910355423834
O            3.58231263124611        0.65871808770420        2.41014153517017
H            5.22402468983004        0.24091461967959       -2.06041643128798
H            5.80538795593056       -0.84390862126689       -0.76776109527729
H            6.62604799353594        0.71894328767369       -1.06082806870562
H            3.55863241044171       -0.70175259391344        0.07399489151233
H            1.58144171461701       -0.83973923358467       -1.22003441395793
H            0.52083790173247        1.75191972926843       -2.43998309459477
H            0.24192933780713        0.06772153165899       -2.97840237352146
H            2.68649819690248        1.40541528134639       -3.24547504354261
H            0.47115703321016        1.78423854066728       -0.09240467864995
H           -1.20195133673355        0.18837511027747       -1.69046001544692
H           -1.82118236732770       -1.75423900271846        1.28708705953428
H           -2.43031067524133       -3.74468422151090       -0.17976645361343
H           -4.05789128650361       -3.06698108438825       -0.35557075349207
H           -2.90041124304798       -4.02183577275144        2.03285077785933
H           -4.56276275968554       -0.77928672863922        0.34203695001254
H           -4.39214667346414       -2.03204771634325        2.35521883566276
H           -2.33514140294294        0.71559104377902        1.81440475299212
H           -4.58048857826415        1.31123307887980        2.24560246224943
H           -3.44437147523340        0.95517133337465       -1.02423859173813
H           -2.63002256525317        2.91723436802499        0.10427082894191
H            1.50736511696463       -0.55575745150501        1.54887127523477
H            1.27478544602662        1.11834280147123        3.16067100693032
H            2.91972799924198        2.11827291308209        1.09715028022793
H            4.50219317932691        0.96066106769052        2.36544751019340
48
 energy: -84.846722677205 xtb: 6.7.1 (edcfbbe)
C            5.61856653804603        0.14165885323657       -1.19568714462515
O            4.88472541177056        0.75392057345778       -0.13684394381291
C            3.57050121600238        0.33725927288248       -0.03360403905601
O            2.83329919819054        0.85620899102390       -1.11491770368403
C            1.49842397680922        0.38756161017971       -1.20285061026391
C            0.94590577991132        1.06296981874254       -2.48725294038685
O            1.94336529265328        1.29216072660920       -3.44393242393314
C            0.71888474391175        0.74722090340051        0.08537136558216
O           -0.47552388320137        0.01893619016925        0.32173712087134
C           -1.47868597277150       -0.11969123780979       -0.65663328589199
O           -1.97913927142493       -1.42028253138210       -0.59258249931059
C           -2.59871775639120       -1.73831492805657        0.65376617407706
C           -3.11290761931692       -3.18079940351132        0.52107390353045
O           -3.67192738907187       -3.66359576755886        1.71717872333327
C           -3.74451970999580       -0.76303515016493        0.97580608327413
O           -4.27455426124890       -0.97940554219741        2.25907797031763
C           -3.22734712938980        0.68093275278732        0.92455985730353
O           -4.26591755711939        1.61434516446828        1.09597470792766
C           -2.59317546994979        0.92129978011065       -0.44562677093426
O           -2.02972450439645        2.19844252389316       -0.56994589866997
C            1.52333549237820        0.46445899177822        1.36914688412957
O            0.87693057211936        1.13234243560778        2.41873539596360
C            2.99066431312668        0.89090638906319        1.27026258152670
O            3.65154599508756        0.38916982554605        2.40085741605496
H            5.13808275876991        0.32820597857134       -2.15652171250491
H            5.69538674104835       -0.93599595803094       -1.02605315959740
H            6.60229879655356        0.60026767384480       -1.16845694813839
H            3.50229690736794       -0.77101569503950       -0.03754537736036
H            1.51086949532232       -0.70903966856454       -1.31377523158049
H            0.44732946055175        2.00118876441567       -2.21095557351442
H            0.22933832411409        0.41104836856310       -2.98807472687305
H            2.63380312259405        1.83996737642192       -3.04306998924317
H            0.48328146387764        1.82207702311221        0.06509829296401
H           -1.07658358988095       -0.01643154370007       -1.66472599171606
H           -1.85282773376906       -1.66615201750988        1.45788034935256
H           -2.29169413466275       -3.81121594255106        0.16890569980870
H           -3.90807723691233       -3.20376057514393       -0.22746385183225
H           -2.96698765816562       -3.88488389641534        2.34217407563279
H           -4.53199687479752       -0.87259131023724        0.21131719050160
H           -4.50272554231441       -1.92311441432332        2.34234178263953
H           -2.45742023954675        0.81366453173327        1.69972479710845
H           -4.74401960121634        1.38773891144696        1.90757353849569
H           -3.36136343083413        0.76587052276606       -1.22040680114357
H           -2.67717352737262        2.84112965629289       -0.23661764246557
H            1.49942622757535       -0.62330311416843        1.54285689000059
H            1.37997681385717        0.97731032494350        3.23394749230203
H            3.05301359007608        1.98759677396162        1.22649838197040
H            4.59175785172943        0.61676296360853        2.34515854232614
48
 energy: -84.850982304082 xtb: 6.7.1 (edcfbbe)
C            5.62760899285272        0.35354548386584       -1.19985964685584
O            4.92287971335331        0.79192140309851       -0.04102097573716
C            3.60784755336878        0.36917279773119        0.03152147756665
O            2.86209489731970        0.97602256072275       -0.99928986325711
C            1.50587226204258        0.57228992756046       -1.07483962315608
C            0.91798064123570        1.38851094013381       -2.25235076074049
O            0.39396051565532        0.58423486374629       -3.27711401684064
C            0.76198045836523        0.80277828250352        0.25715663539799
O           -0.44062508588548        0.06307940997505        0.40746516116791
C           -1.35464195510923       -0.12439456297973       -0.65201931333879
O           -1.83315728425091       -1.43537256341790       -0.57668555351561
C           -2.53337402346387       -1.72174295990389        0.63252016983533
C           -2.97595736541807       -3.19031103594651        0.54353648997687
O           -3.57506909438572       -3.64127265292132        1.73313716465031
C           -3.73661246537522       -0.78094479646565        0.80948831493441
O           -4.37757283818092       -0.96524231684495        2.04714043679073
C           -3.26159471541685        0.67609737537255        0.74581312051099
O           -4.34036403314104        1.57950487639287        0.78468814645097
C           -2.50660255386550        0.89423105835982       -0.56617453983886
O           -1.96683377765929        2.18487718829846       -0.66389967938753
C            1.58544615266248        0.37085418678313        1.48430455347029
O            0.97152885143688        0.91879116823304        2.61947553952139
C            3.04989473026580        0.80587021045623        1.38909585992935
O            3.73799180444423        0.21222644871767        2.45781770287440
H            5.17754196819257        0.77104052653135       -2.10100695158662
H            5.62340018140250       -0.73874040245000       -1.25414271647962
H            6.64162595610450        0.72254283049649       -1.07664146987496
H            3.54079177986602       -0.73599775949144       -0.06731562330629
H            1.46084999968407       -0.50670664727393       -1.30276376643330
H            1.71866801520690        2.03576341012917       -2.62311670667985
H            0.09488578567164        2.01493587904167       -1.90183955908874
H            1.11351139789886        0.18514418317287       -3.78744998554013
H            0.53839078244339        1.87492125169187        0.36051500172142
H           -0.88266831256860       -0.06073173099656       -1.63406954755153
H           -1.85608667993921       -1.57610870208095        1.48626830110019
H           -2.10966796344689       -3.79797983719705        0.26613016165645
H           -3.72900547487483       -3.28759565881875       -0.24163786549521
H           -2.89636514505060       -3.76845119701449        2.41161213248468
H           -4.44523343379459       -0.94915986445038       -0.01907599693609
H           -4.55542177044573       -1.91603886667653        2.16402358112988
H           -2.57364869623406        0.86281535601029        1.58485023431225
H           -4.89180647255789        1.35667652236151        1.54954043566049
H           -3.19432644499473        0.70343200681590       -1.40540320150510
H           -2.66734903158093        2.81716280673353       -0.43621253877906
H            1.55982373490078       -0.72959988673009        1.53666309600955
H            1.50444795784812        0.68393435169132        3.39589232503156
H            3.10932560042903        1.90269101499802        1.43656633186846
H            4.67563487933952        0.45131806442684        2.40218848877487
48
 energy: -84.850227429039 xtb: 6.7.1 (edcfbbe)
C            5.62175884399949        0.54592585337936       -1.25498126487468
O            4.92261521901665        0.85745691172016       -0.05247282706414
C            3.62336517727005        0.38626827962957        0.00084734943482
O            2.84130278969874        1.05350467061007       -0.96436840455939
C            1.49594506693557        0.61579220381589       -1.04810680708400
C            0.86962112305836        1.46297850081116       -2.18064565245183
O            0.43476244803676        0.68631830547904       -3.26743670546219
C            0.77473079506480        0.76072864191243        0.30714385754019
O           -0.45445987857592        0.05990851145872        0.43299823691425
C           -1.32468007163299       -0.19390031095549       -0.64677563038807
O           -1.82170041071445       -1.49363304966061       -0.49953642989810
C           -2.55089429116076       -1.70125826591183        0.70801362946842
C           -2.97562222015877       -3.17730631992909        0.72002435012044
O           -3.59295018690458       -3.54259915055444        1.92962658248578
C           -3.76725832667099       -0.76466235483913        0.77578298367653
O           -4.45461937857430       -0.86591486148027        1.99767415262823
C           -3.29316420641854        0.68511752624417        0.62866537278269
O           -4.37342287152321        1.58543921848269        0.56096100104411
C           -2.48419052772705        0.82480672001052       -0.66247806177579
O           -1.95854363248079        2.11702147421202       -0.80503935061295
C            1.61952764608142        0.21208572314714        1.47161341091543
O            1.01829824131963        0.62623323398089        2.66842464831073
C            3.07502092036429        0.68213561774119        1.39997714810809
O            3.78815204569869        0.00404302668095        2.39977232620526
H            5.14141678249818        1.02190387614390       -2.11033852166026
H            5.65570375171731       -0.53713566297545       -1.40278516195546
H            6.62379471527545        0.94049546347193       -1.11572769506013
H            3.59034703618880       -0.70793784922695       -0.19334334064621
H            1.48247459327035       -0.45236690398605       -1.32646069939376
H            1.62302524056481        2.19481989495053       -2.48752525571392
H           -0.00790591748887        1.99643702913086       -1.81304093732000
H            1.19736410935908        0.37557431209390       -3.77694659503743
H            0.58836636775669        1.82927469030028        0.49345404559985
H           -0.81993704575453       -0.19382138132589       -1.61469903339932
H           -1.89952102002890       -1.48375424569990        1.56636373081124
H           -2.09835584701954       -3.79453555409187        0.50538199651778
H           -3.71303563015249       -3.34345957876276       -0.06838651670037
H           -2.92775928629505       -3.60323767364893        2.63047860126285
H           -4.44168214630871       -0.99634585440235       -0.06587382862998
H           -4.62052581657799       -1.80810748408785        2.18153083600981
H           -2.64162995010105        0.93192022559150        1.48132582594230
H           -4.96390580913164        1.40214184310144        1.30678753269647
H           -3.13569192648022        0.58167981936992       -1.51676287137403
H           -2.67854437371783        2.74740536051241       -0.63808984434534
H            1.61131772400508       -0.88818435313761        1.40686623473799
H            1.56851608296070        0.31673104443002        3.40594494421902
H            3.11414111736084        1.77031496167363        1.55061839949020
H            4.71843292312346        0.27369286283392        2.36502518934816
48
 energy: -84.848865476028 xtb: 6.7.1 (edcfbbe)
C            5.62272053349440        0.73547321090727       -1.26523503916122
O            4.91937780197558        0.92681132141517       -0.04042596371947
C            3.63654935006813        0.41067347930298       -0.02094754416935
O            2.82587752433638        1.12485454118136       -0.92745652049201
C            1.49331097589059        0.65109478603730       -1.03107217548744
C            0.84204386665421        1.51026465837365       -2.13704771031376
O            0.44278513561588        0.74789151045284       -3.24853127181838
C            0.78727608983356        0.71742762809867        0.33816974101573
O           -0.46930762114206        0.06148761534443        0.44663075972998
C           -1.30036661779090       -0.25599348001406       -0.64317594093908
O           -1.82376039996455       -1.53870760757872       -0.43141340155776
C           -2.56891228687514       -1.68120724703969        0.77401764040688
C           -2.98373416864022       -3.15777056796580        0.86063209323214
O           -3.64576251237958       -3.45495087921645        2.06520570279838
C           -3.79032359386198       -0.75029614369585        0.76263873750009
O           -4.50078553997499       -0.77935050042389        1.97509807662311
C           -3.30823114643450        0.68537158663771        0.53731399792525
O           -4.38084536949805        1.58637355838424        0.39281281339507
C           -2.46855560789500        0.75576127553790       -0.74134079691060
O           -1.96685645843401        2.05096140024945       -0.93368798408651
C            1.64519503411997        0.07260844552586        1.44242059446215
O            1.05041785928160        0.36625523756364        2.67754000815324
C            3.09134019733029        0.57317710091826        1.40136072046711
O            3.82626329155718       -0.17366754723859        2.33397561451384
H            5.12564486460712        1.26591191454322       -2.07789791838655
H            5.68764387167123       -0.33034514215568       -1.50141864229374
H            6.61327073787330        1.14669194498576       -1.09531829017415
H            3.63778186047509       -0.66521838732728       -0.30188319313970
H            1.51647202953703       -0.40625867469263       -1.34924017348817
H            1.56881286022648        2.27827547082100       -2.41758518732502
H           -0.05629627904942        1.99759594139242       -1.75956570886359
H            1.21697243274715        0.50240566750770       -3.77542294916546
H            0.63562780651474        1.77625723286683        0.59749454647342
H           -0.77112539064021       -0.31146428447859       -1.59582135891782
H           -1.93381841448695       -1.41048013964406        1.62930614839260
H           -2.09435043464850       -3.77858625292529        0.71919037866998
H           -3.68783555872594       -3.37739839547257        0.05509132136218
H           -3.00612221032839       -3.47706756314727        2.79137304476254
H           -4.44748486631087       -1.03443533753845       -0.07624860356525
H           -4.66999786822354       -1.70930826611181        2.21044604274449
H           -2.67377825333736        0.97935546828582        1.38790728652308
H           -4.97841995586810        1.46658896201417        1.14595182808136
H           -3.09543807654683        0.45885863790323       -1.59679034124564
H           -2.70488051290482        2.67141007715364       -0.81347783788972
H            1.65189673217529       -1.01765110077276        1.27881091526781
H            1.62910595450323        0.02584286031332        3.37873124134029
H            3.11084122107086        1.64496633789919        1.64538102995427
H            4.74976109632891        0.11950459715748        2.31698521477044
48
 energy: -84.846879305972 xtb: 6.7.1 (edcfbbe)
C            5.61845167049443        0.94333549290665       -1.24653194128998
O            4.91241545631016        0.99044144258991       -0.00911894389063
C            3.64707104841043        0.43335915407951       -0.04030561807637
O            2.81196875983066        1.20111113843291       -0.87847945856059
C            1.49352612772462        0.69675282201923       -1.01835077382437
C            0.82903711956032        1.57371686680512       -2.09861245122636
O            0.46758302694562        0.83423773927154       -3.23888793756440
C            0.79452331697421        0.67636201309427        0.35602999641609
O           -0.48680472094891        0.06524503797607        0.44726649317539
C           -1.28309497452720       -0.31680009612511       -0.64408006806394
O           -1.83377260619945       -1.57858083548008       -0.36536749425757
C           -2.57983866732106       -1.65216654015464        0.84405996418638
C           -2.97994011229036       -3.12400562327391        1.02538877778269
O           -3.64634489150182       -3.34572655383220        2.24382236137434
C           -3.80838420503197       -0.73630921875385        0.76064295325870
O           -4.53131363418276       -0.68424840888003        1.96501306850428
C           -3.32759274702085        0.68053053045707        0.44176770389067
O           -4.40206501704580        1.56306111112521        0.21662126804369
C           -2.46379141248836        0.67727537922024       -0.82439792515927
O           -1.99716867025834        1.97223132859939       -1.08746676093128
C            1.66034502685056       -0.07183821684354        1.38812264887419
O            1.07103330747471        0.09210158029533        2.64988381253646
C            3.10311130690428        0.44087914558436        1.39193031404392
O            3.84734338060853       -0.39488448129571        2.23796267204139
H            5.10392193091372        1.53689720465031       -2.00267943418577
H            5.71489293510214       -0.09117859681574       -1.58764573529275
H            6.59660429789903        1.36516717798102       -1.03565084411298
H            3.68284081139218       -0.61103790973092       -0.42096897533751
H            1.55275289829346       -0.34454764242755       -1.38303446436998
H            1.53474517649318        2.37236868622153       -2.34506488358616
H           -0.08833653094084        2.01825166233611       -1.71765952531007
H            1.25447832820848        0.64097118554100       -3.76872482075923
H            0.67704195139008        1.71616257716380        0.69568036014104
H           -0.73184022608057       -0.42584117313106       -1.57921363963337
H           -1.95163346017710       -1.32060580064441        1.68269385008721
H           -2.08376284078476       -3.74410942083468        0.93122698277900
H           -3.67705602891617       -3.40409399016681        0.23255683550176
H           -3.01039917046036       -3.31264481163914        2.97299216940257
H           -4.45530008039268       -1.08175993548840       -0.06295892993496
H           -4.69434365337887       -1.59632058766526        2.26539388294007
H           -2.71101891804111        1.03641726666728        1.28183192204721
H           -5.01474857773010        1.48629285208820        0.96307669983008
H           -3.07000261033554        0.31202728540377       -1.66825689970941
H           -2.75583639242121        2.57591334043225       -1.01802897262071
H            1.67291203955427       -1.14055014507710        1.11629306238486
H            1.65441981194041       -0.31552392003713        3.31042245638665
H            3.11674650533220        1.48106195499108        1.74754281019938
H            4.76662389519327       -0.08940310596659        2.25674437391446
48
 energy: -84.844410673106 xtb: 6.7.1 (edcfbbe)
C            5.60701699920440        1.13832664028672       -1.20245903592804
O            4.90307737716804        1.03087678517510        0.03230160714567
C            3.65306971690356        0.44614415045085       -0.05918459562729
O            2.80031590572109        1.26872915983866       -0.82415167973329
C            1.49164629228455        0.75204190270158       -1.00923613620535
C            0.82391923853460        1.67483062940611       -2.04515859607862
O            0.54107090514240        1.00361391171215       -3.24826693849503
C            0.79589164915896        0.63315207129082        0.36148434564019
O           -0.50440115522670        0.05898091592795        0.43753908694605
C           -1.26944561252408       -0.39472206676785       -0.64528148372574
O           -1.84365695792635       -1.63057676888432       -0.28908394700729
C           -2.58501319697094       -1.62032200007244        0.92431240464495
C           -2.97406208599040       -3.07637610023486        1.21918924548020
O           -3.63466338553874       -3.20556474569797        2.45393218883715
C           -3.81912399284739       -0.72218114597962        0.77041654364129
O           -4.54403820073109       -0.57830318543386        1.96595671911774
C           -3.34126532138657        0.66445174508324        0.33825268002778
O           -4.41723704434329        1.51962488124160        0.02925789816006
C           -2.46644405554359        0.56466637788464       -0.91821448029369
O           -2.04853578297502        1.84570372001038       -1.29741739326473
C            1.66812668980045       -0.21948326691239        1.30696234900274
O            1.08112151079576       -0.20012541022952        2.58008088756275
C            3.10819214394151        0.29803378496915        1.36529062084580
O            3.85711116785623       -0.61894451466091        2.11808821838839
H            5.07571808982952        1.79866661699724       -1.88822755334903
H            5.72900972054640        0.15073666167111       -1.65573192253731
H            6.57457015928025        1.55926886674259       -0.94579173504827
H            3.71778364734002       -0.55521009858820       -0.53929916022229
H            1.57362131610043       -0.26356606771564       -1.43638378905012
H            1.49629101523476        2.52284211131322       -2.20545356106382
H           -0.12818766160173        2.04283058933168       -1.67083106994304
H            1.35443767380334        0.88714452954718       -3.76040771539892
H            0.70620213451436        1.64114123966891        0.79020378913882
H           -0.69615450239696       -0.56436590889933       -1.55780984332251
H           -1.95786308548380       -1.22316515140940        1.73467857690512
H           -2.07398844108758       -3.69622130171075        1.17049684461912
H           -3.67225492692242       -3.42240908413598        0.45385549142455
H           -2.99776026089091       -3.09948121857564        3.17535165348414
H           -4.46322187504192       -1.13491251755230       -0.02396129051709
H           -4.70538458564368       -1.46496108820162        2.33501257230400
H           -2.73501981767268        1.09429634274079        1.15067377108965
H           -5.03663847346487        1.50386045499807        0.77377309181057
H           -3.05766597357169        0.10477443044807       -1.72621652613697
H           -2.83150090847312        2.42209272836496       -1.27706131462741
H            1.68586727161669       -1.25205761951618        0.91898284716730
H            1.67176832627192       -0.67014673098907        3.19091273621952
H            3.11523987915194        1.29403035789605        1.83029387874177
H            4.77245845539782       -0.30777064150804        2.18181066094800
48
 energy: -84.843360778808 xtb: 6.7.1 (edcfbbe)
C            5.55875962128494        0.91312073118375       -1.35432524195594
O            4.87638835673323        0.86583777518727       -0.10452360300734
C            3.58021479618690        0.38839468540157       -0.15966671462748
O            2.75883551936748        1.31701569027150       -0.82971795681343
C            1.40659086301441        0.91211416684753       -1.00685319445866
C            0.78887066849055        2.05672314733912       -1.81967389180771
O            1.38530475774836        2.16088427888978       -3.08651922084409
C            0.73317160924093        0.66798329170948        0.35541222523887
O           -0.54700059539833        0.04000260088618        0.41765985445119
C           -1.24694359664529       -0.57188225986788       -0.62854540320106
O           -1.78490555988805       -1.77654644604134       -0.12646093562535
C           -2.55858955742231       -1.62645676143772        1.05853804773287
C           -2.94626047572625       -3.04082257395370        1.51497113977687
O           -3.61489112379752       -3.02913456089725        2.75199953155105
C           -3.79978324320654       -0.76346983689840        0.78788156279027
O           -4.50358948951972       -0.45689580984112        1.96512892678191
C           -3.35301405456058        0.55209548104495        0.14507620607157
O           -4.44703704647904        1.32289184756338       -0.29199433416908
C           -2.48277881163780        0.25421762044548       -1.08190688650659
O           -2.14014247328873        1.43449644315055       -1.74711044594828
C            1.62584056553585       -0.22733604174143        1.24859861074055
O            1.07332788899803       -0.22029848304889        2.53790438857777
C            3.08620883769252        0.22566844300658        1.28014437351117
O            3.81517267373387       -0.74470160838430        1.98351528866553
H            5.08438370774133        1.62934608736589       -2.02502477212102
H            5.57063981177197       -0.07711752733581       -1.81776451504001
H            6.56965836396888        1.23231531700037       -1.11775311298248
H            3.53753403476449       -0.58850804737635       -0.68777110731889
H            1.39668384555258       -0.01785189355278       -1.59824282712591
H            0.91665502170747        2.98464591843398       -1.25089815225931
H           -0.26836303257234        1.87493189044031       -1.99218821404127
H            2.32669745643997        2.35062462751204       -2.96772064338779
H            0.60084059663960        1.63098419352576        0.86401264123015
H           -0.62214988969200       -0.84087985985781       -1.48281385711259
H           -1.95207228784973       -1.13255128965563        1.83032991007671
H           -2.04419143786401       -3.65881890546200        1.54230032439624
H           -3.63849830273407       -3.47420466630237        0.78948050956368
H           -2.97975562882137       -2.86090190334738        3.46293937171098
H           -4.45555403174986       -1.29081693171781        0.07486757191429
H           -4.66257731183275       -1.28593166011522        2.45056834413233
H           -2.75429235296832        1.11668074381084        0.87534009850286
H           -5.05450491737269        1.43626893315996        0.45366944751556
H           -3.05006710383435       -0.40416543144986       -1.76071329770512
H           -2.94209219305394        1.98239939191781       -1.80022317356140
H            1.59611111088352       -1.24966047893753        0.83427161274059
H            1.65748342077576       -0.73292914227363        3.11959454934624
H            3.15523634972683        1.20769129176590        1.76943381541372
H            4.74844464430173       -0.48545748758710        2.00825407973622
48
 energy: -84.842977659348 xtb: 6.7.1 (edcfbbe)
C            5.46996567202237        0.85333433555328       -1.53472701048467
O            4.87377504185045        0.76414853528886       -0.24367688226432
C            3.55232837081919        0.35738675065216       -0.23347313996464
O            2.73920530700829        1.37433586670458       -0.77142698942986
C            1.35836525607350        1.05887806256882       -0.88793433101226
C            0.74041057533006        2.34544377701869       -1.45792126711366
O            1.25251960427876        2.65333899093529       -2.72728270768729
C            0.74404346698471        0.67758424764416        0.47058848765708
O           -0.52642424728185        0.02742386146526        0.51319164565145
C           -1.14413203653206       -0.67919469737329       -0.52691616518909
O           -1.69853012924061       -1.84354661366714        0.04882948485054
C           -2.57508002522733       -1.58398747986853        1.14114886876871
C           -2.98475915002134       -2.94836331764499        1.71536422286446
O           -3.76252384788866       -2.81663348914890        2.87947820121539
C           -3.79778724145025       -0.77685231040017        0.67666192961212
O           -4.60340304337818       -0.36231315929541        1.75099041121728
C           -3.31785570808361        0.47486812764139       -0.06548169276811
O           -4.38261149508452        1.16504812218707       -0.67392074354814
C           -2.34375010245064        0.05805420384313       -1.17307851346022
O           -1.96068436837417        1.14641733336416       -1.96022877518880
C            1.67441151880923       -0.28588374605781        1.25294856299572
O            1.19740108274457       -0.34413170131509        2.57071954638385
C            3.14780637792973        0.12175149543973        1.22330843979233
O            3.88478427362996       -0.91095025027986        1.82203602155255
H            4.98167878280027        1.62254957089044       -2.13300470690836
H            5.40719939593569       -0.10972936578602       -2.04876367992721
H            6.50736302672688        1.11898571721717       -1.35407246261525
H            3.41794261427511       -0.57488004996645       -0.82278903579943
H            1.24194571453488        0.23279203209660       -1.60436020805039
H            0.94288604987508        3.15828595350661       -0.75030389286423
H           -0.33123740595655        2.21232798809388       -1.58202443362023
H            2.20934400701191        2.77569298544604       -2.64828439563825
H            0.60569290536574        1.57841981447417        1.07798346190942
H           -0.44579999936152       -1.02347380157493       -1.29490206725647
H           -2.04115924249281       -1.00005588910751        1.90313681072487
H           -2.08056069113399       -3.53796311663395        1.89151729759058
H           -3.60251869349471       -3.47469871502883        0.98421874156019
H           -3.19574311910171       -2.56177713923233        3.62179848276969
H           -4.38434723433613       -1.38957444974053       -0.02853080898621
H           -4.80313324662971       -1.14063681990013        2.30112147052297
H           -2.79203396543301        1.12982702142678        0.64514873479580
H           -5.05486438491570        1.34003230575085        0.00085952621388
H           -2.84165266277051       -0.69693008352215       -1.80476597697239
H           -2.77073906052165        1.63036054741131       -2.19630013558944
H            1.59290648555465       -1.28070121654447        0.78129837250044
H            1.79226779933174       -0.91571260101626        3.08176433078572
H            3.27946285380016        1.06978135149803        1.76404393572791
H            4.82762493395581       -0.68908396517774        1.78949395418368
48
 energy: -84.845217033357 xtb: 6.7.1 (edcfbbe)
C            5.26808329264643        0.71212306007235       -1.83083510970003
O            4.81309674940321        0.65018331833651       -0.48216641940655
C            3.47820349820807        0.32450640907846       -0.32860047215109
O            2.67791312881967        1.40602832168464       -0.74612166833447
C            1.27648898226462        1.18193576214843       -0.71417722236832
C            0.67326129466226        2.56352444016926       -1.03232518293702
O            1.01778660040095        3.01822767188655       -2.31087334209390
C            0.76669905573569        0.69396934710735        0.65467341266668
O           -0.49407018616750        0.02856260463366        0.69039241345744
C           -1.00361510082856       -0.76680134914091       -0.34779966056412
O           -1.59910490112490       -1.89030383378016        0.25760252116983
C           -2.61497314594881       -1.55038011074242        1.19794917568162
C           -3.11213761822072       -2.86982575975627        1.80737562117409
O           -4.02554572313540       -2.65526814066087        2.85474788648815
C           -3.76267977484294       -0.77849954590877        0.52478733157045
O           -4.68079427434675       -0.27842538944568        1.46397120782027
C           -3.19872266933814        0.41272930236563       -0.26068584304188
O           -4.18570970931450        1.03314422011452       -1.04765641656399
C           -2.10003531751186       -0.09482791673161       -1.19972254892566
O           -1.57746986463163        0.90963598723298       -2.01683149309181
C            1.75011183251219       -0.29316746401993        1.33564994729450
O            1.40253860109445       -0.34444251984623        2.69380633221344
C            3.22302908611323        0.07735501174032        1.15993609139290
O            3.98983681569945       -0.98255573191815        1.66648189100261
H            4.74577305847993        1.49607228568996       -2.37924212998341
H            5.11403481561557       -0.25028021080993       -2.32697109720695
H            6.32822045589993        0.93902239151821       -1.76631664268222
H            3.21926240369770       -0.58103507589589       -0.91749586427351
H            1.00500764083529        0.46902063841967       -1.50346436243989
H            1.02369314730515        3.26504863467494       -0.26450234708082
H           -0.41221909501861        2.49477118518025       -1.00974372458489
H            1.98280728344159        3.06612492866768       -2.36560102901637
H            0.63262654345583        1.54209523093019        1.33298522951113
H           -0.21546902851058       -1.16896001869677       -0.99471200099134
H           -2.18160925181370       -0.91261066989010        1.98059108356526
H           -2.24443198896183       -3.45092477175372        2.13213305298905
H           -3.64265718798711       -3.44104876216491        1.04208823001648
H           -3.55075377697627       -2.35876175320819        3.64469555462679
H           -4.27111062958740       -1.44627121819595       -0.19108462055576
H           -4.95526337632551       -1.01059965439009        2.04465504415336
H           -2.76176585906380        1.13227932943703        0.44761482503949
H           -4.93043324562063        1.26648563856137       -0.47392044448380
H           -2.52600522563026       -0.89992378573691       -1.82219935576392
H           -2.32456926830427        1.34881994571954       -2.45601338646616
H            1.60193383424315       -1.28457765805505        0.87347421948640
H            2.01520736296638       -0.94859519506050        3.14214014246561
H            3.43629192715933        1.01354300382877        1.69532491333949
H            4.92923882254642       -0.78712706058186        1.52946716764413
48
 energy: -84.848223319415 xtb: 6.7.1 (edcfbbe)
C            5.15482914398202        0.80925081727840       -1.95846343865201
O            4.77894726237265        0.65625165554781       -0.59260349324837
C            3.44936625309353        0.33829233277672       -0.38578588909220
O            2.64131338933131        1.45099477867610       -0.69169893675074
C            1.24542903242633        1.21094483622820       -0.60961041035540
C            0.59769257913502        2.58976025799133       -0.83406998693794
O            0.81929286837764        3.09409744464722       -2.11993296970217
C            0.80568592710216        0.65776260167685        0.75834395372405
O           -0.47216035350276        0.03168518326238        0.79986102785949
C           -0.92455087509296       -0.83307071561332       -0.21202175952243
O           -1.57704241846102       -1.90488523239891        0.42396274618036
C           -2.65959465361878       -1.49363756451650        1.25467833670095
C           -3.22785152595673       -2.76920011341926        1.89557728827374
O           -4.22949381040896       -2.48416395729279        2.84042754934902
C           -3.73809683903874       -0.74884920266026        0.44860995494261
O           -4.70999106835213       -0.17438857086398        1.28561764035772
C           -3.09540851560221        0.37845241059992       -0.37025482422599
O           -4.00917545403549        0.96048838471558       -1.26658727600238
C           -1.94431682425999       -0.21252264621557       -1.18925414421442
O           -1.34560327176022        0.71495776363143       -2.04448372358274
C            1.80844532654707       -0.36785990558211        1.34202913856722
O            1.53704473319620       -0.46643468295808        2.71529899271699
C            3.27393260993307       -0.00324993997665        1.09643095979481
O            4.05263573851227       -1.10388074511383        1.48484433741264
H            4.61700761723054        1.63982789602544       -2.41542385376455
H            4.95111549612729       -0.11138688985672       -2.51246296633952
H            6.22132373617896        1.01332265693551       -1.94236668788401
H            3.14512917323599       -0.52562928305542       -1.01484582767081
H            0.94543415465217        0.52748072642755       -1.41393877810219
H            0.99909938661493        3.27355387449469       -0.07484690758874
H           -0.48075113504039        2.49904409500523       -0.71714776533888
H            1.77419601160688        3.15755392803768       -2.26191935331809
H            0.71413799051632        1.47108120180979        1.48468438359914
H           -0.09595634191533       -1.28503754922132       -0.77030916217059
H           -2.28045775397247       -0.81499515454168        2.03127896463781
H           -2.40099818859533       -3.33638414047012        2.33170976968281
H           -3.69435182696579       -3.38072564859221        1.11981657136726
H           -3.82238450851554       -2.16368449277336        3.65777740428042
H           -4.20818984184215       -1.45390596804146       -0.25755557726707
H           -5.03987149939133       -0.86528251240470        1.88800863909353
H           -2.69563089487343        1.13659205158036        0.31975212721799
H           -4.78769882655231        1.24629099548366       -0.76618083297213
H           -2.34193375517968       -1.05767839591450       -1.77714936946373
H           -2.05353327898673        1.16008988643051       -2.53844376907419
H            1.62650750484206       -1.34039763870371        0.85375503172408
H            2.15671150791556       -1.10204850846068        3.10647016062327
H            3.53474801545195        0.89258041294161        1.67796400665712
H            4.98501801747951       -0.91106164111209        1.30393961826447
48
 energy: -84.850828411247 xtb: 6.7.1 (edcfbbe)
C            5.16364381699618        1.08404464628290       -1.93032588846208
O            4.78663985337319        0.78205822490243       -0.58982124236009
C            3.46993563981345        0.39182558452864       -0.42729178655115
O            2.61817735135525        1.49451570238615       -0.63619371916918
C            1.23510674446007        1.18439958106704       -0.56862081919236
C            0.51292513058885        2.53272003796826       -0.73091649721471
O            0.71470873407317        3.11317449853808       -1.98769451209173
C            0.84402310164701        0.54995966578017        0.77718419485307
O           -0.45953627038809       -0.01206359026975        0.83150191224132
C           -0.91601005708218       -0.92734896010435       -0.13542525137662
O           -1.62816571975143       -1.92802920835162        0.55025860561701
C           -2.71520389438537       -1.41614959988785        1.31642993779182
C           -3.33191682307225       -2.60930157551940        2.06189769109268
O           -4.32814537514388       -2.20589492347019        2.96890103542140
C           -3.74961771244578       -0.72002225930861        0.41510113248457
O           -4.74346796218243       -0.06416035044107        1.16127043964494
C           -3.04985473854477        0.32896472294401       -0.45936274830959
O           -3.91406112700420        0.86230440809369       -1.43171640664161
C           -1.88380022424465       -0.34477887264813       -1.18801994773306
O           -1.23182440315158        0.50535818338476       -2.08485388421343
C            1.85272543309460       -0.52943759836880        1.23075475604879
O            1.59995346941293       -0.79004893979699        2.58600758877159
C            3.30756351573399       -0.10536046967212        1.01311760346684
O            4.11528700530074       -1.22118706043688        1.28023980064457
H            4.59444436349008        1.93291584966126       -2.30879592233164
H            5.00178437104653        0.21502235196253       -2.57403955276016
H            6.22049749446941        1.32922963688794       -1.88351300430973
H            3.20450829833451       -0.41870534331815       -1.13963372925105
H            0.96675716384448        0.51601875258582       -1.39702730169354
H            0.86673807220644        3.19994164269016        0.06572891808137
H           -0.55948953789159        2.37471101496907       -0.62840657967764
H            1.66554527892164        3.23471818790697       -2.11863361328592
H            0.81462433453924        1.31662817949145        1.55801494797961
H           -0.08869383871246       -1.44017801085859       -0.63926312257396
H           -2.33203414533851       -0.68004288250471        2.03620286823001
H           -2.52736232377682       -3.16224123124087        2.55469515216545
H           -3.81502505965375       -3.27256218736765        1.34074600061936
H           -3.91532149467963       -1.81535497868851        3.75266285417521
H           -4.20406133850003       -1.47102984005015       -0.25290531122248
H           -5.10738128059711       -0.69400114547677        1.80868177053202
H           -2.66014071019521        1.12807505111014        0.18921867533942
H           -4.71087575719496        1.18678249117781       -0.98681512059187
H           -2.28332371534739       -1.21846936568489       -1.73160235074020
H           -1.91236181535533        0.94007703775666       -2.62489015365260
H            1.68596543091110       -1.44299373151594        0.63639538853650
H            2.23215598870374       -1.45830579547551        2.89374689527148
H            3.55110241156259        0.73046845581228        1.68441635498206
H            5.04286234283764       -0.98625089916824        1.12607482350978
48
 energy: -84.852407512066 xtb: 6.7.1 (edcfbbe)
C            5.16983082154833        1.33148305327717       -1.87778947830643
O            4.79619152725783        0.88711615798117       -0.57634626744712
C            3.49226690228695        0.44024791339698       -0.46160042744277
O            2.60229138890831        1.52388354720419       -0.59837860179803
C            1.23253668156417        1.15457665541621       -0.54393017213060
C            0.44382112947045        2.46837851145739       -0.65416361012723
O            0.53600714708189        3.06187569786844       -1.91768605443225
C            0.88653907939757        0.44568942002248        0.77731703212000
O           -0.43880735553287       -0.05534094942603        0.85292311983893
C           -0.91428056638289       -1.02561081608292       -0.05191886801566
O           -1.67799148124380       -1.94702009670735        0.68341247495442
C           -2.76887441396726       -1.35143678030584        1.37973697887615
C           -3.45498843113600       -2.48052285354000        2.16431004637888
O           -4.47057716449121       -1.99646150971336        3.00804914167986
C           -3.74939468746378       -0.67019420322179        0.40885533135422
O           -4.72962796874584        0.07253751355143        1.08879466450071
C           -2.98436344512882        0.29210194652033       -0.50926629193592
O           -3.80094012977170        0.80371033836017       -1.53268690730515
C           -1.83350590794372       -0.47542670535714       -1.16482471971876
O           -1.12190373465119        0.28558495751945       -2.09627767382211
C            1.90151881378444       -0.66379956879464        1.11711899306587
O            1.66527521076411       -1.06172672545549        2.44129590559299
C            3.34257844264987       -0.17853016256704        0.93357865446022
O            4.18599225491755       -1.28639838115872        1.10683382695598
H            4.59534438402173        2.21277228494227       -2.16222248348078
H            5.01241782093958        0.53489685555285       -2.60996382908882
H            6.22530001063859        1.57667887291739       -1.80548095276291
H            3.26379564865546       -0.32185901212119       -1.23779081806780
H            0.99077452935083        0.50312865215717       -1.39424120226187
H            0.81383173016492        3.14790524542126        0.12440644597143
H           -0.61203115422432        2.26089717484141       -0.48545698625508
H            1.46846003478028        3.22969762168238       -2.11256075545777
H            0.91422256784883        1.17123108691054        1.59784706292929
H           -0.09962851966569       -1.60135336000890       -0.50321130012561
H           -2.38305214277067       -0.58984879772526        2.07131566208526
H           -2.68903326318733       -3.03216623999929        2.71595710223820
H           -3.93299772225653       -3.16513935832484        1.45978023581809
H           -4.07623095386380       -1.59980682186339        3.79797188633605
H           -4.22140982563350       -1.44074891943097       -0.22350944075278
H           -5.14134844454088       -0.50269219922741        1.75808270564650
H           -2.57512013284638        1.11060139181687        0.10195529106498
H           -4.58307894629483        1.20578669673415       -1.12671340619910
H           -2.25841754917519       -1.36432305957339       -1.66265919501452
H           -1.76755799260765        0.74484370963653       -2.65791392796151
H            1.75702922435373       -1.51807677471365        0.43618619221047
H            2.32244338237720       -1.73332312568294        2.68239910367844
H            3.56223468462612        0.60528186942117        1.67259664993799
H            5.10445854627724       -1.00910567490809        0.96934972362031
48
 energy: -84.853295398353 xtb: 6.7.1 (edcfbbe)
C            5.17233116937718        1.58655884009326       -1.78079670147037
O            4.80508760685259        0.97957351863298       -0.54481416725555
C            3.51370792885010        0.48642137201652       -0.49474822141707
O            2.59311514837535        1.55135670761211       -0.54961600129172
C            1.23472184399693        1.13735241922036       -0.52429899653153
C            0.40206454516896        2.42582975784418       -0.56577684812736
O            0.48677600562796        3.09292953628962       -1.79292580009179
C            0.92244112132548        0.33893624298143        0.75468572188661
O           -0.41989084783543       -0.10591763524213        0.85436370917360
C           -0.92847297664979       -1.12498734710690        0.02291490647856
O           -1.73385945136589       -1.95640027327165        0.81576109017798
C           -2.81370699443645       -1.27106416140880        1.44248199722922
C           -3.54106919912604       -2.30547915433896        2.31517631280603
O           -4.56734515662403       -1.72407803239339        3.08151108870935
C           -3.76137901967750       -0.65436024022253        0.39900463013595
O           -4.73908887278253        0.16159166348741        0.99359967958187
C           -2.95720228056534        0.21382654524619       -0.57704086748800
O           -3.73971137880586        0.65377955388604       -1.65894252338455
C           -1.80581651170419       -0.62052674094934       -1.14394253702989
O           -1.04597377817087        0.07047391022890       -2.09324190372474
C            1.93600439588975       -0.80160100648320        0.95465471169910
O            1.70775131965279       -1.37046256095527        2.21521496434713
C            3.36719424664717       -0.26772640843782        0.83344051868459
O            4.23442689837467       -1.36802155693842        0.90588359135458
H            4.60769411695322        2.50538587252233       -1.93900118909433
H            4.99584956680505        0.89619375188114       -2.60992394468752
H            6.23195152554917        1.80606833860723       -1.68934920909266
H            3.32055124735041       -0.20698287946342       -1.34213998008714
H            1.01496251874181        0.52510744715392       -1.40956674625541
H            0.73675092317038        3.07245416341569        0.25529486533369
H           -0.64700790952566        2.17062287185196       -0.42250129406316
H            1.41499370596143        3.30376761698823       -1.96510373658341
H            1.01131396213477        1.00668695093712        1.61989112258745
H           -0.13514896505315       -1.76609518993493       -0.37204728586700
H           -2.41309876619923       -0.46131755488356        2.06758231388175
H           -2.80016981259097       -2.81468841937321        2.93748402658179
H           -4.01568893190221       -3.04650436245588        1.66789526766460
H           -4.18432736370888       -1.24957337082779        3.83306342020959
H           -4.23625781377583       -1.46611160630288       -0.17703326775700
H           -5.16818118353836       -0.34608986084679        1.70601551191332
H           -2.54838627027968        1.07326002687184       -0.02453106734393
H           -4.52730422749535        1.09526863077737       -1.30826693537044
H           -2.23901533062044       -1.52530425931867       -1.60394595309211
H           -1.66383809965575        0.50488769520790       -2.70404577379380
H            1.81035159840794       -1.56219348664190        0.16693533477510
H            2.40043184029612       -2.02858975770849        2.38457937023319
H            3.56411501096411        0.44512387679029        1.64704546241634
H            5.14735293778369       -1.05938638235863        0.80260216153660
48
 energy: -84.853786419713 xtb: 6.7.1 (edcfbbe)
C            5.16908275314596        1.74393716074869       -1.72035514517563
O            4.80392475127964        1.03927461689723       -0.53680483872902
C            3.51694498570441        0.53178756604622       -0.53015615512715
O            2.58683026361324        1.58937956683640       -0.49099386901309
C            1.23244451173063        1.16014630081158       -0.48100973194472
C            0.38284350579059        2.43581703365416       -0.43345302054444
O            0.44277801694301        3.17441813838069       -1.62143770445474
C            0.95094396607436        0.27256230445478        0.74719409127732
O           -0.40349813476341       -0.12947842247162        0.86664579136688
C           -0.93316445032548       -1.20009433381212        0.11603725459464
O           -1.77091945590305       -1.94170836799417        0.95954006643266
C           -2.85495313500925       -1.19113863645479        1.49655779187396
C           -3.61592820829603       -2.13690146194848        2.43871039100592
O           -4.64062895776241       -1.47600453494453        3.13950517562956
C           -3.76703392254170       -0.66202459261676        0.37686440425386
O           -4.75964995678267        0.20316526642862        0.86816390533484
C           -2.92694225399808        0.11952220019166       -0.64093483000358
O           -3.67466282700378        0.47821670402362       -1.77649764539998
C           -1.76627002389327       -0.76218145206005       -1.10829383509245
O           -0.96147872169144       -0.13477933240150       -2.06645522286818
C            1.95347571332263       -0.89037666898768        0.80463636378269
O            1.74212939778440       -1.60168199580255        1.99330122063684
C            3.38340925564957       -0.34479745698999        0.72267679216042
O            4.25028608306875       -1.44685662701448        0.67696921894612
H            4.57798393457369        2.65390390087295       -1.82223809040063
H            5.02652463165903        1.10887239869821       -2.59880467401399
H            6.21984559109212        1.98887257127519       -1.59596562327458
H            3.32849741983852       -0.08521418391838       -1.43548560771647
H            1.00993247937423        0.60146682803144       -1.40064292500048
H            0.71796677469686        3.03881300333207        0.41975271265177
H           -0.66079366215833        2.15683922073167       -0.29237889518717
H            1.36586990148040        3.40921461874041       -1.79031133258235
H            1.09734668479154        0.87556196716470        1.65200727940627
H           -0.15513202941497       -1.89646054947284       -0.20618851260470
H           -2.45970035138356       -0.33283073084331        2.05743236615944
H           -2.89381556261889       -2.60825470618569        3.11092975990854
H           -4.09632287898549       -2.91903553355598        1.84639566853205
H           -4.25830025099461       -0.94944130637425        3.85601556732487
H           -4.22659258307243       -1.51872078074127       -0.14396986908717
H           -5.20870012787378       -0.23641199748501        1.61248705807060
H           -2.52682083674007        1.01785163999232       -0.14714161301352
H           -4.46925947511827        0.94813149312598       -1.48297596635622
H           -2.19370317524168       -1.68748424955037       -1.53049935322117
H           -1.55202948352748        0.26506205084452       -2.72621492745332
H            1.81911766987173       -1.55119231418418       -0.06756036942812
H            2.44517793421550       -2.26452070424368        2.08434031990233
H            3.59157429132113        0.28443171476099        1.59976432567819
H            5.16136999871426       -1.12966227157412        0.58432303695641
48
 energy: -84.854441540201 xtb: 6.7.1 (edcfbbe)
C            5.12487894293998        1.87588775573766       -1.70537735743155
O            4.78938129290494        1.06521438707486       -0.58230817905462
C            3.50069732520329        0.56203551038448       -0.58659766321141
O            2.57684541585348        1.61404233235153       -0.42436989979795
C            1.22267345954336        1.18690336226142       -0.38940632484429
C            0.37519080233103        2.45146398902139       -0.20357965815487
O            0.28711017193542        3.22982313469545       -1.36435154387083
C            0.98619173280097        0.19967330258542        0.77372184137310
O           -0.37878277502839       -0.16427051499948        0.90290640531139
C           -0.92685524702567       -1.27937024829164        0.23471716883244
O           -1.80392481572383       -1.91785808759423        1.11888513857701
C           -2.88789843444431       -1.09648921687328        1.54247560866631
C           -3.71002815621979       -1.93750903124903        2.53184564018862
O           -4.74567508763299       -1.19589461633501        3.12815190810497
C           -3.74416465883142       -0.64701919375946        0.34609763058718
O           -4.72656947014619        0.28489816237234        0.72307854171958
C           -2.85347965658128        0.01744450921389       -0.71170800964410
O           -3.55770480308084        0.27566899348097       -1.90163188851431
C           -1.69744251395194       -0.92485701519437       -1.05308998674919
O           -0.83082313664337       -0.39007296911942       -2.01548361903207
C            1.96673941535429       -0.97337825533858        0.65102613174717
O            1.79818238698842       -1.83279797758788        1.74516912940653
C            3.39714085253520       -0.42687694017807        0.58293141670810
O            4.25664054126545       -1.52191187322428        0.41269819344250
H            4.54116627022610        2.79631538401220       -1.70126112870181
H            4.94735231842299        1.32811276555436       -2.63470603348220
H            6.18187659895828        2.09879547533026       -1.59298663954830
H            3.28462380841208        0.03129728578738       -1.53904692298867
H            0.95670448217663        0.69757594322731       -1.33669380819360
H            0.80045007045879        3.02880656608767        0.62640067650746
H           -0.64257529223387        2.15385557696955        0.04952683917981
H            1.17725084742152        3.51024287833950       -1.61913242331045
H            1.19582287752330        0.71539778271128        1.71903477361319
H           -0.16409187738141       -2.02813955063622        0.00819535021821
H           -2.49149095810405       -0.20099209897638        2.04106567404956
H           -3.02773289765213       -2.36293768006192        3.27258738416672
H           -4.18470925033363       -2.75891457118661        1.99015938105529
H           -4.38274273163289       -0.62500425836917        3.82042601078397
H           -4.21158057142988       -1.53514344503544       -0.11124342161521
H           -5.21513308336607       -0.07526440819375        1.48509124417367
H           -2.44995573065046        0.95296421319273       -0.29694589164791
H           -4.34291959507590        0.79972778603986       -1.68465126103001
H           -2.12870957606619       -1.86952338354970       -1.42415741990789
H           -1.38006429247012       -0.04652128133385       -2.73957423483031
H            1.78860250447741       -1.51247543599670       -0.29489049865164
H            2.53067654018915       -2.47009113843248        1.74727082926152
H            3.63136771473566        0.11755156068998        1.50896409900455
H            5.16748829547889       -1.20039042217660        0.33424757985233
48
 energy: -84.855544676180 xtb: 6.7.1 (edcfbbe)
C            5.03521130882466        1.97555848808019       -1.74387449074437
O            4.75457704058506        1.06014310281320       -0.68838104818505
C            3.45713999379953        0.58029642936642       -0.65904946343789
O            2.56700995585281        1.62815824455094       -0.34915908352095
C            1.21258613788784        1.21560736512124       -0.25765609187466
C            0.39186983339701        2.46936652830408        0.07345794166105
O            0.12681378154764        3.26730576327525       -1.04739267623058
C            1.02277767658233        0.13508070383227        0.83172550929793
O           -0.35338901169782       -0.19172033111465        0.95665813705222
C           -0.90970001966114       -1.34786403922324        0.37043015172085
O           -1.83160521345059       -1.88362958303937        1.27463384665339
C           -2.91352277581391       -1.00439347487443        1.57155708108769
C           -3.80540346964924       -1.73767424458106        2.58574372593604
O           -4.85175613000582       -0.92610217568273        3.05938279794269
C           -3.69980746519134       -0.63683676220515        0.30074434846023
O           -4.67502768941507        0.34359586051763        0.55284516130900
C           -2.74619091501745       -0.08244730820680       -0.76605961525051
O           -3.39233313057711        0.09419830237078       -2.00347138856336
C           -1.60606592168477       -1.07979509719814       -0.97655592031535
O           -0.67264848262864       -0.63632261086652       -1.92489095717488
C            1.96572906060887       -1.03431076726672        0.53257585286251
O            1.86025675345664       -2.00139713791178        1.54338439773954
C            3.40027092823036       -0.50532621136656        0.42402152170256
O            4.22449588758239       -1.59615658653377        0.11157382632265
H            4.47239206476880        2.89911682414775       -1.60847622271016
H            4.78724688514457        1.52773873797254       -2.70989786907490
H            6.10169621591238        2.17047004738213       -1.67894778212133
H            3.17319973183116        0.13989981506548       -1.63920449530552
H            0.87842677662721        0.79693883270564       -1.21767035117841
H            0.92977904166615        3.03459752992561        0.84368569707510
H           -0.57635526020395        2.15626442120218        0.46595394791807
H            0.96331682144905        3.59384652234857       -1.40724936115348
H            1.29087355211271        0.55482177669663        1.80893877512907
H           -0.16063590171426       -2.13433804582199        0.24954512048329
H           -2.51704252885519       -0.07883300193355        2.01222113868842
H           -3.17314217338444       -2.10938366231485        3.39679154071349
H           -4.27200659677370       -2.59423099806289        2.09396467289809
H           -4.50569489266229       -0.28826063662238        3.69997416806067
H           -4.16789609066834       -1.54986044357120       -0.10402849084797
H           -5.21104824552315        0.05355515293581        1.31311915696290
H           -2.33013898078653        0.87296294312131       -0.41400050766226
H           -4.16914931163008        0.65571576150974       -1.86416403270611
H           -2.04370759829576       -2.03753421657055       -1.30236285968695
H           -1.17482397581139       -0.34568240736114       -2.70435062369913
H            1.70700553781410       -1.46941321837629       -0.44791350510044
H            2.60083776270360       -2.62234823151951        1.44507755962154
H            3.69958977073850       -0.04629801807616        1.37741269191242
H            5.13598932074120       -1.28508491562277        0.00281883442393
48
 energy: -84.856364995148 xtb: 6.7.1 (edcfbbe)
C            4.97185428735701        2.05439179459655       -1.76370101160945
O            4.72224973363496        1.05853035670587       -0.77542175450579
C            3.41607516314922        0.60553049572925       -0.71728474400181
O            2.56709394907413        1.64324639222101       -0.28190496256558
C            1.21355992479684        1.24249837906974       -0.15534876568896
C            0.41920260436829        2.47855157044150        0.28640336363266
O            0.11511255018826        3.34276042021322       -0.77435576860316
C            1.04634690234887        0.08709307494963        0.85913650803202
O           -0.33995857994019       -0.20157803124134        0.97663701950490
C           -0.90116506460396       -1.39667865110866        0.47963691916369
O           -1.85798444983708       -1.84044924987237        1.39563066822652
C           -2.93615326759248       -0.92741120915200        1.58501739951557
C           -3.87013503256921       -1.56587710982915        2.62510860476232
O           -4.91552326181483       -0.70435975849021        3.00314616127695
C           -3.67398832380236       -0.65573553716921        0.26275893788929
O           -4.65147404466762        0.34458136902352        0.40106548126732
C           -2.67556783905172       -0.18739754810239       -0.80386584175825
O           -3.27532290730780       -0.08262725461102       -2.07270549236930
C           -1.54346383252988       -1.21077540417163       -0.90777477160220
O           -0.56560043626693       -0.82626332783176       -1.83880911279364
C            1.95055776367031       -1.07190883013975        0.43317867742866
O            1.89572111393816       -2.10200473332603        1.38677850269878
C            3.38671661173542       -0.55781909799828        0.28195401025334
O            4.17219880730482       -1.63558871390493       -0.15185705583407
H            4.44138968504134        2.97510772187896       -1.52051305229372
H            4.66259681575058        1.69647000998108       -2.74938954839482
H            6.04507193998488        2.21983105121104       -1.73990592615221
H            3.07333133064970        0.24810463106221       -1.71213641760912
H            0.83422393234374        0.88807211326156       -1.12520076405156
H            0.99290358402367        2.99334813765931        1.06577758101610
H           -0.53519403510544        2.14766280590763        0.69751079154443
H            0.93827986412549        3.68866179873016       -1.14667770560468
H            1.35879586743460        0.42389025479191        1.85579053338860
H           -0.16267189564943       -2.20173486114273        0.44911538097174
H           -2.54131510696603        0.02643074450182        1.96218010792134
H           -3.26765680837973       -1.88325734700389        3.48059002527804
H           -4.33713318765136       -2.45092399731323        2.18700577260244
H           -4.58059142853602       -0.02971655652713        3.61109469275428
H           -4.13219036932250       -1.59579809483996       -0.08800790608149
H           -5.21230566846069        0.12274879235703        1.16616132969685
H           -2.25567492094025        0.78340635381181       -0.50037610028090
H           -4.05552224239700        0.48604425651251       -1.99348722285552
H           -1.97823492020316       -2.18070391341877       -1.19751487061403
H           -1.03269937201166       -0.59176833166516       -2.65826839860871
H            1.62272043674133       -1.44032213283201       -0.55311751050336
H            2.62853564799138       -2.71448412658077        1.20866187403042
H            3.74457626715498       -0.17636440121650        1.24982975020908
H            5.07841227491999       -1.32541929328104       -0.29906463933802
48
 energy: -84.856669139827 xtb: 6.7.1 (edcfbbe)
C            4.89340401673496        2.13352116666700       -1.79297179381368
O            4.68125783428553        1.06688801711647       -0.87204523084298
C            3.37084635893214        0.63361321303708       -0.77263045886394
O            2.57087393769295        1.65253550313825       -0.21642278891316
C            1.21809431798111        1.26758456338917       -0.05604753978124
C            0.46845503583064        2.47955713860857        0.51161892975883
O            0.18146996830322        3.44764909164634       -0.46066411531606
C            1.06400647704300        0.04095645223947        0.87161065138275
O           -0.33046572921050       -0.21603568416053        0.97416675516591
C           -0.89649035994543       -1.44278464149820        0.56888509761355
O           -1.88369080151739       -1.79628917755650        1.49174045198134
C           -2.94897135118870       -0.85401229511829        1.58493414524819
C           -3.91670606274869       -1.39200545660588        2.65057300174864
O           -4.95725030288574       -0.48787700967955        2.93004547739752
C           -3.65161047204109       -0.67623475573345        0.22853454836143
O           -4.61534812151177        0.34645411065351        0.26266640897894
C           -2.62019602932001       -0.30466067597285       -0.84364510147161
O           -3.18938398813359       -0.28222877699167       -2.13087085442730
C           -1.50055361250888       -1.34751325553225       -0.84595732353608
O           -0.49160575515350       -1.02887339948343       -1.76939187645112
C            1.93544656651210       -1.10080105111196        0.34359812059455
O            1.92724174893928       -2.17059814067399        1.25762806921592
C            3.36954204269554       -0.59624382499553        0.14330421957683
O            4.10887856050554       -1.65489926838143       -0.40422684897668
H            4.38437292606661        3.03615010335136       -1.45500708728512
H            4.53335794800983        1.85405219221797       -2.78674322618310
H            5.96804624928428        2.28989561390070       -1.80885188763930
H            2.96491743436802        0.35569431372295       -1.76875983166012
H            0.78887651568721        0.99451686364565       -1.03251347116190
H            1.06782476620155        2.90212197881063        1.32646079123667
H           -0.49107787278155        2.14033545995773        0.90286858068719
H            1.01277395067014        3.79747671936055       -0.81060237654219
H            1.40721418482499        0.29455087557916        1.88386557893088
H           -0.16751876529190       -2.25583968900117        0.62071658849021
H           -2.54564538172842        0.12046255904993        1.89460858021950
H           -3.34047874147621       -1.64521227779214        3.54462764756251
H           -4.38708904720165       -2.30361454054681        2.27540484197261
H           -4.62508179571699        0.23183217810049        3.48551068555687
H           -4.11684489460820       -1.63395908261428       -0.05934600101368
H           -5.19612262611879        0.19567699598886        1.03019464777747
H           -2.19154753556421        0.67950527928404       -0.59953394255184
H           -3.97214294629351        0.28794777903632       -2.10421595704070
H           -1.93788204665891       -2.32942071582748       -1.08517795471281
H           -0.92556068882567       -0.87706646766137       -2.62546649943798
H            1.54944401024794       -1.42729130356161       -0.63485652415706
H            2.63421968862803       -2.78569568442646        1.00202479630687
H            3.78607492099037       -0.28770223440179        1.11398571518811
H            5.01262553385062       -1.35212376448282       -0.58014491056719
48
 energy: -84.856512157459 xtb: 6.7.1 (edcfbbe)
C            4.85433113361854        2.19430245022696       -1.81486202777164
O            4.65279553596369        1.09451029057664       -0.93130527153630
C            3.33985973492262        0.67734915437224       -0.80533394497888
O            2.58063541620444        1.66968069685830       -0.15039741600724
C            1.22720080783173        1.29665502574974        0.02262101285996
C            0.51462519648134        2.47297866824437        0.70146031719154
O            0.29449006212350        3.55085433552412       -0.16641040319477
C            1.07129861477050        0.00695805327140        0.85756197096139
O           -0.32942437591399       -0.22639733965587        0.94184085415715
C           -0.89751655619846       -1.47987267309262        0.63215463917079
O           -1.90663442090418       -1.75108299421309        1.56079859180138
C           -2.95900063268815       -0.79145044702745        1.57608796157359
C           -3.94370849598233       -1.23956037629535        2.66753901718371
O           -4.97258235872902       -0.30262961329317        2.87191156031103
C           -3.64659718296407       -0.70221593673217        0.20405357380393
O           -4.59342895815352        0.33563782640245        0.15296286772971
C           -2.59577110197808       -0.42634504392212       -0.87687753252728
O           -3.14747329254211       -0.48463286528236       -2.17064468655823
C           -1.49153254008785       -1.48328467907082       -0.79281063348933
O           -0.47981938637054       -1.24323633524241       -1.73616752056420
C            1.92274668065143       -1.11302232011785        0.25535411497970
O            1.94552998072358       -2.21269965706348        1.13626685321196
C            3.35308442135596       -0.60757323298121        0.03087327094786
O            4.06186474179963       -1.63645944137824       -0.60624183397639
H            4.37678730834493        3.09231693515354       -1.42297547291729
H            4.45441326318349        1.96302237719353       -2.80585017985349
H            5.93081518217285        2.33067465646439       -1.86285827648578
H            2.88816715994385        0.47161869002091       -1.79890552190925
H            0.76667603091281        1.10708027363427       -0.95998490529332
H            1.10859519806709        2.77886493992388        1.57045604213200
H           -0.46779960314981        2.13524330057677        1.03183344681965
H            1.14865771729295        3.89561751553602       -0.46272294536225
H            1.43019887507387        0.18351766189578        1.88235236456626
H           -0.17387518323458       -2.28993677989662        0.75393737827759
H           -2.54600813936023        0.19771231861230        1.81954793192883
H           -3.37981929841918       -1.43771979028806        3.58314825788728
H           -4.42447426377405       -2.16836043425444        2.35240973360863
H           -4.63373948341317        0.45000250645860        3.37744797247280
H           -4.12484551054346       -1.67059502179025       -0.01915107548252
H           -5.18452295870168        0.24992804178945        0.92254073044579
H           -2.15276053798229        0.56526009809898       -0.69565956617384
H           -3.91867431227388        0.10106507347906       -2.19621562954595
H           -1.94065472991393       -2.47452793852836       -0.96040441514395
H           -0.91190318020083       -1.14752043271652       -2.60117870129701
H            1.50334673948188       -1.40976478256488       -0.71704035743410
H            2.62838372497400       -2.82909837156330        0.82453514799961
H            3.80643030361602       -0.36302245269276        1.00356590418607
H            4.96163274384371       -1.32984694821699       -0.79578248791516
48
 energy: -84.856003306122 xtb: 6.7.1 (edcfbbe)
C            4.81470267721908        2.27485293301950       -1.81131435989296
O            4.62864313029364        1.12657188675330       -0.98820309044506
C            3.31478032962804        0.72091864947097       -0.83751552109760
O            2.59964330706214        1.67731291041421       -0.08578560260314
C            1.24574256409256        1.31852264397095        0.10489735868660
C            0.58368629255692        2.45071313476742        0.90018955657303
O            0.38407477750394        3.60748124943639        0.13496623016531
C            1.08307306510568       -0.02991102915988        0.83718850475501
O           -0.32324167640893       -0.23829731930825        0.90450917919420
C           -0.89888418241669       -1.50913271885451        0.69454640197844
O           -1.92690429603291       -1.69009396996020        1.62714480135297
C           -2.96428179698686       -0.71743676835378        1.55994258186636
C           -3.95821332375392       -1.06154110926691        2.68038395271160
O           -4.98763067920614       -0.10952536855403        2.78888540950625
C           -3.64394576609618       -0.73376607719025        0.18168379979607
O           -4.57908192723884        0.30536668253973        0.03544906285008
C           -2.57730209875559       -0.55752600424126       -0.90309194032493
O           -3.11477316029940       -0.69861161998220       -2.19635443371618
C           -1.49280841806379       -1.62450317906907       -0.72891723204125
O           -0.48886424745279       -1.48659657751798       -1.69904962193431
C            1.91128877575468       -1.12240129285788        0.15661653922408
O            1.95791452310495       -2.25661498456585        0.99434837912697
C            3.33830344239472       -0.61720986054589       -0.09041105377169
O            4.00880946080436       -1.60797389265960       -0.82201975325069
H            4.35919185105079        3.15243013420006       -1.35272994503550
H            4.38181967052980        2.10605037129282       -2.80098147933502
H            5.89054051448645        2.40408382141299       -1.88520150307379
H            2.82087453610283        0.59036906076974       -1.82366380712192
H            0.74896341639301        1.22134313326488       -0.87374940889129
H            1.20334631960148        2.66036568079291        1.77975401979125
H           -0.40299385375267        2.11532692352150        1.21943801504033
H            1.24426409063754        3.94556467873819       -0.15119523500121
H            1.45528455587463        0.06285397135195        1.86952029173432
H           -0.18259323846764       -2.31174715799755        0.88684830109692
H           -2.53869477023926        0.28283411470116        1.72292405346929
H           -3.40227213849899       -1.17428077163148        3.61510842165983
H           -4.43685311637840       -2.01548266406374        2.44812533953314
H           -4.65306059184142        0.68605249353977        3.22680879268403
H           -4.13017558111169       -1.71247217713038        0.03415299475261
H           -5.18160145141265        0.28501184212752        0.80068317599727
H           -2.11740579007512        0.43635938269013       -0.78768990104188
H           -3.87734929951684       -0.10584110687118       -2.27108308021660
H           -1.96078975360011       -2.61846229452707       -0.80674313207850
H           -0.93017167627352       -1.42851689284250       -2.56280694922047
H            1.46030744462643       -1.38173261271622       -0.81051976147361
H            2.59901355318855       -2.87952916602176        0.61539239940853
H            3.83161135118852       -0.44417569550410        0.87823914658636
H            4.90401325957742       -1.29700841517739       -1.02523920171506
48
 energy: -84.855456064803 xtb: 6.7.1 (edcfbbe)
C            4.77613033983673        2.37903451301007       -1.77717784751014
O            4.60636608013914        1.17277375350965       -1.03765851318792
C            3.29346885961753        0.77262880175374       -0.86713412173704
O            2.62050800618565        1.67973789971758       -0.02140523163344
C            1.26546140247778        1.33211151718271        0.17780507899535
C            0.64942396632134        2.40860732564498        1.08011181912543
O            0.50471949788158        3.64161895662973        0.43133734876020
C            1.09313933731873       -0.06643967186558        0.80385813356893
O           -0.31655311779010       -0.25187836768801        0.86142813513142
C           -0.90072656778579       -1.53211353147037        0.76093420996178
O           -1.94229797721506       -1.61533004455207        1.69562757262365
C           -2.96333221175463       -0.63652052474137        1.53956444677958
C           -3.96730905431936       -0.87144205210378        2.67935453806737
O           -4.98425860665991        0.09977640287837        2.70077381035981
C           -3.63819044494343       -0.75694045874094        0.16429181424871
O           -4.54364056252927        0.29019990519357       -0.07940009118474
C           -2.56185286173961       -0.70555727632070       -0.92304869492170
O           -3.09475435991664       -0.95204707270814       -2.20222538014455
C           -1.50472636099644       -1.77803632557154       -0.64322315441874
O           -0.51685936292816       -1.78079717633941       -1.63714373029680
C            1.89588867963679       -1.12131145264787        0.03815838784394
O            1.95434960245902       -2.29942009041408        0.81255733004758
C            3.32193088518368       -0.61626227282167       -0.21961828051543
O            3.95410267280193       -1.55969860077948       -1.04214744302149
H            4.34668686349343        3.22274504793221       -1.23690345048958
H            4.30646326642692        2.29035774526929       -2.76060757499997
H            5.85002743566469        2.50456324647864       -1.87995748032214
H            2.76193542886870        0.72148713660562       -1.84107896830379
H            0.74189556829033        1.32573228442716       -0.79173314093558
H            1.27385688132952        2.50420192959363        1.97603834526759
H           -0.35189540731005        2.08652400388117        1.36530123426349
H            1.38037439091798        3.96389963856017        0.17506915747411
H            1.47978802080366       -0.05879814532619        1.83609252846902
H           -0.19125430276881       -2.32017281087731        1.02539491141513
H           -2.52441097331581        0.36810511487254        1.61980337830374
H           -3.41755774766969       -0.91265848163191        3.62350772266279
H           -4.45715918032635       -1.83546889297951        2.52504410884191
H           -4.64505295947910        0.92091572756166        3.08448312530972
H           -4.15023737355582       -1.73133583517211        0.09985702740412
H           -5.15565768286297        0.34888054720405        0.67594891833618
H           -2.08004592052031        0.28431926225219       -0.89518271403328
H           -3.85041536008581       -0.35992607149445       -2.33184023834048
H           -2.00262247201854       -2.76009372238597       -0.60470967814723
H           -0.97308786805114       -1.78546503851540       -2.49558231026776
H            1.41694248433712       -1.32627654764553       -0.92748141026945
H            2.54723197619725       -2.92174240869471        0.36140093013866
H            3.84858249588468       -0.51909848974794        0.74225040847312
H            4.84462467588214       -1.24339443306348       -1.25725428784550
48
 energy: -84.855173217002 xtb: 6.7.1 (edcfbbe)
C            4.76982451065498        2.46585423391980       -1.73282606413090
O            4.59270907841893        1.22331484988669       -1.05784148930070
C            3.27753862136225        0.83202047136095       -0.88574426847903
O            2.64136827663269        1.67973219144555        0.04667715477480
C            1.28500491789291        1.34168348140897        0.25171728061282
C            0.71121041210299        2.34539375212662        1.26107757601812
O            0.54672384666047        3.62795705489274        0.72290367358330
C            1.09891321254556       -0.10153487614918        0.76133149774865
O           -0.31256636252350       -0.26345909734770        0.81703141582875
C           -0.90345074032549       -1.54461162559718        0.82630867164841
O           -1.95258466326640       -1.53377675711258        1.75888569325740
C           -2.95754456821733       -0.55748306114471        1.51195564657040
C           -3.96261980162573       -0.66214671607850        2.66985189689776
O           -4.95872403983491        0.32799372914766        2.59836404331224
C           -3.63667861794166       -0.79807104078079        0.15483681836933
O           -4.53033225100372        0.23212640493192       -0.18514931125800
C           -2.55824700581469       -0.86282189630253       -0.92976490258290
O           -3.08968190130462       -1.22354913358670       -2.18212489293720
C           -1.51495931698443       -1.91802356039674       -0.54706343973224
O           -0.54032494676808       -2.04205276410720       -1.54432577162610
C            1.86887169095813       -1.10663524458576       -0.09933404435865
O            1.92282001408155       -2.33581306392002        0.58954515531340
C            3.29727869754153       -0.60504738683510       -0.35252779239632
O            3.89228612695050       -1.48751192440687       -1.26565586763960
H            4.36279467792591        3.28559771744171       -1.14122702033973
H            4.28387277320423        2.43815158245992       -2.71192341093017
H            5.84387530564169        2.58052489140885       -1.84620027569559
H            2.72183362840110        0.86748255591448       -1.84672837454154
H            0.73643034566287        1.42928477273790       -0.69976499139288
H            1.36920048359819        2.36448291270590        2.13745271204381
H           -0.28048361619448        2.00303633492631        1.55635337771291
H            1.41510342642773        3.98496243149549        0.48998042555440
H            1.50203693017074       -0.18767840375846        1.78418929153563
H           -0.19768728682912       -2.30955617495752        1.15945031268248
H           -2.50181793571124        0.44272737976774        1.49420808029567
H           -3.41188519131398       -0.62335336234154        3.61373237757587
H           -4.47353657818767       -1.62567072900166        2.60946527650928
H           -4.59760568769192        1.17767739620742        2.88885103106434
H           -4.15977961392971       -1.76832144542663        0.18181428034766
H           -5.13718105853212        0.37174298070890        0.56388770714741
H           -2.06370824596542        0.11890651396491       -0.99408367998326
H           -3.82767691909518       -0.62831717019997       -2.38027082459227
H           -2.02936760407379       -2.88212385850552       -0.40395885497024
H           -1.00867222118573       -2.11795878353584       -2.39319240289987
H            1.36629072943933       -1.23724031679812       -1.06534834172351
H            2.46480354378913       -2.94696149414241        0.06620919698800
H            3.84863021020296       -0.59476010206679        0.60014030440811
H            4.78769480236426       -1.17617869236874       -1.46768420915783
48
 energy: -84.855098269839 xtb: 6.7.1 (edcfbbe)
C            4.76355865759372        2.56415078172839       -1.64899025269762
O            4.57517002238403        1.26656649371719       -1.09094585488545
C            3.25618272440618        0.89006277338445       -0.91503090520372
O            2.66622605692370        1.67074728060489        0.10235194775172
C            1.30892557381945        1.34750786247412        0.32195221226534
C            0.79508561593079        2.27389826689669        1.43298491496072
O            0.63945811290852        3.59956789578892        1.00921261215492
C            1.10116531724889       -0.12857859712094        0.71359316379520
O           -0.31071345714823       -0.26487990308341        0.77353869569198
C           -0.90371562481030       -1.53859171734335        0.89940797287440
O           -1.95712755480681       -1.43234249221347        1.82271093100552
C           -2.95069790210838       -0.47483860405194        1.47596044869859
C           -3.96082961258402       -0.45034651495066        2.63374088646307
O           -4.93519993321507        0.54962912119349        2.46484518875394
C           -3.62860097350891       -0.84283143821857        0.14751802978832
O           -4.50870914653901        0.15895799261183       -0.29725454262645
C           -2.55013261679159       -1.03234169600892       -0.92230446378080
O           -3.08631853078971       -1.51888021527702       -2.12933054410745
C           -1.51720197430255       -2.05110482529909       -0.42687613873330
O           -0.54766736310314       -2.30009993453865       -1.40385836560462
C            1.82412677861074       -1.07699090923775       -0.24691692286342
O            1.86350713351794       -2.35381493482979        0.34536419802983
C            3.25642615003070       -0.58755556470624       -0.50590478767133
O            3.80041337532090       -1.39987484156417       -1.51126289974314
H            4.40519419727371        3.33216161952681       -0.96371868361537
H            4.23902913806268        2.64573287885333       -2.60484753918239
H            5.83533185057567        2.66094051793396       -1.79577729647995
H            2.67673253237267        1.01884412980132       -1.85402839410094
H            0.73264088609015        1.53014124452064       -0.59897462611419
H            1.48650590799064        2.20763290611696        2.28096855723714
H           -0.19199785398847        1.92731789216738        1.73881022988598
H            1.50596307399080        3.95464485456310        0.76655082322327
H            1.52134910325984       -0.31129988453515        1.71638679059503
H           -0.19826127862260       -2.26814729378376        1.30574043906405
H           -2.48379152929328        0.51358960898085        1.35972822016993
H           -3.41150222521297       -0.33585612570096        3.57233448623692
H           -4.49299738282718       -1.40388978742090        2.66104219283652
H           -4.55674031421199        1.41557416130752        2.67430386036157
H           -4.16418030129614       -1.79878160499736        0.27109114674783
H           -5.10959898955432        0.38551351997304        0.43518683174997
H           -2.04598003890519       -0.06804476587403       -1.09072120223557
H           -3.82787641518671       -0.94895188358482       -2.38159046286227
H           -2.04369955086515       -2.98611660871633       -0.17431552608842
H           -1.01928038604283       -2.49320982301772       -2.23188186626719
H            1.28977710119878       -1.11938278370888       -1.20382707024763
H            2.32094771562639       -2.95384939963833       -0.26357131696839
H            3.83709330411332       -0.67111187344657        0.42521836221782
H            4.70201072190792       -1.10147282739685       -1.70513281818145
48
 energy: -84.855021742595 xtb: 6.7.1 (edcfbbe)
C            4.74525075515059        2.64531197141882       -1.57914009448210
O            4.54843978942934        1.30072577957581       -1.15046630393541
C            3.22936284047326        0.93806685706445       -0.94596919108631
O            2.70228440086925        1.64627410752801        0.15478646242087
C            1.34502585081592        1.34240858715774        0.39850006545031
C            0.89680104362274        2.18855068017713        1.59832241365766
O            0.72980932565564        3.54202282957322        1.27844440053758
C            1.10736688598215       -0.15449803120543        0.67356894931981
O           -0.30581414771963       -0.26335395054611        0.72734774493378
C           -0.90338223236685       -1.51836712131123        0.96172828438078
O           -1.96315459931286       -1.32762017248989        1.86463451779028
C           -2.94750447946853       -0.39744742753395        1.42917091479041
C           -3.96394863746733       -0.26349835595805        2.57417670750291
O           -4.92113390252700        0.73440461527915        2.31678153951150
C           -3.62309828864233       -0.87729864158829        0.13619687668520
O           -4.48701850127647        0.09152301561976       -0.40401001025867
C           -2.54509761943376       -1.18076091214903       -0.90715215376157
O           -3.08555152295099       -1.78748140463011       -2.05663335952029
C           -1.51441805266783       -2.14926240731785       -0.31423459589593
O           -0.54612750659684       -2.48993584421169       -1.26325661012764
C            1.79072477016849       -1.05725553716869       -0.35769626631649
O            1.84272575387960       -2.35371993033048        0.18672343317382
C            3.21581622945937       -0.56808513498683       -0.65832407970110
O            3.68864351075549       -1.30182565642014       -1.75612620028225
H            4.45107685807293        3.34349137668153       -0.79543648135751
H            4.16945420644456        2.84236888376173       -2.48744783652310
H            5.80938977569910        2.73037551014285       -1.77938252355003
H            2.61306328879803        1.15457894606056       -1.84483294638438
H            0.74135709946412        1.61377762351479       -0.48233986237238
H            1.63113068693787        2.05888317582169        2.40182930756314
H           -0.07624064991609        1.82610518293707        1.93054746574530
H            1.58374536955996        3.91059549102188        1.01171560169378
H            1.52901274798259       -0.42394301398214        1.65596864577965
H           -0.20018864121860       -2.21047804126995        1.43344793112319
H           -2.47270460537400        0.57345077775691        1.22828140336229
H           -3.41920622841168       -0.08123550857134        3.50457900382426
H           -4.51111377330629       -1.20369624557446        2.67486196707828
H           -4.53607725272498        1.60806578573410        2.47688056460609
H           -4.17290355361006       -1.81025911431623        0.34457756932929
H           -5.08324058044447        0.39828386777483        0.30244331553167
H           -2.03744726698361       -0.24128513954435       -1.17530659463761
H           -3.82920107528875       -1.24773442118649       -2.36284362716811
H           -2.04430141403275       -3.05489450591215        0.02440366169236
H           -1.01881336243014       -2.77372464431887       -2.06399705517201
H            1.21541498125977       -1.05577398289524       -1.29151570825287
H            2.19348696756965       -2.95490114375589       -0.48717006998938
H            3.84349692087929       -0.73837270682687        0.22940993265099
H            4.58480793718606       -1.00256112149641       -1.97256644505019
48
 energy: -84.854523633554 xtb: 6.7.1 (edcfbbe)
C            4.70318241815616        2.71820717678270       -1.55342338901251
O            4.51576050956068        1.34986120078593       -1.20227581158200
C            3.20367845429261        0.98270609001504       -0.96218644537310
O            2.73801598620187        1.61169098970857        0.21217527850794
C            1.38285539148425        1.31958167801562        0.48022155788561
C            0.99422792308731        2.06730417027994        1.76292497089528
O            0.82247050517025        3.44282331371905        1.56128652271461
C            1.11423582908718       -0.18925300779842        0.63318768155050
O           -0.30035773156831       -0.27177134443005        0.67450597133328
C           -0.91018782150097       -1.49713033585664        1.00661245939752
O           -1.97453220138915       -1.22723487226054        1.88404898493924
C           -2.94694519005476       -0.32483308302267        1.37179173469063
C           -3.94991637266995       -0.06363589120440        2.50614242851358
O           -4.89576338874395        0.91749192615725        2.15825489820882
C           -3.63477460461208       -0.91981082326811        0.13503074727445
O           -4.51131701619327       -0.01020579669694       -0.48186119167247
C           -2.55826806063215       -1.30362925043665       -0.88325452167377
O           -3.09756743041138       -1.99981118812014       -1.98147531143088
C           -1.52133231335750       -2.22071928562646       -0.22126645747614
O           -0.55380494881394       -2.61994591861858       -1.14765627020255
C            1.77792413963239       -1.04989371124465       -0.44585872962248
O            1.86263796857968       -2.35406693505879        0.07548754114633
C            3.18805324233127       -0.54059394575340       -0.78543172870643
O            3.60045377864552       -1.19262042065417       -1.95692187498528
H            4.41628932148400        3.36816830229104       -0.72669579992625
H            4.11563919569934        2.96570758714246       -2.44189313138651
H            5.76445039658319        2.81880778454244       -1.76093128903662
H            2.54793680194973        1.27004905699755       -1.81158030906520
H            0.75733097104058        1.68138195917224       -0.35209891776335
H            1.76185282561948        1.86985459789585        2.52025546226015
H            0.03334191177430        1.68361271557647        2.10765803018051
H            1.66593196083481        3.83040525431065        1.28818448721779
H            1.52535518113156       -0.53575320448914        1.59617832688439
H           -0.21446860925865       -2.15641547916556        1.53363070847302
H           -2.45755789009801        0.61425552812733        1.07708441281908
H           -3.39326997016124        0.20364941666253        3.40873130005268
H           -4.50875748072315       -0.98052437221418        2.70627377072942
H           -4.48784717450539        1.79458821301189        2.20004119463947
H           -4.17419716754201       -1.83477629899613        0.43114581728171
H           -5.10248490195571        0.35622885437987        0.20006790592530
H           -2.05367001730674       -0.38649698978710       -1.22490683195576
H           -3.83718898181413       -1.48327770904274       -2.33416582994766
H           -2.04615879644087       -3.10347237985790        0.18005978164438
H           -1.02873524279498       -2.94965453983872       -1.92917720918152
H            1.17026438026392       -1.03604282257011       -1.35874293346884
H            2.15053297533940       -2.95284040086890       -0.62879734233831
H            3.85785620040846       -0.77794464426967        0.05488288484118
H            4.48882514117256       -0.88402621539958       -2.19178296945664
48
 energy: -84.853363713229 xtb: 6.7.1 (edcfbbe)
C            4.63887354240479        2.81220330722915       -1.51823787423204
O            4.46000987356309        1.41906198626588       -1.27739752026942
C            3.16096547114835        1.03676343708200       -0.99292088549519
O            2.76769318172088        1.57035102255804        0.25301794455491
C            1.42251256429425        1.27497183176717        0.56142773884529
C            1.10570902385923        1.91001390806633        1.92189642308782
O            0.97187257814001        3.30269884562639        1.85405100944777
C            1.12672859738278       -0.23678756411745        0.59735074523554
O           -0.28924436265648       -0.29157569134962        0.63158610528596
C           -0.92226146713404       -1.46935833653695        1.06973140490289
O           -1.98818024842323       -1.10304937552087        1.90913447535225
C           -2.94268931068668       -0.23647166693087        1.30914645238858
C           -3.95234638677927        0.13301972602286        2.40714317664908
O           -4.89011676526520        1.08271436867920        1.96395337856724
C           -3.62887571466409       -0.92786324201317        0.12255111196829
O           -4.47640277086814       -0.05915218580585       -0.58706347223785
C           -2.55305956294502       -1.42853368159898       -0.84438309600107
O           -3.10071768672329       -2.21935252020191       -1.87223594279871
C           -1.53535858587665       -2.29489831390286       -0.09031578189010
O           -0.56482902458054       -2.78978584701493       -0.96547684665551
C            1.76696806863533       -1.04352393565240       -0.53754018280392
O            1.91334083518823       -2.35626481421854       -0.05363380594701
C            3.14835325778965       -0.49574559747730       -0.93584883397490
O            3.47717048053341       -1.05546123599733       -2.17970764199396
H            4.41398465437931        3.38802496736037       -0.62024434620715
H            3.99733996536694        3.14077677867057       -2.34069991386012
H            5.68542738712370        2.92527073091545       -1.78574504629032
H            2.45977416927355        1.39309237097533       -1.77747011247351
H            0.76570665269811        1.71766240163940       -0.20538143436680
H            1.89395005668121        1.62172148216623        2.62736578590930
H            0.14592184072261        1.52384747356298        2.26798034642746
H            1.81741274953715        3.68509923909065        1.58088244607537
H            1.53022220940960       -0.65989879133420        1.53195003073085
H           -0.24135175371142       -2.08826860723626        1.66201221088360
H           -2.43758365012386        0.66707142755033        0.93949261491977
H           -3.40122204015228        0.47930849902276        3.28586055975143
H           -4.51699752256664       -0.75949584858380        2.68574889402000
H           -4.47926638294221        1.95868699657848        1.93665293243044
H           -4.19312616768840       -1.79925761567795        0.49412458087605
H           -5.07289380505463        0.37453006539860        0.04918473669526
H           -2.03024578517959       -0.55850459580397       -1.27120382420326
H           -3.82980686457783       -1.72674923665925       -2.27732349249626
H           -2.07697302933810       -3.12874621027388        0.38649344397706
H           -1.03699015826746       -3.19906096995312       -1.70987975637210
H            1.11347744832806       -1.02231752552818       -1.41840223622110
H            2.15186861487788       -2.93647874464374       -0.79046152846802
H            3.87372631438151       -0.79491960654617       -0.16418509070284
H            4.35152961247864       -0.73537416217757       -2.44949930275126
48
 energy: -84.851824229915 xtb: 6.7.1 (edcfbbe)
C            4.55602568642284        2.90651812588394       -1.47859642863066
O            4.38560508064400        1.49686497169157       -1.36022311587864
C            3.10859976721959        1.08846884233173       -1.01801814870521
O            2.80403663254565        1.51017999250061        0.29360500825426
C            1.47271435173036        1.20707726162149        0.64839206537206
C            1.23334424806436        1.73157309838956        2.07005828732693
O            1.13312482722475        3.12821499631590        2.12283929797889
C            1.14445900589428       -0.29774242077552        0.57083505049431
O           -0.27320862930866       -0.32026632130454        0.59855587621552
C           -0.93832495523781       -1.43326766772233        1.14254468929054
O           -2.00248707856556       -0.96563205737615        1.93020212163968
C           -2.93724134672501       -0.14616737162242        1.23941796587854
C           -3.95820383918233        0.32724812424218        2.28638307297784
O           -4.88261808254017        1.23990230069463        1.74842013671804
C           -3.61678601326255       -0.93037217714324        0.10717048061671
O           -4.43139524903889       -0.11216439330868       -0.69508874959861
C           -2.53828642753948       -1.54200700921394       -0.79071285670657
O           -3.08881150815603       -2.41418263620506       -1.74850914453760
C           -1.55180105987048       -2.35434056940969        0.05836647883507
O           -0.57274403577414       -2.94326079248384       -0.74518387047401
C            1.75712406509131       -1.04270925287000       -0.62327483035271
O            1.97557116157403       -2.36295639227594       -0.19055949766520
C            3.09599381223906       -0.44294471127535       -1.09124855135830
O            3.31658965348390       -0.89210445046788       -2.40246717097713
H            4.42270363616809        3.39042019308377       -0.51095078415672
H            3.84370815047334        3.31591559436771       -2.19991205910902
H            5.57380839406318        3.04446726665952       -1.83151553208955
H            2.35495685264344        1.50965228954577       -1.71724969342255
H            0.78572847715731        1.72109499916919       -0.04434590450529
H            2.04359148259789        1.36793282577013        2.71289259927812
H            0.27910837677561        1.34088423755277        2.42742100447563
H            1.97500518210911        3.51428745798123        1.84278758276690
H            1.53796054649726       -0.79771184130926        1.46964372615148
H           -0.27811431432451       -2.00637182319326        1.80147256312960
H           -2.41568532654285        0.71604904536307        0.80048953633782
H           -3.41573587201080        0.74613294554167        3.13833422278615
H           -4.53249138856642       -0.53394776936435        2.63509050656216
H           -4.46846067054596        2.11045376592079        1.66340498129902
H           -4.20719882595880       -1.75191135005654        0.54545037744483
H           -5.03925191001895        0.37954442905642       -0.11439645706087
H           -1.98920739282204       -0.72760418729161       -1.28824681254264
H           -3.79709879397105       -1.94502003883553       -2.21375188724310
H           -2.11805211156135       -3.13011089862442        0.60031628795839
H           -1.03610376303114       -3.41334993552501       -1.45848395590574
H            1.05295771229704       -1.01557443255849       -1.46450433926306
H            2.18098407175724       -2.91778389494642       -0.95593375450646
H            3.88588321124205       -0.79960144146625       -0.41322196538649
H            4.16972431911701       -0.55378199158181       -2.71421780626117
48
 energy: -84.850381461118 xtb: 6.7.1 (edcfbbe)
C            4.46963150133600        3.01492628519318       -1.44632247380112
O            4.33060238157786        1.59823388255343       -1.38204214515352
C            3.07411394353667        1.15152023378998       -1.01566946877561
O            2.82622894797461        1.46122431185070        0.33928412769716
C            1.50889628569640        1.12767790808032        0.71753669853946
C            1.32713464923109        1.51824689137641        2.19026387145979
O            1.32819742951454        2.90497474965717        2.38747693614252
C            1.15398702356982       -0.36304598032022        0.51899739450170
O           -0.26466499524126       -0.35961077220041        0.55714703050974
C           -0.95549667251902       -1.39640268586643        1.20771060257788
O           -2.00630837891904       -0.82236728779597        1.94074904249279
C           -2.92239422427714       -0.06384631511914        1.16040928887736
C           -3.93665286308627        0.54281144895684        2.14306124448360
O           -4.82839519869072        1.42328395694441        1.50522501172479
C           -3.61484528094799       -0.94993205672833        0.11419969556054
O           -4.41148698284628       -0.20328314600748       -0.77140582128880
C           -2.54842111012695       -1.67628304501974       -0.71092217425209
O           -3.11653076993680       -2.63087590577842       -1.57459439676185
C           -1.58632570256176       -2.41503370605870        0.22812188597585
O           -0.61063424119540       -3.11100372127943       -0.48695399513082
C            1.73116212481124       -1.00094938399338       -0.75449357736373
O            1.95331453857342       -2.35699404695748       -0.46444275754337
C            3.06311811487465       -0.36937416467644       -1.19976728368432
O            3.26165013859130       -0.72766799370250       -2.54209212723360
H            4.34005318679208        3.45855599419889       -0.45905769866133
H            3.73800529917155        3.43628580994885       -2.14121245397175
H            5.47872656494248        3.18912499440426       -1.80785033751521
H            2.28650963713234        1.61876492196211       -1.64410488840041
H            0.80032843417270        1.70650284833578        0.10205932643743
H            2.11743171230737        1.03504812547523        2.77666946299384
H            0.35234272159378        1.15950669831296        2.52589971803190
H            2.19401916305219        3.25507039155123        2.13437861064226
H            1.54874013618550       -0.94949814277090        1.36095692556646
H           -0.30957632576572       -1.91254381074607        1.92602487021114
H           -2.38087260033154        0.73473806700240        0.63424116409762
H           -3.38738860107395        1.02908293720614        2.95396129546253
H           -4.54016543003805       -0.26082704877048        2.57099909754321
H           -4.39027507487326        2.27071938541840        1.34115785974680
H           -4.22283317021080       -1.70870783200991        0.63408874166060
H           -5.00609893970320        0.36245651224818       -0.24689217937607
H           -1.97854582102188       -0.93145407020952       -1.28743250945491
H           -3.80995257805704       -2.19611398914682       -2.09280327460801
H           -2.17633318887735       -3.11140303097431        0.84795100034428
H           -1.07028588344102       -3.64617762598632       -1.15478460166277
H            1.00460622470387       -0.88412232284517       -1.57025642682769
H            2.21341076220078       -2.81359616447593       -1.27729513563920
H            3.86364888586217       -0.77208444690146       -0.56076144207499
H            4.10862434366483       -0.36556273516747       -2.84393310374315
48
 energy: -84.851115883522 xtb: 6.7.1 (edcfbbe)
C            4.95956071913535        2.79611884786164       -1.03248688168266
O            4.55735762905639        1.43591730918729       -1.17163119916692
C            3.20635445166486        1.20466201180434       -0.99214025891716
O            2.85713735096243        1.41732104639966        0.35913061450978
C            1.48789492644978        1.17989842711554        0.61323521740712
C            1.23138146259856        1.51967230974689        2.08880686667689
O            1.28497107833831        2.89601921990360        2.34519267122476
C            1.06635382181123       -0.27717686018414        0.31240356858765
O           -0.34036771953195       -0.30689927566397        0.47269990336986
C           -0.94184267166539       -1.28064922173166        1.29146816748345
O           -1.97021732501123       -0.63508769331549        1.99598704422631
C           -2.95180868699959       -0.05999526157461        1.13500556125816
C           -3.99818518554501        0.60551122909486        2.04269649361243
O           -4.93786039953432        1.34940744697209        1.30705422760375
C           -3.60083958943056       -1.10917438327709        0.21325343831636
O           -4.40605146309159       -0.50436848663903       -0.76805323784017
C           -2.52325080418291       -1.93378613534062       -0.50627275386900
O           -3.08047184995146       -3.02242050745985       -1.19998501763768
C           -1.56139133540231       -2.47928366423866        0.55039048250400
O           -0.57480889178273       -3.32416341583674        0.04359577956343
C            1.46314001308973       -0.61281033122905       -1.13632636916356
O            1.25487584857982       -1.97035323911262       -1.39471676069577
C            2.93566132740668       -0.25292046954967       -1.38270588478770
O            3.19413401532878       -0.47734224956083       -2.74343228544227
H            4.82245753485926        3.13346073048204       -0.00520358871166
H            4.38561517801979        3.43238496219665       -1.71163271078878
H            6.01265925656265        2.81326629480656       -1.29736893183566
H            2.59964791716406        1.88057608007011       -1.63266025312643
H            0.87351768473322        1.83789297932866       -0.02071354246700
H            1.96131960737343        0.97553262010544        2.69976111930132
H            0.22260310112936        1.19682364191064        2.35250045505847
H            2.18251597696852        3.21188432348868        2.16976939124895
H            1.55324099048878       -0.98146194181834        0.99419271079209
H           -0.23157109650474       -1.64700502013164        2.04382077740087
H           -2.47089412782416        0.69578407279984        0.49807281497676
H           -3.47627962976679        1.21946412572139        2.78192772135268
H           -4.55689653536107       -0.16962832222998        2.57201321715877
H           -4.54401294877120        2.18897774350884        1.02959211845266
H           -4.19998676089882       -1.80350616780748        0.82576168602952
H           -5.03349318613992        0.09366759529831       -0.32375830630030
H           -1.96659225237685       -1.28250937190950       -1.19571714401279
H           -3.76286143984935       -2.68415698984108       -1.79839508493556
H           -2.15837014654996       -3.01988570401959        1.30749392448518
H           -0.99556046120690       -3.91788153567852       -0.59828120736380
H            0.83991635154693        0.00164269161800       -1.80800318046227
H            1.63938975561149       -2.17121365242680       -2.26327140506957
H            3.56948244708910       -0.89132341759051       -0.74985059483695
H            4.12242617354301       -0.27088743157059       -2.92973881308117
