48
 energy: -84.798119064091 xtb: 6.7.1 (edcfbbe)
C            5.34954100000000        1.83478200000000        0.20364000000000
O            4.25471100000000        1.33749200000000        0.94975700000000
C            3.47580700000000        0.42574400000000        0.26977100000000
O            2.78583600000000        1.11467200000000       -0.75379900000000
C            1.82754000000000        0.38417500000000       -1.48971300000000
C            1.39094300000000        1.36327000000000       -2.59889300000000
O            0.42082700000000        0.86336500000000       -3.46713300000000
C            0.72125700000000       -0.08924600000000       -0.51671700000000
O           -0.26847200000000       -0.90484700000000       -1.13264100000000
C           -1.63839100000000       -0.60672100000000       -1.21621900000000
O           -2.40128100000000       -1.58905400000000       -0.55365100000000
C           -2.61781000000000       -1.43063800000000        0.84330000000000
C           -3.50764900000000       -2.60567500000000        1.27775500000000
O           -3.68494200000000       -2.64665600000000        2.67384600000000
C           -3.27667800000000       -0.08070400000000        1.16527100000000
O           -3.43439900000000        0.12414900000000        2.54554300000000
C           -2.35964900000000        1.02157400000000        0.63242200000000
O           -2.92198900000000        2.30197200000000        0.78677900000000
C           -2.16350100000000        0.80075900000000       -0.87058900000000
O           -1.35519100000000        1.78998200000000       -1.44478200000000
C            1.46059200000000       -1.00495100000000        0.48404700000000
O            0.58809900000000       -1.64781500000000        1.38656300000000
C            2.51025100000000       -0.22223100000000        1.27139000000000
O            3.24625500000000       -1.07881700000000        2.09901200000000
H            5.00605500000000        2.36412800000000       -0.68815400000000
H            6.01802100000000        1.01849600000000       -0.09170100000000
H            5.87384100000000        2.51946400000000        0.86584900000000
H            4.09857000000000       -0.37751000000000       -0.17935200000000
H            2.27656700000000       -0.50761000000000       -1.95321800000000
H            2.27740900000000        1.57974500000000       -3.20070400000000
H            1.06326400000000        2.29017000000000       -2.11629100000000
H           -0.43030100000000        0.94153900000000       -3.01898900000000
H            0.29799300000000        0.77861100000000       -0.01090500000000
H           -1.88328200000000       -0.79925600000000       -2.27451400000000
H           -1.67217100000000       -1.46739300000000        1.40440500000000
H           -3.07428400000000       -3.53647700000000        0.89620200000000
H           -4.50360700000000       -2.48904500000000        0.84560600000000
H           -2.84622400000000       -2.87163800000000        3.09471900000000
H           -4.25043500000000       -0.01700900000000        0.65066200000000
H           -3.83442500000000       -0.67518200000000        2.92391500000000
H           -1.40566200000000        0.96814700000000        1.17941100000000
H           -3.25926600000000        2.35746100000000        1.68941200000000
H           -3.17308700000000        0.84978200000000       -1.31650500000000
H           -1.67056600000000        2.64019000000000       -1.10771300000000
H            1.98590400000000       -1.77549700000000       -0.10246100000000
H            0.06185400000000       -2.25339500000000        0.84924300000000
H            2.03000100000000        0.57394300000000        1.85828400000000
H            2.61212200000000       -1.56625000000000        2.64132200000000
48
 energy: -84.798430212207 xtb: 6.7.1 (edcfbbe)
C            5.28616906699414        1.89618056442802        0.24875664319279
O            4.24116008874120        1.30454089061703        0.99772894062299
C            3.46907806022616        0.41411081373284        0.28274943420643
O            2.72467908663586        1.14325281652198       -0.67238615576414
C            1.78911458667799        0.41164604082537       -1.43701839867230
C            1.33896521429452        1.40334777843274       -2.52651872448237
O            0.44311298954250        0.87189758868295       -3.45491278376973
C            0.72044735293641       -0.14550079112906       -0.46395620511145
O           -0.27971506823038       -0.95553294319157       -1.06717639563952
C           -1.63502785765283       -0.63256165176982       -1.23876143301362
O           -2.43044795925515       -1.57934045622148       -0.55880661027370
C           -2.60381967196412       -1.39330793447668        0.83893691482854
C           -3.45405451508466       -2.57302485553804        1.33414571226772
O           -3.59505979347798       -2.57171345721911        2.73501129347616
C           -3.28389064976203       -0.04810536058780        1.13401547455797
O           -3.43095325169415        0.19793395614632        2.50847347921333
C           -2.39428539605455        1.05261449663614        0.55533666696415
O           -2.99165990890447        2.32351167868952        0.64978120114637
C           -2.17401677350099        0.78198287828086       -0.93737938993734
O           -1.37354778547234        1.77000964586313       -1.52124271482162
C            1.49609605368618       -1.09082691238004        0.47641953883343
O            0.64878648024877       -1.76860722865520        1.37715240177040
C            2.55773291276822       -0.32875945000539        1.26969771803811
O            3.34800336468330       -1.21501092944946        2.01166132738285
H            4.88711271471859        2.48376533306060       -0.58129168131697
H            5.96444713795115        1.12915810874637       -0.14094645444571
H            5.81938534969110        2.54246331161038        0.94165756860210
H            4.10106499064794       -0.33716930643401       -0.23802742108203
H            2.27225118364722       -0.44781611386018       -1.92946685679215
H            2.23981011412959        1.68727717872388       -3.07765187136938
H            0.93673703813600        2.29453934894390       -2.03594858294768
H           -0.43712981079658        0.92678843709856       -3.06351406531106
H            0.29525310937120        0.68891812470367        0.09810482623705
H           -1.84205575253586       -0.85528326654747       -2.29713411441914
H           -1.63731516187282       -1.39651272187874        1.36566167161687
H           -3.00924782289319       -3.50631217519073        0.97228464008234
H           -4.46298659275666       -2.49272387358073        0.92417611431948
H           -2.74030905771147       -2.76101215793896        3.14093556733804
H           -4.26358077035033       -0.01990524601746        0.62736821579284
H           -3.80027067005135       -0.60080415411890        2.91839416230817
H           -1.44377703368940        1.05210331529052        1.11098697485629
H           -3.33540282188663        2.41080185543241        1.54728149128369
H           -3.17823802950521        0.80354256624629       -1.39818635595514
H           -1.70443160105850        2.62157363377160       -1.20296405878996
H            2.01072925322417       -1.83487547857883       -0.15208567021636
H            0.08192028781161       -2.32724897015023        0.82964606423607
H            2.07820945724978        0.41277216914372        1.92482375033907
H            2.75095586328030       -1.74278210070911        2.55767015774186
48
 energy: -84.797180051832 xtb: 6.7.1 (edcfbbe)
C            5.22409251921588        1.93341690827420        0.33329406106144
O            4.21406914417238        1.26075453280447        1.06178211042104
C            3.45254514395030        0.39719832972034        0.30403976900851
O            2.65929807066483        1.16492282481700       -0.57902782387174
C            1.74385114187531        0.44583021623487       -1.38062333825590
C            1.27948923832298        1.46412597290856       -2.43662366191913
O            0.48459195979187        0.91472014122418       -3.44385746406787
C            0.71293440408116       -0.19816891353092       -0.41953911552216
O           -0.30230601467387       -0.99890932667052       -1.00706792219080
C           -1.64086116960562       -0.66731875111321       -1.26590630144714
O           -2.45928084371985       -1.57811826256958       -0.55822523141271
C           -2.57436159303318       -1.35086094695882        0.83826924559852
C           -3.37805156351929       -2.52478942188036        1.41632458793189
O           -3.44638879359508       -2.47446283937077        2.82167433631683
C           -3.26526107899758       -0.00671023423902        1.11263302281714
O           -3.35824832780886        0.29073678196237        2.48174628324609
C           -2.42708007683387        1.08856921589967        0.45225095690753
O           -3.07141613986185        2.34026096104616        0.48300974341108
C           -2.21674118400462        0.74559712930633       -1.02759730881705
O           -1.47093274449220        1.73773842702899       -1.67056138725205
C            1.52356562049754       -1.17926287641799        0.45018362547105
O            0.70342352981366       -1.90429764285760        1.33840363051343
C            2.59332344071823       -0.44371437950509        1.25864225826855
O            3.43205470785721       -1.35681401795755        1.90924378055602
H            4.78947610601548        2.56089825923695       -0.44837069566483
H            5.91720104696595        1.21557562330347       -0.11910284548183
H            5.75181615993798        2.54995885819708        1.05681616781744
H            4.09381860001830       -0.29354222394762       -0.28458955190116
H            2.25686227060569       -0.37351983206479       -1.91217517246930
H            2.19025815047172        1.83696409507032       -2.91451076616424
H            0.78633717773252        2.29932028750937       -1.93323381476530
H           -0.42735608000056        0.92862925140341       -3.12877837930296
H            0.29411495340938        0.59695876892917        0.20576034959998
H           -1.80913302969793       -0.93351578289239       -2.31934955967069
H           -1.58306607766995       -1.32204846288905        1.31651097469768
H           -2.93625219001824       -3.46371102609459        1.06533703241854
H           -4.40797513034645       -2.47476294146811        1.05683581664493
H           -2.56769716692749       -2.63281674420854        3.18810378582880
H           -4.26598099510948       -0.01741592442935        0.64795544567193
H           -3.68875650131658       -0.49940781293470        2.93872206867838
H           -1.46862531750084        1.15933557550898        0.98886647713529
H           -3.39275186853461        2.47427360720852        1.38286854120445
H           -3.22758292232709        0.70115803276833       -1.47307179349393
H           -1.83332305933431        2.58759585602454       -1.38302021091689
H            2.02959312387645       -1.88626683826017       -0.22611044365861
H            0.10162535957507       -2.41528103943151        0.78117822996607
H            2.11489876737862        0.23378088214617        1.98063431624459
H            2.87018723470992       -1.93260930387169        2.44373818608522
48
 energy: -84.794543858691 xtb: 6.7.1 (edcfbbe)
C            5.16792814420606        1.96614438776428        0.42275578930167
O            4.20026012819664        1.21063723711424        1.12742215664556
C            3.44189349265396        0.38243988287916        0.32860798867758
O            2.59755419967734        1.18728942446487       -0.47029508301985
C            1.69884455095804        0.49144113488920       -1.31163426520124
C            1.20215547423539        1.54686652176352       -2.31250631939835
O            0.54158181655472        0.99918162505807       -3.41432181699906
C            0.71280453587161       -0.24716664664390       -0.37319507858929
O           -0.31788237437962       -1.03830324538284       -0.94565189089299
C           -1.64077622760437       -0.72053325865853       -1.28742213706245
O           -2.47197445025420       -1.59807777651821       -0.54583230183752
C           -2.54569481186780       -1.31720750438108        0.84281832296639
C           -3.33390603478982       -2.46287496014694        1.49382256683256
O           -3.34630277056035       -2.35899607000698        2.89783864693436
C           -3.22366265390211        0.03962971046472        1.08955992893139
O           -3.24358325557493        0.39651590169183        2.44760462060454
C           -2.43653783696959        1.11195876183412        0.33350810302580
O           -3.11481772243385        2.34634815360660        0.31136873577589
C           -2.27040933682548        0.68029370239455       -1.12840612729667
O           -1.62061914808351        1.66564286394006       -1.87531210381896
C            1.55983446503425       -1.26276929931165        0.41703898711098
O            0.76945233132391       -2.03763909873845        1.28904812751415
C            2.63836901361784       -0.55527641685811        1.24035948318020
O            3.52367470149845       -1.48753329862094        1.79460067200649
H            4.69187745691257        2.63371088850484       -0.29933568399710
H            5.86878901549775        1.30518936888033       -0.09907170978936
H            5.69763301420545        2.54610374354267        1.17449818793848
H            4.08430686746788       -0.24041988271400       -0.33014794342757
H            2.23906318658555       -0.27457703954034       -1.89495295129034
H            2.10351334167625        2.03958564705170       -2.69024446839864
H            0.59478899945080        2.29071373764744       -1.79282320631303
H           -0.39704454805999        0.94754921901480       -3.19519913930027
H            0.30615213152776        0.49933069328715        0.32130259795195
H           -1.76897644299647       -1.04177616972412       -2.32978575338896
H           -1.53864047282013       -1.27806290334669        1.28689025150872
H           -2.91146262598050       -3.41724207008589        1.16141185397085
H           -4.37682729522925       -2.41858386118518        1.17309758961062
H           -2.45615312246942       -2.51834390245052        3.23507238413081
H           -4.24846298542998        0.00470273213990        0.68166732513312
H           -3.55549266698442       -0.37082125062447        2.95389279942672
H           -1.46156130106954        1.24291268480176        0.82600134748212
H           -3.39520702646681        2.53529879584783        1.21490748167038
H           -3.29437820181590        0.54529658148326       -1.52388983240935
H           -2.01471311254012        2.51164706077813       -1.61875026486062
H            2.05573646430090       -1.92732567695833       -0.30796289832882
H            0.12681669840658       -2.49263803036940        0.72842620053265
H            2.16422515954049        0.05129138722736        2.02553124631432
H            2.99782923932742       -2.11155849278030        2.31116960900542
48
 energy: -84.790871614940 xtb: 6.7.1 (edcfbbe)
C            5.12123359432896        1.99272349921157        0.53409700536918
O            4.21283741995953        1.13172864021610        1.19520656618463
C            3.44831750762377        0.35974912482597        0.34723414667485
O            2.53929866979979        1.20736837564326       -0.32652269624266
C            1.63766176047199        0.56771769479088       -1.20998118271210
C            1.07243036915015        1.69819672576024       -2.08471071066467
O            0.63130935697081        1.24908339126624       -3.33133229702430
C            0.71553322236934       -0.29112777472358       -0.31417466573425
O           -0.32220325172389       -1.08542380931180       -0.87408215963689
C           -1.63421175888796       -0.81970538061230       -1.29388221469098
O           -2.46165030417790       -1.66408480522781       -0.50544002051424
C           -2.51786673145351       -1.28817848047921        0.86168239728726
C           -3.31081242050639       -2.37504442830986        1.60163442120839
O           -3.28692621593978       -2.18069808848210        2.99590611254811
C           -3.17397057241580        0.09274847573475        1.03831418711753
O           -3.11660627770181        0.54229498209823        2.36746404330690
C           -2.44289760994068        1.11609839991023        0.16305637986782
O           -3.15594010708050        2.32729207728682        0.06734528133293
C           -2.33262348359279        0.55343782511201       -1.25693504164507
O           -1.79636183955925        1.48126478660838       -2.15197661574617
C            1.61365301522791       -1.34775803192922        0.35966954884957
O            0.87015272262421       -2.18956550683576        1.20901713584755
C            2.71941704474521       -0.69338357081980        1.19135290562853
O            3.65635291674903       -1.65027164699121        1.59923906191534
H            4.59086514281675        2.71065195805101       -0.09598285791573
H            5.82204190201294        1.41681481654855       -0.08022592995182
H            5.66178682855219        2.51438165635175        1.32011716232973
H            4.08042883905526       -0.16644919224241       -0.39947839238862
H            2.18804226380055       -0.11040277349615       -1.88548553336454
H            1.91484330377041        2.37319486877814       -2.26680782245750
H            0.30097375759633        2.24982518684256       -1.54281499005003
H           -0.30869929538960        1.03825062628126       -3.25769441125857
H            0.32215751167446        0.37850388297853        0.46585613443353
H           -1.71531089532069       -1.22093917216942       -2.31265338446714
H           -1.50328419180486       -1.23866798014219        1.28820489966551
H           -2.91256659900520       -3.35601112452291        1.32161928589006
H           -4.36032426216653       -2.33168103250161        1.30306578592609
H           -2.39571962104302       -2.35203792106078        3.32413105761363
H           -4.22081743232683        0.03383839379019        0.69358401701404
H           -3.42492435589168       -0.17874710361544        2.93967433586594
H           -1.45030550697177        1.31162250372448        0.59355748185647
H           -3.38862865145440        2.59606491023061        0.96395073067290
H           -3.36438853283624        0.31365926741250       -1.57508729730495
H           -2.22518115765503        2.32831319024526       -1.96333281461723
H            2.08199784817093       -1.95036941735888       -0.43473852228896
H            0.17204691588960       -2.57272376101700        0.66060600513587
H            2.27210615363988       -0.18645371865930        2.05865024298014
H            3.17673100767016       -2.33510553502129        2.08258528637298
48
 energy: -84.787099428730 xtb: 6.7.1 (edcfbbe)
C            5.10869551388198        2.00507699574552        0.56991534030442
O            4.27865452056651        1.04702615098245        1.19970949004199
C            3.47677840211066        0.33673725326500        0.33252359871389
O            2.50055479260371        1.21538626390614       -0.18884546448559
C            1.56464544678533        0.65023597883272       -1.08921820619971
C            0.92198453088198        1.86319157921201       -1.78779572834953
O            0.69161679166414        1.64130491635718       -3.14670161624798
C            0.72294541365658       -0.32900432383348       -0.24019114764353
O           -0.31632245058537       -1.13679949526063       -0.78644501399164
C           -1.61636834524862       -0.93617478245076       -1.27244616071665
O           -2.44697295572657       -1.74138738223856       -0.44644297080954
C           -2.52519212728757       -1.26874626484165        0.88894149751605
C           -3.33792119569969       -2.29383724257017        1.69264526364364
O           -3.33309531489400       -1.99854896022116        3.06942514881717
C           -3.17213017743536        0.12747621269489        0.96153650846230
O           -3.10781832332206        0.67180452188483        2.25460249327164
C           -2.44470204334095        1.08612417685285        0.01063305789496
O           -3.15383706517211        2.28998513412923       -0.16314633739033
C           -2.34966426075182        0.41231880820185       -1.36022324202276
O           -1.84825975811448        1.25225384361985       -2.35631470626199
C            1.68164888153700       -1.41111990136070        0.30052255145066
O            1.00164661884974       -2.32178654714646        1.13097023450587
C            2.82932133099994       -0.81035361879433        1.11539861335247
O            3.80700636946365       -1.77987601800942        1.36765986313660
H            4.51157370782026        2.76026040052746        0.05337637416522
H            5.78295040382231        1.52207792998797       -0.14574805477166
H            5.68573723767578        2.46752088024240        1.36697963797154
H            4.06727494672193       -0.09397127602113       -0.50390935673124
H            2.09456951230721        0.07482910761189       -1.86808334803691
H            1.66379257918906        2.66428556364821       -1.72129934936068
H            0.02126948799584        2.18611369640678       -1.26085419467988
H           -0.17980575979741        1.23193065008648       -3.24197743313286
H            0.34718385308799        0.25429013160720        0.61745665872235
H           -1.65086036619668       -1.41414659425719       -2.26019685350243
H           -1.51593687600780       -1.20006740058204        1.32620292930505
H           -2.94247566142647       -3.29477941985889        1.49056125876430
H           -4.38243224399017       -2.26517722571393        1.37557838227218
H           -2.45097127195371       -2.16193073256871        3.42494330239640
H           -4.22089579244812        0.04814237223768        0.62678330952637
H           -3.42999763424545       -0.00043879766509        2.87649997041560
H           -1.44665090543784        1.30400788004143        0.41735262538110
H           -3.37993407702361        2.62080534806892        0.71432638816116
H           -3.37915367994611        0.11951002348994       -1.63766278603284
H           -2.28375733907243        2.10967853065498       -2.24594680320701
H            2.10641550645147       -1.94611607006536       -0.56419769001704
H            0.24648098354162       -2.64143410379084        0.61839720834279
H            2.43104940572001       -0.39931566624940        2.05436822233552
H            3.37135737363841       -2.51736750147214        1.81381861375323
48
 energy: -84.783452176004 xtb: 6.7.1 (edcfbbe)
C            5.14533957986891        2.00560074828046        0.51591830743543
O            4.38594334586326        0.98361412925355        1.13437783446418
C            3.52733364497231        0.32325892032536        0.28214200660183
O            2.49632262930562        1.21569262777271       -0.08644171871377
C            1.50640564064943        0.71480463479897       -0.96796613059942
C            0.80954935661547        1.98269453101243       -1.50486396660184
O            0.70544409111051        1.98623170349542       -2.89701479835147
C            0.74594604335669       -0.35949204227068       -0.15476891581922
O           -0.30180843321089       -1.17514815033242       -0.68284525514654
C           -1.58652693730618       -1.02876420148861       -1.22191450939102
O           -2.43666447626779       -1.79141105594016       -0.37622046467721
C           -2.57526995982377       -1.24822669321501        0.92503700347955
C           -3.41176078558522       -2.23858537277757        1.74800586105243
O           -3.48794914327909       -1.85901776485635        3.10191242412845
C           -3.24140893758505        0.13951073338942        0.88645986998957
O           -3.24750442837105        0.76094301704815        2.14587927695459
C           -2.46760179665398        1.04439726814802       -0.07928748528416
O           -3.14842335727472        2.24890623104904       -0.33490845954387
C           -2.32344594081063        0.30540043631731       -1.41304936524621
O           -1.78351314233060        1.08918212351216       -2.43513319124036
C            1.76110968925414       -1.45045276644788        0.25056720150655
O            1.15566120530754       -2.42306602533498        1.06690117416650
C            2.95823528512538       -0.89001341949807        1.02217678615820
O            3.96234916265374       -1.85923542192774        1.12899293448010
H            4.49538393415668        2.78268589476173        0.10685468662465
H            5.76842099641635        1.59370727018041       -0.28541167778614
H            5.77615692846318        2.42107999472387        1.29795380012562
H            4.05368863613196       -0.02864681585363       -0.63041909645127
H            1.99168653062295        0.22376686479347       -1.82978727351426
H            1.46830168822024        2.81456432252530       -1.24157201883829
H           -0.15526545567447        2.14572641623518       -1.02152744008733
H           -0.06505302327158        1.45313916303183       -3.14126504104131
H            0.39866640041321        0.14672208265990        0.76365860766688
H           -1.58232935180138       -1.56672313516993       -2.17869516625149
H           -1.58521859865560       -1.14211304159492        1.39792146677690
H           -2.98910755930200       -3.24175605545307        1.63030838305441
H           -4.43743930537118       -2.25018068742787        1.37367956310412
H           -2.62682285820715       -1.99007298856822        3.51691401966645
H           -4.27077695088554        0.02733792628294        0.50505851164031
H           -3.59744106781580        0.12379217434142        2.78928744698319
H           -1.48449807168676        1.26050517149829        0.36452074609814
H           -3.41289595731849        2.61700532832046        0.51670211788488
H           -3.34104250778709       -0.00543248619133       -1.71265987760702
H           -2.22628420318081        1.94942257946128       -2.39006532954385
H            2.13031867139484       -1.92124121104021       -0.67548006036858
H            0.35040662281336       -2.69925098541782        0.60830714088920
H            2.62500218772049       -0.55662485837447        2.01557966895482
H            3.56837794294461       -2.63424207209861        1.54966247634979
48
 energy: -84.779528973445 xtb: 6.7.1 (edcfbbe)
C            5.18866185139371        2.00854550118177        0.43596235752566
O            4.49538690736989        0.93374572006182        1.04266830995312
C            3.58022806689143        0.31576391969065        0.21811058963967
O            2.50850356045245        1.20884328281955       -0.00125085978525
C            1.46353147461411        0.76108016351272       -0.84761343928378
C            0.72919766969093        2.06245303944929       -1.23744830619398
O            0.70252780071587        2.25976681551074       -2.62004738290465
C            0.78022962080995       -0.39320082674580       -0.07205606010233
O           -0.28467768297535       -1.20778801567480       -0.57621573733063
C           -1.55535697528518       -1.10490054527812       -1.15328493661238
O           -2.42947778151643       -1.82101246253045       -0.29335540766004
C           -2.63927797838097       -1.21757347553907        0.96871383189160
C           -3.48764356351045       -2.18959571373634        1.80166016050291
O           -3.66445448203014       -1.73228833209911        3.12173772185700
C           -3.34116601594347        0.14214921138536        0.81387235545575
O           -3.44989670779010        0.83417062324378        2.03115860923571
C           -2.51034099346754        1.00457131824282       -0.14068857356290
O           -3.16274190519711        2.20249254257734       -0.48249419036669
C           -2.27992499892955        0.21981757351366       -1.43794153009156
O           -1.66823196935307        0.97146981523237       -2.44469281977909
C            1.84291723214076       -1.48298506099891        0.19169009393547
O            1.31512094574838       -2.51851570769731        0.98280724606095
C            3.08547951891012       -0.95421694795156        0.91289761044479
O            4.10578369852535       -1.91168654382794        0.88101339148205
H            4.49714327909693        2.79698878332590        0.12961127584721
H            5.75340636799989        1.66146681252699       -0.43622758496851
H            5.87233148757830        2.38566298687575        1.19260628069538
H            4.03545148938492        0.03892580055332       -0.75646382293387
H            1.89571957669721        0.34421958387764       -1.77500096473942
H            1.32559091690425        2.87885971257786       -0.82282333741940
H           -0.26958478727664        2.11623470605401       -0.80545505322241
H            0.04092701156139        1.65868320523757       -2.99213083387846
H            0.47435279692943        0.03823822744470        0.89852378662572
H           -1.52390113897204       -1.69571507251685       -2.07771511551716
H           -1.67479929766046       -1.05610623042013        1.47776132452208
H           -3.02183909300280       -3.18004655035563        1.77344094595674
H           -4.48591089158546       -2.26512677737419        1.36578597414039
H           -2.82881776511944       -1.80625104400733        3.59812758581467
H           -4.33754907246216       -0.02060444128032        0.36957338950984
H           -3.82496573911542        0.22369991416072        2.68605424947735
H           -1.55769993380234        1.22605453178194        0.36410717860737
H           -3.48569638782609        2.59820580616588        0.33604016205753
H           -3.27625312604021       -0.09990748942517       -1.79353454695110
H           -2.12525069783135        1.82587804271861       -2.46385336108564
H            2.15270265271698       -1.88499914073050       -0.78762064391126
H            0.46827337324364       -2.76170499521127        0.58464893553546
H            2.82047816675121       -0.69448931875262        1.94786169910654
H            3.75151145440934       -2.71927789451802        1.27496149467594
48
 energy: -84.775430295293 xtb: 6.7.1 (edcfbbe)
C            5.29037934982950        1.97318054132016        0.22522454077200
O            4.66559969715814        0.87066738331162        0.85638311726899
C            3.66085834777900        0.29105141105151        0.11262571925585
O            2.57517335391708        1.19245278280587        0.06074888798315
C            1.43694874706993        0.80437301299318       -0.68836515640351
C            0.66231280364548        2.12817976170052       -0.85309295123439
O            0.68103186679658        2.58592174515137       -2.17338104704178
C            0.83902797085258       -0.42160640035423        0.04677704113099
O           -0.24403007171366       -1.22654708435711       -0.44165259997412
C           -1.50019225693652       -1.16362141172878       -1.05401604888659
O           -2.39958083932947       -1.83536744993677       -0.18856120639955
C           -2.71837599004144       -1.16507698958946        1.01250635950518
C           -3.54659536101724       -2.13703149397357        1.86590125811417
O           -3.84580401848638       -1.60035175647054        3.13284142370315
C           -3.50119471479546        0.11849818174741        0.70055990020442
O           -3.77934451022780        0.88419621768768        1.84468797377578
C           -2.62691573908120        0.96689226767842       -0.22427271723434
O           -3.29651368076862        2.10719692935652       -0.70167559322848
C           -2.21178321406430        0.14260627434357       -1.45192833184075
O           -1.48881082829994        0.89352696138021       -2.38523413386027
C            1.93454260110125       -1.50527884209224        0.15736265349659
O            1.48511013244911       -2.59341018971190        0.92515710407224
C            3.23104235904121       -1.00563444412648        0.79909636397281
O            4.24170221129351       -1.96142317413386        0.64814415333004
H            4.57056220555821        2.77125684872186        0.02881145252955
H            5.75776320817151        1.66566155981473       -0.71673010630553
H            6.05199198590827        2.32004868737501        0.91930381219770
H            4.00209842848746        0.06029809150443       -0.91889846127093
H            1.75380021265052        0.47444551035196       -1.69441870489573
H            1.19538338564502        2.87635337570820       -0.26224964924993
H           -0.35657165340109        2.05437056403821       -0.47821739828817
H            0.15452826776391        1.97117739016196       -2.70346557737346
H            0.58254110056918       -0.07322202205257        1.06349713922813
H           -1.43668652146398       -1.80817558815126       -1.94048930410157
H           -1.79871991126887       -0.89614918718014        1.55813768094008
H           -3.00889392098410       -3.08767840963205        1.94299038183692
H           -4.50466010363272       -2.32135060181255        1.37568965328148
H           -3.04197910547352       -1.57424543859746        3.66542299542975
H           -4.43271164665644       -0.15194850010733        0.17627968433497
H           -4.15386400911678        0.29068685129130        2.51509538778940
H           -1.74891620590918        1.26558574324895        0.36887718712881
H           -3.72636048108697        2.52599004064567        0.05390283788906
H           -3.14998500418129       -0.20396596637227       -1.92178430063776
H           -1.97891453661394        1.72320358916628       -2.49296455086759
H            2.16417168735698       -1.84391879833435       -0.86748795535376
H            0.60032150006266       -2.80978342483155        0.60112906913197
H            3.05135305541785       -0.78515738208535        1.86115724325981
H            3.90915771914219       -2.78688210171549        1.02405672939120
48
 energy: -84.774585534339 xtb: 6.7.1 (edcfbbe)
C            5.30487151873103        1.95855334018833       -0.43160633131473
O            4.89698186642857        0.80063616342374        0.27299378320377
C            3.71965391088675        0.24946457038020       -0.18279270486824
O            2.66756004602851        1.13030455563667        0.15096813918555
C            1.35334343913854        0.79312972326280       -0.24302266460119
C            0.51725320720416        1.96471365312431        0.31499672003847
O            0.03985022210828        2.83970529226727       -0.65862703165582
C            0.95799010759636       -0.57456278580216        0.34300786574648
O           -0.12424821849419       -1.34956441873291       -0.19494178644008
C           -1.35980383556640       -1.22292350679903       -0.84799578726096
O           -2.33563285078133       -1.81158224214269       -0.02091436832702
C           -2.80358597290827       -0.98215635334001        1.02629293414554
C           -3.67003294100520       -1.86323942042477        1.93907435421719
O           -4.14596932932086       -1.16451695176172        3.06469238034840
C           -3.61203657221703        0.18389605704622        0.43517639293490
O           -4.08237959257442        1.07558711472458        1.41291885889490
C           -2.70902374375455        0.98334059971607       -0.51153378067313
O           -3.45543968467917        1.85522868917148       -1.33135661429123
C           -1.96392246686760        0.05142602714634       -1.47716122224318
O           -1.02393357572746        0.75228982881251       -2.25465951789185
C            2.10282433633476       -1.59611239682696        0.13625127437654
O            1.85629817003362       -2.76527279581405        0.87683561210856
C            3.49417678396907       -1.09021929250850        0.51804307352249
O            4.46547577387713       -2.00571004476621        0.09861094313618
H            4.55509331880559        2.74931727544204       -0.35224630977407
H            5.47963692891463        1.72713554539515       -1.48839356225168
H            6.23385996106183        2.27762110293451        0.03445589728705
H            3.74575771092150        0.09082558267045       -1.28184117644694
H            1.27995011554355        0.74994025756535       -1.34125374146367
H            1.17411453765818        2.55019397083421        0.96261222833978
H           -0.29985818455470        1.56653721498710        0.93666124043361
H           -0.36535034650575        2.30570609215075       -1.35982924968303
H            0.79202166989255       -0.44709369632357        1.42493162118575
H           -1.26573028054395       -1.94555093054608       -1.67566293510216
H           -1.95564964168024       -0.57686352305367        1.60324264383889
H           -3.09227039681643       -2.74852747482028        2.22520269956334
H           -4.55234051125369       -2.19204362389149        1.38611960330424
H           -3.41109974153366       -0.98197315181573        3.66217910147671
H           -4.44984428308682       -0.23819088792217       -0.14508570083784
H           -4.50807854770285        0.55579540977631        2.11337005813087
H           -2.02004988664094        1.56756490679621        0.10647961264997
H           -3.99686831793615        2.40446800770276       -0.75229990067987
H           -2.74833289537100       -0.35217101267756       -2.13898227641252
H           -1.52762310962270        1.36779108411293       -2.80528797690429
H            2.12127724280228       -1.83628063066710       -0.94091322592179
H            0.94348072152567       -3.02193008813757        0.69305020961565
H            3.54911128751196       -0.92286029512843        1.60301996601294
H            4.22851989175292       -2.86183149873911        0.47870299454829
48
 energy: -84.774307998933 xtb: 6.7.1 (edcfbbe)
C            5.23441644883636        2.03297993635704       -0.37963717807260
O            4.88483199063689        0.81179884544953        0.24500317693944
C            3.70241896184661        0.26885118998515       -0.20619527668560
O            2.64131993729258        1.08228837815470        0.25078051372997
C            1.33194116910352        0.72427014782457       -0.13706772789260
C            0.45015923616737        1.81989929422846        0.48805843244388
O            0.01306826297382        2.77863819765402       -0.42691871916880
C            1.00280545257754       -0.68436512190507        0.38054328703860
O           -0.12036629439139       -1.43540762402519       -0.10217769989019
C           -1.35482268453810       -1.28552288282341       -0.75513005708895
O           -2.35075144773222       -1.78139558395041        0.10552268813854
C           -2.82987436537536       -0.87214117629996        1.07702906084150
C           -3.70685332909643       -1.68212965061406        2.04417112466293
O           -4.21852817662617       -0.89603593317239        3.09374436686923
C           -3.63184111936741        0.23221981439419        0.37222483349479
O           -4.15098094164743        1.19232089872475        1.25562068881997
C           -2.69932919538012        0.96515258083915       -0.59769964084371
O           -3.42147238592024        1.75897937838459       -1.51531042071386
C           -1.89404762542969       -0.01763361801234       -1.46426611167795
O           -0.89078235689712        0.65408486275209       -2.18784142755402
C            2.15127611636008       -1.65459359829702        0.01875212341076
O            1.97694848933676       -2.88883132972799        0.66855962680759
C            3.54762846891655       -1.13833759499558        0.37232952451499
O            4.52197181256473       -1.97656403711416       -0.18070344347910
H            4.47051473654179        2.79455855838413       -0.20521168039493
H            5.36793575698046        1.89128238730522       -1.45819983856814
H            6.17535475025492        2.33871117341116        0.07100150329187
H            3.68062575758804        0.21269814420472       -1.31555264012815
H            1.24471549169907        0.73295979871716       -1.23483141576137
H            1.05549617846571        2.34857023283539        1.22776800836277
H           -0.39570643244511        1.34928471684624        1.01275879681603
H           -0.31274608386260        2.31128668811846       -1.21063594700645
H            0.92003307894632       -0.63144182749777        1.47792567998567
H           -1.29884547174603       -2.05974798168164       -1.53826395131881
H           -1.99132347141578       -0.41832135103659        1.63111745342324
H           -3.12519140106637       -2.53110027187333        2.41888794536332
H           -4.57104945814506       -2.07025992916929        1.50116326324228
H           -3.50041053131293       -0.64960938224526        3.68859059725539
H           -4.44092021386429       -0.24863312095184       -0.20315983822105
H           -4.58659780809540        0.72435176604371        1.98579421785131
H           -2.05133587108617        1.61365645359621       -0.00035674361827
H           -4.00456676580234        2.33175164888822       -1.00321523594770
H           -2.63397759506015       -0.42804148513669       -2.17125599046473
H           -1.34658178832064        1.25861334240023       -2.78951931065096
H            2.11449535771984       -1.80233201969317       -1.07472346826382
H            1.04948049711996       -3.13352278112937        0.55449162194120
H            3.65496568971545       -1.07271715799270        1.46434888192067
H            4.33649705997006       -2.87052794083165        0.13516878738223
48
 energy: -84.773967915865 xtb: 6.7.1 (edcfbbe)
C            5.16898507392040        2.13592659402542       -0.25390574235344
O            4.86879395858840        0.84144334203707        0.23388260995239
C            3.68763767357979        0.32052579253583       -0.24595765624926
O            2.61865671721363        1.04614786432071        0.32767355531744
C            1.31591111204328        0.67281720340656       -0.06631898657358
C            0.39730209587330        1.70443578671525        0.60322192232635
O           -0.02943407711675        2.71257103844428       -0.26610932709015
C            1.05351498090621       -0.77057760033288        0.38487929702583
O           -0.10684447884836       -1.51979315123843       -0.00075694658499
C           -1.35781891328748       -1.37767239417541       -0.62527423157718
O           -2.34387467096867       -1.77468398544975        0.29456287957360
C           -2.84521066372671       -0.78235097744204        1.16718767243568
C           -3.73408348863676       -1.50861240525954        2.18890160959955
O           -4.27930623160141       -0.63293591358788        3.14657872014055
C           -3.64323707408287        0.23919916595612        0.34418171549890
O           -4.20536870339673        1.26685352344818        1.11826706787216
C           -2.68715510248606        0.89558951495506       -0.65522233269123
O           -3.38510600049745        1.61762859744871       -1.64871050121752
C           -1.85539008401208       -0.14473853264536       -1.42673774502086
O           -0.81167452393623        0.48230639014032       -2.13271249592399
C            2.18860062704478       -1.66825925000939       -0.15891928325119
O            2.08801877333136       -2.96976102125359        0.36151803421649
C            3.59337480172851       -1.15056033972387        0.16298655262083
O            4.55005672497493       -1.88450905911445       -0.54765784749582
H            4.39128088007541        2.85027420484276        0.02720894520453
H            5.27475272487453        2.12327358597153       -1.34476503364763
H            6.11450086092678        2.41469755369161        0.20468066318804
H            3.63392929363825        0.39334455333578       -1.35337842653236
H            1.22427747518532        0.72755226001280       -1.16211583201554
H            0.96546253551929        2.19632395138621        1.39572554054075
H           -0.45696506914952        1.18500841671759        1.06299700304678
H           -0.28181914347589        2.29897343462228       -1.10352461214022
H            1.08302667955553       -0.78789970150265        1.48535371628591
H           -1.35011500131170       -2.21397457473828       -1.34414504883930
H           -2.02285514566047       -0.26976326655697        1.69375255842257
H           -3.15082833760387       -2.30914351886655        2.65603267648575
H           -4.58081369400379       -1.95934425475241        1.66724259935995
H           -3.57751663942476       -0.31671013696465        3.72785388111004
H           -4.42586504334966       -0.30664816666949       -0.20948034071420
H           -4.64837867909708        0.86100335149580        1.88049426585487
H           -2.05730453187671        1.59121832140447       -0.09219207566115
H           -3.99244588129629        2.21397634909490       -1.19460844392760
H           -2.56699367439628       -0.58108473678611       -2.14691736362689
H           -1.23234164202423        1.07100372215361       -2.77404179781296
H            2.07981010950108       -1.69848294460335       -1.25760973436799
H            1.15068615932371       -3.20375175298814        0.34225428668448
H            3.76985638047214       -1.21571499342106        1.24607149440735
H            4.41030875079996       -2.81512681236545       -0.32896508997486
48
 energy: -84.774955952954 xtb: 6.7.1 (edcfbbe)
C            4.81163174718465        2.30701837754933       -0.72975670234200
O            4.71055818411646        0.98625455402018       -0.23120102124388
C            3.49755486176265        0.38291604460260       -0.47903342216680
O            2.51590636504835        1.03691490523715        0.29680448473483
C            1.17870367662177        0.60286740310937        0.17427662561948
C            0.43776826253581        1.50502048567856        1.17649609254976
O            0.24365233360391        2.81401865246919        0.72060804047949
C            1.04968523469667       -0.88396988233499        0.54488620504302
O           -0.09729704344055       -1.68456909876654        0.20734350755249
C           -1.32367710753266       -1.56460786757772       -0.46384761955898
O           -2.37312518743898       -1.83468984231988        0.43055389882340
C           -2.85400293176336       -0.74279591114559        1.18972796778985
C           -3.91640864269810       -1.30722284727069        2.14619921909636
O           -4.42758124688789       -0.32586389720031        3.01647668347268
C           -3.45331778401863        0.32262820222990        0.25684806894320
O           -3.91267519423368        1.45773978884168        0.94424538631202
C           -2.37596931135671        0.79284062225128       -0.72500187505257
O           -2.92181835396010        1.58866219499888       -1.75443008227194
C           -1.71117745372183       -0.40637233146525       -1.40991468288818
O           -0.62035903755957       -0.01591794211371       -2.20090581112542
C            2.16993100210572       -1.68352315640484       -0.17005469455919
O            2.22899005453687       -2.99600064098817        0.33092745837359
C            3.57203996180951       -1.08348694420373       -0.05495545245005
O            4.45597767990776       -1.76893129973299       -0.89533433174681
H            4.06837948891098        2.95861891769554       -0.26382943880333
H            4.67944617339665        2.32138731491801       -1.81781318356900
H            5.81357656734584        2.64435613719002       -0.47627383194718
H            3.22802575569786        0.44160638467393       -1.55536789839403
H            0.82442285782619        0.75330064146009       -0.85612257602331
H            1.06409935249669        1.59220338980810        2.06754765804823
H           -0.51584447612008        1.04120447763914        1.46708048626619
H           -0.04929897617008        2.80167102165214       -0.19865810200214
H            1.17160284508712       -0.98967408013445        1.63125183568201
H           -1.32267146313278       -2.46944047702104       -1.09694427729618
H           -2.03857334459706       -0.29201355711224        1.77991311676981
H           -3.48295190350644       -2.15076577250973        2.69333963326760
H           -4.76457112196159       -1.67364177160257        1.56429590554812
H           -3.74776774229198       -0.07849482611890        3.65475201994052
H           -4.27302629729854       -0.14431754081193       -0.31557232273896
H           -4.45983575075917        1.15765184781131        1.68778520593087
H           -1.64663880333177        1.38640605721647       -0.16696997134361
H           -3.50300153266305        2.23579477671556       -1.33600858427839
H           -2.49397834226784       -0.83985354324852       -2.05596053329497
H           -0.95191009349085        0.64473520760946       -2.82392498263571
H            1.90324503084104       -1.70536622144591       -1.24161149297397
H            1.31740443474920       -3.30717653618713        0.40395088820727
H            3.91053232995959       -1.12053538441814        0.99036112562227
H            4.38434287888831       -2.70659114029745       -0.67269586196451
48
 energy: -84.777574488674 xtb: 6.7.1 (edcfbbe)
C            4.68693662687748        2.40853778408310       -0.71477783839541
O            4.63862343668959        1.04466199199355       -0.34045013207505
C            3.41796609177157        0.44443690146353       -0.55678469087207
O            2.48500321648184        1.01257727508697        0.33799475903070
C            1.15114289342280        0.56060527069200        0.26375979235118
C            0.44692653430346        1.40689601624529        1.33959601523000
O            0.29027370129253        2.75115933266552        0.98741649356797
C            1.08700990001587       -0.94397829903155        0.58062146151541
O           -0.07236841819146       -1.76756623404307        0.36357376354533
C           -1.30881248190309       -1.67662451303387       -0.29223374515909
O           -2.36019746013789       -1.82859670374604        0.62707447762683
C           -2.85096470160739       -0.66394919462259        1.26050957038502
C           -3.97129643374838       -1.11978631884002        2.20948203444772
O           -4.48750535711943       -0.05464807880206        2.97197843502086
C           -3.38116219900569        0.33194323650097        0.21606305783007
O           -3.82524481822966        1.53640082998848        0.78582648677050
C           -2.25646142713749        0.68205518303616       -0.76195537452857
O           -2.73194396028031        1.43909468628962       -1.85179953186094
C           -1.64276607728381       -0.59559929014887       -1.34279635880350
O           -0.52116167829609       -0.32525221064408       -2.13959716877361
C            2.14036739834767       -1.66768409417609       -0.30010867922726
O            2.26576605758199       -3.01285719442039        0.09109508468037
C            3.54068748408809       -1.05187409186075       -0.27201235647488
O            4.34541395373947       -1.64649494713064       -1.25054172427714
H            3.96263268206864        2.99578805734822       -0.14530402639859
H            4.48844015595129        2.52309128339586       -1.78658727991569
H            5.69668882134264        2.74292392317841       -0.48954430508516
H            3.07239168155462        0.59159510818633       -1.60238749951721
H            0.74824430916911        0.74491328098868       -0.74254895162838
H            1.08505446769484        1.40990437302737        2.22592529012921
H           -0.51735504843858        0.95241072007553        1.60514323198035
H           -0.09111170557260        2.82082856531410        0.10386746503706
H            1.33493595195812       -1.09196200856435        1.63899503828177
H           -1.34659975154035       -2.63745837689924       -0.83609429099951
H           -2.05760829278457       -0.17925009973158        1.85304752082974
H           -3.58781001872191       -1.92630293103720        2.84263566510982
H           -4.80519775353480       -1.50956291682520        1.62213805849590
H           -3.83460751967729        0.21595867224335        3.62852826754088
H           -4.19635088181252       -0.15686995028201       -0.34465124011058
H           -4.40746968867375        1.31896153618926        1.53149105283142
H           -1.50566096212923        1.26641337311062       -0.22073540802432
H           -3.31678477815321        2.11852246096605       -1.49358380201130
H           -2.43588069144771       -1.04572120423300       -1.96419170752710
H           -0.80346197759366        0.30453351508764       -2.81663600051623
H            1.76825476583166       -1.61406875913376       -1.33857640287761
H            1.37278592976465       -3.33398194837393        0.27225897615819
H            3.97998218958783       -1.17386999710114        0.72850006774875
H            4.31025379550773       -2.60025914941146       -1.10014072267064
48
 energy: -84.780017864618 xtb: 6.7.1 (edcfbbe)
C            4.61011619833205        2.46136934571048       -0.74261245982630
O            4.58949658590959        1.07751417202607       -0.44687952227922
C            3.35854688109410        0.48409674357977       -0.61799480807732
O            2.48441287037900        0.99244046120385        0.36868093951511
C            1.15306619349719        0.52941431615420        0.34342767969040
C            0.48210755197319        1.31724108973893        1.48144792567754
O            0.28625310974213        2.67294686053472        1.19999368957167
C            1.13383846741060       -0.98690361170543        0.60213685991634
O           -0.03833685936196       -1.81156517633420        0.49668790003001
C           -1.28411469496327       -1.73708971774755       -0.14591188379263
O           -2.33016348161613       -1.78706011739314        0.79222870707769
C           -2.85364661174811       -0.58171710163329        1.31008439522169
C           -4.01503581447602       -0.97636755793629        2.23792478288371
O           -4.56107781983536        0.13785147416681        2.90354530562270
C           -3.33998713026805        0.33663361322893        0.17858973775856
O           -3.79184959476962        1.58179562234019        0.64658706731825
C           -2.17341594035475        0.60519824718686       -0.77295650465966
O           -2.58227485069805        1.32456825120733       -1.91292052058397
C           -1.58487241891973       -0.71984907557800       -1.26892948149137
O           -0.44830675681361       -0.52022383521355       -2.06462339083747
C            2.11276082477089       -1.65837138646414       -0.39564673194713
O            2.27878660478948       -3.01992482426885       -0.07687940159971
C            3.50604623589032       -1.02684918185629       -0.43855855153328
O            4.23805561671013       -1.54921006024971       -1.51143822719878
H            3.92069747477185        3.00931978977985       -0.09582605408550
H            4.34486141068389        2.63706446114209       -1.79155964762232
H            5.63082731856832        2.78893171968565       -0.56108445946689
H            2.94354484520728        0.69288705466939       -1.62741289583279
H            0.70636443676963        0.74688695259802       -0.63709241618721
H            1.15571402145625        1.29255536069329        2.34042592493725
H           -0.46138185683587        0.83022848033870        1.76172842810602
H           -0.17003186759603        2.77702950039587        0.35631051525534
H            1.48486589788043       -1.16762313085640        1.62526214991111
H           -1.35884175407225       -2.73421655032402       -0.61468150001131
H           -2.09612352191798       -0.04480914775186        1.90416759692109
H           -3.65979922547548       -1.73795351883690        2.93947264318596
H           -4.82362343007423       -1.40593200206512        1.64302984358151
H           -3.93693775566585        0.45022697174208        3.56952678734146
H           -4.13934468424675       -0.18308468241691       -0.37659622150919
H           -4.40566723820601        1.42045871064066        1.38119909412332
H           -1.42183938950530        1.18811147644154       -0.22849154913969
H           -3.17470976380562        2.02492476550555       -1.61187985025075
H           -2.38031020309718       -1.18805358895915       -1.87378630844143
H           -0.70392699822570        0.08829787830409       -2.77124266437257
H            1.66209291375236       -1.56317064007628       -1.39819084533137
H            1.41015836573343       -3.35030649120066        0.18755506674324
H            4.02205342383842       -1.20689056022546        0.51577335112040
H            4.22095042045768       -2.51082654040358       -1.41910750285023
48
 energy: -84.781806365079 xtb: 6.7.1 (edcfbbe)
C            4.55919486350279        2.49186998043898       -0.78483350254534
O            4.55119921056467        1.09790640416109       -0.54035866939379
C            3.31148995759817        0.51144540547885       -0.66658418297558
O            2.49519501787543        0.97519901690984        0.39048695994673
C            1.16817398330355        0.50152774247575        0.41481729659584
C            0.53452179810238        1.21244573691848        1.62122879179748
O            0.23065458119903        2.56140511426831        1.41178453346662
C            1.17923489131335       -1.02406041624716        0.60270883338791
O           -0.00662079305264       -1.83104744677608        0.59896374702723
C           -1.26277360168681       -1.76639756195869       -0.02973295969967
O           -2.29245866936382       -1.72042929860793        0.92956297682042
C           -2.84470869540402       -0.48884289924615        1.34398601126961
C           -4.02331433824969       -0.83764885173943        2.26943103006142
O           -4.59949500582591        0.31196961827055        2.84312578793323
C           -3.31684320051266        0.34439799524072        0.14469669745491
O           -3.77835455214442        1.61745446903882        0.51976328259299
C           -2.12813554361911        0.54693246686171       -0.79224257340764
O           -2.49539642111303        1.21784097695799       -1.97390367282661
C           -1.55297262912146       -0.81083439126512       -1.21113766881575
O           -0.41728832123420       -0.65600195988258       -2.01614429206302
C            2.08865763834289       -1.65567435965433       -0.47801495592652
O            2.28283911187125       -3.02617482473223       -0.21051051871884
C            3.47238221995402       -1.00674883207367       -0.57053227789060
O            4.14558535351410       -1.46713557921286       -1.70876002405398
H            3.90755871390071        3.01574618087149       -0.08129523667217
H            4.23763594827364        2.70686790743249       -1.81049623721316
H            5.58914553223633        2.81181953393792       -0.64725544831167
H            2.83923283242253        0.76590293317513       -1.63979441463190
H            0.67383259446531        0.75931954289892       -0.53280625264314
H            1.26835291624147        1.20199051470612        2.42961082492171
H           -0.35069388574464        0.64913890426366        1.94538346984838
H           -0.31964804112352        2.66547435231714        0.62581270033889
H            1.61287003290076       -1.23782441292851        1.58792137669424
H           -1.37418501039097       -2.78970465692301       -0.42769325521229
H           -2.11516380939400        0.10658948676492        1.91670439001464
H           -3.67563947279679       -1.54422151708435        3.02968096305567
H           -4.81125322367767       -1.31867714083316        1.68631118765920
H           -3.99754953235642        0.67556805839587        3.50351394908274
H           -4.10447033448403       -0.21277109934825       -0.38982693238539
H           -4.40984542197870        1.50226429495410        1.24826492787224
H           -1.37614257296442        1.14021382400272       -0.25611038446715
H           -3.09018854280058        1.93576648748674       -1.72277741605727
H           -2.35165642738351       -1.30421175779788       -1.79164205078310
H           -0.66482482833275       -0.06214192110430       -2.73833312007953
H            1.58563374093401       -1.53589993777780       -1.45061782903972
H            1.43899631002201       -3.36882375583724        0.11195941460390
H            4.04424631224489       -1.22969816639365        0.34211184817873
H            4.14298737488872       -2.43209138261685       -1.66294393086294
48
 energy: -84.784407136885 xtb: 6.7.1 (edcfbbe)
C            4.40002339323033        2.52366667867071       -0.86378483964805
O            4.42162633141351        1.12838632961465       -0.62876188880302
C            3.18531563162917        0.52684117400780       -0.70544194310668
O            2.41858432264480        0.94825755832163        0.40598500993786
C            1.08872412009644        0.47975049989421        0.46320227729084
C            0.49988980229438        1.18476357003735        1.71043793006195
O           -0.28166935947607        2.31481615795105        1.45495923829604
C            1.11769049584044       -1.05323738641215        0.59304967518506
O           -0.06298777204294       -1.86640736720915        0.64323935543710
C           -1.30191410489559       -1.86483795193462       -0.02537373668332
O           -2.35526222434496       -1.74134879969498        0.89725612799391
C           -2.65926125013811       -0.44706744249158        1.36106279981198
C           -3.78576842636937       -0.58955957885406        2.39839438825773
O           -4.09845279894501        0.64581083272688        2.99957657651893
C           -3.09585545431047        0.48075776820358        0.21681424380797
O           -3.15783093261010        1.81988440604949        0.65755014813178
C           -2.09148734409516        0.44370964942550       -0.93851707079048
O           -2.66460926156894        0.92741413186102       -2.13380065046265
C           -1.60525344223964       -0.97720422913114       -1.25633214433543
O           -0.50891543554511       -0.93688420833793       -2.12717324995914
C            1.99654956078890       -1.65874535413910       -0.52607950450066
O            2.22088502403616       -3.02882153464173       -0.27407785535163
C            3.36807504224761       -0.99084256897326       -0.65899064191511
O            3.99707339283478       -1.41170736231255       -1.83705445667700
H            3.77668666685313        3.03555015285729       -0.12641280815735
H            4.02515516615048        2.74072757271430       -1.87065452774933
H            5.43117663013181        2.85677489804268       -0.77521652144621
H            2.65901726911454        0.80110499266953       -1.64471138094015
H            0.57633802991781        0.77028869163968       -0.46247215548959
H            1.35948878745196        1.54679651726219        2.28071474149586
H           -0.02740130516510        0.44751993091108        2.33043454535871
H           -1.16921612603437        2.08914653867928        1.13200667159880
H            1.59251295690927       -1.28874803246913        1.55517141908628
H           -1.40581279219396       -2.90825850483377       -0.36372447728709
H           -1.78294194118873       -0.00901582770741        1.85733336422393
H           -3.49330416765341       -1.34165952162946        3.13728217584198
H           -4.69596089310484       -0.93091039376863        1.90118870473356
H           -3.40276034073164        0.88405222771293        3.62396992733316
H           -4.07462116064640        0.14719418111126       -0.16164885443116
H           -3.75101632594742        1.85123692865885        1.42664086210506
H           -1.24338892560951        1.08440455378098       -0.66971338144975
H           -3.03375390657692        1.80057475735355       -1.95530712165536
H           -2.45771081980601       -1.47566043569796       -1.74859938529281
H           -0.77445610001284       -0.41659250286763       -2.89737394189746
H            1.46356614941462       -1.54205489795233       -1.48154439399359
H            1.39280866165322       -3.39136496640009        0.06587120056320
H            3.98077314879053       -1.23130555096894        0.22197858894197
H            4.00965021079207       -2.37720177863398       -1.81786918189967
48
 energy: -84.784900614294 xtb: 6.7.1 (edcfbbe)
C            4.39386957487864        2.56165843199695       -0.75727679892538
O            4.40059571228219        1.15474132386895       -0.60485234237883
C            3.15387348204273        0.57595144599625       -0.68016026877936
O            2.42777486765240        0.93506704256274        0.48033943322317
C            1.09693198481790        0.47384042227165        0.54545992339184
C            0.52936511437271        1.10569396239101        1.83606071959438
O           -0.27023314544072        2.23734926934262        1.64791357096812
C            1.12041291698708       -1.06559981073578        0.57689041043232
O           -0.06103754112979       -1.86763937395749        0.69380990801633
C           -1.30789738681352       -1.91547713586706        0.03482841180812
O           -2.35232674513214       -1.72726225330537        0.95825342801635
C           -2.63209485820108       -0.40514881002833        1.35441656603908
C           -3.75127582210394       -0.46778256550686        2.40694299821983
O           -4.02348569983174        0.80462087712869        2.94746607200146
C           -3.05730112233792        0.47585245743773        0.16930102001124
O           -3.07222682221461        1.83624605116691        0.54273876622235
C           -2.06814993455338        0.34779569745431       -0.99187280638952
O           -2.63324737499431        0.79694668909861       -2.20357838457665
C           -1.64561150264691       -1.10604575366783       -1.24029200520387
O           -0.60742364138576       -1.16226282973626       -2.17696471616545
C            1.94183234136946       -1.61013240619416       -0.61105200595083
O            2.16432946832754       -2.99444411054219       -0.44969795523917
C            3.31604701039306       -0.94401855171931       -0.74252288953514
O            3.90286527100546       -1.28750608117941       -1.96636864061917
H            3.79292603613406        3.03720704995679        0.02175668943898
H            4.00189643030923        2.84208244967390       -1.74169141506259
H            5.43112221342506        2.87566435032446       -0.67109894258696
H            2.60258556135392        0.91908857582642       -1.58202716827081
H            0.56330087883735        0.82851800062593       -0.34723882356000
H            1.38989310572882        1.45177827759963        2.41370884629454
H            0.01872949488097        0.33026007003069        2.42518151506350
H           -1.09592213572178        2.03463202885161        1.17833691117036
H            1.65286160393155       -1.34814676299786        1.49659956776677
H           -1.41290903495064       -2.97808734663732       -0.23374541787067
H           -1.74496865547595        0.03953619539165        1.82113019216198
H           -3.47031580193399       -1.18930217156906        3.18026204318305
H           -4.67625013936459       -0.80820180254015        1.93720410698156
H           -3.30621493940199        1.06206264648846        3.53940810278115
H           -4.05019870830069        0.15477421363616       -0.18198008210995
H           -3.65640982038408        1.92500211582794        1.31432780154518
H           -1.19213006259773        0.96611244002186       -0.75948110268322
H           -2.98299608699684        1.68403211686578       -2.05822718713413
H           -2.54118807164558       -1.60907322799794       -1.64488084689476
H           -0.89585959817274       -0.66077916944143       -2.95168775560817
H            1.38322293849278       -1.43404835460449       -1.54118778196776
H            1.35123194801698       -3.37277928631852       -0.09195860293148
H            3.95326550681593       -1.25047256674015        0.09975766530282
H            3.91873937799429       -2.25230934109164       -2.00876681802155
48
 energy: -84.785209751170 xtb: 6.7.1 (edcfbbe)
C            4.38140691073870        2.61354515265086       -0.63081970794737
O            4.35355366831425        1.19924475044520       -0.58734976325500
C            3.09038202891918        0.65748030374429       -0.65654382478137
O            2.41999920022337        0.93725780523009        0.55862058195675
C            1.09213596704083        0.47420821391921        0.65170204417713
C            0.56714996684677        1.02216317094392        1.99349484589669
O           -0.25894629109368        2.14924071770753        1.89000979483682
C            1.11504047326339       -1.06765314379263        0.58171793962078
O           -0.05609367307939       -1.86760517052483        0.77776488558780
C           -1.31311699586151       -1.99012754460418        0.14365501130654
O           -2.34709083213755       -1.72266499608681        1.05953132718180
C           -2.57463876797040       -0.36230315464586        1.35031538359485
C           -3.68621856063606       -0.28600057142994        2.40880403488900
O           -3.88136858634918        1.03709002610050        2.85196178974541
C           -2.96178255039186        0.45628695557972        0.10640430612914
O           -2.87520776668730        1.83715245457274        0.38617230069325
C           -2.01912904789193        0.17751747423415       -1.06888908911393
O           -2.59946766071728        0.55764758441059       -2.29648898740293
C           -1.70179870913901       -1.31609967419086       -1.19119295802762
O           -0.75657481742349       -1.55323882855633       -2.19387713672116
C            1.84274823592779       -1.51780424817223       -0.69970478998366
O            2.06328693393522       -2.91074214564243       -0.67824328470870
C            3.21622930967700       -0.85450257516860       -0.85592029826655
O            3.72188285305120       -1.09712326460187       -2.13875360957973
H            3.83235240106178        3.04255658923748        0.21095228091465
H            3.95266101542622        2.97999193830554       -1.57055198458958
H            5.43055131881708        2.89230190489330       -0.57183682057891
H            2.51256789962654        1.08748056722349       -1.50336262360213
H            0.51895471716272        0.89302187022675       -0.18873250198326
H            1.43703822544777        1.34851299417003        2.56797416957425
H            0.08110423734363        0.20744759942854        2.55153587207272
H           -0.99067955254860        2.00874361771994        1.26600303904076
H            1.72344613154834       -1.39930479444092        1.43520896216625
H           -1.40852213499118       -3.07526243283285       -0.01917806454297
H           -1.66577517487560        0.07210323484599        1.77826964196981
H           -3.43680147449493       -0.96082492852479        3.23361089283065
H           -4.63392354015310       -0.60869480053695        1.97301237220214
H           -3.13090590024336        1.30598080400776        3.39662167088989
H           -3.98278524137454        0.18394974790794       -0.20345495477181
H           -3.45217053974788        2.01858373256541        1.14753477003091
H           -1.09667176533078        0.75230023775766       -0.91855368648755
H           -2.88874114541415        1.47438488634539       -2.21901326380772
H           -2.65533236151646       -1.80495619536621       -1.45852096649768
H           -1.07353714629227       -1.11224712618341       -2.99372680586773
H            1.23366603914873       -1.25646690464509       -1.57639492121277
H            1.25094856956792       -3.32683576139048       -0.36583977883544
H            3.89731345001515       -1.24117779663690       -0.08409898458670
H            3.71285887586344       -2.05456386072364       -2.26634513684225
48
 energy: -84.796416859757 xtb: 6.7.1 (edcfbbe)
C            4.20023149477559        2.76282831189820       -0.31702265727040
O            4.17201014083124        1.35140411112721       -0.38932060023390
C            2.91131546425286        0.80743059291504       -0.48933395737303
O            2.26695554585027        0.95852988921316        0.76419284335581
C            1.00578982250692        0.34114273233397        0.90720545081417
C            0.58268076533276        0.60487852570997        2.36742427921606
O           -0.24818542226493        1.73467038136230        2.51203037944791
C            1.10402366588511       -1.17738337339605        0.63662923126407
O           -0.06792545034514       -1.93180800131264        0.90829629313080
C           -1.32967883007511       -2.06246385712923        0.28531176109832
O           -2.33791648946184       -1.62734524571268        1.15886337758761
C           -2.50816157993161       -0.21613280180572        1.15112937714209
C           -3.46818841494757        0.18340012590172        2.27657207775419
O           -3.39278296403519        1.56899291547397        2.51845359563810
C           -2.98614913026991        0.28867694631694       -0.21940070325354
O           -3.09621485950010        1.68964858027345       -0.25784233115352
C           -1.96290383950317       -0.12713024715176       -1.28514834002296
O           -2.44149379648879        0.09017042455035       -2.59153797191238
C           -1.69367399853834       -1.62527826097191       -1.14722082163119
O           -0.76739869908918       -2.10449033620137       -2.08373389722021
C            1.68119967860315       -1.35564119968643       -0.77794582727419
O            1.86018048963372       -2.70279837761478       -1.12981511201945
C            3.05016473703739       -0.66945559622710       -0.87038334430814
O            3.52828562111500       -0.74108842335132       -2.18373171664509
H            3.70288220479274        3.12177600438730        0.58808284256596
H            3.72033447608984        3.20673021462484       -1.19659750121470
H            5.25170559581132        3.03843894397035       -0.29427003648632
H            2.31352098870508        1.32210957099861       -1.27260083109834
H            0.29023044248564        0.80716769364464        0.21268226041213
H            1.49879295224460        0.71384804441669        2.95744439848003
H            0.01808192980624       -0.24903432906638        2.74764700642719
H            0.25724678494988        2.51486564588906        2.25687123609210
H            1.81100610236463       -1.60597304528472        1.35576504102697
H           -1.46314093876787       -3.15933006565368        0.29377744957978
H           -1.55209688155715        0.27232040286973        1.35752849047408
H           -3.21548977706212       -0.39727746507199        3.17059899402205
H           -4.50299738014029       -0.03167430164996        2.00187706910820
H           -2.48384887028323        1.78110358871197        2.78095099511728
H           -3.95462119365043       -0.18108913478122       -0.46316611912878
H           -3.43948926737658        1.98977463347144        0.60095168030472
H           -1.04172173260256        0.45643841744251       -1.13795771398414
H           -2.82850964365808        0.97383369325312       -2.61152380238671
H           -2.66723958688998       -2.11681773542188       -1.32432493333276
H           -1.03052897988365       -1.74928874552444       -2.94374997939667
H            1.02195021468535       -0.86437305589047       -1.50739320101169
H            0.98748363096086       -3.06836477182308       -1.32577416522050
H            3.75238834912411       -1.14237988020071       -0.16926616634082
H            3.49189480229823       -1.67356810491547       -2.43774008128597
48
 energy: -84.798519915540 xtb: 6.7.1 (edcfbbe)
C            4.18602613747920        2.77708300828418       -0.26307186466734
O            4.13466114001149        1.37234471225042       -0.41408298599608
C            2.86258244088616        0.84973691581625       -0.48046148908670
O            2.28167310779793        0.93715510793516        0.80915847185159
C            1.01352143222827        0.33754004376508        0.95669018486164
C            0.61481543058175        0.54662794185424        2.43084497044800
O           -0.19666222942662        1.68361642069129        2.62611882224145
C            1.08107290898183       -1.16851152624958        0.60808542048768
O           -0.08406313819330       -1.90939570194732        0.94209463115316
C           -1.34072519988609       -2.10329546712734        0.32771280775719
O           -2.35113824982938       -1.62061775359224        1.17746735979507
C           -2.47860359930158       -0.20777142706173        1.13967914390297
C           -3.43365090696094        0.24817774971322        2.24819691876454
O           -3.29867266600017        1.63217366411582        2.47090784666663
C           -2.92933695051503        0.28362299332953       -0.24434707112944
O           -2.97180322888182        1.68773498435270       -0.31372727752485
C           -1.92506155907192       -0.20604412248378       -1.29605567587953
O           -2.39331044518845       -0.00863290621570       -2.60944805117291
C           -1.71257156185301       -1.70978613292035       -1.11502179732491
O           -0.82217627450229       -2.25051194769941       -2.05371618464066
C            1.60525903727435       -1.30698119166205       -0.82880348499242
O            1.80145715129549       -2.64367314396787       -1.21076674067053
C            2.96580923598082       -0.60428054980822       -0.94990383771427
O            3.37520242527815       -0.60179233358830       -2.28835831910104
H            3.72745774506075        3.08960314312808        0.67903425007585
H            3.68051597758521        3.27612846599023       -1.09772301386088
H            5.24152754210200        3.03777496972545       -0.26404780660565
H            2.23388154071032        1.41401867031415       -1.20323233700613
H            0.29435299500287        0.84906863430480        0.29621656197154
H            1.53868582851909        0.61870451348701        3.01409444411540
H            0.03968079597596       -0.31197481315290        2.78303053068837
H            0.32058752880797        2.46509791565335        2.39960851890226
H            1.82287545973448       -1.62338584071656        1.27658979805216
H           -1.46685623171790       -3.19756334986288        0.38584691497834
H           -1.50875861865783        0.25287739041847        1.34657272630290
H           -3.21732928208149       -0.33050884753755        3.15279707193594
H           -4.47375146691118        0.07548487743943        1.96332070312744
H           -2.38814772410697        1.80412742969639        2.75830192037373
H           -3.91878736004918       -0.14450993807663       -0.47986006567375
H           -3.30705869936275        2.02067981233351        0.53614828657100
H           -0.98146015497560        0.34427428326442       -1.16250718232921
H           -2.74014425133973        0.89022662958101       -2.65886479638710
H           -2.70517547693711       -2.17281952694473       -1.25852160771985
H           -1.08162992835777       -1.89953068911242       -2.91683278867430
H            0.91953927736512       -0.81175466307237       -1.53012588194613
H            0.93220950488561       -3.02048761364824       -1.40708706105849
H            3.70062479621502       -1.11790766279796       -0.31437144696493
H            3.35285392475441       -1.52214903077841       -2.58409534348661
48
 energy: -84.798936356300 xtb: 6.7.1 (edcfbbe)
C            4.19237813034167        2.78254605770149       -0.20660251745096
O            4.11631198937859        1.38934983378227       -0.43467537017372
C            2.83597422077672        0.88417732989718       -0.46848767934181
O            2.31042893190595        0.91489519251349        0.84670310023906
C            1.03216765312451        0.34047946499645        0.99452966026080
C            0.64445891004715        0.50649551636415        2.47533248203441
O           -0.15146480708411        1.64841832950735        2.70512324856491
C            1.05983335987138       -1.15052200094494        0.57756600852504
O           -0.10124757424541       -1.87235893721945        0.96782160776623
C           -1.35062060644965       -2.13421268017971        0.36810124342334
O           -2.36477356493644       -1.60851421170218        1.19245846398750
C           -2.46377122615865       -0.19691829051037        1.12340945443166
C           -3.40779740173838        0.30461589456255        2.22176699494318
O           -3.23265588668203        1.68772766994480        2.42005344154481
C           -2.90670818053994        0.26645347935320       -0.27162728449131
O           -2.91387578928263        1.66889872836802       -0.37968719883817
C           -1.91325410368087       -0.27869981753492       -1.30529692558386
O           -2.37009451893639       -0.10788843070504       -2.62647262879828
C           -1.73149777051322       -1.78284497676505       -1.08395759367725
O           -0.86416940975757       -2.36494943936114       -2.01943936727906
C            1.54973481559851       -1.26260520430907       -0.87175054237219
O            1.76541195205946       -2.59211141927531       -1.26799624292612
C            2.90460556271919       -0.54702779470964       -1.00919003152853
O            3.26255132221670       -0.48287130495819       -2.36107007134208
H            3.78938119271062        3.04370081695556        0.77565161333404
H            3.64831398283750        3.33359529346104       -0.98217586169145
H            5.24929761835320        3.03357901060135       -0.25047547303505
H            2.18299277720892        1.48857741714332       -1.13550704015176
H            0.31769260543726        0.89437404851125        0.36007705221061
H            1.57041347800687        0.54813053078537        3.05788569182927
H            0.05718119835448       -0.35391158016141        2.80137108087566
H            0.37840028791394        2.42950838189424        2.50830695898702
H            1.82536866845139       -1.63140210616878        1.20357711900702
H           -1.46587652116210       -3.22390907824829        0.47457656889017
H           -1.48366704738796        0.24771757336283        1.31995667122615
H           -3.21006799209501       -0.26427142169001        3.13657602866764
H           -4.45179312654940        0.15707013209445        1.93683657382461
H           -2.32301223435481        1.83500985606580        2.72404157398623
H           -3.90674655121394       -0.14345227391421       -0.49362080257640
H           -3.23876366109594        2.03300153556850        0.46112809838434
H           -0.95981535176217        0.25635870520366       -1.17905927342459
H           -2.69396594707348        0.79747820605233       -2.70397154133647
H           -2.73403059780349       -2.23084456147529       -1.20212066218761
H           -1.12057179626586       -2.02107661411383       -2.88656943696081
H            0.84922150895566       -0.77043877051924       -1.55971664831240
H            0.90015830951262       -2.98697006492065       -1.45100587841018
H            3.66018343935709       -1.09307039935594       -0.42727023686905
H            3.25777790864038       -1.39129350408887       -2.69162025239929
48
 energy: -84.797706384179 xtb: 6.7.1 (edcfbbe)
C            4.20199654242381        2.78869101379497       -0.16047053006375
O            4.10583926200747        1.40767015577004       -0.44739288963214
C            2.82111969088065        0.91330386473801       -0.45068875452525
O            2.34563583819017        0.88908057276070        0.88335277502964
C            1.05685325842382        0.34244994458501        1.03184810979884
C            0.67780026035997        0.46675627579569        2.51742416507058
O           -0.09908250432575        1.61488975888508        2.78013284698499
C            1.03713961965432       -1.12876437603126        0.54725461068618
O           -0.12305040126525       -1.82895626232506        0.98381034542056
C           -1.36215704249246       -2.15929218321646        0.40275448506199
O           -2.38271625315931       -1.59552278542691        1.19915037541553
C           -2.45575983785244       -0.18641751210427        1.10252777406406
C           -3.37993385007646        0.35745507948620        2.19770279927937
O           -3.16323983940129        1.73737214725191        2.37466451410622
C           -2.90269877318809        0.24614065132013       -0.29970637092569
O           -2.88728422985219        1.64508500652080       -0.44767380324547
C           -1.92032054582665       -0.34603257307900       -1.31715265703911
O           -2.37258719589648       -0.20675340533546       -2.64373108592403
C           -1.75236071127870       -1.84801667810320       -1.05762961677822
O           -0.89917479862992       -2.45800310735073       -1.98841491319591
C            1.50409144002192       -1.21632402636877       -0.90989311802907
O            1.73448519753735       -2.53953117472891       -1.31931319022280
C            2.85737893747593       -0.49427793501056       -1.05297270866210
O            3.17911616001870       -0.37651842216622       -2.41038287851770
H            3.84404418720932        3.00706812599532        0.84925589626995
H            3.62860667860375        3.37715298716770       -0.88581714497518
H            5.25774873871435        3.03591649334854       -0.23936500822148
H            2.14688432062802        1.55022885855915       -1.06448913295357
H            0.34978237453907        0.93898813974514        0.42485086871251
H            1.60457502002407        0.47506941457646        3.09975613115998
H            0.07462011433284       -0.39194850451639        2.81679809532007
H            0.44568879882014        2.39247449663931        2.61181672663060
H            1.81820514753910       -1.63985470181426        1.13326452940739
H           -1.46421072544830       -3.24281175927124        0.55516298311482
H           -1.46464517900775        0.24290048953391        1.28163756992141
H           -3.19442063042420       -0.20409111290042        3.11942353577895
H           -4.42903538117817        0.23611626214441        1.91905701903171
H           -2.25464635950793        1.86014060658249        2.69269504213310
H           -3.91045022751890       -0.15365380669916       -0.50337688716702
H           -3.19359108279939        2.03841195155362        0.38641174956667
H           -0.96257449471659        0.18369705238402       -1.20175172980365
H           -2.68346656509345        0.70048694879299       -2.74771978514420
H           -2.75924579468632       -2.29039400941683       -1.15578955028700
H           -1.15575049069215       -2.12350731937783       -2.85936789331407
H            0.79718154690236       -0.72412642146404       -1.59037210572218
H            0.87250003808474       -2.95075097421708       -1.48620925460993
H            3.62367604159990       -1.06952709308404       -0.51489917805939
H            3.18743185484913       -1.27247601308679       -2.77268859635987
48
 energy: -84.794876004720 xtb: 6.7.1 (edcfbbe)
C            4.25569312665189        2.77759874682019       -0.06533082729496
O            4.12192390091024        1.41993266098391       -0.43659955799590
C            2.82770201352624        0.95128309770477       -0.42428591714342
O            2.39194374874234        0.86225720599494        0.92034255839470
C            1.09169057555126        0.34657872600024        1.06269595941417
C            0.71341083343531        0.42896738746715        2.55011435166954
O           -0.04483421775288        1.58298979853423        2.84223532778172
C            1.02089983094936       -1.09787899207892        0.50539505184370
O           -0.13765711292819       -1.77597904731219        0.98546432813286
C           -1.36876144252048       -2.17998301411346        0.44218662140805
O           -2.39058098415747       -1.57957648806544        1.21544770794069
C           -2.44986590402089       -0.17561093299510        1.07543220342748
C           -3.33348389516343        0.41886420030080        2.17779153427573
O           -3.07343889610218        1.79551819887924        2.31648717283071
C           -2.93199351050967        0.20315030031241       -0.32902368526836
O           -2.91683516140476        1.59492137355316       -0.53504445734377
C           -1.96991209907074       -0.43550779246120       -1.33723255211917
O           -2.44278378477825       -0.35298557041438       -2.66161152698881
C           -1.78745402454760       -1.92770022990224       -1.02389534694744
O           -0.94762121348650       -2.56016461590226       -1.95222203385311
C            1.45889087713151       -1.14106480050825       -0.96191820777254
O            1.69140944283770       -2.45019011169104       -1.41165467300824
C            2.81691273955312       -0.42211815121711       -1.10161094417635
O            3.10424434300327       -0.23755771404526       -2.45928230935030
H            3.94143372582549        2.93513083703457        0.96987448919100
H            3.66564945573417        3.42149863127000       -0.72745617331828
H            5.31204497707182        3.01209501394135       -0.17033373470393
H            2.14768640403156        1.63372053224468       -0.98054795814507
H            0.39716779186797        0.98770436104766        0.48354914394927
H            1.63741330556447        0.40360463100962        3.13585359913085
H            0.09215091217071       -0.42610401695896        2.81989835495337
H            0.51689104110295        2.35542803749950        2.70988219079439
H            1.81626035962837       -1.64535515602738        1.04178495630673
H           -1.45005498093784       -3.25431833852100        0.64986332720400
H           -1.44754569724810        0.24625920970992        1.21041093877571
H           -3.14208024479895       -0.12627356540836        3.10788269504104
H           -4.39165383217023        0.32082426027842        1.92547951228337
H           -2.16287008960123        1.89660951284163        2.63716582026863
H           -3.94490146474452       -0.20175740220160       -0.49151158704072
H           -3.18270882391677        2.02436523052973        0.29446683426364
H           -1.01386474905962        0.10365998228162       -1.25750638689918
H           -2.75668219211908        0.54874834004271       -2.79879926913903
H           -2.79193650955193       -2.38098929104571       -1.08785986020289
H           -1.21768248986447       -2.24578490330457       -2.82691037035157
H            0.74659125775721       -0.62846388177902       -1.62173619056525
H            0.82911823588046       -2.87402911777972       -1.55332804925900
H            3.58732844621705       -1.03747217682615       -0.61612997840767
H            3.11274412280821       -1.11485079819118       -2.86438893414649
48
 energy: -84.790358291793 xtb: 6.7.1 (edcfbbe)
C            4.41043993871754        2.72134830608984        0.11022844229483
O            4.18739332403530        1.41361219870937       -0.37878244867294
C            2.86875731063514        1.01772604645292       -0.36634653821068
O            2.46309433131357        0.83093780716927        0.97733755865340
C            1.14730469131336        0.35514504149217        1.09984603461676
C            0.75913263694997        0.38528973544657        2.58554634207829
O            0.04527983128793        1.55738658147041        2.91576427077554
C            1.01923739859105       -1.04824032283004        0.45131751144375
O           -0.13528138332094       -1.70763340727433        0.97127204919296
C           -1.36369552830257       -2.19214301094575        0.49996721840888
O           -2.37374637424630       -1.54842478103405        1.25691674253172
C           -2.44189029805084       -0.15822166230023        1.02610755063443
C           -3.26205099784500        0.51178048337008        2.13526123534007
O           -2.94387320625690        1.88004270819364        2.21678546086945
C           -3.00181425678053        0.11342815767296       -0.37298014388041
O           -3.00846688392813        1.48626095195073       -0.68249929142248
C           -2.08988561993542       -0.59692048852392       -1.38062006879928
O           -2.64352075656124       -0.63754834196624       -2.67591009599925
C           -1.84771813418734       -2.05588933964132       -0.96289177965647
O           -1.02844813921699       -2.72835419448417       -1.88256066920709
C            1.39616027098367       -0.98491273644672       -1.03088595628726
O            1.59761851856322       -2.25135507873287       -1.59721948111430
C            2.76623434352735       -0.28313179261272       -1.16758370879266
O            2.99194484563605        0.02527670918974       -2.51440749157944
H            4.13321121922088        2.79940964949699        1.16483993844535
H            3.84233529021807        3.45593062594193       -0.47179557622261
H            5.47571617405834        2.90460888333904       -0.00623008566425
H            2.21427655636144        1.78375959238356       -0.83785595651870
H            0.47504530933372        1.04955364199428        0.55445479673165
H            1.67348087780581        0.29637675619106        3.17972866269199
H            0.09764862169406       -0.45168902787160        2.81035867113766
H            0.64154715889757        2.31003948193950        2.82735183554563
H            1.83109157086329       -1.64516737002067        0.90625160925371
H           -1.41018821228324       -3.24823355192776        0.79133607982899
H           -1.43201875065257        0.26845015211140        1.07433095728187
H           -3.05973185846191       -0.00971074531545        3.07629372238751
H           -4.33156743825983        0.44713800924637        1.92211545762625
H           -2.03459346317107        1.95566718987373        2.54781472206056
H           -4.01884040983089       -0.30615518795607       -0.44839765681536
H           -3.21454442146310        1.97828838805870        0.12739215898803
H           -1.14511230772516       -0.03445466960361       -1.40697360158488
H           -2.97608557766311        0.24575824910045       -2.87455629610797
H           -2.83887374660300       -2.54087827459003       -0.95132886771729
H           -1.34769993726627       -2.48558120371228       -2.76378739994594
H            0.67068848771335       -0.40414087043369       -1.61852909490867
H            0.73503482415912       -2.69876556032557       -1.66654668019996
H            3.53799256206987       -0.96620679193092       -0.78594559524980
H            2.96897973389413       -0.80946273300647       -3.00050041736838
48
 energy: -84.784658048871 xtb: 6.7.1 (edcfbbe)
C            4.61432720384963        2.60827602721679        0.33705669286189
O            4.24291755639404        1.42175923364685       -0.33672901927005
C            2.89848576920320        1.13071059732307       -0.27541714826034
O            2.56909364866605        0.76911579501571        1.05345714129365
C            1.24288142025882        0.32998795534868        1.18450036833482
C            0.89315609031928        0.25082953573629        2.67677096721159
O            0.27222024740082        1.43768038977358        3.12038488808489
C            1.02872627435420       -0.99279985767458        0.39495133545827
O           -0.12021186041506       -1.62496903203297        0.95669416155794
C           -1.35529135725458       -2.17278815171588        0.58777655136089
O           -2.33289718679591       -1.45175990600432        1.31147017783649
C           -2.40962142151203       -0.10171517505620        0.89970261616943
C           -3.12597252123163        0.71999846295106        1.98388115036790
O           -2.57944243043395        2.00966665569793        2.08803673974025
C           -3.07163334443856       -0.02555021684689       -0.47975641955076
O           -3.09938459493615        1.28841460266806       -0.98454051914307
C           -2.25474162892192       -0.88408532422734       -1.45865911170859
O           -2.96028422319093       -1.15002653754173       -2.65040403614795
C           -1.91410726034435       -2.25214639111583       -0.84972711122785
O           -1.09713595924724       -3.01142469031139       -1.70397970337407
C            1.23632188972929       -0.67185613763411       -1.08533384935318
O            1.29023783516635       -1.78874103797626       -1.92614725272983
C            2.62588578459678       -0.01223524978828       -1.25777128893591
O            2.72781897773494        0.50970687407338       -2.55220438512908
H            4.42755293902791        2.52479284263866        1.41087744318516
H            4.06705968244563        3.46945546050050       -0.06267898175493
H            5.67898136164607        2.73275384704625        0.15554644907812
H            2.28335892587237        2.00904182797168       -0.57152329203909
H            0.57775103211819        1.09395922582741        0.73233837706557
H            1.80861549920253        0.04474862702087        3.23907027559296
H            0.17282471717683       -0.54979572035320        2.84236708469138
H            0.91754975760798        2.15303550019997        3.07811504862135
H            1.85525693935832       -1.66860195183372        0.67243523977359
H           -1.36637278132379       -3.18533718607903        1.01207037260047
H           -1.39264803554135        0.30488943583928        0.80952874118350
H           -3.04616285803506        0.16755828953248        2.92580845889678
H           -4.18534269638107        0.84455122465652        1.74375527727494
H           -1.70103454263021        1.93792936890859        2.49585082981108
H           -4.09277370783975       -0.43702837126230       -0.41347935370235
H           -3.23672231826885        1.90073149381984       -0.24985919619106
H           -1.33923237755087       -0.32752175458938       -1.70017134474991
H           -3.30906445776703       -0.31140832140822       -2.97451804972464
H           -2.87603341044491       -2.77536195202310       -0.71865518600182
H           -1.50325741609224       -2.97574028880298       -2.58215487295153
H            0.48340720636182        0.05574684723350       -1.43483332377191
H            0.48726501295903       -2.33536586704798       -1.81291629349698
H            3.38915062169112       -0.78437403228909       -1.08504760062598
H            2.57852007074882       -0.22471268498675       -3.16245496391644
48
 energy: -84.784396266947 xtb: 6.7.1 (edcfbbe)
C            4.49293102941998        2.82175091349797        0.26997448706938
O            4.06425576615556        1.70403683155593       -0.48228443989876
C            2.78713437009977        1.27724250711976       -0.19221025496434
O            2.78768698587459        0.66344430711336        1.07969716487587
C            1.53746761624843        0.14048247146087        1.45489768664455
C            1.70525940023961       -0.34542830678955        2.90169419106156
O            2.06156603019202        0.70549058301473        3.75373329395665
C            1.05868226782240       -1.00179600610752        0.52327992794740
O           -0.15736739846413       -1.41579848203541        1.15112132661351
C           -1.44387181037618       -1.83435322732048        0.78430264590327
O           -2.37043291850525       -0.91837716494126        1.30899458863055
C           -2.50870384671010        0.27562743604589        0.54606312508217
C           -3.36427377719681        1.21756468424736        1.40210451487040
O           -2.70600622549433        1.56677328395783        2.58225760242242
C           -3.14378048346744       -0.05689470939494       -0.81484902405153
O           -3.25893100619023        1.05612560540403       -1.66890796525795
C           -2.25659392283595       -1.07067951742213       -1.55197048838414
O           -2.92447004157095       -1.63405110135474       -2.65938601550834
C           -1.91621014334975       -2.24217836827195       -0.62519369071152
O           -1.02176772726012       -3.15096734101864       -1.21565394614372
C            1.05065561486797       -0.45908549219199       -0.90785290995127
O            0.93553841579165       -1.44237748624223       -1.90477979634149
C            2.37038927185393        0.26395305493266       -1.25655910273341
O            2.21062645561191        0.93878235282373       -2.47208024665331
H            4.54747871450993        2.58442684294180        1.33584034618182
H            3.81835330044330        3.67239517408659        0.12187467200386
H            5.48383748831018        3.06861387869437       -0.10346019000246
H            2.06896455713088        2.12532308776606       -0.19045785068143
H            0.77810585043675        0.93984772735178        1.42917864173386
H            2.47109513633206       -1.13311936227446        2.91072533003380
H            0.76220297340378       -0.75247423668915        3.26399629911919
H            2.82991949965649        1.13930551473165        3.36229496751267
H            1.75693825008864       -1.84918061634806        0.56989885769203
H           -1.59274166158985       -2.72759966347252        1.41546861388632
H           -1.52188115071816        0.73557699404503        0.38799664958855
H           -4.32112161837602        0.71841905616355        1.61608948295783
H           -3.55258771767433        2.15487563842105        0.87201522192357
H           -2.39282861491232        0.75259463335432        2.99707561444849
H           -4.12889751869016       -0.51781263064436       -0.63753066067619
H           -3.85256745221446        1.70709294679990       -1.28071494160146
H           -1.35883244159664       -0.55018585343830       -1.90236182416904
H           -3.22831382580193       -0.90737164434580       -3.21601528363296
H           -2.87540682800354       -2.75493516142142       -0.44025999872458
H           -1.38507426244334       -3.37805973174235       -2.08370913295505
H            0.24170640579296        0.28890849731134       -0.99980952281695
H            0.35606837540764       -2.16713675027123       -1.60089443740279
H            3.16901871383212       -0.48866397228338       -1.32640802066773
H            1.93677799097283        0.27986723950709       -3.12374147803333
48
 energy: -84.785747928066 xtb: 6.7.1 (edcfbbe)
C            4.58365498593067        2.76616028123667        0.31050550708247
O            4.07537884522665        1.71795459597626       -0.49087915469958
C            2.80745226062556        1.30260095106281       -0.14851398785478
O            2.87182744809588        0.58901039061341        1.06876121090912
C            1.62667775792990        0.09362702413740        1.49347221716838
C            1.86691659047886       -0.50868056383672        2.88531767594195
O            2.35959390611250        0.45097387104738        3.77568122296776
C            1.02632227350153       -0.95046297890107        0.51914461138842
O           -0.18216827774549       -1.30447982910219        1.19357659649608
C           -1.46747994191897       -1.75147216478413        0.85314449287124
O           -2.40361954249530       -0.80852980160136        1.30336980679374
C           -2.57221217446426        0.32667784973909        0.46252142082801
C           -3.45203551519733        1.29912914496696        1.25831603173022
O           -2.81489261329623        1.71168848524487        2.43035812189457
C           -3.20159877453212       -0.11854729368428       -0.86704718869842
O           -3.35627535333696        0.92750497679701       -1.79627682211366
C           -2.27971065873904       -1.14898795370846       -1.53347895640635
O           -2.92453504010718       -1.80257333827069       -2.60563894919999
C           -1.90154464113668       -2.25365611441140       -0.53874039123188
O           -0.94773759031115       -3.14168867145191       -1.06810270250424
C            0.97470915239974       -0.33091995021752       -0.87907380582302
O            0.78987801804139       -1.26501976888696       -1.91622671719446
C            2.29194333136808        0.38457428708460       -1.25475310700338
O            2.08000540684688        1.15186681950364       -2.40550218161697
H            4.69357796204813        2.45111003024380        1.35165738818180
H            3.92879947510129        3.64338621231423        0.26432335873890
H            5.55798471479331        3.01184949911015       -0.10491138858906
H            2.11707706649062        2.16530965048527       -0.03256188798079
H            0.90611061145593        0.92386765478074        1.57822157005731
H            2.57312086271786       -1.34369923239084        2.78063124974219
H            0.92616809635726       -0.87701877643753        3.29245794764307
H            3.12130545094606        0.86539688764888        3.35149457287771
H            1.66869701294398       -1.84282559363673        0.47731520018730
H           -1.61861627323456       -2.59991819299445        1.54197161615631
H           -1.59913020083039        0.80220263253714        0.27114392410501
H           -4.40651524721116        0.80020627778482        1.48363562427084
H           -3.64220296129193        2.20678009096454        0.67989085823288
H           -2.49614703816272        0.92008449223760        2.88336557391247
H           -4.17052079691227       -0.59763444329156       -0.65217015533563
H           -3.96581578385115        1.58663271574762       -1.44931429186189
H           -1.39872325808440       -0.62128563154308       -1.91394584792862
H           -3.24437310078931       -1.12142420473415       -3.20887242748601
H           -2.83707067780395       -2.80501746672077       -0.34632703458620
H           -1.29389078327546       -3.44702415411545       -1.91885609253243
H            0.17502444891495        0.43140612233648       -0.90481287524018
H            0.33836098589905       -2.05907715455187       -1.57319323643861
H            3.06181003339955       -0.38133813903841       -1.42874986010260
H            1.75441763488220        0.55127494133660       -3.08884470911450
48
 energy: -84.786816080431 xtb: 6.7.1 (edcfbbe)
C            4.71740662885532        2.68017067866784        0.35654676385272
O            4.12561764655420        1.71048630222356       -0.48545408600992
C            2.86140216073466        1.31918047549120       -0.10275119024089
O            2.96112005906673        0.51255942516616        1.05272005523612
C            1.71749618801174        0.05294078979551        1.51877126460965
C            2.00339093120390       -0.66684550180843        2.84452679249491
O            2.61586034075700        0.18919738591005        3.76576209232673
C            0.99644801708344       -0.87864382117255        0.51325445350028
O           -0.20196450497297       -1.16861955950018        1.23102148877165
C           -1.48557500397184       -1.64325320765622        0.91777045275626
O           -2.43358401405585       -0.68148373321649        1.29316198137652
C           -2.66411494271678        0.37526263793311        0.37077732739040
C           -3.56846358042570        1.36942907166464        1.11099697606806
O           -2.93553677189433        1.87581427010672        2.24812305723023
C           -3.30204091734701       -0.20673328305139       -0.89878966155058
O           -3.54866484127426        0.74974143520886       -1.90153853951932
C           -2.32517674194190       -1.22235125027199       -1.50347115162244
O           -2.93087194496773       -1.97716888433888       -2.53141766186023
C           -1.87793125915817       -2.24494926069979       -0.44863736115740
O           -0.85392169674032       -3.08094031130098       -0.93302681426112
C            0.92230340334978       -0.18507072016596       -0.84924782477717
O            0.66293467276655       -1.06544321444750       -1.92037396999099
C            2.25005515682789        0.50444398946839       -1.24039147244576
O            2.01749302203487        1.35837436788746       -2.32470196328426
H            4.86999958061177        2.28848944987131        1.36590316538070
H            4.09670088662790        3.58162894773755        0.40754732343264
H            5.67730709649083        2.91932955788050       -0.09473188559209
H            2.21518348507376        2.19592388891842        0.11528672476625
H            1.05194410085492        0.91081776187161        1.70891513376183
H            2.64291571933993       -1.53511063827104        2.63352943189719
H            1.06659668898255       -1.00325293494520        3.28696924757703
H            3.37428757730251        0.58698087053994        3.32017657058483
H            1.56819034205071       -1.81186923063100        0.39010996101279
H           -1.63722196181502       -2.44183260798229        1.66308454892301
H           -1.71797123358320        0.87451794819280        0.11694649985719
H           -4.50478933795855        0.85665741431255        1.37832061277443
H           -3.79160702572936        2.23082582714587        0.47651058338663
H           -2.58461983421056        1.12404475019872        2.74346540641179
H           -4.23165104978096       -0.72689092225584       -0.61686747803842
H           -4.19295674045358        1.39225140197431       -1.58777385797045
H           -1.47580897177029       -0.66645543985212       -1.91637666839699
H           -3.29288683529824       -1.35276688379021       -3.17110583348356
H           -2.77137083311813       -2.85521166465217       -0.23740892019390
H           -1.18244824943197       -3.47110599299021       -1.75533096937970
H            0.14507700303662        0.59835450420746       -0.81756626732406
H            0.33392155195198       -1.91448019511538       -1.57123791491565
H            2.97715745198308       -0.27755095153087       -1.50521922899471
H            1.64036666910196        0.82060155999693       -3.03329315950916
48
 energy: -84.787814628058 xtb: 6.7.1 (edcfbbe)
C            4.91646576782041        2.53870239283826        0.41254448394002
O            4.22571123123333        1.66919145115939       -0.46277419355085
C            2.95837775129360        1.32954144359575       -0.04335664996376
O            3.06039646516337        0.42618008485584        1.03855621142511
C            1.81359873977091        0.01785410688390        1.54308769059308
C            2.11947526348332       -0.83866321988845        2.78053147239161
O            2.86066583511133       -0.12258613394757        3.72573092770568
C            0.96528291882730       -0.76846103658930        0.51295013674510
O           -0.21822746121175       -0.99933979682759        1.26826883328420
C           -1.49740517271174       -1.50182843711307        0.96956557889145
O           -2.45894170091852       -0.52802114655947        1.26511034121299
C           -2.78132526075819        0.40781466894958        0.24506501616659
C           -3.69282728952609        1.44278616128365        0.91727150162237
O           -3.03383371864351        2.08951614053190        1.96493689764345
C           -3.45215240982335       -0.35183486232981       -0.90648034698759
O           -3.84865617905500        0.46447476438902       -1.98207434204148
C           -2.41860236395644       -1.33383939834603       -1.46616221655029
O           -2.99350805746546       -2.22351569929778       -2.40054577850997
C           -1.83406330295378       -2.22367888495534       -0.35708591661081
O           -0.71627958928313       -2.94610223548042       -0.82144366717890
C            0.87271778833154        0.04351091233669       -0.78200403120822
O            0.44717082562470       -0.71205106699299       -1.89569059330249
C            2.23278227156901        0.64878356388867       -1.20172806507364
O            2.01781714851696        1.59208240257884       -2.21314159496191
H            5.09159053267592        2.06701438481304        1.38330921004812
H            4.35645996076666        3.46917925718979        0.55779535914709
H            5.86701408650773        2.75299550279970       -0.06989650072081
H            2.38487245446492        2.22485041383381        0.27750973913856
H            1.22706245958110        0.89961842795104        1.84676936873293
H            2.66666989615221       -1.73363472345811        2.45315413467518
H            1.18640204354658       -1.13635898627752        3.25754339041821
H            3.62146242738247        0.25090387982054        3.26339422487304
H            1.44933525993765       -1.73135525594293        0.28613935710777
H           -1.65068957384076       -2.24167513582061        1.77321105722352
H           -1.87592360238631        0.91206423701538       -0.12038238518653
H           -4.59646420127655        0.92969688277478        1.27994560760068
H           -3.97494486237561        2.22235109506785        0.20537001505352
H           -2.63218289800114        1.40666275167258        2.51804863556917
H           -4.31065105758552       -0.91260578745184       -0.50369524180634
H           -4.52710726658182        1.08093854101740       -1.68862803260183
H           -1.63551906678204       -0.74244186925294       -1.95682264572945
H           -3.44735749515929       -1.68700348082231       -3.06131393739213
H           -2.63913850226445       -2.93131674907506       -0.10120044963497
H           -1.01622624118057       -3.44404569461469       -1.59430548857958
H            0.17079186215465        0.88065918626345       -0.64081488160539
H            0.33629582977449       -1.63948256961899       -1.62131572347504
H            2.88231522757119       -0.16577210872998       -1.55751496319153
H            1.52129131473970        1.14823618347679       -2.91394749365807
48
 energy: -84.789454920752 xtb: 6.7.1 (edcfbbe)
C            5.18970754984377        2.24880929401858        0.39012630574518
O            4.33992199461139        1.53000147482587       -0.48216278115114
C            3.06847387347435        1.32249434561585        0.00578970241230
O            3.12621149283758        0.34872142121948        1.02867627411715
C            1.87147552418871        0.03093716765318        1.58243311247215
C            2.15514565218214       -0.92639306842084        2.74834917835002
O            2.99902898041082       -0.33832871649654        3.69658879973847
C            0.91332451392221       -0.60328243246988        0.54716733879269
O           -0.25495397982818       -0.82015277875672        1.31942444975297
C           -1.50640016441022       -1.38363697537892        0.99923496236715
O           -2.50494302350658       -0.42914574522906        1.21617203862804
C           -2.88732010179174        0.38400417709852        0.11339037159970
C           -3.79007359667635        1.47315109171332        0.70463471421852
O           -3.10157607950194        2.23093677752847        1.65586031658894
C           -3.58445363461691       -0.53020466070042       -0.90038742333571
O           -4.11528509700397        0.13257517880702       -2.02336836847663
C           -2.51294452757998       -1.48588949166782       -1.42954049359426
O           -3.06785942818979       -2.51291720430528       -2.22458899622302
C           -1.75364014673479       -2.20423317616326       -0.29733096571237
O           -0.54633409940596       -2.74383818245496       -0.78572873538421
C            0.79855410271110        0.36290869568844       -0.63720022756312
O            0.12028580156963       -0.18063576585253       -1.74590859918535
C            2.18739535593531        0.81754527894541       -1.13680642740846
O            2.02482438275452        1.84757435991523       -2.07066850735736
H            5.36798354867858        1.69413553606454        1.31527476573745
H            4.76036877944171        3.22752623036993        0.63125936908249
H            6.12564845240156        2.37992060988505       -0.14745693019066
H            2.63407995346057        2.25957053257858        0.41411194441224
H            1.39044240242600        0.94263943745107        1.96980154907086
H            2.60501375454412       -1.84273511342704        2.34139678028647
H            1.22126099969605       -1.17175233590969        3.25292819632833
H            3.76584655701712        0.00222971512775        3.21904359400174
H            1.32294650533254       -1.56061906541455        0.19511036150018
H           -1.66049812022198       -2.08201584387769        1.83941527946208
H           -2.01073549072908        0.85236187174232       -0.35221444375736
H           -4.67334235826327        0.99324982456072        1.15312936025367
H           -4.10687828352281        2.17157572974978       -0.07383201791600
H           -2.66437916727904        1.60964740493733        2.25339572407363
H           -4.36925218525473       -1.09956132268140       -0.37679332646912
H           -4.79235888218747        0.75536962397907       -1.74032520322121
H           -1.82689140287068       -0.88094729991135       -2.03523889791443
H           -3.64233779916089       -2.08871470665247       -2.87320782115091
H           -2.41865584322883       -3.02790742988862        0.00751690518406
H           -0.78796315534045       -3.34980478808911       -1.49844215162353
H            0.23835619762770        1.25645511694207       -0.33143154391103
H            0.30766691784800       -1.13198193421813       -1.76970123710368
H            2.70503881174001       -0.04278929449941       -1.59197885309651
H            1.34007255216726        1.56314108879138       -2.69243335469840
48
 energy: -84.790462675155 xtb: 6.7.1 (edcfbbe)
C            5.28572625514057        2.11503398750689        0.36430870530880
O            4.35288431655222        1.50917822046924       -0.50913848190832
C            3.09794584059463        1.33196861604799        0.03177808966866
O            3.15214297440856        0.27977953611838        0.97277694669770
C            1.91080594384836       -0.00429635461277        1.57465336752022
C            2.19154281389603       -1.05546031659047        2.65705872507054
O            3.12295713091242       -0.58990490042234        3.59144605212570
C            0.86607351054964       -0.50961589222035        0.55465290580971
O           -0.28982450154163       -0.66626927335963        1.35898754880450
C           -1.52767926632217       -1.27906112293868        1.08024864375601
O           -2.54913013130708       -0.33215650177987        1.21195105542918
C           -2.93478923892033        0.39107324568261        0.04874337074211
C           -3.87571132829039        1.49276582777608        0.54995430798868
O           -3.22538664993826        2.32844290250555        1.46243057152537
C           -3.59205055585025       -0.60996170035036       -0.90806119638255
O           -4.12356608514537       -0.04270607531482       -2.08223199108908
C           -2.48439523545664       -1.56712251800060       -1.35028371878766
O           -2.98888088501002       -2.65109850027886       -2.10195331021754
C           -1.74447522147147       -2.19660274548296       -0.15539849956608
O           -0.52917044844793       -2.75945042207347       -0.58624002328668
C            0.75506011405687        0.52278444652784       -0.57606486126850
O            0.01724414215800        0.05476730176767       -1.68294699083698
C            2.13679106760030        0.96544058577726       -1.10028030746977
O            1.98217851010268        2.07863211578692       -1.93574458830953
H            5.47333270244588        1.48789728108618        1.23999618291218
H            4.92934937766224        3.09796581929130        0.69157184449106
H            6.20129168918024        2.22826702808970       -0.21108700707750
H            2.73793287558394        2.25571807209676        0.53165212059841
H            1.50701756128549        0.90486173783749        2.04693177558964
H            2.55441564351697       -1.96972780001534        2.16697951825031
H            1.27103369810460       -1.27299782069948        3.19791763227945
H            3.88547810552380       -0.26891907844200        3.09397735312864
H            1.18693946099753       -1.47390665166211        0.14122362498908
H           -1.67594504784150       -1.91456325452074        1.96942487086504
H           -2.06385719505109        0.84817592515398       -0.43720194004146
H           -4.75589756842869        1.02112093445987        1.01316362866663
H           -4.19393185704400        2.13022239687126       -0.27860504214741
H           -2.77969122200460        1.75719660710732        2.10222940281114
H           -4.36897299514088       -1.16442129425727       -0.35736302752355
H           -4.82341413350051        0.57653993163544       -1.85196552016538
H           -1.79404708035961       -0.98107105019430       -1.96838223616505
H           -3.56554366483531       -2.27870395520161       -2.77986711228528
H           -2.41217622908366       -2.99944583435997        0.19844819095155
H           -0.75476112620956       -3.39704045653888       -1.27630450840588
H            0.22223530508041        1.40844873706620       -0.20914764022533
H            0.36358960545423       -0.81756149716855       -1.91894258708964
H            2.59745736894772        0.12745516378325       -1.65078263107040
H            1.25186972937349        1.88832330016444       -2.54102911358020
48
 energy: -84.792184697454 xtb: 6.7.1 (edcfbbe)
C            5.34592769984488        1.99621757987443        0.33302980707595
O            4.34317875103133        1.52798140769454       -0.54781754594637
C            3.11046501114705        1.34413917331726        0.04001324210155
O            3.15633754428626        0.19177162901068        0.85306247087252
C            1.93524577095928       -0.08296149720373        1.49847618660880
C            2.21254590883180       -1.24472266877234        2.46304287712467
O            3.21359012333014       -0.91808593471136        3.38431522306503
C            0.79558753863579       -0.43749815169146        0.51555667606975
O           -0.32597308089939       -0.49777201827001        1.38391048291311
C           -1.56239857896636       -1.14736178383721        1.21197768127196
O           -2.60535917208259       -0.21605069479858        1.24457035882313
C           -2.95313023232860        0.40726273631094        0.01036851743137
C           -3.97500920456989        1.48858244437610        0.38128479628956
O           -3.42253501877134        2.41588495121929        1.26961310439934
C           -3.50461302700721       -0.67064707643019       -0.93121327761924
O           -3.92245008340476       -0.18699664778937       -2.18625443013363
C           -2.36420713760939       -1.65475983555829       -1.20326024227773
O           -2.79965561636408       -2.77327152842636       -1.94634696631036
C           -1.78766390679748       -2.20601389915472        0.10709194826001
O           -0.61346603372899       -2.93801815969578       -0.13047888650769
C            0.70625270607041        0.69314087330956       -0.53226907214835
O           -0.08913407433229        0.36963758148058       -1.65390379952405
C            2.07802037719992        1.14290619140649       -1.06990534120220
O            1.93329996647306        2.34625556199046       -1.77170350068696
H            5.54904123005469        1.26900211821397        1.12367045268117
H            5.05125122718285        2.95012510659837        0.78406362458677
H            6.23509561044686        2.13637868844811       -0.27677223730350
H            2.82007234034065        2.22085963384287        0.65606105577005
H            1.61011207637150        0.79772562469861        2.07352581948298
H            2.49775191541660       -2.12616120819708        1.87204682901875
H            1.30956589743822       -1.46606337277483        3.03149500576261
H            3.96984533298436       -0.59611918471601        2.87816726719289
H            0.98105082743829       -1.40165782383864        0.03245459192412
H           -1.68520132780655       -1.67416006595818        2.17398609292696
H           -2.07572461728684        0.87708502589317       -0.45001766706104
H           -4.85729624134390        1.00259868253796        0.82532235677018
H           -4.27513790073459        2.05404435787763       -0.50441902066935
H           -2.98687730627733        1.91205420781664        1.96983644058910
H           -4.33055006722817       -1.19586195684097       -0.42404493515307
H           -4.62825310729456        0.45573773892187       -2.06496349793610
H           -1.59789231514375       -1.11264438457922       -1.76747043814354
H           -3.31062327749522       -2.43370570473403       -2.69067575564642
H           -2.56499654993414       -2.87901558708267        0.50894666816392
H           -0.83289616340800       -3.59814949907977       -0.80146151810813
H            0.21555462201221        1.55409711228527       -0.06222405790069
H            0.36719508390703       -0.31766725463511       -2.15793692703566
H            2.48083877189709        0.35421957285090       -1.73052955044195
H            1.15321578245366        2.26765267629447       -2.33873679235584
48
 energy: -84.794558075165 xtb: 6.7.1 (edcfbbe)
C            5.41576171417168        1.81456426493428        0.25656494364862
O            4.34924316025458        1.47080682877768       -0.60662726228793
C            3.13247341097159        1.32561264654405        0.02375779244901
O            3.13542892960316        0.12173704132414        0.75910526393285
C            1.92887271530189       -0.10944357026055        1.44761870270769
C            2.16526169283884       -1.34424484904516        2.32894164401638
O            3.23383643797305       -1.14733165414328        3.21083816717992
C            0.72377931615110       -0.32788585005537        0.50507676650315
O           -0.37274377151276       -0.32403248751876        1.40923721588600
C           -1.58478017713972       -1.02774714521381        1.31231574426890
O           -2.66735919993634       -0.14308715134609        1.26643808012914
C           -2.98545970951558        0.40805559842888       -0.01077660011039
C           -4.09222389665857        1.43348484366453        0.26338383285548
O           -3.64324819572893        2.43696997322550        1.12641978722157
C           -3.41870137913421       -0.72888836575965       -0.94568981562321
O           -3.74532542860582       -0.30964498835689       -2.25035423569357
C           -2.23802612709176       -1.69434967948621       -1.08526857646470
O           -2.58918956161250       -2.84785869707918       -1.81781709233341
C           -1.77077597890175       -2.17169598732948        0.29330531175435
O           -0.60831340780110       -2.95144177608988        0.19842361832884
C            0.67018230700727        0.86409600529772       -0.47998928723371
O           -0.19372115483870        0.66352097067307       -1.58059850204842
C            2.04345632481008        1.26518239474236       -1.04863595141675
O            1.94848301151959        2.52186827251312       -1.66030661613108
H            5.60851682786162        1.02047912630619        0.98279513914025
H            5.19921830598828        2.74760609516989        0.78811277840059
H            6.28456440565728        1.94856260480797       -0.38321924585091
H            2.92580171057720        2.17622108824925        0.70665090721172
H            1.69186737938118        0.75524585659692        2.08643456528048
H            2.35033534326285       -2.20768931138677        1.67552724000732
H            1.27825928426928       -1.53335103125510        2.93293184300358
H            3.98648977624972       -0.85636878847149        2.68115805265260
H            0.81123749719036       -1.27922387938577       -0.02554038715562
H           -1.68768136422544       -1.48006717521645        2.31363997634718
H           -2.11491836062736        0.91780810670422       -0.43987437010395
H           -4.95937015447487        0.90926853588908        0.69361867865040
H           -4.39081881368737        1.93602636287866       -0.66009362518923
H           -3.20239618852252        1.99822690644822        1.86588518115006
H           -4.26908143323304       -1.26160096063709       -0.48791051122963
H           -4.44691707340874        0.34775967462087       -2.21101248050500
H           -1.43328181533484       -1.15990757329755       -1.60243933090653
H           -3.06362817773148       -2.54817442379661       -2.60271004696773
H           -2.59557513923994       -2.78491584441577        0.69602686256674
H           -0.79803360502156       -3.65221313374500       -0.43970768792601
H            0.25254419951821        1.72018857218171        0.06426526347478
H            0.22873602229256        0.05015644772130       -2.19690159066592
H            2.36793031151878        0.50184957564627       -1.77878479965779
H            1.13928810627808        2.53586133602127       -2.19073119156662
48
 energy: -84.796729659527 xtb: 6.7.1 (edcfbbe)
C            5.47826853369125        1.60337835274056        0.15747478055044
O            4.36043875183541        1.36852831295164       -0.67681683294858
C            3.15936242053826        1.28748106427066       -0.00622353775063
O            3.10137438175277        0.06014179641226        0.68704428798010
C            1.90731705262199       -0.10949716253119        1.41554808257344
C            2.08063092082867       -1.39279990207396        2.23998655375473
O            3.19581485682047       -1.31306435103718        3.08197105031668
C            0.66094411507154       -0.20066370520036        0.50787425172283
O           -0.42241872519443       -0.15433035833624        1.42689491055883
C           -1.59893523064563       -0.91878591501976        1.39084642890096
O           -2.72515344743385       -0.09589851487876        1.28232947720030
C           -3.02437069225582        0.40149492549785       -0.02170034714750
C           -4.21123179186342        1.35141212060946        0.18113871358736
O           -3.86645962499882        2.41450189821220        1.02012165949161
C           -3.34057390103262       -0.77694916104185       -0.95265558596471
O           -3.58823316267589       -0.40018938666888       -2.28774853776739
C           -2.12129150929735       -1.70358119925509       -0.98885111273385
O           -2.38736393994849       -2.88785387731081       -1.70570177846679
C           -1.72686941523874       -2.11907042385604        0.43172016835289
O           -0.55828199390665       -2.89442034713148        0.43788045853839
C            0.65506986593616        1.03416146843273       -0.42329250338262
O           -0.27613689289460        0.95387626189569       -1.48337529936047
C            2.03013570485247        1.34976502795433       -1.03737414379859
O            2.01065842542456        2.63204611022578       -1.60107539016222
H            5.63743545665965        0.77167694941704        0.84892353292893
H            5.34848072807372        2.52950744009310        0.72799669587337
H            6.33211973357921        1.69819921275173       -0.50885618126729
H            3.04024928140445        2.12454142117656        0.71344146758878
H            1.75995807486243        0.74486228726151        2.09425769062666
H            2.16892807064407       -2.24224019400268        1.54944975833998
H            1.20627874336843       -1.53758494659718        2.87398612679959
H            3.94727120472244       -1.06174178542810        2.53075719499363
H            0.67877631997678       -1.13130964131187       -0.06331614293719
H           -1.68427400210897       -1.31587979138509        2.41614847652359
H           -2.17258979178643        0.96333094946799       -0.42291574862969
H           -5.05138127274323        0.77879967458598        0.60321607674028
H           -4.51662942878000        1.79902109944909       -0.76815713111378
H           -3.41590766372636        2.03632432019744        1.78652449306432
H           -4.20051959444103       -1.33429213067603       -0.54439173807385
H           -4.29537877438535        0.25190348942469       -2.31263529159416
H           -1.30140598614347       -1.15796319781930       -1.47223805113923
H           -2.83128493392167       -2.63053934620692       -2.52286733197649
H           -2.56987907150137       -2.71420799539983        0.82331249026347
H           -0.70672445842437       -3.62398434022656       -0.17887090260263
H            0.33002411582840        1.89227592215057        0.17763304356889
H            0.05967147654504        0.34394064257452       -2.15368398326772
H            2.26553094627532        0.59167340856463       -1.80618384534254
H            1.17855420482654        2.73399839765913       -2.08406225643482
48
 energy: -84.798162465052 xtb: 6.7.1 (edcfbbe)
C            5.51836299262859        1.40621564981568        0.06036716998873
O            4.36018274877333        1.26825687708257       -0.73968689656448
C            3.17877028846566        1.25312701188221       -0.03050676645668
O            3.05948256672310        0.01448386638177        0.63524993380150
C            1.87868016678138       -0.09912893795149        1.39781903170198
C            1.99176570408121       -1.41360522946935        2.18110210815442
O            3.13019464910741       -1.42343218543169        2.99593449883051
C            0.61125347840111       -0.07476714986268        0.51590805154858
O           -0.47293102321977       -0.00749131924405        1.43154235377432
C           -1.60552027345252       -0.83484434717143        1.44573763495283
O           -2.77263488630640       -0.07798176693315        1.28558213869882
C           -3.05092567139910        0.38329588227043       -0.03548620408952
C           -4.28995190414631        1.27532548828473        0.11119432726824
O           -4.02450567551491        2.37554340272695        0.93037811993918
C           -3.27973003877576       -0.82110548163344       -0.95874265717946
O           -3.46501463387470       -0.47151782151725       -2.31191458865392
C           -2.03616526577059       -1.71468944750955       -0.91835433915273
O           -2.24592514094928       -2.92919200151026       -1.60099284427989
C           -1.67528456082214       -2.07275014179593        0.52828028045194
O           -0.49141243081824       -2.82046489723590        0.59390203757285
C            0.65373399067659        1.19350450734024       -0.36249239223371
O           -0.32848962677312        1.22307812674594       -1.37701030008091
C            2.02401201780844        1.42617312479416       -1.02133952707172
O            2.07926322347776        2.72216745715667       -1.54994738339619
H            5.64212711283017        0.54965158298289        0.72831669963491
H            5.47200452267976        2.32554622462422        0.65431281215234
H            6.35434388057471        1.45775872039630       -0.63284789188334
H            3.14254750749788        2.07685343590320        0.71317656966536
H            1.81012172648033        0.74272861542977        2.10477030405491
H            2.01002155924632       -2.24744685735752        1.46752461468168
H            1.12641770891977       -1.52419180040411        2.83393751198975
H            3.88225922929294       -1.20716298420271        2.43093751747431
H            0.58358013487219       -0.97804455488626       -0.09689956039040
H           -1.67698123461600       -1.19029723680704        2.48592165658189
H           -2.21410816655659        0.98303703055438       -0.41400281931170
H           -5.11086809086926        0.67002959321126        0.52557230424723
H           -4.59214093350833        1.68229835408248       -0.85731364202265
H           -3.57080281015970        2.04235246040063        1.71545783874549
H           -4.14326220502663       -1.39840902238172       -0.58800849932811
H           -4.18639673926503        0.16115095312295       -2.38525351846482
H           -1.21445800885767       -1.16450204834392       -1.39697652340201
H           -2.66241386042052       -2.71507778723978       -2.44463520874887
H           -2.51715315276680       -2.67160826814650        0.91618628965779
H           -0.60596383405855       -3.57566322823148        0.00111190266694
H            0.41713035901306        2.04773204957958        0.28280682287911
H           -0.10496538831703        0.57661151197741       -2.05961419182426
H            2.17590351543994        0.67602198875702       -1.81816623358094
H            1.23584455869994        2.90042553534190       -1.98935430745902
