48
 energy: -84.857536424290 xtb: 6.7.1 (edcfbbe)
C            5.60300600000000        0.99610700000000        0.64869900000000
O            4.93901100000000       -0.15319200000000        0.12957000000000
C            3.64667600000000        0.07639100000000       -0.29553900000000
O            2.83955400000000        0.29391500000000        0.84548300000000
C            1.46165600000000        0.49964300000000        0.59360900000000
C            0.80757000000000        0.76119200000000        1.96711000000000
O            0.17781600000000        2.01396700000000        2.05493200000000
C            0.87271300000000       -0.72047500000000       -0.13377500000000
O           -0.45872000000000       -0.48884400000000       -0.57453400000000
C           -1.46139100000000       -1.33045700000000       -0.07661000000000
O           -1.89543900000000       -0.95325900000000        1.19851600000000
C           -2.52251600000000        0.33372300000000        1.21710800000000
C           -2.86471000000000        0.68242200000000        2.67664800000000
O           -2.60324300000000        2.02600100000000        2.97872400000000
C           -3.74501800000000        0.34088100000000        0.29228600000000
O           -4.45506400000000        1.55126300000000        0.32293200000000
C           -3.28737600000000        0.00750400000000       -1.13974900000000
O           -4.37436000000000       -0.06402200000000       -2.03040400000000
C           -2.59385600000000       -1.35569100000000       -1.11326000000000
O           -2.02195100000000       -1.70973000000000       -2.34298100000000
C            1.68661600000000       -1.00903900000000       -1.40767000000000
O            1.26244800000000       -2.19758900000000       -2.02821100000000
C            3.17953600000000       -1.14572500000000       -1.09573400000000
O            3.93643800000000       -1.19658200000000       -2.27274600000000
H            5.09611200000000        1.35942500000000        1.54419100000000
H            5.63863100000000        1.78579200000000       -0.10705100000000
H            6.60743200000000        0.66243100000000        0.89127800000000
H            3.59788900000000        0.96826500000000       -0.95560000000000
H            1.32415400000000        1.37720100000000       -0.05869000000000
H            1.59047600000000        0.65327300000000        2.72437900000000
H            0.03557100000000        0.01365300000000        2.15541800000000
H            0.84534900000000        2.71514800000000        2.07225000000000
H            0.91489100000000       -1.59347000000000        0.52793900000000
H           -1.07228500000000       -2.35116000000000        0.05436400000000
H           -1.80223700000000        1.07684000000000        0.84100400000000
H           -2.29507200000000        0.00637300000000        3.32525500000000
H           -3.92993800000000        0.53277400000000        2.86153600000000
H           -1.65203400000000        2.19521700000000        2.85527400000000
H           -4.45230000000000       -0.43335000000000        0.61592300000000
H           -3.84525700000000        2.29638300000000        0.42501200000000
H           -2.56477100000000        0.76417400000000       -1.48458900000000
H           -4.98583400000000        0.65977500000000       -1.82221400000000
H           -3.33100200000000       -2.11051100000000       -0.79918900000000
H           -2.69299700000000       -1.59063000000000       -3.03387000000000
H            1.55134200000000       -0.15785600000000       -2.09311000000000
H            0.32988800000000       -2.10512200000000       -2.28416200000000
H            3.34641100000000       -2.04103600000000       -0.48056800000000
H            3.61618300000000       -1.94199500000000       -2.80570100000000
48
 energy: -84.857681029793 xtb: 6.7.1 (edcfbbe)
C            5.59351234771674        0.96127387717920        0.72230846126855
O            4.93122848916757       -0.13032615218031        0.08948999505293
C            3.63395282074719        0.12856342113727       -0.30430835910816
O            2.83359217958567        0.24173111305668        0.85556786750711
C            1.44602099335079        0.43579804956914        0.63886232235476
C            0.81886185943445        0.59269503175843        2.03844736472415
O            0.36076962987373        1.89675389661579        2.29240735828075
C            0.87703536452992       -0.74664871487245       -0.16468961448836
O           -0.46667578120584       -0.55746365563345       -0.58844743366840
C           -1.46975522506008       -1.33280854939942        0.00586172491640
O           -1.89120503444948       -0.84135635059899        1.24484312869543
C           -2.52741084213086        0.43986861059337        1.16843414737986
C           -2.88104142708597        0.88494913453042        2.60115503131013
O           -2.45143891637431        2.18718562536674        2.88824731047797
C           -3.75383082030943        0.36505070300023        0.24897899959791
O           -4.46940745055820        1.56923005480059        0.18209120140609
C           -3.30867062502954       -0.09329120895912       -1.15027476073576
O           -4.40428032305529       -0.24112364798030       -2.02106130656769
C           -2.61563930561321       -1.44976578797345       -1.01060450053921
O           -2.06456555042027       -1.91001062883097       -2.21371031190881
C            1.67478391253376       -0.91562923477161       -1.47002262791584
O            1.27558828817768       -2.07016034698071       -2.16454174831627
C            3.17791346311724       -1.02807834940703       -1.20173196468677
O            3.90886317934986       -0.94994746494904       -2.39388258134795
H            5.10805768057419        1.20777140842849        1.66783629235920
H            5.59817142138580        1.83505829152219        0.06490487719256
H            6.60848804269651        0.61705701094299        0.89737316048803
H            3.57456424368913        1.07271776926093       -0.88605171066168
H            1.28100006030956        1.35419598633310        0.05240339981993
H            1.57285448489755        0.28385221253052        2.76926399933836
H           -0.04755419843784       -0.06213701649790        2.13305095448915
H            1.11330042742123        2.49521959764795        2.40364532097700
H            0.96390919592792       -1.66321302036209        0.43234063573771
H           -1.08374898954771       -2.33976036748837        0.22799980079398
H           -1.81236534917117        1.16006837812336        0.74147108811147
H           -2.44601670048647        0.15516744505781        3.29438618702474
H           -3.96512367189505        0.89413068202260        2.73091455522314
H           -1.47946695601911        2.22447481513170        2.82611097422185
H           -4.45731246813895       -0.37672433174279        0.64698798563353
H           -3.86125327056644        2.31669624776748        0.08558108189869
H           -2.58816958564006        0.62742915468715       -1.56934748319213
H           -5.03120672543720        0.47857954396525       -1.84710427544064
H           -3.34797903308137       -2.17261759838081       -0.61946927712422
H           -2.75050494408809       -1.85376331825319       -2.89797569944931
H            1.49706668670997       -0.02251444570653       -2.09021022714479
H            0.31862745762945       -2.02585461148531       -2.32759194018777
H            3.38478115662665       -1.96896533488192       -0.67300383594795
H            3.62167780324855       -1.67335993124335       -2.97345256212964
48
 energy: -84.857520478971 xtb: 6.7.1 (edcfbbe)
C            5.50474860352793        1.14137062302704        0.67810398990550
O            4.89454976196119        0.03757764349657        0.01543202369035
C            3.56700761074353        0.21927943133495       -0.31688076219545
O            2.80704946983930        0.20500491708552        0.87425784312445
C            1.39825617683554        0.30405805106160        0.73433604683934
C            0.84975353554765        0.25873893130100        2.17210437052673
O            0.63392949648325        1.53562061554358        2.71609871008710
C            0.86424621614342       -0.83134545103742       -0.15851485655563
O           -0.48289677702092       -0.66061993336104       -0.58162298887291
C           -1.50625398217273       -1.35149532401581        0.07672790837823
O           -1.91975339135215       -0.74790900403288        1.26768152077501
C           -2.50213925553331        0.54728270869348        1.08555763263908
C           -2.83870160161401        1.12815600696522        2.47358252598568
O           -2.14378664915172        2.31212771895187        2.75698169712149
C           -3.73445580359529        0.43966049552045        0.17595613469104
O           -4.40206203223102        1.66148160912982        0.00792623899575
C           -3.31061147295162       -0.15222229379096       -1.17909009322026
O           -4.41360367278089       -0.34461876223199       -2.03153074735023
C           -2.65716453204971       -1.51364124513688       -0.92923367812592
O           -2.12413413517906       -2.08306295412777       -2.09268545527260
C            1.64799181821420       -0.88508426733048       -1.48158405728988
O            1.29895319644529       -2.02303632725248       -2.22707312312112
C            3.16074636063501       -0.92214535682716       -1.25506893778139
O            3.85228721433775       -0.75035299595535       -2.46044791575229
H            5.04853470123418        1.30107572803282        1.65585951955511
H            5.41540555144273        2.04631128511434        0.07091118615557
H            6.54899794084779        0.86553284320351        0.79051633979429
H            3.41577990501340        1.18561686551102       -0.84230556754279
H            1.13410688207531        1.26355267554001        0.26087063545346
H            1.56184436908078       -0.31510937682799        2.77408752905502
H           -0.11569564564915       -0.24544395924318        2.18900046675156
H            1.48020394211500        1.98189391138173        2.85775270682069
H            0.97776959894267       -1.78944792350533        0.36641496868693
H           -1.14988854570961       -2.34778679582963        0.38197714497131
H           -1.76126207101219        1.20029958353427        0.59900275663219
H           -2.63891652971065        0.35207137441844        3.22071021743171
H           -3.89772584076679        1.39309114492374        2.50853248060090
H           -1.19153791490872        2.12484578339443        2.84665402080139
H           -4.46413482659702       -0.23676030203923        0.63738013823148
H           -3.76451956701893        2.36906465506863       -0.16661839159992
H           -2.57256665388948        0.50963987720229       -1.66034492724957
H           -5.00425349201322        0.42022650542498       -1.94703809663608
H           -3.41089509375176       -2.17947004803171       -0.48192570369048
H           -2.81616042270734       -2.07698679087680       -2.77313626444714
H            1.40544113350416        0.02735044617720       -2.05003131696224
H            0.33384229552403       -2.04431466640569       -2.33606979344979
H            3.43683832698129       -1.87041860280304       -0.77323118663122
H            3.58483378726993       -1.45966108004149       -3.06649985596688
48
 energy: -84.857326680170 xtb: 6.7.1 (edcfbbe)
C            5.38997343915571        1.27487267236759        0.71797678171142
O            4.83632059509308        0.19479631974425       -0.02754731538806
C            3.48813077193485        0.30663380325426       -0.30201994772683
O            2.77431336139087        0.13091302038805        0.90346122160666
C            1.35780771252955        0.15795763426572        0.81644946443233
C            0.88255537667662       -0.06683860278604        2.26254001639509
O            0.80379640464704        1.12661070900165        2.99837466003447
C            0.84903654231259       -0.91626152228066       -0.16394978622945
O           -0.50394242209672       -0.76209335030015       -0.57655239325626
C           -1.53426351312049       -1.36700594090402        0.15138222681712
O           -1.91841826759003       -0.64541226743285        1.28630055934983
C           -2.43309331689942        0.65711110753386        0.99210281789506
C           -2.73288351497573        1.37453011905054        2.32128323436678
O           -1.78682813920693        2.35610882852548        2.64787815770788
C           -3.68070566573548        0.53117560273711        0.10376116349209
O           -4.27377307522831        1.76741053348377       -0.19119177129941
C           -3.31475398248097       -0.22386070813893       -1.18452794212171
O           -4.44676117795286       -0.45108059496266       -1.98900345175452
C           -2.71093616683292       -1.58105922970750       -0.81372695857390
O           -2.22935283059586       -2.28124934658599       -1.92701309715029
C            1.61010135495519       -0.83613226588727       -1.50016729763455
O            1.32231816438706       -1.94808119332372       -2.30840257945528
C            3.12858845129685       -0.77810619417801       -1.32187929131884
O            3.75892181810069       -0.45282738616542       -2.52977933416040
H            4.96304390362699        1.30708800370888        1.72145826086621
H            5.21064299580114        2.22356815121833        0.20469814764102
H            6.45537755138002        1.07055717520233        0.76872993112243
H            3.24954464365768        1.30109298090437       -0.73443460645210
H            1.02441838463586        1.14400247900693        0.45524523744023
H            1.57897999179663       -0.77279684202869        2.72766452365661
H           -0.12049761625677       -0.49038950087375        2.27100514223612
H            1.68874607514300        1.50338328948752        3.10282332339272
H            0.99768512617247       -1.91055335488511        0.27958695543240
H           -1.19930011753342       -2.34163328925847        0.53878625538091
H           -1.66510801050152        1.22665593534333        0.44734630050659
H           -2.81707255543355        0.61425546391169        3.10529967557345
H           -3.68454974155071        1.90350803718259        2.22895795141842
H           -0.93032447237856        1.94495312698574        2.86842433962355
H           -4.44538131139393       -0.04197876832935        0.64119621205881
H           -3.60946284572475        2.38571082849619       -0.53130977689314
H           -2.56013656118983        0.34879342572100       -1.74778731052878
H           -5.01255560278070        0.33593980210692       -1.95331245613657
H           -3.47854173005997       -2.16814042270600       -0.28682054691049
H           -2.94334869948219       -2.33411403670856       -2.58219906458457
H            1.28911932697382        0.09021603647198       -2.00394232626580
H            0.35900428646407       -2.04086222589572       -2.38285666749138
H            3.49013085907800       -1.74054504936593       -0.93382136399716
H            3.52343217646407       -1.12682504116123       -3.18700422588322
48
 energy: -84.857057108087 xtb: 6.7.1 (edcfbbe)
C            5.28512927040286        1.39432704787449        0.75696591092364
O            4.77696603263944        0.31642729546508       -0.02327365502918
C            3.41952652558832        0.36351063206358       -0.26865922033939
O            2.74037906042958        0.06650582277235        0.93298006948264
C            1.32158590188115        0.03108413159604        0.87390999213646
C            0.90033926774988       -0.33297382491849        2.30852314290406
O            0.87189566719743        0.78774667261226        3.15442572605446
C            0.83936387658480       -0.97884906339126       -0.18639772873923
O           -0.52072843668745       -0.84324690954603       -0.58603985956341
C           -1.54481958139617       -1.37046206505711        0.20682590787480
O           -1.89281627233061       -0.55409836857881        1.28753647116321
C           -2.36405651826433        0.73837293620213        0.90281365867154
C           -2.59446939979121        1.56407638059798        2.17858611476412
O           -1.48969330379630        2.35483997880731        2.52784947093514
C           -3.63944153385900        0.59510339508846        0.05726815407445
O           -4.18285812421183        1.82950682963296       -0.32903340964298
C           -3.33408150075272       -0.27927364735991       -1.17041267541662
O           -4.49541368728809       -0.54596750421257       -1.91957331313686
C           -2.75444015340390       -1.62033053502768       -0.70972672263827
O           -2.33254784261937       -2.41752842224858       -1.77981460104046
C            1.58464549770908       -0.78564478582667       -1.51896158586206
O            1.33501668831229       -1.85749480263439       -2.38994690588398
C            3.10178489441696       -0.67531482636412       -1.34807157040534
O            3.70790912806222       -0.25434977437439       -2.53815861984511
H            4.87903767197401        1.36119218715251        1.76893322795801
H            5.04186209554744        2.35169813086222        0.28797089682595
H            6.36119482987007        1.24931148965812        0.77879429850838
H            3.11363250295632        1.36705358237823       -0.63153738086639
H            0.93664471149217        1.02914392357327        0.60905972979361
H            1.60540727763384       -1.08665492221335        2.67574737974129
H           -0.10923701335467       -0.73842517228959        2.32287034009656
H            1.76474630757967        1.15027176561543        3.23840648885713
H            1.01898942556082       -1.99863395585753        0.18436356996317
H           -1.22467784804473       -2.32288822664948        0.65594122870924
H           -1.59048536625474        1.23302458061367        0.29623965061000
H           -2.87180342468186        0.87706391314555        2.98504467691931
H           -3.41642855092761        2.26148633917551        1.99856447549522
H           -0.75915855066665        1.79431813692194        2.84898759544984
H           -4.41556585630809        0.10516763208166        0.65630709956123
H           -3.50384973571965        2.37255441502323       -0.75723539693651
H           -2.58519668555655        0.22499198417859       -1.80271035164625
H           -5.02556292347632        0.26454740394305       -1.96687760932138
H           -3.52274390201732       -2.13957580812829       -0.11634701655389
H           -3.06692567855924       -2.48500293457413       -2.41077403493803
H            1.22323413775232        0.15594203150889       -1.96410636913228
H            0.37699475134122       -1.99701143081461       -2.45016126764138
H            3.50641200068122       -1.64170023326631       -1.01773615155100
H            3.52430233745996       -0.91384348055349       -3.22587678246954
48
 energy: -84.856256011980 xtb: 6.7.1 (edcfbbe)
C            5.18201638998460        1.46696339093010        0.83286912035780
O            4.71680728955785        0.42317235804350       -0.01737338309936
C            3.35455326016683        0.41626168934137       -0.23871772013650
O            2.71260307401604       -0.00082148290118        0.94726598355935
C            1.29489106390877       -0.08699710767733        0.90615330923815
C            0.91861287233435       -0.55216185923326        2.32428640104047
O            0.89948767204291        0.51673167285194        3.23533875228167
C            0.83432092764112       -1.03623486703575       -0.21929234971398
O           -0.53585861037944       -0.92466331608023       -0.59535178786901
C           -1.54204744222459       -1.36995600728372        0.26654671761472
O           -1.84506205256835       -0.46053706557554        1.28496358613641
C           -2.28709125770382        0.81064041610563        0.81294104325924
C           -2.45782856069358        1.72593555530395        2.03316462220227
O           -1.25508517927530        2.32851369488022        2.43178144630038
C           -3.58637495174809        0.64861209403239        0.00958778955973
O           -4.08752558127354        1.86812584907577       -0.47008796811797
C           -3.34084695930964       -0.33803597333780       -1.14467023085638
O           -4.52802232174175       -0.62901716795766       -1.84247534337540
C           -2.79014153919301       -1.65556496720359       -0.58799421194343
O           -2.43693882681883       -2.55705627452613       -1.59804477102029
C            1.55593007275897       -0.73191720434941       -1.54304564978657
O            1.35011444822897       -1.76156344098107       -2.47440691822775
C            3.06881467967853       -0.56278116413455       -1.38049364861876
O            3.63710823259348       -0.04223155665576       -2.54942846904193
H            4.79326928244577        1.34081511151035        1.84428367215901
H            4.88385465789253        2.44183077206982        0.43743053809075
H            6.26417261381184        1.37586204041316        0.83187374310584
H            2.99087677969481        1.42536767462131       -0.52480932143070
H            0.87135094425279        0.91288064969929        0.71738897266689
H            1.64567394001834       -1.31468295867356        2.62429966886046
H           -0.08447459442061       -0.97070683714177        2.34693963691606
H            1.79142253810728        0.88250510113812        3.31792118335571
H            1.05156182667914       -2.07216860860472        0.08154959100462
H           -1.23051537105391       -2.29364821986287        0.77562280077384
H           -1.51380686540928        1.23643561749452        0.15553357559543
H           -2.90187886964103        1.13841610316238        2.84346010444744
H           -3.13303586644416        2.54209910574303        1.76572587995092
H           -0.65767698404276        1.66221063405693        2.81954919645425
H           -4.36785029313186        0.24431806698883        0.66269940292482
H           -3.40050044462114        2.33533658234670       -0.96897248059235
H           -2.59272218226829        0.08658531904508       -1.83372540008806
H           -5.03092682006038        0.19218448278746       -1.95650645431381
H           -3.55304885321761       -2.09269012112132        0.07496511968627
H           -3.19202886059810       -2.64405678786415       -2.20196075299592
H            1.14812390459897        0.21615021541760       -1.93067703096590
H            0.40088560267122       -1.94874688529648       -2.53169659780693
H            3.52039599690020       -1.52867068059786       -1.11573907712339
H            3.46443918462065       -0.66304570178436       -3.27518924951664
48
 energy: -84.854834021823 xtb: 6.7.1 (edcfbbe)
C            5.13265103722355        1.46295812328160        0.90881128176019
O            4.67526023578982        0.46723696463649       -0.00126126621600
C            3.30987915984398        0.44561634098655       -0.20172305783067
O            2.69674163636146       -0.07612109079162        0.95771723082703
C            1.27945680611231       -0.18312294448395        0.92885307978644
C            0.92961424201973       -0.70943770093564        2.33245912509993
O            0.87674358996174        0.33416845047284        3.27156210132594
C            0.83153589515576       -1.07080166725662       -0.25165692423785
O           -0.55113943105545       -0.99798672037755       -0.59596683140277
C           -1.53132035735584       -1.36808580634639        0.32807441404925
O           -1.79891783103488       -0.37964912501815        1.27936298760281
C           -2.22289560882396        0.86276823080045        0.72662474893506
C           -2.34708927614015        1.85006265160345        1.89382767057630
O           -1.09799714104078        2.31555289214181        2.33313579785694
C           -3.53932829191979        0.67827759623928       -0.04178035576283
O           -4.01036836195437        1.87077565753396       -0.61213572952739
C           -3.34508730749472       -0.40686922520042       -1.11518885228549
O           -4.55642611420515       -0.72209263386357       -1.75883024512251
C           -2.81150720717751       -1.68988739355773       -0.46714888881209
O           -2.51341537334893       -2.68003873349491       -1.40907662772230
C            1.51590979628987       -0.64926562870429       -1.56165363855758
O            1.32462294248701       -1.61397262663137       -2.56248673965487
C            3.02659477375792       -0.44628207111638       -1.41317414205902
O            3.55373390398382        0.18616182420100       -2.54564684152010
H            4.75960343483203        1.26508240578968        1.91473888982279
H            4.81143929425845        2.45527747933950        0.58014829310864
H            6.21621522866972        1.39275331950230        0.88883139569521
H            2.91931023755289        1.46507757611478       -0.40344303500820
H            0.84122386361495        0.82000433169181        0.79655323437047
H            1.68813573185270       -1.45095727010889        2.60579325343694
H           -0.05575353496292       -1.16583412967829        2.35572242367419
H            1.75800358109156        0.72187191372592        3.36751707367170
H            1.09638383344938       -2.11485803549231       -0.02346679844475
H           -1.22203050777364       -2.26078060005130        0.88884852460009
H           -1.45190440313023        1.22747352949781        0.03050938645809
H           -2.89769963413707        1.35896781368257        2.70318926318362
H           -2.90342816560719        2.72777926928924        1.55780120770521
H           -0.60768204790952        1.59026910165783        2.76327154864131
H           -4.32237994130140        0.35379519305823        0.65266075895344
H           -3.32233671914301        2.26723629088541       -1.16792729829896
H           -2.60485070066837       -0.06021989480368       -1.85437868576460
H           -5.03958135283196        0.10048928476944       -1.93202309131869
H           -3.56473138338923       -2.05009239003379        0.25094107272444
H           -3.28905327076070       -2.79446461937791       -1.98153934383309
H            1.07422722983401        0.31195026108827       -1.87331996986950
H            0.38380330999156       -1.84068863339065       -2.60551476071031
H            3.51133685118483       -1.41653276609033       -1.23941217609809
H            3.39449531183439       -0.38356685315668       -3.31471643145556
48
 energy: -84.852548989261 xtb: 6.7.1 (edcfbbe)
C            5.10727563522435        1.40673672595092        0.99904280989334
O            4.64048006486946        0.49989388323317        0.00467468876512
C            3.27093248119147        0.47524974334843       -0.16360142110947
O            2.69125531289609       -0.15221097047418        0.95999934122215
C            1.27353817833045       -0.26582064443953        0.94775646646661
C            0.94737978867794       -0.83458211787848        2.33989238840409
O            0.90209418743308        0.18986339072944        3.30030829719119
C            0.82818250355222       -1.09004493423449       -0.27936657658438
O           -0.56693689984896       -1.06731024681056       -0.58677278987518
C           -1.51883807558778       -1.36560258563175        0.38931354191276
O           -1.76309346803336       -0.30633074969340        1.26740470406949
C           -2.16854946061376        0.89973010756007        0.63013895138353
C           -2.23916815857969        1.96610235031078        1.72972234288643
O           -0.96408250099437        2.31352531517923        2.20510137704137
C           -3.50391604925191        0.68702594512885       -0.09580573495654
O           -3.96067582711519        1.83941469897718       -0.75338861346892
C           -3.35540677167695       -0.48592421237937       -1.08110899712383
O           -4.58876635579611       -0.82824806685759       -1.66641480714729
C           -2.82467178077196       -1.72548118172963       -0.34998466765696
O           -2.56831633259766       -2.78956671415532       -1.22099187425174
C            1.46238437007697       -0.54539981809611       -1.56791406598517
O            1.27003739478782       -1.43055436843103       -2.63955136117430
C            2.97135068363032       -0.31244626272962       -1.44184464225165
O            3.44916970051240        0.43257878924261       -2.52679474710872
H            4.77577611499278        1.09350115372105        1.99014999387904
H            4.75095202504692        2.41899303013847        0.78881522171895
H            6.19076118053552        1.36839023498541        0.93524456132083
H            2.86201344146272        1.50240066256001       -0.26658539810193
H            0.83252183822601        0.74205540803190        0.86473272263302
H            1.71500669362313       -1.57680487442775        2.58448131193795
H           -0.03382980389525       -1.29715977977503        2.37341029919361
H            1.78351061717609        0.57747923719390        3.39331831042155
H            1.14679966194281       -2.13356291043665       -0.12924156445937
H           -1.20924441994107       -2.22284593259076        0.99975200184628
H           -1.40282218879512        1.19276922289866       -0.10467967588022
H           -2.87467010734381        1.58958100618992        2.53810222999338
H           -2.67740622617508        2.87721209149465        1.31811314638157
H           -0.58148727875799        1.56052942465358        2.69023488437612
H           -4.27932489925478        0.43852721856877        0.63737721862934
H           -3.28222472840473        2.16232638642179       -1.36551066647009
H           -2.63047532194695       -0.21130125132441       -1.86433028576598
H           -5.06360032859768       -0.01257256386110       -1.88840782112013
H           -3.56458899256849       -2.01698866904534        0.41202540106477
H           -3.35730329093627       -2.92776445976920       -1.76952877722833
H            0.98746294701219        0.42526371399722       -1.78954738134758
H            0.34162512669021       -1.70539110514708       -2.65729664581178
H            3.48505967124767       -1.28048127062982       -1.36779751477109
H            3.29382760959417       -0.07475610496078       -3.33916315826318
48
 energy: -84.850272935594 xtb: 6.7.1 (edcfbbe)
C            5.13473525321228        1.37278527290322        1.06991712762182
O            4.63821869393534        0.49299618694015        0.06485461236269
C            3.26543092820787        0.48182317532835       -0.07073015230505
O            2.71656140950911       -0.27110495556734        0.99046115647114
C            1.29706462906292       -0.34187598823547        1.01213538482488
C            0.98129473518322       -1.06462268210825        2.33563863547379
O            1.65417702302081       -0.47183177455820        3.41257245551474
C            0.81896633775238       -1.05528599458430       -0.26798820370904
O           -0.58331999116619       -1.06352849126882       -0.54137710242872
C           -1.51353985344241       -1.28001177117490        0.47684913408663
O           -1.74474939141082       -0.13713852405658        1.25239897415169
C           -2.19485342366283        0.98776474779158        0.49829551202841
C           -2.32913086534966        2.16275871462101        1.47390373597695
O           -1.08233280967714        2.60586972337443        1.94710204764398
C           -3.52559764380859        0.67661336129506       -0.20371404946781
O           -3.99099381439466        1.75163785701360       -0.97607855168602
C           -3.37334155441625       -0.59197182615035       -1.05841721771759
O           -4.60693099890475       -1.00948124234436       -1.59133928365957
C           -2.82663947141220       -1.73142124694363       -0.19162292847907
O           -2.57554796256654       -2.89446901424789       -0.92592100446079
C            1.40995121226533       -0.38465510958845       -1.51842831509856
O            1.18729964456064       -1.16260499596781       -2.66488637238766
C            2.92351776777248       -0.16168656190792       -1.41727110659662
O            3.36707764792780        0.69914205889986       -2.42871099939297
H            4.77713043720422        1.07695049807621        2.05701204660597
H            4.82826527833166        2.40093882714550        0.85932571067570
H            6.21549690233126        1.28444739898325        1.01906266599258
H            2.85152033196037        1.51100120419679       -0.04734226911264
H            0.88814063702968        0.68107804352882        1.03766621057836
H            1.26525594726723       -2.12000518933971        2.23624740171901
H           -0.07629000011325       -0.97983562180625        2.57725177564385
H            2.60201187273258       -0.47769590881636        3.21743030358779
H            1.17275265005617       -2.09747947942148       -0.22048599510586
H           -1.18028875219285       -2.06621776047274        1.16249015532900
H           -1.43426334541221        1.23305317805001       -0.25863646997945
H           -2.98097192923060        1.85991030797677        2.29958150861662
H           -2.78006077399430        3.00679674263785        0.94922838410050
H           -0.72930899503033        1.94797166579889        2.56182180453250
H           -4.29933543341834        0.50084956221211        0.55213167194010
H           -3.32131328601755        2.00522673450900       -1.62940509137900
H           -2.65618680061774       -0.39976926777572       -1.87194987233345
H           -5.08954177983401       -0.23127230576896       -1.91007065307057
H           -3.55313847496705       -1.92972673265614        0.61242220849851
H           -3.36841422615150       -3.10053451330568       -1.44698133865281
H            0.92867909091020        0.60176113114543       -1.63107970932791
H            0.26893889789887       -1.46930870545317       -2.66563993687006
H            3.43751267622053       -1.13141192816311       -1.46770243045642
H            3.18608952791721        0.28356914222492       -3.28653854969047
48
 energy: -84.847835112978 xtb: 6.7.1 (edcfbbe)
C            5.13942564330550        1.33763949823126        1.11425821002957
O            4.62658032630245        0.50120008236234        0.08026667074099
C            3.25130786985953        0.48739911578093       -0.02118872809168
O            2.74000476236696       -0.35945571401716        0.98751409160903
C            1.32303626938013       -0.43173857796838        1.05021180503525
C            1.03658609630422       -1.24042342960963        2.33305788055987
O            1.85579465858124       -0.83168361995297        3.39329135838124
C            0.81668909049510       -1.05344871078652       -0.26590885986537
O           -0.59355562543971       -1.09605126934118       -0.50189735119640
C           -1.50694916835279       -1.23105402240100        0.54399096845957
O           -1.72912293870974       -0.03012016436224        1.23009183789115
C           -2.18135600592973        1.03548887644252        0.39584582246302
C           -2.31071363526389        2.27791891350663        1.28543316304255
O           -1.06663007152541        2.70632048199590        1.77913790486479
C           -3.51588346283542        0.67680746117378       -0.27448089292202
O           -3.97924585107299        1.68889237839863       -1.12874613782031
C           -3.37819157788145       -0.65762153786089       -1.02557975242397
O           -4.61997417416051       -1.10645772980011       -1.51176312404529
C           -2.82834883575157       -1.72773989430883       -0.07689862115022
O           -2.58448241419113       -2.94468662575637       -0.72202999463824
C            1.35568709618803       -0.26766240314049       -1.47218354478809
O            1.09004584613145       -0.94015107021546       -2.67550252175688
C            2.87120815892254       -0.04428160896828       -1.40576301280961
O            3.27755247865278        0.90101479374029       -2.35498366492227
H            4.75431786064842        1.03314635791226        2.08856692286151
H            4.87413493787427        2.38080835888608        0.92165279386925
H            6.21720285832200        1.21090247461016        1.07785304188650
H            2.82828023680353        1.50521637441271        0.10104460003379
H            0.91840493907740        0.58820792240494        1.15252399059206
H            1.18419300091002       -2.30789204634497        2.12359225806159
H            0.01824462733191       -1.06125890861723        2.67424109708530
H            2.77858472855763       -0.90920047123265        3.11013454686562
H            1.20198172386924       -2.08455545630014       -0.31298526722819
H           -1.17447924998602       -1.96450675905233        1.28296534480955
H           -1.42323147947306        1.22420187669888       -0.37936850904248
H           -3.00353677546845        2.05386650784596        2.10282590535335
H           -2.71020725709572        3.10058280577322        0.69011258564097
H           -0.76641612078952        2.07528977199789        2.44702958653210
H           -4.28727724836315        0.56681754469098        0.49622164959871
H           -3.31322962363493        1.88229963642123       -1.80589941386427
H           -2.66815372735632       -0.53687420254320       -1.85887667769321
H           -5.09915772667110       -0.35176564148274       -1.88754829283097
H           -3.54906267705326       -1.86314777475432        0.74494754329147
H           -3.38009755509423       -3.18671730481925       -1.22277918986217
H            0.86801043813737        0.72245097589323       -1.47817109562313
H            0.18552377610204       -1.28376059338869       -2.64904779707769
H            3.38727126065286       -1.00285624750332       -1.55303227841276
H            3.06923246539517        0.55863751803428       -3.23869383524206
48
 energy: -84.845381822337 xtb: 6.7.1 (edcfbbe)
C            5.11845789807881        1.32703355357753        1.18249216380747
O            4.60317369937135        0.56671594529337        0.09210672572288
C            3.22660962828472        0.51409326055812        0.02809450577613
O            2.77773592426303       -0.43138544110014        0.97683263531164
C            1.36867209939700       -0.56075533468731        1.09081978815430
C            1.17511248717535       -1.51321203846754        2.29317554713808
O            2.07829538322765       -1.23676904259365        3.32752669250191
C            0.81917871277772       -1.06952535187189       -0.25527863977911
O           -0.59991596433762       -1.11972279153181       -0.44930181199638
C           -1.50288856409960       -1.15320498815856        0.61349951603112
O           -1.71052875696913        0.10552813223869        1.19358243278416
C           -2.18023048730967        1.09730910330812        0.28147538420106
C           -2.32063807010963        2.40428170408451        1.07204301608926
O           -1.08428582595371        2.87675513059838        1.54310710125193
C           -3.51705014569327        0.68048503250198       -0.35039709972948
O           -3.98419159065178        1.61703301596145       -1.28521158746944
C           -3.38379993715643       -0.71282991410792       -0.98554110288237
O           -4.62752418057449       -1.20102976775097       -1.42649099417761
C           -2.83245971762841       -1.69619766560132        0.05136367837640
O           -2.60158914460487       -2.96859540161145       -0.48061571869024
C            1.30370699965365       -0.17101894881226       -1.40774612686599
O            1.00003684156454       -0.74286312719937       -2.65364641435213
C            2.81588793567237        0.07966264678034       -1.38057367159145
O            3.16781545559214        1.10134525804360       -2.27045880530122
H            4.76002767048295        0.93353469470235        2.13494576169834
H            4.82557347715729        2.37577187850635        1.08209478292811
H            6.19788217305660        1.22989456265604        1.11558285494058
H            2.77488421471725        1.50314844881567        0.24568911729901
H            0.93339648790931        0.42614805015796        1.31311398952142
H            1.28856498736366       -2.54981713795003        1.94926381567012
H            0.19057611052058       -1.37445000040405        2.73789943096439
H            2.97631736453796       -1.27822774220243        2.96717578350847
H            1.21067888871555       -2.08628678852918       -0.41383309105320
H           -1.17249033374009       -1.81662886462938        1.41451357122960
H           -1.42928198049427        1.23283410848920       -0.51151805967598
H           -3.02023776175620        2.24029765545824        1.89805955585368
H           -2.71873622373733        3.17608567783401        0.41122871596713
H           -0.78833143428407        2.30084467183294        2.26095049831247
H           -4.28541551578072        0.63639459722060        0.42992260014963
H           -3.32028205085020        1.75383719946300       -1.97803235082502
H           -2.67692675407315       -0.66507402366781       -1.82850669503112
H           -5.10668946759294       -0.48224755363024       -1.86695049296802
H           -3.54672298490548       -1.75036434589824        0.88828199526746
H           -3.39963742956347       -3.24600843851157       -0.95891269645641
H            0.80155345257417        0.80758154890931       -1.31033449332966
H            0.11223398158858       -1.12606172063012       -2.61287698462853
H            3.34654927626633       -0.85284741853211       -1.61573187635734
H            2.93693111249222        0.81850590903006       -3.16939994142886
48
 energy: -84.847768021895 xtb: 6.7.1 (edcfbbe)
C            5.15092111911121        1.24304463144383        1.22926917895467
O            4.61327156997718        0.71957680885199        0.01752735349025
C            3.23803564369681        0.61001336201672        0.00151943628594
O            2.87035315946398       -0.43285838547071        0.88132174968935
C            1.48544785781739       -0.70680669325430        0.99704099779321
C            1.41161790803734       -1.87058801506261        2.01955243349002
O            0.61177417529631       -1.59448288554245        3.13789616903114
C            0.89176678618843       -1.06545865065078       -0.37390297307660
O           -0.53821495078691       -1.12017411886846       -0.46642463842921
C           -1.35840650135978       -1.05381627664986        0.66711015691812
O           -1.53160877897589        0.26558120769647        1.11894489824882
C           -2.14075411438606        1.13706720187061        0.16661452361165
C           -2.27497695066968        2.51204603356102        0.83429757647880
O           -1.02963882470353        3.06553440924003        1.17369459320236
C           -3.51206824748728        0.61181712574509       -0.28434429259195
O           -4.10408132476860        1.43345990849665       -1.25660367259661
C           -3.38721830129700       -0.83493770610687       -0.78585095795685
O           -4.64862925080326       -1.39846267568781       -1.05521560764597
C           -2.70950928235279       -1.68435728787597        0.29273131772956
O           -2.48022076029598       -3.00074706148888       -0.12201808147529
C            1.29503507071379       -0.01829411712979       -1.42961604843840
O            0.95657654534736       -0.45007180992388       -2.72375218964575
C            2.79548004834697        0.28979857497406       -1.42771368015582
O            3.07585706640502        1.40406752099498       -2.22792610088423
H            4.93136738232998        0.57611043728211        2.06452161736917
H            4.74102190946423        2.23711997830964        1.42723868667633
H            6.22237014034506        1.30347811090953        1.06444352291595
H            2.75758159318875        1.55768584127620        0.32344031976441
H            0.95800545864857        0.17768944609523        1.38688263495748
H            2.44272891125771       -2.09731159892929        2.31032300355304
H            0.98487488290086       -2.75969770126091        1.54926549381118
H            1.06678340452401       -0.97301695541702        3.72353204106567
H            1.27998442970995       -2.04515309993362       -0.68395825078956
H           -0.94619508398009       -1.59090692682871        1.52274520993957
H           -1.48018241325652        1.22122410753687       -0.70977987542951
H           -2.91247703701862        2.41013285799275        1.71916187711313
H           -2.74315272370998        3.20354037299699        0.13203420007594
H           -0.65779684208232        2.54658748117964        1.89916001174885
H           -4.20030476432354        0.62472271295815        0.56870528907957
H           -3.51481785119514        1.51916201699917       -2.02152739265584
H           -2.76226706021662       -0.86065481333741       -1.69217388383882
H           -5.19262492750249       -0.74114670860574       -1.51598673285765
H           -3.34286053878754       -1.66764363368681        1.19362929102004
H           -3.31277785350268       -3.35336207303654       -0.47456451030208
H            0.76464893626649        0.92214691184951       -1.19769209461986
H            0.09435925072358       -0.88859717987367       -2.68933345526064
H            3.35420713425298       -0.59300956726898       -1.76718164927294
H            2.78671193791860        1.20994679804483       -3.13355451116060
48
 energy: -84.848499534958 xtb: 6.7.1 (edcfbbe)
C            5.22430025727164        1.10495134590610        1.26942798423597
O            4.63920383096754        0.67501209027693        0.04307510723882
C            3.26282132355140        0.58892997905805        0.06415039763438
O            2.90179502296996       -0.51928917160879        0.86496974330246
C            1.51455460685879       -0.77342900252559        0.99252647809498
C            1.41866096058710       -2.00770310558716        1.92505548329847
O            0.72476367083462       -1.75418280177450        3.11704564394776
C            0.89006429201869       -1.02170688316349       -0.38717017853422
O           -0.53927074338659       -1.11089838947499       -0.44461076879342
C           -1.33634084653469       -0.96557374444932        0.69919928105725
O           -1.52463027985339        0.38266190584472        1.04806817796838
C           -2.17917718564132        1.16653826742387        0.04977685771856
C           -2.32190785648687        2.58490724144663        0.61719082645133
O           -1.07817316653140        3.17575293155401        0.89361407058409
C           -3.55014485823921        0.58055272983961       -0.31813738049081
O           -4.19279339251636        1.31445051976567       -1.32750989775178
C           -3.40133259655101       -0.89555406135516       -0.71740987805058
O           -4.65412835283486       -1.50407046555908       -0.91925627604205
C           -2.68219052289328       -1.64869802610353        0.40487218781957
O           -2.43451604251333       -2.98765211357708        0.08362073033859
C            1.26260844960046        0.11956874951088       -1.35131787114559
O            0.86660466783238       -0.18333653149294       -2.66649439842380
C            2.76801957039274        0.40356766451062       -1.37258280224508
O            3.04633817101829        1.57936246907342       -2.07995134022801
H            5.01050242978893        0.39112040520305        2.06658862719488
H            4.84693958572202        2.09443305081065        1.54247736499745
H            6.29209542505567        1.14922163642730        1.07747154795704
H            2.81092830969739        1.51269586484215        0.48188863916514
H            1.01732175619794        0.09374336669695        1.45480166666701
H            2.44337582040513       -2.33999600858777        2.11762419779164
H            0.88021766932385       -2.81585900514432        1.42518865649190
H            1.27124447019520       -1.21963842984754        3.71035464381054
H            1.28184761661830       -1.96478581327026       -0.79034117246537
H           -0.89838161851463       -1.42549431582491        1.58657027406273
H           -1.54624616174512        1.19662055733547       -0.84980276906330
H           -2.94272797121921        2.54061254718663        1.51862918443912
H           -2.81061550433241        3.21801408286745       -0.12478365757264
H           -0.67988552545828        2.70334562513302        1.63679779371379
H           -4.21257420920937        0.63928280026607        0.55317699308497
H           -3.62867793832592        1.36212079591912       -2.11427328862361
H           -2.79374175014371       -0.97291370195860       -1.63271664226264
H           -5.22368560720211       -0.88866593433063       -1.40642438316000
H           -3.29596164988133       -1.57801455807588        1.31683986988655
H           -3.26389875580465       -3.37719799565307       -0.23659527969029
H            0.75595159104770        1.04002683100061       -1.01161408964722
H            0.03739505299953       -0.68122124574342       -2.63117219366524
H            3.29921442273722       -0.45500027211739       -1.80613942026619
H            2.72423149025164        1.47338601740459       -2.98921576115475
48
 energy: -84.849642796445 xtb: 6.7.1 (edcfbbe)
C            5.35380937359291        0.86445800737812        1.26625957755793
O            4.68607212379853        0.58277413136146        0.03926125836622
C            3.30989262350010        0.55275218717704        0.12773039672181
O            2.93645781794057       -0.61308890173620        0.83630652464321
C            1.54405053918176       -0.81783721478981        0.98973445108125
C            1.40100869326247       -2.10254214302588        1.84244732674784
O            0.81852846637736       -1.86854567349851        3.09690838371588
C            0.88709759118052       -0.95207027182096       -0.38919559454616
O           -0.53785603744837       -1.08196956918271       -0.42111236422283
C           -1.31942005162829       -0.86454196275768        0.72314219461828
O           -1.53615315329487        0.50137494981768        0.96837111999226
C           -2.23707283571528        1.18784808431514       -0.07040967816953
C           -2.41238836774797        2.64021340275423        0.39181545634484
O           -1.18446849135013        3.29822425090743        0.56654130556563
C           -3.59763116545772        0.53606240268543       -0.35606873600729
O           -4.28979432054728        1.17394047639942       -1.39743225709955
C           -3.41363525847384       -0.96099055691161       -0.64921836573020
O           -4.65289456238289       -1.61577615963741       -0.77607631363368
C           -2.64936062429724       -1.60731656658809        0.50946699906115
O           -2.36191224220471       -2.95776012576644        0.28344533475111
C            1.23091137363966        0.28055464865272       -1.24413197358221
O            0.77512726263670        0.12050305176860       -2.56684216958563
C            2.74035003069311        0.54493010006172       -1.29444240761164
O            3.01381060680958        1.79376909080786       -1.86616295194785
H            5.15323521772047        0.08221381311276        2.00003919981105
H            5.03437625824968        1.83457580108492        1.65709359088521
H            6.41066591095891        0.88841294521808        1.01833684210877
H            2.92452243460338        1.44758081022779        0.65977999054735
H            1.09990399159758        0.04126513162114        1.51648699449669
H            2.39976114328377       -2.54029195184100        1.93479798398451
H            0.75054105388558       -2.81833157527463        1.33418200028750
H            1.45440782474463       -1.42956517459542        3.68015290770313
H            1.28357199952937       -1.84821304149483       -0.88289510221722
H           -0.85386388879110       -1.24213407717840        1.63534109300446
H           -1.62718751385452        1.16871026841044       -0.98582720866277
H           -2.99434335692477        2.64385662767207        1.32006700581002
H           -2.95610560293472        3.19412608458098       -0.37469804447614
H           -0.73264391300699        2.89930637524544        1.32203569928377
H           -4.23857713880764        0.63917778468840        0.52726526084295
H           -3.74534352429852        1.18906332740715       -2.19931252148220
H           -2.82341944970028       -1.09168291717240       -1.56977552303515
H           -5.25092020308415       -1.05259776145475       -1.29150109328086
H           -3.24759346598036       -1.48810855254409        1.42659318165040
H           -3.18206858581402       -3.40120967756647        0.01343167359090
H            0.74981650081023        1.16604192022590       -0.79366003723118
H            0.00239308136371       -0.46237083991899       -2.55727756185867
H            3.23534684195064       -0.26217862614354       -1.85246964595787
H            2.64899289281658        1.80738554232377       -2.76504121032098
48
 energy: -84.850948218482 xtb: 6.7.1 (edcfbbe)
C            5.46233993532548        0.62756990688233        1.22548059336403
O            4.71834829862093        0.50715703348532        0.01618775498597
C            3.34858837694077        0.51993146449961        0.17883952266957
O            2.96282056239115       -0.69196592148505        0.79895987574041
C            1.56903672939470       -0.85436439620890        0.98550464860888
C            1.38003124914971       -2.18068133101412        1.75855680042955
O            0.92279846989164       -1.98597927381565        3.07046045313535
C            0.87677120982952       -0.87433798672223       -0.38252222701024
O           -0.54088886036542       -1.04510277321144       -0.38839379491333
C           -1.30827788771610       -0.75977215476780        0.75171100725914
O           -1.55739363605522        0.61322298101153        0.90178895564065
C           -2.28674835715021        1.20793518023186       -0.17407797448204
C           -2.51758353965487        2.67808971188584        0.20034096958914
O           -1.31980431498308        3.40076218531202        0.31457880915877
C           -3.62577737289343        0.49447544398749       -0.41343366041705
O           -4.32841448316380        1.03302367368729       -1.50278300071691
C           -3.40252685127912       -1.01584738261410       -0.59050082332273
O           -4.62391753039894       -1.71102604341636       -0.66261911347403
C           -2.62214184298338       -1.54712375199155        0.61497485230979
O           -2.30836848746457       -2.90563867880233        0.50295623525623
C            1.19725173056024        0.43274955615847       -1.12495509980927
O            0.67694673502372        0.42003330178055       -2.43526337093177
C            2.71115081529493        0.67435322687481       -1.20696078941552
O            2.99062483069016        1.97205585201526       -1.65431870815034
H            5.27251566518373       -0.22594531828030        1.87821728758968
H            5.20173685826672        1.55679930468828        1.73959689771731
H            6.50415942489146        0.64605978331090        0.91999122774244
H            3.02939139312698        1.37400783514997        0.81254956603636
H            1.17931534558151       -0.01141853149632        1.57723039287659
H            2.33723759070633       -2.70984684378035        1.73641468149291
H            0.62518337707703       -2.79559490687112        1.26273334891322
H            1.64330271230324       -1.65681791505014        3.62616447935021
H            1.27190495518136       -1.71975023341390       -0.95931505349380
H           -0.81667732543858       -1.06138940543425        1.67893771674480
H           -1.67888618323475        1.15743205330455       -1.08949742083093
H           -3.08762168321816        2.71436041895297        1.13546178957110
H           -3.09574457572367        3.15735562764739       -0.59103571045330
H           -0.84161133210062        3.07827053935635        1.09006601076404
H           -4.27534779243545        0.64608427390467        0.45667989970214
H           -3.77493206478580        1.01059120018474       -2.29808113119424
H           -2.80816247378077       -1.20324793060548       -1.49820124354782
H           -5.23242732886866       -1.21405412926016       -1.23099345591151
H           -3.21729240668041       -1.36133898935674        1.52279461052513
H           -3.12622612989081       -3.38749492232034        0.29977436271185
H            0.74821993041753        1.27542164964076       -0.57387056472975
H            0.03522497104178       -0.29986255898494       -2.50828897447106
H            3.16479917593830       -0.07614675193462       -1.87000934237669
H            2.56707000604421        2.09700378901727       -2.51834829905137
48
 energy: -84.854819900119 xtb: 6.7.1 (edcfbbe)
C            5.53418443770747        0.42020754655278        1.12724609167017
O            4.70538990809164        0.44071313949446       -0.03163104502434
C            3.34982099572528        0.48007801960098        0.22444500045881
O            2.95770716688830       -0.77102917442875        0.75665813643961
C            1.56727871243868       -0.90211522575943        0.99443859810599
C            1.34891470139464       -2.26472479549072        1.68683705646309
O            1.14135058822443       -2.14245226888944        3.06955072166116
C            0.82107011709540       -0.81061967726964       -0.34401031299382
O           -0.58611228267137       -1.01205943017470       -0.30168727030405
C           -1.33310810434970       -0.65233985951765        0.82715700919714
O           -1.61235115972301        0.72234406739600        0.87711254509311
C           -2.32268136432876        1.21750234625025       -0.26203369748030
C           -2.59735115875970        2.70412594525195       -0.00026082902148
O           -1.41975825031197        3.45957567830033        0.11475922154595
C           -3.63774318910311        0.45680018984935       -0.48864075480315
O           -4.28883907810699        0.87274056748163       -1.66149179348609
C           -3.39217919241705       -1.06052088442034       -0.50822113417244
O           -4.60518270394269       -1.77516862523439       -0.54532919986984
C           -2.63616740390100       -1.46605210420110        0.75931030725969
O           -2.30670263839327       -2.82580452840230        0.78370712860424
C            1.12507965551271        0.56166385822845       -0.97761884180400
O            0.49261735067016        0.72721817864656       -2.22058446166299
C            2.63974740966540        0.78758660019939       -1.10073961588628
O            2.92139291980029        2.12197444195406       -1.42612218376829
H            5.38082792901290       -0.50127717593956        1.69060125296390
H            5.32219445838516        1.28591665978721        1.76038534009294
H            6.55208807580675        0.46889563178869        0.75219038301984
H            3.10325290933750        1.28115603506656        0.95280392285225
H            1.23608724044834       -0.08734052930990        1.65670027043865
H            2.21605866926958       -2.89342479723861        1.46173310276937
H            0.45052199907116       -2.74177131099530        1.28682135796696
H            1.97626152800238       -1.92616264168518        3.50882783947284
H            1.18867009620662       -1.60778139666743       -1.00128646911301
H           -0.82090697002465       -0.87567231632137        1.76674772375861
H           -1.68386605956853        1.11249965354375       -1.15126637010919
H           -3.20596577994678        2.79182527095835        0.90728624521174
H           -3.15054616490880        3.11657113319396       -0.84517182211752
H           -0.95554350840717        3.17643135522590        0.91423752865233
H           -4.33374697717065        0.68173736675489        0.32833574610660
H           -3.68558132802828        0.78912155445035       -2.41574279137248
H           -2.76940613241198       -1.32446847714284       -1.37688293126520
H           -5.19193975186724       -1.35279361699376       -1.19133559301853
H           -3.24837733361602       -1.20130757918859        1.63577647955594
H           -3.10585437965523       -3.33279032032634        0.56680687562674
H            0.70722216594194        1.34976102931215       -0.33949245925425
H            0.74235769022593        0.00415217490920       -2.81604917766066
H            3.06085624881127        0.10727506577026       -1.85787875050377
H            2.34895581472356        2.38980107920128       -2.16351538588813
48
 energy: -84.855746148453 xtb: 6.7.1 (edcfbbe)
C            5.56659179250615        0.28980313005142        1.13727195459853
O            4.71306773858031        0.42871477880048        0.00530933133360
C            3.36348274012081        0.45971936074135        0.29513140760922
O            2.96903396018918       -0.82647483635007        0.73112663666917
C            1.58131176401350       -0.95332368535802        0.98623235341702
C            1.34931166022576       -2.35564996016460        1.57722698685874
O            1.47878344627221       -2.37940252891385        2.97393941579444
C            0.81150085033568       -0.75302541556008       -0.32747692098197
O           -0.59050373132710       -0.97483648390714       -0.26613973550056
C           -1.33422055318980       -0.53451176794526        0.83755272927367
O           -1.63951992956199        0.83229747560373        0.79000228122809
C           -2.37839382792148        1.23261078026988       -0.36867995800304
C           -2.69909174639970        2.72278438727917       -0.19139768112999
O           -1.54809616225682        3.52249768019809       -0.12751737901795
C           -3.67332682177680        0.42196535336603       -0.53187217503040
O           -4.33989939435056        0.73396735305620       -1.72798407014550
C           -3.39528268377906       -1.08721282939451       -0.43684489552292
O           -4.59347894349294       -1.82624597965360       -0.40398624528649
C           -2.62126131108484       -1.37548486603415        0.85154528621669
O           -2.26466567347093       -2.72187650556973        0.98254811391121
C            1.11640384448851        0.65324603418132       -0.87585237914252
O            0.48746851270475        0.88658486091575       -2.10999558944470
C            2.63309554928488        0.88354285040497       -0.98687085693267
O            2.91962182787861        2.24016765790308       -1.19575339929444
H            5.40516802379067       -0.67415159503062        1.62177460399508
H            5.38912573283744        1.10052256825017        1.84911162023969
H            6.57673351022931        0.34947262745959        0.74312556305114
H            3.14175581101229        1.20056672002790        1.09209043745411
H            1.28239763892908       -0.18484421369382        1.71600897181619
H            2.05639061847112       -3.04059014204468        1.09754602826777
H            0.32983518145843       -2.68215001038313        1.35849501801952
H            2.40552104821636       -2.23855885707058        3.21378772607793
H            1.15924009522967       -1.50580405418817       -1.04540926740256
H           -0.80381906671374       -0.67692202459792        1.78355995943150
H           -1.74226786247491        1.09596135887280       -1.25502806706270
H           -3.30552436507493        2.84288472720526        0.71457870743247
H           -3.27004534839369        3.06805680150672       -1.05436599566205
H           -1.05320928128476        3.27762560409811        0.66603129592325
H           -4.37194022852229        0.69030501049399        0.26985861274197
H           -3.74116257209504        0.60670182007992       -2.47967241606663
H           -2.77396439776888       -1.40766919127118       -1.28716914055792
H           -5.19256859445816       -1.47411621349476       -1.08010096307334
H           -3.23058605528907       -1.05169816844510        1.70994083613169
H           -3.05668552136258       -3.25964514801338        0.82206909519575
H            0.69699483694205        1.40317112163999       -0.19542609945461
H            0.75672773563029        0.20937205776506       -2.74948935980137
H            3.04334379521096        0.26985060224517       -1.80427092469515
H            2.38660422237575        2.56179959697655       -1.94107844861873
48
 energy: -84.856222065405 xtb: 6.7.1 (edcfbbe)
C            5.59349862635676        0.21015032174411        1.16787922594457
O            4.72816637542441        0.41453660618392        0.05534862116266
C            3.38163037776195        0.42532053453575        0.35882947236236
O            2.98477312734154       -0.88931616641795        0.69665129953168
C            1.59986760931473       -1.01460528649973        0.96856147694878
C            1.34715329511438       -2.45189024023066        1.44864029721624
O            1.73786880674100       -2.64661105449290        2.78119398371018
C            0.80644510646803       -0.69933301026471       -0.30973173082113
O           -0.59071244041396       -0.93480213973658       -0.22628909340030
C           -1.33063368302933       -0.41651206909221        0.84732912611777
O           -1.65989833160050        0.93676774960916        0.70649758264825
C           -2.43539067858382        1.24492298498864       -0.45642185264293
C           -2.81416221256880        2.72875982688159       -0.35670546948393
O           -1.70518147875771        3.58503569081706       -0.41198704548445
C           -3.70613028590992        0.38565676604506       -0.55537596883798
O           -4.38336876167860        0.59965243693160       -1.76684414260137
C           -3.38816534816344       -1.10557410388941       -0.35745856016687
O           -4.56415062968124       -1.87411178857194       -0.26166093159433
C           -2.60153894524296       -1.27583389585266        0.94392342664863
O           -2.22154003275961       -2.60071435540272        1.18252967869767
C            1.12206341064030        0.73214788134809       -0.77412244790362
O            0.49272590279930        1.04037800034468       -1.99140435666776
C            2.64238309702089        0.94805136897201       -0.88114612441765
O            2.94764244873658        2.31162028352116       -0.99751382411490
H            5.44552018698643       -0.78449315857369        1.59054920164949
H            5.41586153986121        0.97097827017399        1.93281118296532
H            6.59935027718981        0.30487992514380        0.76951338083124
H            3.16843848992241        1.10236953656535        1.21271582486396
H            1.33353944863255       -0.30443131648119        1.76705630586075
H            1.87876358898130       -3.13353034977344        0.77595561861081
H            0.27668904799902       -2.66549643331732        1.40562701528270
H            2.69910200099402       -2.55667556490263        2.84497293604379
H            1.12919910540794       -1.40592601229743       -1.08472872454786
H           -0.78157119271911       -0.47933786960874        1.79238433690250
H           -1.80735057520919        1.08582864470099       -1.34435459644702
H           -3.37632540385542        2.88066178745201        0.57319028966908
H           -3.44785694337465        2.98782502981495       -1.20633786615138
H           -1.14536233411118        3.40724713474978        0.35558554097636
H           -4.41005964239519        0.68844560052363        0.22930985531183
H           -3.77889370117776        0.45182160951546       -2.51006884295248
H           -2.76201693242560       -1.46929124192270       -1.18643854780386
H           -5.17325775586683       -1.60102157665733       -0.96468590485640
H           -3.21082879146824       -0.89275908812498        1.77767244066721
H           -3.00044353854483       -3.16477913240379        1.04948769135948
H            0.71475571644727        1.44634950584143       -0.04994195232342
H            0.76739900856679        0.40764989270625       -2.67328699435852
H            3.03599603190785        0.38687358401252       -1.74299878397394
H            2.44600486601780        2.68311271564863       -1.74122903071115
48
 energy: -84.855953589190 xtb: 6.7.1 (edcfbbe)
C            5.62346418175584        0.13900567291990        1.20552602858965
O            4.75221903525106        0.39547611247746        0.10862654670876
C            3.40743239249079        0.39059715248055        0.41985039183868
O            3.00341200794845       -0.94386674456739        0.65562727874397
C            1.62051749393452       -1.07394798750126        0.93463295774580
C            1.34930295966458       -2.54053017959469        1.29621934141546
O            1.88757826708613       -2.88823708192644        2.54344888588866
C            0.80979352791385       -0.63943363429434       -0.29919467663574
O           -0.58231111344370       -0.89287094987591       -0.19628711623364
C           -1.32295679020420       -0.30649339872708        0.84241190201347
O           -1.67985518355608        1.02599783388069        0.60990175263123
C           -2.49297858722944        1.23992871816873       -0.54855860149802
C           -2.91805692319586        2.71473122273045       -0.53143100826052
O           -1.84957783973923        3.60480811647369       -0.70553047049418
C           -3.74203698652967        0.34350893246270       -0.56017284168266
O           -4.45394103294337        0.45602071841604       -1.76525277643674
C           -3.38230705073585       -1.12169825335194       -0.27108447247073
O           -4.53847030221221       -1.90943049144170       -0.11056247667605
C           -2.57264907156275       -1.18317662154128        1.02530528705550
O           -2.16146563169731       -2.47961474551765        1.35224731049669
C            1.13880693533538        0.81665962027910       -0.65908490455456
O            0.50424502371288        1.22288856237021       -1.84417384724903
C            2.66297115494565        1.01058399596585       -0.77101201026017
O            2.99422503012884        2.37246969914955       -0.79796379267830
H            5.47039557405268       -0.87024716517658        1.59020688915466
H            5.45759572165519        0.87022978794199        2.00147748669991
H            6.62731045989536        0.24143601940231        0.80408774579262
H            3.20313566406879        1.00077188974795        1.32462712651949
H            1.37569012411423       -0.43377345183487        1.79695599169676
H            1.75776304143859       -3.17337453396523        0.50064560555221
H            0.27061598953642       -2.69762141009856        1.36712885809913
H            2.85137422691806       -2.81370184651691        2.49899970194002
H            1.11067872563552       -1.28665982178572       -1.13327750874603
H           -0.75593354463249       -0.28770731003876        1.78003619067785
H           -1.88175419570617        1.04484602971417       -1.44037683427348
H           -3.43813448130662        2.91128903117380        0.41478699790947
H           -3.60432760238928        2.89062893141453       -1.36164603201714
H           -1.23566050428405        3.49160595867046        0.03205884679892
H           -4.43518435551174        0.68221658523823        0.21953584344391
H           -3.86976587545892        0.25168963718023       -2.51131182854463
H           -2.75882549186325       -1.52401172229175       -1.08449647793131
H           -5.18047330091721       -1.65679202250947       -0.79183120780164
H           -3.17641287232394       -0.75334191522202        1.84016516999295
H           -2.92687326173829       -3.06985702422275        1.25986304432077
H            0.75313847721606        1.48267211674525        0.12032902115873
H            0.77735725694766        0.64711629357203       -2.57534169288373
H            3.03455189176908        0.50189016068536       -1.67424966667856
H            2.51637467589621        2.79731734103488       -1.52837892123609
48
 energy: -84.857237758573 xtb: 6.7.1 (edcfbbe)
C            5.66124044977758        0.02912891586940        1.23584730017452
O            4.75998892541177        0.47072574859142        0.22546120678701
C            3.42375747149451        0.40746587984525        0.56626089367861
O            3.02602057053514       -0.94790102215721        0.59224565758923
C            1.64556332360129       -1.11987637706013        0.85572907028648
C            1.37706772638689       -2.62304654551963        1.00481047851533
O            1.96832244342531       -3.15482593125831        2.15977352653122
C            0.82211428483392       -0.51271595138334       -0.29788145734549
O           -0.55830265367714       -0.83368682903013       -0.20813322391186
C           -1.31523096105225       -0.25053014550063        0.82046787691186
O           -1.71384454845899        1.05626410890120        0.51983763657564
C           -2.56477026951529        1.14714896417018       -0.62643362490670
C           -2.85883610474080        2.63220583634398       -0.86789926000333
O           -1.97589048321574        3.22092312075536       -1.78680429143129
C           -3.84397370002181        0.32353805747972       -0.41374600637782
O           -4.72375421651401        0.39943167059528       -1.50417834193528
C           -3.46013516753618       -1.13484395447608       -0.11566675555338
O           -4.58978603751099       -1.91830172646926        0.18552461473025
C           -2.52440401012501       -1.15988141166642        1.09472984631315
O           -2.05250257552815       -2.44350526672474        1.39121460496935
C            1.13036362455122        0.98893202488361       -0.40340008390575
O            0.49084338519221        1.60232726973023       -1.49484749662913
C            2.65397389467126        1.21406891884191       -0.48963472469622
O            2.97361698206854        2.56195611444997       -0.27345514445651
H            5.52337203776663       -1.03433778238780        1.43556789924610
H            5.51339537205455        0.60302830264486        2.15471299934961
H            6.65336671467552        0.21185922731101        0.83361266991648
H            3.24172650692620        0.86198769997528        1.56274695260580
H            1.40043238183848       -0.61509033315603        1.80350995274341
H            1.74246830003422       -3.13277406784856        0.10607439537943
H            0.30091520541680       -2.78064635624365        1.10375313641926
H            2.92847226399914       -3.05674729468134        2.08954890992394
H            1.13124535951144       -1.01215064576792       -1.22440415060252
H           -0.72653558101699       -0.16504736881789        1.74215472623803
H           -2.02726111821713        0.74239557719942       -1.49626558302455
H           -2.82032967162712        3.14585521814310        0.10131666418580
H           -3.85807953330817        2.74088127634078       -1.29551646905427
H           -1.06708754998258        2.98648137873167       -1.53934181381175
H           -4.39859335332372        0.72498229758716        0.44220465466972
H           -4.25256742481456        0.18503802935500       -2.32355472134924
H           -2.92248571748660       -1.56199577930256       -0.97761358751448
H           -5.30702919652254       -1.66777829206102       -0.41745896425041
H           -3.06680583139454       -0.74058283580928        1.95727716477364
H           -2.81325930730356       -3.04639996051748        1.41328224644998
H            0.74857908449680        1.50769994181651        0.48271453974764
H            0.75865933373043        1.16454023708706       -2.31787933005984
H            3.02213367752149        0.87736411849508       -1.47093566654318
H            2.54382350523852        3.10643373524929       -0.95184587046206
48
 energy: -84.856632346267 xtb: 6.7.1 (edcfbbe)
C            5.67205980619249       -0.00538259537710        1.26731241648709
O            4.77246573296733        0.46512990219808        0.26864274183061
C            3.43529029505292        0.37662213762957        0.59895607443359
O            3.03918994405228       -0.97806005765771        0.53192961553300
C            1.66239255127051       -1.16880540831044        0.79949820597605
C            1.38778075710589       -2.67753135000163        0.82796793024197
O            2.02057515424222       -3.31228687909668        1.90621496566348
C            0.81417097175591       -0.46606506243873       -0.28027860473523
O           -0.56173266178595       -0.79657965298156       -0.14891219829144
C           -1.31959997027042       -0.14040369728390        0.83316197490760
O           -1.74083234247074        1.13120977207713        0.43596564180718
C           -2.59376252784273        1.12566251567154       -0.71142275879796
C           -2.93100311953507        2.58492563248164       -1.03485929912889
O           -1.97846415378358        3.19370741982658       -1.86538020571450
C           -3.85458653041382        0.28803975140475       -0.44898102166399
O           -4.71893899492525        0.25833266327937       -1.55398262486944
C           -3.44566155935100       -1.13325294692572       -0.02958666516256
O           -4.56285013150619       -1.90866592134991        0.33369241300468
C           -2.51416213715492       -1.04414150252984        1.18140246176041
O           -2.02159946715230       -2.29248313659439        1.57882702993672
C            1.13958795152728        1.03337266790029       -0.31253422940118
O            0.50079037115889        1.70750419256498       -1.36816738312547
C            2.66450085062628        1.24541508026333       -0.40472280873282
O            2.99921302930933        2.57738753498786       -0.12446076496485
H            5.53718595154300       -1.07484773842533        1.43436239329542
H            5.51957334000479        0.53963340525159        2.20288222647193
H            6.66483734079288        0.19274980268359        0.87427175053462
H            3.24800600680152        0.76368448324546        1.62233714687079
H            1.42808488167616       -0.74667674659422        1.79014195712504
H            1.71025555128493       -3.11068365162025       -0.12583385377650
H            0.31503838481937       -2.83165403198269        0.96067740416399
H            2.97735989430305       -3.20190966003587        1.81188659791003
H            1.08449391910826       -0.90957316338035       -1.24754092183271
H           -0.72680682132874        0.02271364749215        1.74279438528327
H           -2.04508868195268        0.68523594975353       -1.55683939229896
H           -3.02941068307658        3.12669633625767       -0.08548098767370
H           -3.87930446193187        2.62639964554824       -1.57487673005170
H           -1.09495595400909        3.01272739045627       -1.50630473945751
H           -4.43158141426399        0.74260760296965        0.36451914580719
H           -4.23343657274522       -0.02087029649628       -2.34493551882783
H           -2.89636206583784       -1.62129221397683       -0.85075534544151
H           -5.27582404360763       -1.73991895349248       -0.30177208881071
H           -3.06569283050908       -0.56669678616004        2.00699996071060
H           -2.77472671010891       -2.89960985767109        1.66019147653963
H            0.77511488019152        1.51661187488325        0.60009972953367
H            0.76607192005205        1.31441203716711       -2.21416145538283
H            3.01799476474911        0.95634842029637       -1.40661306604426
H            2.54434738994124        3.16025924610698       -0.75284990823139
48
 energy: -84.855191467374 xtb: 6.7.1 (edcfbbe)
C            5.67669775408680       -0.07763287333757        1.29921529161810
O            4.78468856667490        0.46408637042975        0.33005452290309
C            3.44548293688713        0.35286771067410        0.64556549096758
O            3.04785132308551       -0.99083558788444        0.46780063343990
C            1.67491609700338       -1.20275196192356        0.73530338725904
C            1.39723219976518       -2.70699737058197        0.62009764398244
O            2.10170874195375       -3.45267673481965        1.57483956470451
C            0.80382514579933       -0.40367253821016       -0.25544000661728
O           -0.56753860748567       -0.74195073209753       -0.07440604104203
C           -1.33197508637875       -0.02188475537042        0.85422543634839
O           -1.78210636705907        1.20381371379251        0.35839502422326
C           -2.61920155178702        1.08617098050532       -0.79393144673968
C           -2.99353854852540        2.50751054626083       -1.22423496442063
O           -1.98894581401342        3.12414706765835       -1.98434220038258
C           -3.86227519563127        0.23683182972952       -0.48684125493098
O           -4.69422346560880        0.08168211494046       -1.60665215259393
C           -3.43209186142076       -1.12912999034380        0.07161464510172
O           -4.54034655908988       -1.88430734045238        0.49989602557179
C           -2.51205813433587       -0.91353549406663        1.27548742634636
O           -2.00180232135775       -2.11190478281185        1.78748201724862
C            1.15052318186869        1.08953281805601       -0.21166808943922
O            0.52362606107558        1.82114936831541       -1.23558125936631
C            2.67798500519317        1.29605359263066       -0.29093584088081
O            3.01743116099377        2.60352383716324        0.08350712900532
H            5.52957946396916       -1.15383741041246        1.39984681709893
H            5.52767289150319        0.40984754663602        2.26668783503992
H            6.67265768553814        0.13328169752654        0.92125996270112
H            3.25367041801406        0.65746052796839        1.69550044468270
H            1.45152158970313       -0.87827473281795        1.76492807415361
H            1.64985125660083       -3.03416122064243       -0.39525677033101
H            0.33585837934314       -2.87579605127777        0.81016552959846
H            3.04938063824903       -3.32143708868297        1.42862983531706
H            1.02735793079535       -0.78339272316891       -1.26228439830064
H           -0.74230843804388        0.22152866649621        1.74828079232607
H           -2.04650598288647        0.60135044815475       -1.59820420264777
H           -3.21425027430212        3.08819660450906       -0.31937828519091
H           -3.88292462217959        2.47163345723411       -1.85690400103248
H           -1.14399896275951        3.01765567440748       -1.51744039225161
H           -4.47404947916435        0.74719362535197        0.26583081008052
H           -4.18609818939204       -0.28062452512445       -2.34850517127229
H           -2.86887219357433       -1.68402627740144       -0.69593431667511
H           -5.25252274207547       -1.78454850153176       -0.15066979704052
H           -3.07797728213128       -0.37188913292750        2.05017128100249
H           -2.74681215580759       -2.71963968255893        1.92277130582481
H            0.79362362762917        1.53615889632124        0.72195208660643
H            0.78213149014657        1.46200739629938       -2.09870021770614
H            3.02838960644897        1.07920173981917       -1.31190157270323
H            2.55875847897746        3.23201909175231       -0.49681353934632
48
 energy: -84.853155278439 xtb: 6.7.1 (edcfbbe)
C            5.68443718001313       -0.13585718724693        1.32591722583724
O            4.80016038043157        0.45335449384460        0.37764918958943
C            3.45871917698109        0.32802451413323        0.67670541924796
O            3.05595863532382       -0.99947502673225        0.40792928478380
C            1.68563295903901       -1.23074700876183        0.67212425884354
C            1.40264731664664       -2.71634752374369        0.41752824701940
O            2.09589875876557       -3.55257980757702        1.30244711813465
C            0.79338423102292       -0.34316476076162       -0.21978934279356
O           -0.57238351748487       -0.68419123807880        0.01160787339183
C           -1.35217955111371        0.08904065250268        0.88123830586429
O           -1.83111504129276        1.26245856833051        0.29723565604218
C           -2.64289976281810        1.04506609754450       -0.85699463356445
C           -3.03757478462184        2.42811882940676       -1.38262800867518
O           -1.98567654304816        3.05908277365092       -2.06276152874425
C           -3.86936677555935        0.18744664315645       -0.51116395195545
O           -4.67624309808260       -0.07114491372140       -1.63022680225725
C           -3.41344237876474       -1.12266306433939        0.15245302835636
O           -4.50948484737142       -1.87431501918654        0.61666932446172
C           -2.51867187894420       -0.79845713993935        1.35196912706143
O           -1.98883933005013       -1.94364000316151        1.95729697047436
C            1.16879390236336        1.13835795888559       -0.10871946674592
O            0.53977823266127        1.92829037931262       -1.08733939636604
C            2.69719788274470        1.32413379200280       -0.20709205469353
O            3.06079070275409        2.61171019985493        0.20995716680145
H            5.53055616151889       -1.21444660032660        1.37925036443092
H            5.53421671912861        0.31024720043031        2.31294351482932
H            6.68330708569670        0.08508602351948        0.96163752525676
H            3.26036841699565        0.56503185837769        1.74239201245904
H            1.47301482473914       -1.00514288111338        1.73027956750085
H            1.66051270622946       -2.94920498797175       -0.62254852965030
H            0.33951075120890       -2.89476706448409        0.58524906913698
H            3.04537155582905       -3.40800139178418        1.18340669103273
H            0.96590010539085       -0.65811687148010       -1.25998222744898
H           -0.77823416008913        0.40721030961175        1.76122808931525
H           -2.04426548593225        0.52278505269986       -1.61781127887193
H           -3.37229621417228        3.03307709740258       -0.53027087521943
H           -3.85631410908995        2.32582555323654       -2.09752018703779
H           -1.19768053087146        3.02973883347272       -1.49542693963269
H           -4.50807792894062        0.73398115132277        0.19202720880726
H           -4.14697973930242       -0.48297291166808       -2.33002541867429
H           -2.82343558432057       -1.71561846083524       -0.56487115753803
H           -5.20619306627038       -1.85308167710733       -0.05757073983195
H           -3.10961673343747       -0.21584139026887        2.07664612314957
H           -2.72079481079582       -2.55796961361509        2.12822648353784
H            0.83948692941047        1.54994471171710        0.85046296484313
H            0.77438719288973        1.60244919923654       -1.97042981345035
H            3.02791737307470        1.14015033283964       -1.24096993868223
H            2.58381448134990        3.26713214393496       -0.32485241080671
48
 energy: -84.850803376315 xtb: 6.7.1 (edcfbbe)
C            5.72211578227027       -0.28623740914473        1.24167207376461
O            4.82928164517389        0.41997543451111        0.38578001978947
C            3.49382125181925        0.29791961531148        0.71223131116581
O            3.05323715174380       -0.99423792864521        0.34847955749830
C            1.68495183001368       -1.21832207533041        0.62703177670359
C            1.36845884385530       -2.67139104135347        0.25191649385010
O            2.05375248047111       -3.59346121356223        1.05359368364490
C            0.78605261645572       -0.24267934300962       -0.16095239016176
O           -0.57483800809769       -0.59097928933647        0.10425016953957
C           -1.39376212862887        0.22066880694965        0.89741085593538
O           -1.90741367392696        1.32174234762764        0.21097739291725
C           -2.66790680766551        0.97408102469692       -0.94524460503649
C           -3.08627297583482        2.29496975871130       -1.59718963717905
O           -1.98949957764967        2.97351647388203       -2.14948485192432
C           -3.87293989879607        0.10193662944150       -0.56334859144357
O           -4.63515037276132       -0.28104737538443       -1.67799039833176
C           -3.38904443467582       -1.12795866185171        0.22438739979077
O           -4.46871682018893       -1.87856367917189        0.72705086495570
C           -2.54067230611218       -0.66789944602868        1.41387786930989
O           -1.99046851099770       -1.73512078062369        2.13165016448671
C            1.20094439980051        1.21402442313399        0.06635532194848
O            0.56519332995018        2.10708842818248       -0.81364793403800
C            2.72958491707314        1.37524083467969       -0.06642976981362
O            3.12843818439273        2.62091094482293        0.43635983723262
H            5.54417686631299       -1.36068446572365        1.18198297016775
H            5.60583567719115        0.05277771692172        2.27472641956857
H            6.71701953582807       -0.04799965829647        0.87753112483945
H            3.33026273115243        0.45104591020549        1.79913005522062
H            1.49872626264276       -1.08001755587491        1.70476200878116
H            1.61044741853070       -2.81940313445173       -0.80737003111088
H            0.30428185271112       -2.84261432600603        0.41737164164034
H            3.00441768079440       -3.45881781321707        0.93359245531003
H            0.92141064704008       -0.46742401064816       -1.23034577380534
H           -0.85432929041591        0.63121625941581        1.75940598754493
H           -2.02336929780182        0.41254021632866       -1.63801490344165
H           -3.58575606012856        2.91006866480940       -0.83845315351560
H           -3.78013262379741        2.09631353319154       -2.41566021987993
H           -1.31841121241135        3.07290358192049       -1.45511388619531
H           -4.55238032233251        0.68052996179711        0.07286656079312
H           -4.06971760768337       -0.72938843710363       -2.32492695850554
H           -2.75809031476166       -1.75786505036137       -0.42316398865287
H           -5.14299624432464       -1.95597606353645        0.03443611920520
H           -3.17251982338451       -0.04633948362144        2.06855604112770
H           -2.70397955253290       -2.36383144003566        2.32664303322295
H            0.91885859222146        1.54419052850537        1.07104795290583
H            0.76259806479922        1.85822486280520       -1.73050063671455
H            3.02435199005190        1.26939826001646       -1.12208507222967
H            2.62014589600854        3.31697331230510       -0.01167122675836
48
 energy: -84.849022895806 xtb: 6.7.1 (edcfbbe)
C            5.75612706079582       -0.42424587194995        1.14156811680796
O            4.85651251084971        0.36771425726630        0.37186700957976
C            3.52999628800107        0.25447270808181        0.73467754858090
O            3.03970318827383       -0.99069744451084        0.28112917713502
C            1.67256947671848       -1.20102320758921        0.57526733897385
C            1.31246237309610       -2.60660840843122        0.07751182583233
O            1.98365002663746       -3.61392483836359        0.78249384848140
C            0.77973059874677       -0.13759100500824       -0.09829472954399
O           -0.57652154557576       -0.49006582382189        0.18810383417753
C           -1.43683980878113        0.35501820812849        0.89738281736604
O           -1.97617298245630        1.37224427598415        0.10739679649027
C           -2.67806710064687        0.89477927899324       -1.03899569945089
C           -3.12474597247628        2.14324174824928       -1.80684653647568
O           -2.02264464511108        2.90825315776504       -2.21972609488332
C           -3.85700935943753        0.00223075612643       -0.62544097789032
O           -4.55146863704181       -0.51712391892073       -1.72943921616650
C           -3.35703448854260       -1.12692289937735        0.29310510133837
O           -4.42747541239598       -1.86585677491075        0.83182032858582
C           -2.56552155092745       -0.52781897790087        1.46037953111115
O           -2.00058271241489       -1.50277473867369        2.28930661731262
C            1.24332084617932        1.27137721072104        0.28190731986908
O            0.58698716117029        2.28580499863099       -0.43464020906923
C            2.76617109291825        1.41039592319174        0.07883270945828
O            3.22241595320690        2.60205116211403        0.65681511392608
H            5.54376839082307       -1.48607030584816        1.01039092140446
H            5.68473744415736       -0.15901513609010        2.20000034978852
H            6.74494240734794       -0.18732737965509        0.76040369328132
H            3.40801985952844        0.32022393750962        1.83576723347533
H            1.51240674556760       -1.15399058888805        1.66432026689256
H            1.53809228400181       -2.66418360359556       -0.99425140847558
H            0.24664659602002       -2.76585075758813        0.24203388172942
H            2.93593172916513       -3.48567332683057        0.66865601507930
H            0.88888863509274       -0.24771915319305       -1.18883739644586
H           -0.93459858694415        0.86205667502351        1.72821630860449
H           -1.98410343609165        0.30949513779092       -1.66081397444266
H           -3.78727842514105        2.73175434711761       -1.16090981525139
H           -3.66550039455559        1.85090754329055       -2.70777251564576
H           -1.50877585193102        3.13157099160635       -1.42799494838032
H           -4.58913485188046        0.60274147865431       -0.07351240071616
H           -3.94232833426275       -1.01194369681146       -2.29825197299307
H           -2.68377997592557       -1.79152610365556       -0.27189044191308
H           -5.07489744157629       -2.03438117314776        0.12998017318961
H           -3.24077687379861        0.12512494763122        2.03636778392720
H           -2.69493138089771       -2.14129256773673        2.51848593771063
H            1.03368981250477        1.47162397784351        1.33798658575097
H            0.70553413433635        2.13992067110018       -1.38656118531645
H            3.00460787011500        1.38297291987982       -0.99606140943321
H            2.68327505981843        3.33764925961000        0.32154991230893
48
 energy: -84.848492713159 xtb: 6.7.1 (edcfbbe)
C            5.78436565267675       -0.56705539957235        1.00498542795917
O            4.87731853138533        0.33258201578844        0.37517827192894
C            3.56342197493988        0.20862285089539        0.77857041651367
O            3.02740218740282       -0.97446511176988        0.22235316501018
C            1.66041105164498       -1.17739703259456        0.52095715188603
C            1.26228518271745       -2.52651174502056       -0.09191075470527
O            1.89499551472321       -3.60931528671390        0.53210352355525
C            0.78462765080143       -0.03769469686926       -0.04094925738725
O           -0.56837455753618       -0.39340864912566        0.24962550331225
C           -1.46463721019494        0.49066197887825        0.86215711046958
O           -2.01139460660863        1.41432419120150       -0.03355366707872
C           -2.68763212935843        0.81576935857557       -1.13851822634917
C           -3.20031569682304        1.97789519910971       -1.99877960346040
O           -2.15257644723970        2.82024216495950       -2.40205763797459
C           -3.83098227522858       -0.09477377173551       -0.66623585240092
O           -4.47519004571468       -0.74285461860033       -1.73225820857177
C           -3.30886855604715       -1.11175456860261        0.36300140045739
O           -4.36287406826880       -1.84511714582275        0.93979670815749
C           -2.57737936940970       -0.36952018145942        1.48543311007620
O           -2.00179067636841       -1.23190526430643        2.42442613637983
C            1.28582873339665        1.30150667369088        0.50658085528391
O            0.62812424282387        2.41542438358994       -0.04096159483646
C            2.80408795735783        1.44121276350901        0.27518931524625
O            3.29654365921547        2.55494005441526        0.96751360416628
H            5.54708979240935       -1.59884124604646        0.74272622723460
H            5.75113527753211       -0.44216166847176        2.09072790521174
H            6.76533436133098       -0.29749831055457        0.62520784446141
H            3.48559199948985        0.16447304231743        1.88476188621992
H            1.51382653376028       -1.22056781844533        1.61146353007512
H            1.49504943800201       -2.50277060454257       -1.16343390494066
H            0.19106205821172       -2.66581418789526        0.05294912759082
H            2.85204587904845       -3.50449315474419        0.43647120882323
H            0.88549446763933       -0.02503516005052       -1.13764322311992
H           -0.99416728727905        1.09294484637143        1.64525649668742
H           -1.96405748025724        0.21894891391571       -1.71383262385889
H           -3.94749855349357        2.53649845805156       -1.42286098287712
H           -3.66363226797350        1.58867834375771       -2.90598750825171
H           -1.74404550906412        3.17805585727683       -1.59975122263694
H           -4.60377299164868        0.51678427475512       -0.18608581852482
H           -3.83423211603572       -1.26591612744138       -2.23744211591905
H           -2.59195372982120       -1.79419072257861       -0.12073373988298
H           -4.98451090313258       -2.09802511486372        0.23998197890348
H           -3.29203218184835        0.31206665919578        1.97416847855144
H           -2.67152945623316       -1.88456377549825        2.68483871833387
H            1.11233925736687        1.35309210082946        1.58757910775185
H            0.70100380177469        2.39037343506143       -1.00770609749184
H            3.01327162192966        1.52953455408433       -0.80256743234220
H            2.75078905501732        3.32701712413274        0.74274845132025
48
 energy: -84.849025010403 xtb: 6.7.1 (edcfbbe)
C            5.79961010713375       -0.65680510201534        0.90984433256392
O            4.88787988445689        0.31542864466234        0.40772807969286
C            3.58224377251776        0.15996897842631        0.82755699279801
O            3.01291066770982       -0.93791018143858        0.14388623023852
C            1.64627602990429       -1.14461330970818        0.43917109483130
C            1.21464527780344       -2.41846603776777       -0.30024593800712
O            1.84930096834632       -3.56741381049547        0.18828566992507
C            0.78548867319351        0.06064877368061        0.00552434701959
O           -0.56140329471215       -0.30794142324482        0.29909763960912
C           -1.48562223894111        0.60720293538744        0.82113298691574
O           -2.03138022183967        1.43450841071025       -0.16880222990114
C           -2.69450210918739        0.72081071771193       -1.21315264734361
C           -3.24664255569204        1.77302275812262       -2.18369041060221
O           -2.23112140440558        2.57814717633907       -2.72151608227367
C           -3.82108570316108       -0.16728821277569       -0.66258211262446
O           -4.44628936929885       -0.91997413104982       -1.66939497893561
C           -3.28626694864837       -1.07737021039098        0.45480845706649
O           -4.32783290975382       -1.78345127227791        1.08560426195662
C           -2.58608441342937       -0.21656175374725        1.50926994356859
O           -2.00102300803330       -0.97361858834934        2.53014591475941
C            1.31515398090751        1.31205979243911        0.71501293017425
O            0.68173245943174        2.50314673702427        0.31888361981393
C            2.83447504718828        1.45699270733943        0.50056984679412
O            3.34597366306689        2.46035687170042        1.33392013254950
H            5.54135565647978       -1.65135765004768        0.54436699358645
H            5.79815448096954       -0.65007839464760        2.00316898440450
H            6.77325266479923       -0.35767777444242        0.53321943814696
H            3.53007515526600       -0.01909892870601        1.92125269134484
H            1.51085303342552       -1.29231490285139        1.52144217357310
H            1.41728581695970       -2.28458627264212       -1.36967230029019
H            0.14614878868030       -2.56132364529756       -0.14014006262212
H            2.80422871006080       -3.46705944863679        0.06921724656346
H            0.87605357780569        0.20157230537065       -1.08274442341826
H           -1.03929432827856        1.29032699429972        1.54895504095347
H           -1.95691099000257        0.08969420283923       -1.73140934390381
H           -3.98686333537093        2.38310624926750       -1.65348744635795
H           -3.73009981261086        1.27154627664772       -3.02313623736860
H           -1.83083334269530        3.07080529000357       -1.99125212156817
H           -4.60858368857470        0.46901029072387       -0.24205169560786
H           -3.79048570665664       -1.46888357765847       -2.12537719320174
H           -2.54805786391981       -1.78188057678986        0.03950372926318
H           -4.93678599436575       -2.11074506011163        0.40567906615988
H           -3.32205366124585        0.48915874877587        1.92690671397781
H           -2.65480013142012       -1.62401905656633        2.83303496281259
H            1.13500884474344        1.22227914337890        1.79295444722094
H            0.78916000260968        2.62254430610049       -0.63672700978603
H            3.04122193201351        1.68737740096314       -0.55670095121874
H            2.80553159256573        3.26072149610872        1.22542241783988
48
 energy: -84.850532670922 xtb: 6.7.1 (edcfbbe)
C            5.78536157121349       -0.75452005503719        0.92194163570640
O            4.90432347963957        0.29057412574232        0.52150739327114
C            3.58609081961868        0.11254296018144        0.88978672309042
O            3.00841605557866       -0.87094450706583        0.05570541484230
C            1.63524474853873       -1.08582353096592        0.30561739828984
C            1.19371372133027       -2.25186747822931       -0.59054081420866
O            1.78038542047881       -3.46966969260571       -0.22377368526603
C            0.79108567745138        0.17412900485883        0.01769850000666
O           -0.54494120099095       -0.21876546307437        0.32405049261556
C           -1.49576782919227        0.71269464943478        0.76760824963096
O           -2.05076617909319        1.43954698388753       -0.29625242725100
C           -2.71177447655174        0.62327754199675       -1.26552200186809
C           -3.30794220394845        1.56022851826789       -2.32359497487623
O           -2.32621245321561        2.22461177252036       -3.07396344333634
C           -3.81642311532444       -0.23612481954110       -0.62843845513158
O           -4.43371434201653       -1.08280577842872       -1.56328514703589
C           -3.25708911165918       -1.03740900873550        0.55742812302731
O           -4.27834557906215       -1.71037153105858        1.25380233416039
C           -2.57538841145202       -0.07133294768834        1.52799283177910
O           -1.96970866963464       -0.71954378384433        2.61013307002759
C            1.34421205085449        1.32160561177088        0.87639108845783
O            0.75454200322025        2.57334431136524        0.62007291522388
C            2.87087469431719        1.45616510272504        0.71877198615661
O            3.37943628979378        2.33242225245426        1.68673002601269
H            5.51553671214903       -1.69323550245552        0.43633085482143
H            5.76033262640251       -0.87685152669011        2.00832668801160
H            6.77291171774229       -0.43506335205236        0.60217693072884
H            3.50362658402511       -0.20686531512263        1.94900695983174
H            1.47977905502119       -1.36094697940426        1.35946038795828
H            1.43267279953336       -1.99933579755108       -1.63058598467465
H            0.11750837355534       -2.38060131349258       -0.47806126984266
H            2.74052522717657       -3.39046406951452       -0.31236974232096
H            0.85896696046491        0.44255395059062       -1.04674211205985
H           -1.06667868633689        1.46720442895497        1.43208950655672
H           -1.96809066708770       -0.03763231477422       -1.73639958358107
H           -3.96898362773229        2.27531275785618       -1.82024030927907
H           -3.89197887188405        0.96764178549352       -3.02988151443068
H           -1.85538294961639        2.83056417877477       -2.48585468728545
H           -4.61341625643403        0.41887113558978       -0.25727931716437
H           -3.76920422545128       -1.64763634578308       -1.98599222652965
H           -2.50345321440839       -1.75675558024299        0.19937899873650
H           -4.87737461860415       -2.11923337925258        0.61028353284708
H           -3.32710891473566        0.65108863530951        1.88466670840287
H           -2.60638680705086       -1.35714794648532        2.97141641059476
H            1.12755963079090        1.10339230115467        1.92947895058115
H            0.92216953924104        2.83391041407174       -0.29789557809312
H            3.10955800755654        1.81731980036966       -0.29462277367230
H            2.84129639000044        3.14194368881980        1.68692514449095
48
 energy: -84.852250692118 xtb: 6.7.1 (edcfbbe)
C            5.77153723450133       -0.81745344297907        0.87972041438556
O            4.90953266039753        0.28179261474880        0.60224816415336
C            3.58466016812242        0.08113237123166        0.93308118179061
O            3.00542988160840       -0.79645560130984       -0.01068781385852
C            1.62954226604767       -1.02515863321023        0.20637182899159
C            1.18461232754872       -2.08479431159613       -0.81208490187241
O            1.71716972398599       -3.35236997304903       -0.54676095219838
C            0.79137176763023        0.26176207014729        0.05583596082522
O           -0.53308690003852       -0.15799717504135        0.37064115414094
C           -1.50917672326493        0.78644113008743        0.72723130160023
O           -2.06096681895740        1.41512314764822       -0.39982582989087
C           -2.70807666677765        0.51748069126920       -1.30453382067532
C           -3.30347223051675        1.35975251843277       -2.44020388871087
O           -2.32471840532408        1.92330763067225       -3.27201978159408
C           -3.81222799984602       -0.29215261881475       -0.60494574247237
O           -4.42773019354139       -1.21172760631289       -1.46916622122170
C           -3.25254959931215       -0.99488303064825        0.64114363517466
O           -4.27329280503353       -1.62033981048272        1.38163959334434
C           -2.58423315242436        0.04875074468586        1.53799980375982
O           -1.97746112937767       -0.51084902387695        2.66829289159529
C            1.35792563075783        1.32384686567563        1.01411098546937
O            0.79883808454354        2.60645447062311        0.85076404170055
C            2.88928501730903        1.44483985931482        0.89877305285458
O            3.39564594600554        2.20409244758646        1.96211681947777
H            5.50282027851352       -1.68042356283347        0.26931940632497
H            5.72237725782799       -1.08080234068122        1.93983792217085
H            6.76867423356173       -0.47105511495191        0.62409705600746
H            3.48401140956221       -0.35124922104633        1.94958093910659
H            1.46514545437147       -1.40982836563654        1.22405951923972
H            1.46741279032131       -1.74115029648537       -1.81441990102412
H            0.10159919294716       -2.18697992753609       -0.74689115266161
H            2.68197631062002       -3.30395698271599       -0.59808189470339
H            0.83336265845498        0.63113303113356       -0.97911323944696
H           -1.09816023639478        1.59917638322027        1.33207697268101
H           -1.95681340667602       -0.17456762227977       -1.71478329193430
H           -3.93865245982198        2.13546325222730       -1.99808516352655
H           -3.91347184848592        0.71310418944843       -3.07339415168068
H           -1.83204214970424        2.58012675599346       -2.76209424471984
H           -4.61064519743484        0.38925787987229       -0.28831181436915
H           -3.76429597373787       -1.81354797780679       -1.83922928929187
H           -2.49173979573955       -1.73425630653590        0.34349560028799
H           -4.87816177740747       -2.06141580592630        0.76543828471364
H           -3.34523031316822        0.78757486362376        1.83662328796394
H           -2.61188321451346       -1.12082880531382        3.07793002318045
H            1.10958968179725        1.02451741869637        2.03999439479343
H            0.99796719016399        2.94292281287419       -0.03576067448410
H            3.15108939091261        1.90717761528742       -0.06662406768048
H            2.88651017477313        3.02901068794837        2.02807681085419
48
 energy: -84.853762310552 xtb: 6.7.1 (edcfbbe)
C            5.75849900160605       -0.86426995889246        0.83592403440807
O            4.90861778288043        0.26246627848031        0.64442159226321
C            3.57991583740077        0.04981070893288        0.95126436158612
O            2.99343335838070       -0.73113591592796       -0.07035204046543
C            1.61758601228445       -0.97218784278982        0.13210662887051
C            1.15706448723663       -1.92829621089934       -0.97747527487987
O            1.68796767878164       -3.21651723167014       -0.84145109587582
C            0.78580726862422        0.32599435428762        0.10986908697149
O           -0.52994904105725       -0.11000985407826        0.43303905774502
C           -1.52361588961646        0.84894787124672        0.69390016852207
O           -2.05974134487013        1.38113835370345       -0.48875496930070
C           -2.69101306402189        0.41726535002203       -1.33382548079921
C           -3.27587328753794        1.17713404114219       -2.53191008099111
O           -2.29021898714111        1.67546475914054       -3.39648461303833
C           -3.79940240620676       -0.34601965672284       -0.59080079604782
O           -4.39815035044413       -1.33155560061587       -1.39154145810124
C           -3.25100921607287       -0.94962932373024        0.71093280835179
O           -4.27581358112914       -1.53229055221605        1.48042010821278
C           -2.60792385023062        0.16493231475599        1.53875153491842
O           -2.01949209809162       -0.30532367337238        2.71827213555275
C            1.36978860525241        1.31554710656514        1.13459842775692
O            0.83175755263299        2.61569146255464        1.04789823981314
C            2.90318605173389        1.42067987453169        1.03756570714577
O            3.41657492984059        2.07474188573061        2.16572754749313
H            5.48741419661353       -1.67112674475751        0.15389453400419
H            5.69852472913674       -1.21412702004418        1.87016553809841
H            6.76069709060274       -0.50729764319938        0.61752840609637
H            3.46892019582592       -0.47148672139794        1.92392838861594
H            1.45844393380111       -1.44918320295252        1.11096779005696
H            1.42777989439186       -1.49161416121104       -1.94638547346339
H            0.07450143268929       -2.03370121885510       -0.90839081432105
H            2.65208898697019       -3.16501293722214       -0.90176367475806
H            0.80142631782681        0.77262820982337       -0.89440924970467
H           -1.12776079699345        1.70884310003950        1.24145052593105
H           -1.93188415698613       -0.29776589108481       -1.68636340737347
H           -3.91030541200908        1.98504390717130       -2.15040138852951
H           -3.88515535421205        0.48919231675413       -3.12063264296868
H           -1.79780719310822        2.36750343696877       -2.93504545259736
H           -4.60624478396835        0.35118862080650       -0.33586072903255
H           -3.72676370918486       -1.95352414924061       -1.71039596752569
H           -2.47763841794593       -1.69976778858435        0.47929111988411
H           -4.86857568839861       -2.02028564590307        0.88819128161044
H           -3.37992443406873        0.91689254542996        1.76826736508009
H           -2.65917443651038       -0.88823652616958        3.15780915961672
H            1.10388699614508        0.95740622013062        2.13689351925310
H            1.05474070556665        3.01172608746815        0.19133612648041
H            3.17727360083090        1.96325016267389        0.11815152494722
H            2.91753858018243        2.89687440021302        2.30316109731147
48
 energy: -84.854719315499 xtb: 6.7.1 (edcfbbe)
C            5.73451340172203       -0.90743463046884        0.78002112148947
O            4.90208716833558        0.24335009934864        0.67372529407859
C            3.56918382988689        0.02627607364024        0.95844560401734
O            2.97606475762126       -0.65685171619027       -0.12774082787558
C            1.60027730303898       -0.91155459610752        0.05752099289306
C            1.12925399162113       -1.75311768997559       -1.13684130209435
O            1.65469807634669       -3.05055139722683       -1.12950976770162
C            0.77503031300433        0.38442632292162        0.16907962490396
O           -0.53254366699014       -0.06673046610794        0.50175335580801
C           -1.53942729139815        0.90032772188180        0.66765226452205
O           -2.05339367278224        1.33622871473550       -0.56271888249774
C           -2.66068938605412        0.30733534679250       -1.34540124785053
C           -3.20085053093271        0.97011802249561       -2.61916657692317
O           -2.17963548990991        1.43625778950973       -3.46046618695532
C           -3.78976519552534       -0.39177854151470       -0.57268155963556
O           -4.37942577279046       -1.43138167996683       -1.30892203673181
C           -3.26556717453338       -0.89820255244597        0.78010930208753
O           -4.30333430160314       -1.42552335164384        1.57159802538211
C           -2.63825353484879        0.27367608037100        1.53890946906508
O           -2.07070499601470       -0.11221109239102        2.75867337555055
C            1.37743177718142        1.30082193766516        1.24987554060380
O            0.84872572400838        2.60802143393339        1.23690271621724
C            2.91153127791597        1.39498163642557        1.15740630241462
O            3.43757348994141        1.95023594310166        2.33191283390500
H            5.44732527904803       -1.65995012807682        0.04450474528204
H            5.67344987663322       -1.32850553375090        1.78727428221043
H            6.74134397436334       -0.55187611820553        0.58183952271030
H            3.44657828959211       -0.57360567477854        1.88310474388474
H            1.44533345355471       -1.48153672755849        0.98639305000753
H            1.39440278706306       -1.22516042838026       -2.06074279502904
H            0.04658190807811       -1.86161988384004       -1.07136513195263
H            2.61826202167475       -2.99854058117540       -1.19807514187900
H            0.76022059836723        0.90827758771413       -0.79740314729431
H           -1.15750241652873        1.79969784010113        1.15938127364557
H           -1.89272378545768       -0.43361356225682       -1.61551197206452
H           -3.87256387474150        1.78525430752353       -2.32703037274777
H           -3.76159800139187        0.22965704252898       -3.19210519119016
H           -1.71649793454405        2.15620476501056       -3.01088754075172
H           -4.59647533992789        0.32657212630899       -0.38543785746545
H           -3.70389164587169       -2.07254962675166       -1.57637871536997
H           -2.48721751302509       -1.66110237683277        0.61674161031331
H           -4.88062713239553       -1.96461866909835        1.00912089963055
H           -3.41568848662642        1.03733606558528        1.70201463479112
H           -2.71678124517800       -0.66559918456291        3.22613353656638
H            1.10498918518281        0.88832658624227        2.22891910858784
H            1.07796868929304        3.04909752672919        0.40405409456446
H            3.19068857250847        2.00507298510696        0.28283615955870
H            2.95164036349988        2.76606015334971        2.53596597360200
48
 energy: -84.854924714995 xtb: 6.7.1 (edcfbbe)
C            5.71579401588043       -0.94973807071182        0.72935875354119
O            4.89782381045882        0.21552685897737        0.68570934411885
C            3.56197720345807       -0.00136855386075        0.95660908512546
O            2.95755065766285       -0.58899676111060       -0.17859195003512
C            1.58221581878353       -0.85500744590229       -0.00296491711717
C            1.09612404004850       -1.58680945104264       -1.26129763076591
O            1.65820903259809       -2.86105434936946       -1.39838768336520
C            0.76770708393744        0.42959996441068        0.23385618350587
O           -0.53733111212618       -0.02618412695540        0.57015545120913
C           -1.55229995431316        0.94523371082056        0.63218206477371
O           -2.03587999136717        1.28518028797983       -0.63883717707010
C           -2.63238463223190        0.20610853988034       -1.35941994032198
C           -3.15031288837266        0.78749566580146       -2.68130934431874
O           -2.11306717410189        1.21321357240541       -3.52439985970333
C           -3.77269915881337       -0.44599336066695       -0.56272413805107
O           -4.33332728760639       -1.54310539587491       -1.23566320677862
C           -3.27702538287011       -0.84595711378342        0.83572542047246
O           -4.32944784665999       -1.31980605516673        1.64152959372416
C           -2.67498121591146        0.38492208841250        1.51838322426637
O           -2.14511076486694        0.09794141481659        2.78110943451458
C            1.39038454952600        1.27167035594950        1.36255598751590
O            0.86638372336123        2.57910494361099        1.42850112939267
C            2.92426554815239        1.35722412617938        1.26339673182267
O            3.46934604162321        1.81631748265237        2.47033146185309
H            5.40690031860191       -1.66704501309360       -0.03208223795014
H            5.66456293618497       -1.41206812989308        1.71899606333704
H            6.72425175117914       -0.59958613158474        0.53008202954697
H            3.43109285896750       -0.66919321658145        1.83198571170522
H            1.43747096288161       -1.50566425331111        0.87348069705980
H            1.31371640352326       -0.96366875688163       -2.13705304125384
H            0.01978909025967       -1.73584303174728       -1.17436351858282
H            2.61704863083558       -2.76995609656024       -1.48988341079081
H            0.73063760760096        1.02111129802767       -0.69221125213954
H           -1.18220308008059        1.87877031685746        1.06716768220583
H           -1.86071954190887       -0.54947090795318       -1.57092228415625
H           -3.83419939648004        1.61277192597931       -2.45224415112725
H           -3.69268877846134        0.01051982239316       -3.22228349520695
H           -1.66061012860788        1.95556357467515       -3.10076863540886
H           -4.59153678126001        0.27378586653479       -0.44761803755208
H           -3.64611164797576       -2.19595385657155       -1.43728222768568
H           -2.48981838890060       -1.61211885292287        0.74833169519626
H           -4.88332037805873       -1.91538426113121        1.11356181974764
H           -3.45789338338595        1.15638567642903        1.59645670441566
H           -2.81120218710274       -0.40539309593045        3.27637704699050
H            1.11922292003154        0.80473903022248        2.31685956609529
H            1.10844372710782        3.07213383058604        0.62864293655532
H            3.20299328362075        2.02691437569586        0.43350200006105
H            3.00025679938241        2.62312943628565        2.73894350859399
48
 energy: -84.854354258514 xtb: 6.7.1 (edcfbbe)
C            5.70393281584661       -0.96865258900301        0.63326916728725
O            4.89715126109362        0.20308234590746        0.70330701760981
C            3.56084465490785       -0.02503183508683        0.96313647012023
O            2.94740388301175       -0.51389850202060       -0.21291956726625
C            1.57158612339072       -0.79285224145022       -0.05459029054008
C            1.08701374312551       -1.41570793994473       -1.36990638466020
O            1.65612710424139       -2.67088393002902       -1.61338437416321
C            0.76662074219764        0.46993387318855        0.29888644170261
O           -0.54069201693341        0.01566104081412        0.63273875024774
C           -1.56228487081339        0.98053189940663        0.58332289227819
O           -2.01182156727176        1.21863377523877       -0.72160748969158
C           -2.61234553091445        0.09665611209263       -1.36979056879349
C           -3.10103039853236        0.58677929867341       -2.73890993587207
O           -2.04460419692914        0.96257951085783       -3.58178743678004
C           -3.77122683206551       -0.48627460374291       -0.54757461646441
O           -4.32602404951254       -1.62912088624924       -1.14511565941214
C           -3.30301836605498       -0.78196940845529        0.88524326381716
O           -4.37344449571243       -1.19159260108302        1.70239672206254
C           -2.70785107705492        0.49443785664764        1.48517164086299
O           -2.20780614219921        0.30288737466912        2.77733345636084
C            1.40304554728192        1.22942476484608        1.47784969470387
O            0.88009449253718        2.52984641593127        1.62735055013290
C            2.93710532670701        1.30977269519262        1.38326070156524
O            3.48993710614765        1.66102449898741        2.62265859868411
H            5.38948505709924       -1.60503789054233       -0.19501275346469
H            5.64696677850993       -1.52527110819009        1.57277155155157
H            6.71591596039714       -0.61017727026188        0.46964864958936
H            3.42882815323265       -0.76098357569027        1.78196828979891
H            1.43136829985622       -1.51702672422018        0.76327461883804
H            1.29991056827259       -0.71963659555925       -2.18991689621949
H            0.01193178279609       -1.57874915757006       -1.29829271969947
H            2.61445791172552       -2.56681980424134       -1.69497649936007
H            0.71664853166667        1.12721901367956       -0.58093229543305
H           -1.20388357426224        1.94696512067324        0.95328002486784
H           -1.84824556578618       -0.68106846805575       -1.51445260944479
H           -3.79377093312483        1.42141624833631       -2.58150664741071
H           -3.62657610183596       -0.22722351389269       -3.24054464569144
H           -1.60770167943255        1.73419316987732       -3.19601572173023
H           -4.58790746056237        0.24362020810190       -0.50267666339811
H           -3.64142502309860       -2.30296074334291       -1.27366231655224
H           -2.51781098668176       -1.55511377964415        0.87040041828004
H           -4.92912192592448       -1.80834892219764        1.20127549799566
H           -3.48749993516391        1.27321873795865        1.48616623574340
H           -2.88836671073954       -0.15504867054868        3.29654754666983
H            1.12842331732017        0.70264562601497        2.39921273872813
H            1.14694991670366        3.07973753724998        0.87358981867204
H            3.22176092862953        2.04267697242289        0.61095859070463
H            3.04094714210438        2.45650454328914        2.95203992788974
48
 energy: -84.853029142561 xtb: 6.7.1 (edcfbbe)
C            5.69387085192795       -0.97742655860517        0.53627764298423
O            4.90388434338214        0.18849913405375        0.74771997038954
C            3.56489552151260       -0.04967549226672        0.98444668459606
O            2.95198689870927       -0.43435316516669       -0.22927662439890
C            1.57188769246639       -0.71876193621725       -0.10876079621341
C            1.11344333772425       -1.22077773004042       -1.48289297337164
O            1.62550242106989       -2.48822592282728       -1.78620531188041
C            0.77624679939792        0.51389285507968        0.35432420160367
O           -0.53818021159076        0.06813588166293        0.67827330407109
C           -1.56656236076767        1.01108251869139        0.51318314255142
O           -1.98224722743298        1.13948438924858       -0.81682710516085
C           -2.60900540761939       -0.01338244145323       -1.38167631240536
C           -3.08822195487599        0.38994862434169       -2.78233202899071
O           -2.02628575717530        0.68885057962434       -3.64835762401638
C           -3.77866890717650       -0.52183699347940       -0.52623635943447
O           -4.33699565035376       -1.70196276273697       -1.04247171958276
C           -3.32249354960571       -0.71317628655303        0.92770068228697
O           -4.39984382755496       -1.05939285584727        1.76454859612276
C           -2.73149858705032        0.60599427445981        1.43030034202930
O           -2.25726561988785        0.52249764611521        2.74281324969087
C            1.41806859390553        1.17305981725764        1.59038935657569
O            0.89268324317477        2.45608713234448        1.83987376964812
C            2.95187957522735        1.25159258151657        1.51203761060496
O            3.49963940568323        1.49339528583472        2.77977597355591
H            5.38382854801739       -1.49285159946790       -0.37379852338864
H            5.61281425656220       -1.65213604653806        1.39281724627165
H            6.71378531934264       -0.61786832421640        0.43628315928168
H            3.42486137195567       -0.85026662244936        1.73912448342104
H            1.42011060753917       -1.51420668376241        0.63802104534090
H            1.40507482617891       -0.48443933723201       -2.24064029750524
H            0.02964248923250       -1.32669382223063       -1.47759972434496
H            2.59050455202890       -2.43412600803287       -1.82494116884264
H            0.72776843923738        1.23902480243872       -0.46949925593240
H           -1.22057505812554        2.00905619677789        0.80669495959037
H           -1.86385919852713       -0.81716643208504       -1.47009289404325
H           -3.76646999802656        1.24540780128629       -2.68293977155132
H           -3.62842830258501       -0.44682393542702       -3.22749255011500
H           -1.57222441858823        1.47379060650966       -3.31229339389798
H           -4.59052683620925        0.21464067782864       -0.54166994754577
H           -3.65582878609530       -2.38744233725627       -1.11938504940671
H           -2.53793997070213       -1.48538649638921        0.97791336395484
H           -4.95463647055476       -1.70844210151254        1.30481056276274
H           -3.50702852096780        1.38526656925342        1.35151438735487
H           -2.94853048403511        0.10688513517074        3.28285332429369
H            1.13559003774492        0.57457909330092        2.46420776078614
H            1.18582025852378        3.07031063133834        1.14837582127988
H            3.24767301994122        2.04432349530569        0.80563450647894
H            3.04185239667006        2.25101404318582        3.17895746362669
48
 energy: -84.854122548011 xtb: 6.7.1 (edcfbbe)
C            5.68395080504374       -0.82354835599286        0.26980811934180
O            4.91152170844957        0.30646480948843        0.66689212474061
C            3.58813925128300        0.02583919732166        0.93899927787960
O            2.92863683332369       -0.25661920958726       -0.27986566723320
C            1.56470675563210       -0.58612355508347       -0.12157295532234
C            1.04899774715638       -1.04665719033781       -1.49871647334027
O            0.14582687421458       -2.11572894975645       -1.41284340325007
C            0.78249493721775        0.60051715471077        0.47069305643945
O           -0.53744297377367        0.15343403604341        0.75890744495792
C           -1.57497842697810        1.05636269425210        0.49425590039127
O           -1.92843417575833        1.10632746632675       -0.85825706522935
C           -2.44206591342594       -0.11707926718622       -1.39738352340750
C           -2.82744455766703        0.18031714982647       -2.85237832857173
O           -1.72942986236576        0.59823660958668       -3.62122558786130
C           -3.64668726430151       -0.62936314829303       -0.59797575224388
O           -4.11169928854516       -1.86486274817863       -1.07638403268419
C           -3.27644407075622       -0.72005095451554        0.89009296121617
O           -4.38653800421532       -1.07984773617947        1.67877324819397
C           -2.77809457473885        0.64775727533457        1.36139540167427
O           -2.38787047760922        0.64749409307851        2.70445140652849
C            1.44771755030377        1.12169516767959        1.75762609005347
O            0.90027075962974        2.34758322476907        2.17969884645455
C            2.97505953301249        1.25238770434464        1.62332934210061
O            3.57417331679471        1.37834377295753        2.88467588141913
H            5.29369235937570       -1.24638372926530       -0.65744953694042
H            5.67745613792126       -1.58160687652808        1.05803652593081
H            6.69060759613905       -0.44529215345776        0.11993612878748
H            3.49561039898467       -0.84783024996174        1.61736420231410
H            1.46811280433093       -1.42074664546195        0.59332332463861
H            1.92484785512367       -1.30805820578337       -2.10138483589353
H            0.51874655253484       -0.23499749819799       -2.00015972225113
H            0.62060050435938       -2.92531668238571       -1.17481604477039
H            0.74941734517733        1.40598223219147       -0.27570748082548
H           -1.27738575224188        2.07919370692044        0.75619101570329
H           -1.65486326555894       -0.88116719468343       -1.37158186547476
H           -3.61730588249461        0.94092891684509       -2.85872001941769
H           -3.20350264344204       -0.73286746578972       -3.31526275176089
H           -1.42772238207270        1.44942788369532       -3.27499904844603
H           -4.48947669975670        0.06358656387143       -0.70676458563351
H           -3.37490860040179       -2.49307212112769       -1.11891457883299
H           -2.46127963677083       -1.44870902215628        1.02374459877158
H           -4.87515326225738       -1.78018298163293        1.21904408369730
H           -3.57889905516537        1.38724930529482        1.19567329947444
H           -3.07386584477487        0.18637375574837        3.21361130069131
H            1.21606438260032        0.41575561710555        2.56306439766466
H            1.12575454249638        3.04342269958413        1.54281774100193
H            3.21908303279322        2.12089934017788        0.99020175406435
H            3.11000073104914        2.07052946240557        3.38323894827866
48
 energy: -84.852346504173 xtb: 6.7.1 (edcfbbe)
C            5.68540169237739       -0.74725526081500        0.12077117952709
O            4.91012642847716        0.33175052019204        0.63693266404905
C            3.60140835189946        0.00538968902716        0.92968363291540
O            2.91059081504027       -0.20153657023187       -0.28658265513310
C            1.54794308895352       -0.53895873180669       -0.12565139521093
C            1.01249266074624       -0.90829100002814       -1.52292663427724
O            0.22157151270828       -2.06666432700912       -1.51259155154108
C            0.78703988490590        0.61601139003851        0.55456971138000
O           -0.55273132817639        0.21292264836131        0.81486066959717
C           -1.56970135614625        1.09072476579475        0.41882978688922
O           -1.87069730963844        1.02012591344360       -0.94469906664759
C           -2.42199736100574       -0.22307749072930       -1.39844610706617
C           -2.80497997470893       -0.00393027362372       -2.86927267373704
O           -1.70724424244361        0.36435542371665       -3.66259405654750
C           -3.64052736387368       -0.66080391487248       -0.57602180506223
O           -4.09611894004388       -1.93369299539642       -0.95497640425398
C           -3.30652707276424       -0.61686757093932        0.92291082728162
O           -4.43853330114602       -0.89554945707262        1.71280926610252
C           -2.81401702221170        0.78922759723582        1.26976568931564
O           -2.49032918204231        0.93581526566675        2.62137399430555
C            1.46849100315659        0.99565004077102        1.88155704890052
O            0.91752057821166        2.15120231858368        2.46128555062820
C            2.98954173766588        1.16633093674673        1.72102979740908
O            3.61833877673875        1.20755723474954        2.97330322037223
H            5.26093111500215       -1.10778065594970       -0.81767335857233
H            5.73018342439308       -1.56238338011239        0.84845515308153
H            6.67632265698391       -0.33550419394504       -0.04483117728854
H            3.54681387968760       -0.91670971310155        1.54532559387211
H            1.45986435532811       -1.41713315462392        0.53561327493338
H            1.87732693527207       -1.01658377579910       -2.18443800591351
H            0.38191368790487       -0.10775647552942       -1.91225110387545
H            0.78323039737594       -2.85041512887590       -1.42498048344747
H            0.79373074589166        1.48167323967177       -0.12145445599806
H           -1.26701840371839        2.13264741896458        0.58793320293808
H           -1.65574632384724       -1.00522605176617       -1.32757287090816
H           -3.58944287187602        0.76124087318921       -2.91662634442471
H           -3.18837142698000       -0.93811873201184       -3.28103354949818
H           -1.39098199961705        1.22555687100678       -3.35622555498354
H           -4.48217998648605        0.01719948332610       -0.76192458248215
H           -3.35919920769583       -2.56322187987300       -0.93581763326510
H           -2.49891997560249       -1.33109025398811        1.14802031738463
H           -4.91584483910104       -1.64034821924979        1.31526355138718
H           -3.59576635195470        1.51268284062673        0.98376349029479
H           -3.20532477550084        0.53626010076838        3.14253010792171
H            1.26925805842618        0.19621885547963        2.60366651351623
H            1.06629361608627        2.91413335482616        1.88237948260166
H            3.20225134442464        2.08539910486949        1.15087470343524
H            3.14361156601963        1.83882122050411        3.53856620187182
