48
 energy: -84.841231075399 xtb: 6.7.1 (edcfbbe)
C            5.89373300000000        0.43444300000000        0.23906000000000
O            4.96406200000000       -0.31608700000000       -0.53367800000000
C            3.67246300000000        0.16164600000000       -0.48720100000000
O            3.15018300000000       -0.07768700000000        0.80747300000000
C            1.80286300000000        0.30177500000000        0.95950400000000
C            1.45557000000000        0.13117500000000        2.45220400000000
O            0.35099000000000        0.88474100000000        2.86360300000000
C            0.89487500000000       -0.53162200000000        0.02796300000000
O           -0.44337200000000       -0.10537500000000        0.20282200000000
C           -1.39819000000000       -1.03230500000000        0.65932000000000
O           -2.23224400000000       -0.40233100000000        1.57893200000000
C           -2.88992800000000        0.74735900000000        1.04829500000000
C           -3.64207300000000        1.38271900000000        2.22014900000000
O           -2.75731500000000        1.96544400000000        3.13925500000000
C           -3.80953600000000        0.35025300000000       -0.11677400000000
O           -4.45370500000000        1.45066000000000       -0.70252000000000
C           -2.99387500000000       -0.43056400000000       -1.16452700000000
O           -3.81661700000000       -0.95999000000000       -2.17596400000000
C           -2.27607500000000       -1.59458500000000       -0.47745700000000
O           -1.49124900000000       -2.34330600000000       -1.36999100000000
C            1.34774400000000       -0.26402900000000       -1.41370200000000
O            0.67484800000000       -1.01040000000000       -2.39414100000000
C            2.85244300000000       -0.55982500000000       -1.56223200000000
O            3.30760500000000       -0.12793500000000       -2.81517300000000
H            5.62383200000000        0.41044900000000        1.29684200000000
H            5.93054900000000        1.47123700000000       -0.11019200000000
H            6.85612500000000       -0.04582600000000        0.08501700000000
H            3.64157000000000        1.25430300000000       -0.69430800000000
H            1.67754300000000        1.36252500000000        0.68104600000000
H            2.35661900000000        0.39019800000000        3.02287500000000
H            1.21062200000000       -0.91323800000000        2.65662200000000
H            0.56407400000000        1.82608500000000        2.80795600000000
H            1.00630300000000       -1.59713700000000        0.26112500000000
H           -0.91707300000000       -1.86017200000000        1.19644500000000
H           -2.12927600000000        1.45347000000000        0.68598600000000
H           -4.25280200000000        0.60705600000000        2.70091400000000
H           -4.29299400000000        2.17995300000000        1.85573900000000
H           -2.07454600000000        1.31168000000000        3.34795900000000
H           -4.61282900000000       -0.29610600000000        0.25582000000000
H           -3.79840500000000        2.11585900000000       -0.95559600000000
H           -2.23420800000000        0.23684400000000       -1.60623200000000
H           -4.47232900000000       -0.29066300000000       -2.41673000000000
H           -3.03021600000000       -2.24436700000000       -0.00866000000000
H           -2.05652700000000       -2.59110400000000       -2.11824400000000
H            1.18612100000000        0.80746000000000       -1.62428000000000
H           -0.08002600000000       -1.49292300000000       -1.99899100000000
H            3.01809900000000       -1.64151400000000       -1.44005300000000
H            2.71657200000000       -0.50824700000000       -3.48279400000000
48
 energy: -84.842069062193 xtb: 6.7.1 (edcfbbe)
C            5.93275015529423        0.21274666207462        0.20809600573441
O            4.94520944136790       -0.43432324276203       -0.58589607002494
C            3.68881756951014        0.12438130931138       -0.49736898800666
O            3.16410936766103       -0.15682353299117        0.78865884679092
C            1.84512323805275        0.29735588840706        0.99692076931284
C            1.51954927047171        0.02760382012949        2.47798002907132
O            0.41978154603867        0.74915917212076        2.95253187233418
C            0.89224204301682       -0.40989064455627        0.01101374218743
O           -0.44515510655220        0.01869059558187        0.17338960051362
C           -1.36301600686331       -0.89801162743599        0.72418831575495
O           -2.21261753903341       -0.24053741152731        1.60250853901332
C           -2.95137641329804        0.81868075366524        0.99390848512102
C           -3.75865584010170        1.47019310287046        2.12076915544687
O           -2.92198428535563        2.09979746230875        3.05314403852802
C           -3.84388802345892        0.28125538964726       -0.13570772603046
O           -4.55651987130138        1.29635057721376       -0.79238269283923
C           -2.99011734836518       -0.52259182174544       -1.13340451283730
O           -3.78955483228670       -1.17532070999861       -2.09112812718885
C           -2.19567548863931       -1.58831451930129       -0.37558607613924
O           -1.34310585740342       -2.31771529084645       -1.22417157600991
C            1.34343402177757       -0.06229853886220       -1.41208131640759
O            0.55523514373869       -0.64938312548044       -2.41430085816597
C            2.81462185216479       -0.47297228064954       -1.60736353043416
O            3.29277079512091       -0.00205069074238       -2.83770747624753
H            5.67912240058171        0.14780464350312        1.26818190967026
H            6.02978850734769        1.26280301716748       -0.08551579722942
H            6.86008670855359       -0.31752663314727        0.00948461794857
H            3.72971076262113        1.22697351426067       -0.63910813160197
H            1.78638196444954        1.38325508493095        0.80657632860838
H            2.42792659441409        0.25147637486374        3.05215370397929
H            1.28303080971656       -1.02939089444815        2.61617348687473
H            0.62748787582676        1.69293825871828        2.94142974015632
H            0.97310804623928       -1.49468878016552        0.15792851056477
H           -0.84374100914780       -1.65831556549142        1.32161267319573
H           -2.24279916166780        1.55158553062113        0.58203550519625
H           -4.36794636045451        0.69438252936580        2.60312750493469
H           -4.41503546630590        2.23971506754840        1.71011022576544
H           -2.25837549872744        1.45295091253981        3.33211956386171
H           -4.60552544712804       -0.38387394823584        0.28826170518888
H           -3.94280220448674        1.97396609349059       -1.10881511605073
H           -2.27654579514172        0.15381261755145       -1.63353779134828
H           -4.48115640860858       -0.56356411536912       -2.37962627248004
H           -2.90291962992175       -2.26799694805342        0.12229319355555
H           -1.88745527614049       -2.66574775801167       -1.94723771733931
H            1.27375826642975        1.02878126671951       -1.54496266655450
H           -0.03783240662441       -1.31832187878053       -2.01887437895859
H            2.90122162293286       -1.56926480393125       -1.55077942347191
H            2.64853127084028       -0.25773887053494       -3.51555583401563
48
 energy: -84.841693223542 xtb: 6.7.1 (edcfbbe)
C            5.92909268536252        0.15338879439866        0.22513734548498
O            4.94231357986131       -0.43603419754454       -0.61347496557127
C            3.69029706134526        0.12857018205197       -0.50130336963201
O            3.15774338482344       -0.21685513386906        0.76557825367280
C            1.84794165090004        0.25229792360913        1.00278365116880
C            1.52292191815391       -0.09754655147290        2.46587472086882
O            0.43209657251643        0.60799595201345        2.98320688765483
C            0.89068090290952       -0.36786286996737       -0.03466594115569
O           -0.44797539780433        0.06172028823202        0.11406414802313
C           -1.33922810546942       -0.81966257492561        0.76112098530988
O           -2.18680411420624       -0.12317396073985        1.60679234693720
C           -2.96697439334332        0.87831181284905        0.95544733537077
C           -3.77768469797801        1.55921299138204        2.06357178619162
O           -2.94274688198340        2.19985793731644        2.98973268102145
C           -3.86250880565318        0.25269138395457       -0.12418859107768
O           -4.61611870841149        1.20728243943196       -0.82489210778841
C           -3.00143225697448       -0.58010507747780       -1.08950965422526
O           -3.79641011357542       -1.29845320761347       -2.00342624340620
C           -2.16390054716477       -1.58658993820119       -0.29642985550658
O           -1.28805521995547       -2.30348194015253       -1.13390662842315
C            1.35078848490042        0.01948202686490       -1.44095102386414
O            0.54731681783399       -0.54508656350749       -2.44596571452535
C            2.81716179427772       -0.40315289540167       -1.64556910776524
O            3.31414389510478        0.11557141426116       -2.84879361893743
H            5.66368638219614        0.03197458914063        1.27731957456459
H            6.04148109741148        1.21696476864682       -0.00782358331260
H            6.85208418417248       -0.37633976110119        0.00610337306863
H            3.74128358685278        1.23669759565424       -0.58391813321927
H            1.81618233541324        1.35006249964987        0.88081661460153
H            2.43527791537724        0.08698662295957        3.04770546319018
H            1.27989255383282       -1.15892330699001        2.54744500711859
H            0.65066161225104        1.54841895987349        3.02380398636922
H            0.94994911345350       -1.46174994758026        0.05852532692590
H           -0.79907805885816       -1.52987743438422        1.39723070535185
H           -2.28878435718400        1.60931563112813        0.49196050836344
H           -4.39591807573240        0.79800681940544        2.55770278240727
H           -4.42573906702785        2.32496707159379        1.63366652842899
H           -2.29529280099275        1.54763831101731        3.29286265376897
H           -4.59658127364969       -0.40869438637966        0.35109115047027
H           -4.02742687541550        1.88112531499905       -1.19289800285584
H           -2.31244655374210        0.08915661286492       -1.63249307745987
H           -4.51115282560552       -0.71998813967028       -2.30438310105963
H           -2.83903517052880       -2.27693899493431        0.22956322770730
H           -1.82708673010932       -2.70764911009851       -1.83128757282861
H            1.28877686761479        1.11272482569477       -1.55118374417548
H           -0.02797469242016       -1.22870786813893       -2.05288354956194
H            2.88724818329370       -1.50203013875212       -1.63661255048986
H            2.68733114010716       -0.12152275196525       -3.54906092142456
48
 energy: -84.840127084045 xtb: 6.7.1 (edcfbbe)
C            5.93058610906901        0.15763789462533        0.20338518264715
O            4.94699810322420       -0.37551425971054       -0.67541100190685
C            3.68673170601515        0.15719713823151       -0.51057124323245
O            3.16803181916356       -0.30103601558891        0.72488770747372
C            1.86266905119429        0.14477687683058        1.03291283270163
C            1.58504001215934       -0.37046981139413        2.45644403083985
O            0.51336030847452        0.26402050114529        3.09218020804475
C            0.89136927380863       -0.35822164964622       -0.05351989740459
O           -0.44435181135458        0.08712979052267        0.08130454577677
C           -1.33237360581923       -0.72824487095237        0.81616845375284
O           -2.16883123853186        0.04122609374129        1.60750637351488
C           -2.98165896544522        0.96664158009133        0.88600193375058
C           -3.81423929168289        1.71204244402420        1.93635244814081
O           -3.01038817435601        2.45864305129172        2.80819004128134
C           -3.87667632724650        0.23875035962411       -0.12831381718230
O           -4.65793759237492        1.12156614816821       -0.89082511102918
C           -3.01335996808643       -0.65035632054902       -1.03644674280209
O           -3.80600463875087       -1.44856631775718       -1.88435154453678
C           -2.15062969959601       -1.58105416518694       -0.18040987178335
O           -1.25805803489692       -2.32086122818714       -0.98025531050315
C            1.34818636549176        0.10047277549541       -1.43846503736872
O            0.52714124159719       -0.42680743749774       -2.45168408191438
C            2.81325746861250       -0.29813984832619       -1.68603003732340
O            3.29823995750907        0.30928470519639       -2.85217777016686
H            5.67967197939059       -0.06303014843500        1.24289963528558
H            6.01887537417602        1.23988757229730        0.06574169044617
H            6.86168471279672       -0.33065857421426       -0.07075839366706
H            3.71876098896952        1.26900099964523       -0.50305005324677
H            1.83539832189930        1.24956935004871        1.03392664342765
H            2.51770720539098       -0.24847412954072        3.02227292508676
H            1.35119719632896       -1.43692096438046        2.42271815088069
H            0.74071471847342        1.18988394983399        3.24853690258570
H            0.91938825765506       -1.45887138627509       -0.03497511294969
H           -0.79083439951422       -1.38133391033840        1.50726986065532
H           -2.32779795733829        1.67596303435530        0.35771426500994
H           -4.41024129280106        0.97515746202047        2.49054714203099
H           -4.48517063654310        2.41584156050140        1.44066387000844
H           -2.37523688054601        1.84862841941800        3.20719427811706
H           -4.59179457945730       -0.39596995284611        0.40845492332852
H           -4.08598797767112        1.76911416150118       -1.32646860616131
H           -2.34122740856446       -0.01349246226850       -1.63663012465090
H           -4.53257570962853       -0.90538495214646       -2.22079450720265
H           -2.80671443603506       -2.25427563132080        0.38990940963714
H           -1.79063939706118       -2.79915823949977       -1.63370062578915
H            1.27405046567455        1.19626901665667       -1.49880436030975
H           -0.00640005978930       -1.15189639215998       -2.08248854073733
H            2.89119526496992       -1.39415293726473       -1.75493676200308
H            2.67887217742285        0.10418274587942       -3.56862890840182
48
 energy: -84.838360547246 xtb: 6.7.1 (edcfbbe)
C            5.89005618060905        0.30086626227454        0.23090704962625
O            4.94058533884377       -0.15599117183862       -0.72475298457982
C            3.64935157660218        0.27062815848109       -0.49568696034779
O            3.16386592453817       -0.38607478869208        0.65796922283571
C            1.83833918037832       -0.07543047847624        1.04400663197964
C            1.65329522707852       -0.86325851085218        2.35862419385446
O            0.66433363171904       -0.35995564456473        3.21035826351867
C            0.86004560191399       -0.44533933265784       -0.09367540390896
O           -0.46408450394593        0.02723397002035        0.06158989468154
C           -1.35469405789571       -0.67929666100870        0.90022284969198
O           -2.13704210495547        0.22609232373959        1.60871151942776
C           -2.93686663865656        1.07225406066293        0.77972060448200
C           -3.75903741533873        1.96820604221706        1.71419792702390
O           -2.97243582303887        2.91911373147725        2.37808499110497
C           -3.85904754117241        0.25577920611475       -0.14079094144181
O           -4.60082180499651        1.07172086480564       -1.01081327049740
C           -3.04184109481225       -0.78007642302325       -0.92654443353914
O           -3.87514237173094       -1.63790975685325       -1.67162959171682
C           -2.23322658681565       -1.62502751642547        0.05883435578013
O           -1.40746198884961       -2.55248400135964       -0.59545301840723
C            1.31784942904292        0.19419355013633       -1.41555564140704
O            0.51546925143414       -0.20080086658589       -2.49697473348297
C            2.79805639510055       -0.08535418155931       -1.71744331735987
O            3.22858880612536        0.69000418611013       -2.80284070007749
H            5.64936678874597       -0.07872495256068        1.22595784942493
H            5.91821908178395        1.39490129228471        0.24883490412755
H            6.84776968936369       -0.09175366500446       -0.09951385990196
H            3.61168504627662        1.37089975747116       -0.33922494640878
H            1.74440521092281        1.00703420452408        1.23906191247205
H            2.63379937858987       -0.87666430657120        2.84990769642475
H            1.38066311503632       -1.89600861655606        2.12778041899336
H            0.96497112212066        0.47291225642857        3.59521783305751
H            0.85506563449900       -1.54039726944296       -0.20499346848208
H           -0.81802511033402       -1.25525224249167        1.65884329883980
H           -2.27135455913746        1.69492108619139        0.16358543307333
H           -4.28553024852277        1.32507640822463        2.43081979093259
H           -4.49090381916830        2.52406362088112        1.12480256783104
H           -2.30846406026511        2.44371438104038        2.89283955663666
H           -4.60223402496187       -0.27366201747347        0.46753939674869
H           -3.99875816834670        1.62887600834793       -1.52409752833695
H           -2.33649418030849       -0.26061474939500       -1.59681873654071
H           -4.57887334003092       -1.10526671735394       -2.06805608484073
H           -2.92890416765920       -2.14089642200377        0.73964955126038
H           -1.96784809727082       -3.05077115957091       -1.20857923756962
H            1.17938054408433        1.27985519434653       -1.33700537374792
H            0.40341206912565       -1.16110323637374       -2.48075164939933
H            2.94641858322068       -1.15801730437167       -1.92095997743202
H            2.57409690357494        0.59778144335581       -3.51241983689894
48
 energy: -84.837550082912 xtb: 6.7.1 (edcfbbe)
C            5.84982831725252        0.39179557220957        0.30858096466204
O            4.93343837218577       -0.01688089715957       -0.69941942270077
C            3.62266100061296        0.33568282073329       -0.45581112175378
O            3.14622562464811       -0.44617668754585        0.62048548628099
C            1.80890765297567       -0.21634764838808        1.02392597288155
C            1.64485748691591       -1.14740129806065        2.24675263033598
O            0.72833211076266       -0.70271052078757        3.20725642122990
C            0.84431986383315       -0.48533194293853       -0.15511391181762
O           -0.47983033196148       -0.01693768856249        0.01221906065495
C           -1.35003209537085       -0.64116827198624        0.93326882078895
O           -2.10323361559111        0.33907564263459        1.57457550725373
C           -2.90108649536897        1.12537749270121        0.68754004038662
C           -3.65969302307477        2.13394932409854        1.55747555316575
O           -2.80226995396876        3.07180410666603        2.14957449443562
C           -3.86660795269996        0.24810956754634       -0.12461351002123
O           -4.61771446943891        0.99326857531739       -1.04837231100323
C           -3.08851503817833       -0.87225949832723       -0.83208717153833
O           -3.95583721938258       -1.77626003777555       -1.47680104056303
C           -2.26696505405290       -1.64100876042236        0.20419875875063
O           -1.47360310333351       -2.63953791351180       -0.38082663227219
C            1.31081284362111        0.26630271281463       -1.41572241457813
O            0.53719395691560       -0.05873615837729       -2.54024430008916
C            2.80198214168902        0.05898875535398       -1.71732303096842
O            3.21901082250507        0.93629187598425       -2.72764055498343
H            5.60933017660138       -0.07994608707557        1.26354423535687
H            5.83539161663931        1.48068401601482        0.41954376708127
H            6.82702897822337        0.06479941149154       -0.03612709655586
H            3.53765841959181        1.41401149565693       -0.19833708330372
H            1.68396538136542        0.83618569981911        1.33333038621447
H            2.64584567272632       -1.26417351710666        2.67901032262624
H            1.30386355388864       -2.13144233123652        1.91570381973941
H            1.07928404789916        0.07650720569319        3.65754151962780
H            0.83433641626797       -1.56839853754188       -0.35534956721637
H           -0.80515671952311       -1.15363472162481        1.72831718805071
H           -2.23530513476647        1.66338851717543       -0.00334923732100
H           -4.21973269230976        1.57920046027748        2.32131877808870
H           -4.35938917216643        2.69551033671620        0.93574396646724
H           -2.14607392065802        2.58426193570610        2.66423174284607
H           -4.60100931022937       -0.20696991850451        0.55074475700876
H           -4.01979441873963        1.49005050636282       -1.62468737243128
H           -2.39362766291008       -0.42688322324859       -1.56403222414296
H           -4.66374402274744       -1.26696303006544       -1.89600546626299
H           -2.95286934833380       -2.07966142129821        0.94661665710211
H           -2.05023468822435       -3.16846295384025       -0.95187500611696
H            1.13703336648403        1.33715182314816       -1.25175462704178
H            0.51200655857524       -1.01976877511011       -2.64818379663604
H            2.98918981780090       -0.98740324552309       -2.00749606398736
H            2.56981925110584        0.89206323215085       -3.44684186492257
48
 energy: -84.836529241966 xtb: 6.7.1 (edcfbbe)
C            5.80307173362354        0.47576372200947        0.41792649983656
O            4.93126409542961        0.11319280967573       -0.64570247232965
C            3.60067014854507        0.38798089857960       -0.41031870408113
O            3.13184032329036       -0.50319308817491        0.58050240241044
C            1.78249072735914       -0.35125420839747        0.98091737459731
C            1.61574342484365       -1.41982719836334        2.08815823620181
O            0.81715730884461       -1.01909368879646        3.16800720354043
C            0.83492025105251       -0.51015206731724       -0.23130612394361
O           -0.48652400004119       -0.03845381187696       -0.04681012565325
C           -1.32723659742945       -0.57683232230505        0.95242949201671
O           -2.05483181659761        0.46352960368990        1.52793595618811
C           -2.87807941113385        1.17591628094550        0.60317818304574
C           -3.59180714458220        2.26672696178262        1.40917687457723
O           -2.69695264954949        3.22920497286368        1.89795831843698
C           -3.87794316872501        0.23769759452588       -0.08939141937073
O           -4.66276934876526        0.90210638366032       -1.04621908238704
C           -3.13015420124040       -0.94524829123215       -0.72408489883433
O           -4.02358733379531       -1.89487573906617       -1.25780737813632
C           -2.27241969404610       -1.62894437170819        0.34285184049431
O           -1.50066886935725       -2.67525816665321       -0.18426307876093
C            1.31766147918107        0.33032278091605       -1.42937379234378
O            0.57817047671825        0.06303931930417       -2.59149102746154
C            2.81990356864380        0.18156100422152       -1.70944738412700
O            3.23422215377590        1.13872096513073       -2.64548233445406
H            5.56107427793775       -0.08388697382915        1.32377866125465
H            5.73627235140674        1.54996538101169        0.61764181702254
H            6.80239654704366        0.22149942091132        0.07543955236281
H            3.46158396494919        1.43574929918244       -0.06537874724988
H            1.62780577594848        0.65711158084634        1.40355901651921
H            2.62737889779141       -1.67996190693380        2.42015555136071
H            1.15189451720144       -2.31789614279132        1.67329443210544
H            1.27198159643824       -0.33483328574634        3.67585722068450
H            0.81316511514376       -1.57516788596258       -0.51404604406068
H           -0.76406436779671       -1.01892181894919        1.77554515627812
H           -2.23401950726643        1.64195568493790       -0.15715176673964
H           -4.13774260206482        1.78733049984039        2.23216321178496
H           -4.30017564428723        2.79181646444265        0.76587104231823
H           -2.02549647501205        2.76680121678809        2.41674200243815
H           -4.58620891078364       -0.15110376250302        0.65202355168923
H           -4.08724592545237        1.34377173123690       -1.68676668901350
H           -2.46150643539917       -0.56789356344298       -1.51622253263263
H           -4.74965223150125       -1.41860868925220       -1.68499556181095
H           -2.93217146734587       -2.00154152465702        1.14284144633173
H           -2.09338201544317       -3.24163664133845       -0.70022483309751
H            1.11409163990023        1.38392553371515       -1.20081623834310
H            0.59720459458899       -0.88624812805848       -2.77654130580253
H            3.04265029620959       -0.83652062311842       -2.06740756426303
H            2.60002256600072        1.13165977693949       -3.37921992299219
48
 energy: -84.835801736000 xtb: 6.7.1 (edcfbbe)
C            5.77537027522673        0.46261773912608        0.51715518151651
O            4.93385105136568        0.16506030664559       -0.59017769955598
C            3.59474600003374        0.40693654320688       -0.36756797151814
O            3.11286867352993       -0.56310231530408        0.53942406704908
C            1.75524179142439       -0.45010162810756        0.92226303969854
C            1.55109467374182       -1.62231364887969        1.91537811362873
O            0.91476340944836       -1.25082298447178        3.10925718025407
C            0.82749617185927       -0.49720062027759       -0.31219817611940
O           -0.49321532501670       -0.02779432952389       -0.10851460912552
C           -1.29223904351788       -0.48445190692254        0.96326177970466
O           -2.00928178491751        0.59681910293378        1.47322771791322
C           -2.88298456913046        1.21750286495506        0.52896123347746
C           -3.58609746467137        2.35726040190900        1.27476170074872
O           -2.69598689721481        3.37812400063170        1.63780282541699
C           -3.89247258365792        0.21079674627556       -0.04288464285216
O           -4.72299322131089        0.78236041620130       -1.02092095702910
C           -3.15053429031303       -1.01186619083410       -0.60516456753038
O           -4.04772386740673       -2.01278867931506       -1.02615856410694
C           -2.24375262684363       -1.59475872603137        0.48097262787045
O           -1.47410619986193       -2.66997149164770        0.01201478561225
C            1.33647399292017        0.42201632402024       -1.44008318398122
O            0.62342635270511        0.23452377970626       -2.63387924283879
C            2.84516338817935        0.29075587998357       -1.69594015234293
O            3.28076999420022        1.30864784003496       -2.55493343961638
H            5.51807454907458       -0.16002226618388        1.37655917165554
H            5.69096054203860        1.51997398672148        0.78789347072324
H            6.78570399074038        0.24267736809141        0.18336579691947
H            3.43452819094050        1.42362143762440        0.05284252635430
H            1.59041561506961        0.51365610070832        1.43488423954564
H            2.54313153602347       -2.04464892253451        2.10889936509885
H            0.92880581329066       -2.39712712807929        1.46131896729566
H            1.51514894856267       -0.72060756967318        3.64862230997674
H            0.79679971462618       -1.53803696529434       -0.67494300514343
H           -0.69876634942389       -0.84470631241863        1.80474444432063
H           -2.27967895004809        1.63100053889977       -0.29284306770053
H           -4.08017374581248        1.93660435306024        2.16042286787165
H           -4.33765511170199        2.81012744782259        0.62571622971751
H           -1.98952185479239        2.97817722902271        2.16178357724366
H           -4.56605761521408       -0.12358140314103        0.75522997490008
H           -4.17937356024092        1.18259156715772       -1.71456344012332
H           -2.51675564644404       -0.69236176654257       -1.44957399453498
H           -4.79693995305997       -1.58257422784496       -1.46235338309200
H           -2.86710987962107       -1.90948120862196        1.33316542192365
H           -2.07424446470143       -3.28143245286387       -0.44010985834907
H            1.12810173866908        1.45835563679118       -1.14646936475413
H            0.65086854771953       -0.69918544571786       -2.88573929669712
H            3.07670270474373       -0.70106948465083       -2.11656987040262
H            2.66715535660737        1.34979604520421       -3.30485412344131
48
 energy: -84.835420734785 xtb: 6.7.1 (edcfbbe)
C            5.76868207836402        0.36101871073972        0.59187592842067
O            4.93869931462438        0.17171970744394       -0.54748460655071
C            3.60000518842472        0.41289999515498       -0.32225565804145
O            3.09191973904887       -0.62274448367168        0.49343241927799
C            1.73031309668763       -0.51916933196620        0.86232741698496
C            1.47704904822260       -1.76203991326442        1.75363350580917
O            1.00509599782713       -1.43869514879114        3.03523388139734
C            0.82229657170534       -0.45881290986254       -0.38336964912143
O           -0.50473921091787       -0.01180012666519       -0.16173369009557
C           -1.25947290881364       -0.39668559239721        0.96737871543465
O           -1.98397859325760        0.70963827166034        1.41034074668725
C           -2.90065063781374        1.23390634418259        0.44816278717633
C           -3.59093037365511        2.43027249468701        1.11247881295130
O           -2.70369345999313        3.49261768450423        1.33776063909032
C           -3.91418339734507        0.16527807741407        0.01346411791756
O           -4.80262543382808        0.63337198486794       -0.96822289033977
C           -3.16927204186617       -1.08545042497194       -0.47811379490897
O           -4.06011358134466       -2.13501988112847       -0.77569021809820
C           -2.20266929866251       -1.56066506000355        0.60914458686608
O           -1.42753189576881       -2.65118539498424        0.18646016544633
C            1.35626144072662        0.54737509711494       -1.42233095248307
O            0.66228124082273        0.47067930048235       -2.63965043761424
C            2.86765763670960        0.41907564857445       -1.66548823473700
O            3.32785418547570        1.49933471712666       -2.43023978138503
H            5.49217949367586       -0.33021923266163        1.39074834957047
H            5.69385775010507        1.39195795351953        0.95232904823115
H            6.78059902403636        0.15716887846043        0.25279039457220
H            3.44699553511550        1.39274591346659        0.18038377910473
H            1.57307206550497        0.40437549849735        1.44662834524420
H            2.42183825626393       -2.31316818630258        1.80352299205419
H            0.72199077351017       -2.40760738948948        1.30057675248665
H            1.71934758996071       -1.04730047896796        3.55425256817226
H            0.79674164529337       -1.46687374159682       -0.82969680947503
H           -0.63538587899600       -0.67485259144719        1.81846161331243
H           -2.33401361123100        1.57658160447316       -0.43020139967446
H           -4.04034920687152        2.09012600867042        2.05461618908895
H           -4.37607670065342        2.80975941698476        0.45608229124765
H           -1.96862950267356        3.15406147967020        1.86520245821054
H           -4.54109847649786       -0.11188388305388        0.86930979721458
H           -4.30134232475009        0.99002249705666       -1.71520816453603
H           -2.58007549930206       -0.82539654941928       -1.37369405740471
H           -4.83997035334326       -1.75583156678451       -1.20558615941580
H           -2.78096989980373       -1.82438765067242        1.50880801677628
H           -2.03194650436555       -3.31173886598595       -0.18324801166476
H            1.15421277301476        1.55782413553309       -1.04569328221672
H            0.68480221242902       -0.43812884889838       -2.97073723895211
H            3.09417855867705       -0.53696456495187       -2.16465052846706
H            2.72178559530177        1.61480637218776       -3.17862475474717
48
 energy: -84.834783203741 xtb: 6.7.1 (edcfbbe)
C            5.79351842253994        0.18275333519255        0.57320265656902
O            4.94186936614829        0.11964560118436       -0.56412670221323
C            3.61630892869576        0.38964506533899       -0.29823226664126
O            3.07783262873033       -0.69137235426728        0.43546751651246
C            1.72363492300736       -0.56464503800428        0.82512465005893
C            1.43520782501123       -1.83144044350570        1.66751803815289
O            1.05164405671301       -1.53483359356792        2.98562084981352
C            0.82036172121428       -0.41290999611689       -0.41519119348106
O           -0.52107226275893       -0.01280912026204       -0.18389265072825
C           -1.24179196549039       -0.33390058072343        0.98404424594300
O           -1.99134678356147        0.78258592131290        1.36031319757366
C           -2.91976505786859        1.23263728695114        0.37329393381196
C           -3.61359880367395        2.46763230080739        0.95806678983736
O           -2.73871994211957        3.55625417393336        1.08373365974463
C           -3.92807475920196        0.12790442445395        0.02780920679438
O           -4.83173080181856        0.51521290163363       -0.97501132790933
C           -3.17227356101030       -1.14515856658539       -0.37973776085459
O           -4.05087516286036       -2.22731812774518       -0.58337246705071
C           -2.17954141075933       -1.53149843257486        0.72029215975435
O           -1.41298133034308       -2.64665770660911        0.35150521121771
C            1.36398985755504        0.68152501893942       -1.35505748697086
O            0.65922341158670        0.74179163061658       -2.56670340384420
C            2.87031782026244        0.54337292942187       -1.62538414143825
O            3.34921394247259        1.68321162980988       -2.28516355531646
H            5.50696724063420       -0.56772319234993        1.31288354121442
H            5.75593168045872        1.17967933993142        1.02381104680149
H            6.79372006651808       -0.02025088212143        0.20043285931013
H            3.50733782148990        1.32783238390135        0.28879544914612
H            1.60427015208352        0.33772658947320        1.45062505989714
H            2.34316749890315       -2.44328778211676        1.64317406432651
H            0.61637702231660       -2.40441093769480        1.22946900983842
H            1.81764676572372       -1.21805666868649        3.48233348692056
H            0.81621314085217       -1.38186236623021       -0.94272878657945
H           -0.59951161117567       -0.54509388730603        1.84105386535977
H           -2.36428565887928        1.51679098602814       -0.53254131466460
H           -4.04109282033507        2.19522401210870        1.93186034190517
H           -4.41597386583467        2.78486125675303        0.28955849682941
H           -1.98883365948461        3.27046246105272        1.62144084709462
H           -4.54244394998517       -0.09339206818805        0.90861596049417
H           -4.34234665903473        0.82661811321944       -1.74969972671453
H           -2.60193501446518       -0.94545723901860       -1.30259758385335
H           -4.84353435841108       -1.89262375767194       -1.02635971337380
H           -2.73780020045430       -1.73643663513480        1.64746876929872
H           -2.02628072961199       -3.32825084273438        0.03803215097089
H            1.18869682057949        1.65407333640038       -0.87827349919294
H            0.64674206900455       -0.13274984161387       -2.97979797469117
H            3.06927613986799       -0.36311177853866       -2.21960794970653
H            2.73633906729744        1.88780708712632       -3.00858155101533
48
 energy: -84.833570868055 xtb: 6.7.1 (edcfbbe)
C            5.82148409458279       -0.00823175130653        0.51607357881400
O            4.94481278462354        0.05923523751022       -0.60165687002886
C            3.63844501879619        0.36399372194477       -0.28380073088941
O            3.06791304179899       -0.74553344748446        0.38003240318225
C            1.72407096877819       -0.59324161191851        0.79741302588635
C            1.40921143181326       -1.87151669188041        1.60812129743687
O            1.09111061124188       -1.59554199484844        2.94860870305964
C            0.82333755870312       -0.35865109032102       -0.43181355837077
O           -0.53452810224286       -0.01060120368338       -0.20227719859142
C           -1.22891325182846       -0.26977204660564        0.99362711092532
O           -2.01299666638284        0.84560872429021        1.30576150857450
C           -2.94894222736452        1.22616780035783        0.29853062079689
C           -3.65270775461061        2.48787055656991        0.81083103047987
O           -2.78736543718197        3.58907790047373        0.87728906251736
C           -3.94758001346351        0.09192131701054        0.03436638060434
O           -4.86320385922661        0.39834113931680       -0.98523253207708
C           -3.17455673949352       -1.19251849955976       -0.29141179158930
O           -4.03615387168185       -2.30141972734455       -0.40816594563257
C           -2.15840788824601       -1.49529302437083        0.81448101923486
O           -1.40299180044227       -2.63184157265218        0.49186180623383
C            1.37714906496986        0.80811223675508       -1.27398954383581
O            0.65988335504239        0.99702420643108       -2.46485222496662
C            2.87583203037269        0.65474374150787       -1.57853711617511
O            3.37944015722451        1.83459641761288       -2.14267347655408
H            5.51865210897003       -0.80619377282075        1.19718978012800
H            5.83553114145307        0.94771238145007        1.04906680273880
H            6.80425780180937       -0.21943903413872        0.10366351313514
H            3.58336903065250        1.25805264146326        0.37549180851705
H            1.64588486060760        0.29094206230956        1.45537425131758
H            2.28577769350342       -2.52284659495160        1.52963678967445
H            0.54874850308200       -2.39178111153706        1.18816803222680
H            1.89167995241724       -1.33957984292972        3.42524295650120
H            0.84195365930347       -1.28488501076500       -1.03067842743875
H           -0.57403601551293       -0.41611468247035        1.85450857251482
H           -2.40168425155019        1.45955055875357       -0.62638862215976
H           -4.08184455308822        2.26788561588631        1.79703424009445
H           -4.45489151132535        2.76026824629005        0.12252410072254
H           -2.04046620019167        3.34325752445361        1.43819022353237
H           -4.55249928947590       -0.07749502910833        0.93293048912018
H           -4.38357000710920        0.66571905345922       -1.78202216735262
H           -2.61948332092259       -1.04888198367135       -1.23379520226865
H           -4.83952932492193       -2.01163405613057       -0.86319005761242
H           -2.69733310528460       -1.64719092657532        1.76296284686196
H           -2.02541722863279       -3.32585870794270        0.22666412502261
H            1.23362697700373        1.73704394360092       -0.70802674400456
H            0.61087411206563        0.16245112989005       -2.95110977435015
H            3.03984012211879       -0.20080477535216       -2.25357057207368
H            2.76621435870394        2.11728794928549       -2.83896750529687
48
 energy: -84.831697688704 xtb: 6.7.1 (edcfbbe)
C            5.84065420660533       -0.15348689445583        0.45311577058534
O            4.94600041707508        0.01675920863457       -0.63929708993752
C            3.65601699114660        0.33763805155398       -0.27430588768104
O            3.06204542836731       -0.79830533986132        0.32109477194117
C            1.72922298582999       -0.63284763162436        0.76977033008588
C            1.39966647376620       -1.92243199241618        1.55115278180502
O            1.12936018672411       -1.67000793895342        2.90739354939228
C            0.82768342176080       -0.31801526401315       -0.44142570822578
O           -0.54460974014162       -0.01779728636292       -0.21834113876346
C           -1.21761914272899       -0.21093866557404        0.99930809580951
O           -2.03399696432916        0.89959133452054        1.25116364953714
C           -2.97277030159150        1.22125275746310        0.22828803552199
C           -3.68504204417008        2.50214453741349        0.67867009572542
O           -2.83283017316592        3.61531248593216        0.67971826472821
C           -3.96360657507343        0.06753164419082        0.03305858785029
O           -4.88341642047078        0.30229971789656       -1.00150787460277
C           -3.17583346134559       -1.22375466877733       -0.21362003824023
O           -4.02374380589044       -2.34905354201650       -0.25364975862197
C           -2.14639782382968       -1.45288244093488        0.89953094123217
O           -1.41127679880720       -2.61573706680852        0.63110906783163
C            1.39012174463809        0.90831210774413       -1.18842785303602
O            0.66014515575342        1.21088047726396       -2.34763604857648
C            2.88069749176154        0.74751858152192       -1.52898090865495
O            3.40422909898537        1.95682361145147       -2.00603572193793
H            5.52487138894542       -0.98599148041398        1.08525765178419
H            5.89536254024204        0.76335576517470        1.04861645272445
H            6.80831611366389       -0.36659880097501        0.00734976398715
H            3.64166663112838        1.18305721674351        0.44850589906751
H            1.68766380352673        0.22957931061003        1.46025600199746
H            2.25344544943481       -2.59693563981979        1.43023161310656
H            0.51182299101564       -2.40408447658511        1.14594641163321
H            1.95257483732296       -1.46124595318105        3.36791197870258
H            0.86364947557069       -1.19673602067388       -1.10687918845630
H           -0.55322817275295       -0.29972519897030        1.86036340338830
H           -2.43092870871074        1.41069779570298       -0.70955893553168
H           -4.10422216584060        2.32976822130833        1.67852010856813
H           -4.49559853178576        2.72855107783421       -0.01640509774687
H           -2.08251506884870        3.41170079510129        1.25265110116535
H           -4.56557715402861       -0.05249707688256        0.94144320094704
H           -4.40797146458520        0.52307902687651       -1.81481164919634
H           -2.62793361388179       -1.13488352365287       -1.16711668223850
H           -4.83299115589176       -2.09963893078772       -0.72186151021051
H           -2.67403930917154       -1.54508161340545        1.86195550109512
H           -2.04781919132950       -3.31475849620951        0.41748827578369
H            1.27621854743886        1.78936397659034       -0.54454372764118
H            0.56981739296291        0.41605367826158       -2.89083100052455
H            3.01425226080595       -0.05487558419279       -2.27258410972627
H            2.78846077460214        2.30703602504915       -2.66856534622110
48
 energy: -84.829683179423 xtb: 6.7.1 (edcfbbe)
C            5.80730744440664       -0.08454373242706        0.57497070143732
O            4.91646700621442        0.08240143013447       -0.51992772923911
C            3.60878451801833        0.33932362896769       -0.16764320166282
O            3.03166632709327       -0.85098452259660        0.32682441378880
C            1.68491459198589       -0.75982451559802        0.76778031108082
C            1.41255577835385       -2.14968745849008        1.36111098908117
O            2.18150898001058       -2.35957825982306        2.51554998376599
C            0.78148874932547       -0.35233808221213       -0.41079870697646
O           -0.59023619550372       -0.03654988472067       -0.18140711367632
C           -1.25390676911975       -0.08013432190826        1.05213555137623
O           -2.06617911037765        1.05904629080027        1.16858233712493
C           -2.98401576242198        1.27228395766647        0.09861778705072
C           -3.71679992940361        2.58391776538676        0.40642682916252
O           -2.88086137492720        3.70458127110756        0.30788694610271
C           -3.97051172951373        0.10227306054403       -0.01364268341162
O           -4.83487424395933        0.22315700238609       -1.11272024294088
C           -3.18605287187109       -1.21425478134530       -0.06726363588746
O           -4.04145320858591       -2.33201439209144       -0.00522608678102
C           -2.21767062440677       -1.29777186231543        1.11856730489466
O           -1.53203586565395       -2.51654103004898        1.10398199398821
C            1.35440123384996        0.91385536430109       -1.08951762609373
O            0.63478527529117        1.26479160866088       -2.24154404232529
C            2.85166332059739        0.80262204581187       -1.41386098994209
O            3.35589231629918        2.04784197499200       -1.81285801036961
H            5.55265036085971       -0.97526720424132        1.15270131967918
H            5.78526504942084        0.79553494374367        1.22549300400158
H            6.79412153618590       -0.19636056104529        0.13365908361834
H            3.54924187757563        1.13228889110936        0.60902164475095
H            1.62243365132564        0.00586963600251        1.56022534512866
H            1.64913872309693       -2.89420520865285        0.59085283958755
H            0.37328857751497       -2.26134173418609        1.65639036549858
H            3.11343263246194       -2.28521469207628        2.27198195720057
H            0.78690895049542       -1.18491780944470       -1.13097864918805
H           -0.58035618118093       -0.06714356212257        1.91180686575836
H           -2.42043283738316        1.37677143368333       -0.83934108326913
H           -4.15178481856444        2.50732040692012        1.41162594280661
H           -4.51759141802181        2.72629888927431       -0.32175116826895
H           -2.14105229826188        3.57752102960201        0.91535316085287
H           -4.61953806032990        0.08727968567722        0.87010933299092
H           -4.31823239260109        0.35659862665703       -1.91991775784002
H           -2.59254679872463       -1.24768495665270       -0.99613890558602
H           -4.82113014203670       -2.14644593619709       -0.54719330173159
H           -2.79313775722740       -1.19539557618645        2.05371504381284
H           -2.18245274483660       -3.21066276415044        0.91450439860972
H            1.21722312431365        1.75860653124347       -0.40261925929676
H            0.58907413363023        0.50773267832472       -2.84216644557653
H            3.01729609611687        0.04618035989494       -2.19806370082709
H            2.74134091428471        2.42476015103004       -2.46180907159124
48
 energy: -84.828116530027 xtb: 6.7.1 (edcfbbe)
C            5.82337314973713       -0.17554772995573        0.52290277065211
O            4.90825238286856        0.06491497594709       -0.53782601607920
C            3.61130443546192        0.31046636710821       -0.14008210666607
O            3.01919394760581       -0.91147390749156        0.24817756888515
C            1.68196691190912       -0.84045404822852        0.72248737878733
C            1.39614002899549       -2.27247964475181        1.19529206469229
O            2.24633380321615       -2.63031541593438        2.25264541855768
C            0.77012579676979       -0.32568799635146       -0.40577782039067
O           -0.60480567101204       -0.02960198042460       -0.16581750083702
C           -1.24656006538811        0.01523095718608        1.07856511740058
O           -2.07971061885632        1.14944986705014        1.10517964524626
C           -2.98780608075922        1.26655080181770        0.01290062879502
C           -3.74976782258267        2.58187202389243        0.21663768551676
O           -2.94029417522803        3.71057696515440        0.03093618928659
C           -3.95422819260033        0.07448109530591       -0.03137989285407
O           -4.77921943633353        0.08878243700486       -1.16691562075298
C           -3.15859289839535       -1.23360366426808        0.06117894605903
O           -4.00812934605135       -2.34612506111845        0.21972850142548
C           -2.21734769433630       -1.18479892233523        1.27065964781145
O           -1.56305830895739       -2.40783219148827        1.43671407540329
C            1.35283023818903        0.99605332548491       -0.96598218219329
O            0.61973938780535        1.46563301368545       -2.06584526181505
C            2.84353371744374        0.90353906507158       -1.32281849899055
O            3.35730217546351        2.17730010232611       -1.60151575862083
H            5.56140811694056       -1.08460604483512        1.06786486358227
H            5.84232371843741        0.67422159511781        1.21250064286265
H            6.79440696273228       -0.29192156357320        0.04910349115673
H            3.57847748642287        1.02671513751785        0.70885673262225
H            1.64468920279013       -0.14701217190073        1.57914272547824
H            1.53408592793741       -2.94544127900327        0.33982439009452
H            0.38076198032387       -2.36495042300292        1.56976948515171
H            3.15743010391752       -2.55008464771787        1.94107001722300
H            0.76657721406345       -1.08517447949070       -1.20114297794340
H           -0.56113344737680        0.10649725284167        1.92423718770453
H           -2.41450146391906        1.31672083386551       -0.92337050364639
H           -4.18547442470189        2.57418992983863        1.22449396751412
H           -4.55182181760072        2.64804904651836       -0.52099654213416
H           -2.19512606369650        3.64640074570326        0.64151336558560
H           -4.63574701787433        0.12685527635565        0.82625838510924
H           -4.23513273140122        0.15727681639211       -1.96409722067073
H           -2.54584210386914       -1.35652493003144       -0.84710555372023
H           -4.77074384661134       -2.22992101486029       -0.36377281024720
H           -2.81149506377907       -0.95287888638443        2.17079028351626
H           -2.22248255592268       -3.10670891810634        1.30209777399627
H            1.23562186342359        1.77000091588150       -0.19648230691574
H            0.55908339621923        0.77226292385619       -2.73749389403929
H            2.98958779640135        0.22822076065455       -2.18112634710104
H            2.74446914518611        2.62087844835411       -2.20849408510372
48
 energy: -84.827287020151 xtb: 6.7.1 (edcfbbe)
C            5.78496045714018       -0.22728787320828        0.65155400460618
O            4.91959640848640        0.12365824863009       -0.42016345063456
C            3.60231903486739        0.31554852163672       -0.06224122416283
O            3.00897823861881       -0.94520409556106        0.16452232720634
C            1.65472270042399       -0.94406125510337        0.59154742225659
C            1.35564956217677       -2.43559422090957        0.81297472002315
O            2.20559524297944       -2.98997257414469        1.78051074885468
C            0.76419216512709       -0.29601250699782       -0.48352834947378
O           -0.60641042243423        0.00569269019256       -0.22181926072875
C           -1.19905267318214        0.14919933556714        1.04058149192205
O           -2.05120567118286        1.27054227905801        0.98241771337339
C           -3.01331158658019        1.24305628942356       -0.06997586481567
C           -3.81162363784095        2.54900754822062        0.03145138066659
O           -3.06484221061677        3.67275970563202       -0.34580194604638
C           -3.94328350790390        0.02590439860061        0.05034094695347
O           -4.80185162920126       -0.10575545394511       -1.05170553284520
C           -3.11254706072786       -1.24709417523346        0.26326774605034
O           -3.92921810280708       -2.34925849630608        0.58324631114279
C           -2.13872910030421       -1.02389009737585        1.42500190373934
O           -1.46822161263607       -2.20072855526184        1.76514754695566
C            1.37659752192338        1.06698652590156       -0.90600303148691
O            0.68254746222670        1.63610442373606       -1.98466259019499
C            2.87917758500124        1.01377522057625       -1.21434369854350
O            3.39218112904558        2.31035878259933       -1.35671904223200
H            5.49681699993164       -1.18440655436822        1.09052328499949
H            5.77383206157366        0.54878846532540        1.42302507115721
H            6.77614074938291       -0.30169278130003        0.21261106531420
H            3.51894922238910        0.93892375285807        0.85372129242137
H            1.57532156576882       -0.39237181460223        1.54062123811415
H            1.47815576080252       -2.95021578937619       -0.14903524143065
H            0.34118737796580       -2.56579509503574        1.18070354007866
H            3.11641096465771       -2.84551016027801        1.49156501790535
H            0.73652866899939       -0.96527187320505       -1.35330069189579
H           -0.47819576264388        0.34698535020067        1.83869458818320
H           -2.48566861525513        1.21205441725284       -1.03329591410613
H           -4.17603552004795        2.64878498870125        1.06229101732630
H           -4.66428295238397        2.49929372041594       -0.64864522036832
H           -2.27738520625148        3.70929908052636        0.21134979738980
H           -4.60095486253646        0.15634750526227        0.91832983628131
H           -4.28385117746395       -0.12007251172631       -1.86860298490052
H           -2.52693088091925       -1.46437406074549       -0.64526916021191
H           -4.71275618044519       -2.31875356110683        0.01709780291936
H           -2.71113274977364       -0.66278579131207        2.29650567309007
H           -2.13011435353908       -2.90999706268234        1.78251758762245
H            1.22965996504182        1.76828743731522       -0.07389093430790
H            0.65693995642752        1.01103975435685       -2.72236085584785
H            3.06294009086218        0.41947390308699       -2.12396693587740
H            2.79820263526203        2.80422974795957       -1.94330308413746
48
 energy: -84.828982506655 xtb: 6.7.1 (edcfbbe)
C            5.65810476735751       -0.29047468584546        0.95776382357790
O            4.90972609265677        0.15263695673085       -0.16650646138756
C            3.55942804339385        0.30959253163712        0.06244346377124
O            2.96368553493902       -0.96870573371852        0.11290888927147
C            1.57202464646589       -1.02319881701033        0.37862287560360
C            1.25580482120466       -2.52860211228050        0.27614463556437
O            1.95995444943406       -3.28046884402245        1.22354477981411
C            0.75918605312833       -0.22466091453671       -0.65646657098702
O           -0.60440991208913        0.08273212745662       -0.37478451195354
C           -1.11842437702831        0.31244960662871        0.91207675579065
O           -2.01032476388483        1.39481575180098        0.80951242950112
C           -3.06955597913222        1.18852755914185       -0.12603165374964
C           -3.92966134156900        2.45804662253158       -0.10777773810209
O           -3.29100791248285        3.55359893924287       -0.70364319508150
C           -3.91270976308612       -0.04721433906354        0.23078456797443
O           -4.87234866299843       -0.33708957783405       -0.75129287802929
C           -3.00181298494983       -1.25759946354370        0.49326776072078
O           -3.72446208662681       -2.34353291071404        1.02146375957990
C           -1.93457341671351       -0.85081876185216        1.51330854794392
O           -1.12890978013439       -1.91778190095574        1.91201263097137
C            1.42847615722179        1.15259743405472       -0.91567650869472
O            0.83616158241777        1.82635376858057       -1.99467557662571
C            2.95159876684869        1.09754426934387       -1.09832560754056
O            3.48422537588566        2.39377180700838       -1.10354592771242
H            5.32429004786510       -1.27660297200575        1.28654747201306
H            5.56769851645503        0.42264666635452        1.78341636100828
H            6.68973719792991       -0.33900793651414        0.61898489186915
H            3.37126841270320        0.85178594559383        1.01377564921165
H            1.37161866538704       -0.66141550650456        1.39600289469572
H            1.51356715680689       -2.85311184360344       -0.74155561497300
H            0.19878744977037       -2.69643201788562        0.46803398807370
H            2.89996393623465       -3.08555388236443        1.11319523689237
H            0.71692654315232       -0.79030034742739       -1.59437468242852
H           -0.34395608314958        0.63146501611997        1.61978557511788
H           -2.63502397272408        1.05753401336881       -1.12691593375395
H           -4.19560252692175        2.67774365043441        0.93458655272735
H           -4.84126260650023        2.27942366957612       -0.68164787153348
H           -2.45247607215346        3.69766248143293       -0.24706959115489
H           -4.48407798338203        0.15508285233050        1.14496713531950
H           -4.44107046592766       -0.42463239071536       -1.61310985671330
H           -2.49985665412843       -1.55550033922528       -0.44228478259798
H           -4.55316654250688       -2.42703238353089        0.52913338272617
H           -2.44577094732154       -0.42280034938294        2.39305171584053
H           -1.71613594662980       -2.64479200849353        2.16685984443105
H            1.22516253290122        1.78750290598229       -0.04253890630992
H            0.83897312597777        1.26028065523332       -2.77853438646986
H            3.21066269977788        0.56601344877185       -2.02797766133386
H            2.93956625572034        2.93751710085299       -1.69397361768884
48
 energy: -84.832277651354 xtb: 6.7.1 (edcfbbe)
C            5.56495848708059       -0.39956922491093        1.10663270343588
O            4.89036380171750        0.11571749658136       -0.03358260013142
C            3.53009228575104        0.27272842811640        0.12572876992744
O            2.92135007764527       -0.99886308990612        0.05712318882745
C            1.51854262700908       -1.03929409661418        0.25298102211318
C            1.15783925130072       -2.51897056778778        0.01319628046247
O            1.74542089474301       -3.37232250712578        0.95203039564189
C            0.76676709940822       -0.14545288604452       -0.75013216075810
O           -0.60318627341534        0.12714161265701       -0.47682160911082
C           -1.07223945592302        0.42798377295821        0.81500927798531
O           -2.01254751478661        1.46164674907091        0.68358841268679
C           -3.11404806608732        1.13643434892689       -0.16585014021383
C           -4.02865359551226        2.36713767308564       -0.19033008428220
O           -3.48659441921786        3.42718490853992       -0.92904287023850
C           -3.87230451969904       -0.10435714457391        0.33526396839324
O           -4.88138528834665       -0.50651719207633       -0.55290580957209
C           -2.88855118402347       -1.25328532438411        0.61536591521250
O           -3.52549098850966       -2.33610424496137        1.24818803389439
C           -1.78825937157438       -0.72824842776742        1.54118966691066
O           -0.89380419836662       -1.71455216227174        1.95847988821626
C            1.46559817596624        1.23034687521537       -0.89192003413520
O            0.93579599171771        1.98283123405783       -1.95162272293551
C            2.99469575112916        1.14620230961358       -1.01037723448047
O            3.55667817334332        2.42621614912044       -0.90997976794892
H            5.19962577269563       -1.39666603559752        1.36027878429362
H            5.43301362877718        0.26847781615530        1.96367372238242
H            6.61436258362493       -0.44560918924602        0.82870255440173
H            3.29142285565679        0.75245067535993        1.09930461708538
H            1.27388728819978       -0.75563940737105        1.28471439648250
H            1.48731684177003       -2.77877001583704       -1.00284946047500
H            0.08130635824481       -2.65278342191997        0.09973405869027
H            2.69792626981008       -3.21168215862193        0.94067813666926
H            0.74323482443421       -0.64015029734765       -1.72783150249775
H           -0.27739716316152        0.83036127980661        1.45567897273725
H           -2.73347768382525        0.94502981966421       -1.17928302826664
H           -4.22376017778536        2.66967668840656        0.84693770444486
H           -4.97241707469995        2.10301809243476       -0.67176888573723
H           -2.62043812692428        3.64118478261773       -0.55934582075484
H           -4.38921915890277        0.13941642950989        1.27143692793847
H           -4.50990273337318       -0.62799174653587       -1.43799638293262
H           -2.42677876646080       -1.58474388431410       -0.32982803746169
H           -4.37884733524390       -2.48136569732416        0.81570995168492
H           -2.27156800054932       -0.26839863644091        2.42107344773009
H           -1.41394328588907       -2.46912259383117        2.27261551443044
H            1.24106499041618        1.81845715145967        0.00831096672413
H            0.93194215744548        1.45666934262024       -2.76307617304858
H            3.28340175702698        0.66719276004594       -1.95954388688313
H            3.05820448423820        3.01694930236026       -1.49605296942037
48
 energy: -84.835099997270 xtb: 6.7.1 (edcfbbe)
C            5.58776426490045       -0.60103788459743        1.01102696311967
O            4.90216757375784        0.02941795244090       -0.06285155219834
C            3.55244608603907        0.21616109034331        0.14670189579170
O            2.89788068149355       -1.02588809385277       -0.00026923197921
C            1.49824480997243       -1.01705350791955        0.22283920356650
C            1.05859277152116       -2.46601282490775       -0.05754978181051
O            1.63174592865888       -3.38187812766660        0.83015158963592
C            0.78397736765291       -0.04830795907844       -0.73625609199079
O           -0.59931084907495        0.17001351684166       -0.49812015704950
C           -1.08543635639611        0.53461331302501        0.77287673419525
O           -2.07368138093194        1.51007026132060        0.57733704029116
C           -3.16010108938270        1.07705072850459       -0.24248410896955
C           -4.12797802027196        2.26201327408488       -0.34584127352899
O           -3.61940772565821        3.30246841889647       -1.13455041525430
C           -3.86014820584983       -0.16011112455544        0.34485961686982
O           -4.85181520790463       -0.66629598773734       -0.50900067938864
C           -2.82301249337498       -1.24109782164955        0.69452997385045
O           -3.40458962217072       -2.30792236641823        1.40296305550959
C           -1.74501491189114       -0.60523413644580        1.57586920864626
O           -0.80408399700202       -1.51886298772642        2.05426703962576
C            1.49958274850230        1.32202439111022       -0.75594133102057
O            0.98125362129394        2.17788229229527       -1.74014634674018
C            3.02483213374659        1.20039879935171       -0.90074797451227
O            3.63031198190855        2.44777656540688       -0.69674079865188
H            5.20158618477060       -1.60728264650354        1.18467220406221
H            5.49273834379251       -0.00846842324083        1.92645205368019
H            6.62912175977975       -0.64815332603187        0.70432603269852
H            3.35495858095765        0.62510552761032        1.16112065974609
H            1.28312365260303       -0.75369900819151        1.26684058782839
H            1.33883758912437       -2.70551277428548       -1.09309642361754
H           -0.02019838414308       -2.54944573254095        0.06094293709665
H            2.59003413335663       -3.26458212125889        0.79735114814513
H            0.80122300261971       -0.47326964073281       -1.74707544851999
H           -0.30990911518372        1.01009790333577        1.38534084500477
H           -2.77317491564898        0.83401582526024       -1.24239365763410
H           -4.35120465680909        2.61217844910013        0.67054958367031
H           -5.05226545384921        1.93108975167414       -0.82363970853654
H           -2.76774425362175        3.57039206075872       -0.76576718388154
H           -4.38541827340086        0.12201708496237        1.26539931429585
H           -4.47667362973152       -0.83427328182601       -1.38493668637312
H           -2.35158814633086       -1.61269125110622       -0.23096666611643
H           -4.25467184634592       -2.51970578818737        0.99210280571385
H           -2.24743861860544       -0.11194596868835        2.42660204294050
H           -1.28733215926443       -2.28488417171303        2.39840609171848
H            1.30378275299385        1.83628496572753        0.19400960789181
H            0.94865288165579        1.72218322793580       -2.59264763694994
H            3.28603058540203        0.79805554130000       -1.89253888479949
H            3.15330792882468        3.10230175343620       -1.23049008579354
48
 energy: -84.837135032342 xtb: 6.7.1 (edcfbbe)
C            5.64770894658516       -0.81816612362709        0.80007196641678
O            4.92036341985863       -0.06796880949235       -0.16387388955666
C            3.59650565262833        0.15126572994741        0.15428179349812
O            2.88172566756190       -1.04872064158301       -0.05116340265835
C            1.49171642518091       -0.99162155077248        0.22376748293362
C            0.97329383772542       -2.40428145551390       -0.09380053426579
O            1.53518897511889       -3.37872693582726        0.73753463310351
C            0.80771935350172        0.05580885910305       -0.67275082855242
O           -0.58820193470920        0.22137339921072       -0.48448871633923
C           -1.12643162083013        0.64156081057507        0.74974760190631
O           -2.15432798918203        1.55155852335285        0.47014923702462
C           -3.20498866812125        1.01007388837526       -0.33154125707397
C           -4.21746846753031        2.14048482526338       -0.55279671385464
O           -3.73932352796722        3.12414563710873       -1.42867711113185
C           -3.86469517468444       -0.20231323303351        0.34631229971878
O           -4.83564773812123       -0.80708862052997       -0.46615836940656
C           -2.78762949254270       -1.21462919154471        0.77128356020698
O           -3.32905864858987       -2.25515074159078        1.54728781736252
C           -1.73982618847255       -0.48080652433496        1.61193653930963
O           -0.75660443817588       -1.32316820153102        2.13655965911435
C            1.54082190675232        1.40674446179877       -0.54374072757614
O            1.01801372773423        2.39082539572632       -1.39630193796024
C            3.05523779121359        1.25332145998438       -0.76248039302977
O            3.71177978806041        2.45261817748933       -0.45465652126189
H            5.22862320157217       -1.81985866251843        0.91318586415753
H            5.64223371310256       -0.30578829093756        1.76715764730537
H            6.66253181362809       -0.87871080202136        0.41623926735206
H            3.48403008692709        0.47584480850683        1.21118019558129
H            1.32198399846306       -0.75848735858487        1.28356812330484
H            1.19934692984825       -2.61751639568377       -1.14796758455364
H           -0.10274923131228       -2.44072721480595        0.06575464042009
H            2.49606255142693       -3.30226660332252        0.67337319762965
H            0.87486738815767       -0.28416285973965       -1.71410545333934
H           -0.39107992509154        1.19183435909446        1.34718907783746
H           -2.78769529970823        0.70011166470315       -1.30033108400925
H           -4.46952209774199        2.57209925493478        0.42447895258587
H           -5.12058877347194        1.72928879744945       -1.00830892928242
H           -2.91500453815879        3.47393697757640       -1.06654619884547
H           -4.40074135714304        0.12917015732920        1.24370495431903
H           -4.45272766829121       -1.02601712802206       -1.32731388598987
H           -2.29878157565584       -1.62699579004488       -0.12772388403285
H           -4.16725232002118       -2.52934426115740        1.14879604955361
H           -2.26536552139185        0.03334226451749        2.43580568751176
H           -1.20329230752330       -2.09361124865972        2.51821118116159
H            1.40049374006147        1.80512882818541        0.46908044316231
H            0.92990704208818        2.03959259801933       -2.29323480527394
H            3.26362087914844        0.95169222374534       -1.80141894820058
H            3.23522573029285        3.17430128055085       -0.89379057273826
48
 energy: -84.838351829289 xtb: 6.7.1 (edcfbbe)
C            5.66179900060025       -0.94708049647616        0.68956986972385
O            4.92897478429643       -0.11033042267352       -0.19579255225643
C            3.61616920365433        0.10423504682371        0.16743886129066
O            2.87559750592737       -1.06610438144733       -0.10828483119575
C            1.49247456126168       -0.99432953104197        0.19835035058554
C            0.92650423691507       -2.37456810339988       -0.16749521732610
O            1.50950383931272       -3.40331757558446        0.58075559036942
C            0.82723704537520        0.11960992809779       -0.63153072036181
O           -0.57683349186894        0.24364741215193       -0.48233674965356
C           -1.15511950460174        0.73185514347478        0.70930684394263
O           -2.21021753920891        1.58043096117222        0.35655222874843
C           -3.23904089430330        0.95277649234698       -0.40873224137455
C           -4.28291430575991        2.03591145055634       -0.70871089097297
O           -3.81072774264167        2.99868360691887       -1.61035717252578
C           -3.86539030417607       -0.22543782925904        0.35428664719122
O           -4.82135936650080       -0.91320988797871       -0.40847052770889
C           -2.75939494193667       -1.17475458160111        0.84314682187780
O           -3.26995020618703       -2.17838088740411        1.68612569385903
C           -1.73003019760748       -0.36201112992734        1.63298091365885
O           -0.71316203130433       -1.14819994437644        2.18293196151450
C            1.56895420249480        1.44602893944428       -0.38712741582064
O            1.04848226421163        2.51130876675299       -1.13699251736330
C            3.07634947016145        1.28367596269366       -0.65011094342722
O            3.76184645020446        2.44344988979587       -0.26529358385853
H            5.23626712658395       -1.95198055114198        0.71934843557147
H            5.67134274047543       -0.52201510118576        1.69805976811077
H            6.67164515698204       -0.98047667945705        0.28968347919437
H            3.53207848660111        0.35038889606565        1.24803003608329
H            1.35073819181014       -0.80598958603359        1.27143583482634
H            1.08790550936902       -2.53769607244187       -1.24211479153502
H           -0.13975473299834       -2.39587911824689        0.05090219241844
H            2.46748175266708       -3.33537653817000        0.47649008193580
H            0.93134217793596       -0.14711788402367       -1.69218525299956
H           -0.45324167408292        1.35020663645632        1.27762319845902
H           -2.80754584136008        0.58799230882689       -1.35196142663761
H           -4.57991802305934        2.49902664778693        0.24114665882534
H           -5.15712361534511        1.57456325178226       -1.17220252138626
H           -3.01459138421610        3.39537711912600       -1.23359383798337
H           -4.40806726727939        0.15461138605515        1.22808439287656
H           -4.43318092456849       -1.18821346821951       -1.25106942168229
H           -2.26073912995344       -1.63056381723824       -0.02919840814645
H           -4.10790218106836       -2.49081437132871        1.31639214667395
H           -2.26400833646772        0.17251200139860        2.43782051879490
H           -1.13185743572159       -1.91271925057546        2.60618172955297
H            1.45923724259992        1.75048658566359        0.66115975875061
H            0.94407555458515        2.24442299406995       -2.06103301264036
H            3.25795277195023        1.05903639394131       -1.71332795382368
H            3.28810986423967        3.20632513386694       -0.63239589270247
48
 energy: -84.839008187715 xtb: 6.7.1 (edcfbbe)
C            5.67527349422466       -1.04649728135296        0.58314791348800
O            4.93238370900035       -0.13982872650656       -0.22122578702999
C            3.62864245476989        0.05552796268901        0.18354360075709
O            2.86896305962698       -1.07892794448555       -0.17801431787412
C            1.49062088379382       -1.00500835236756        0.14898127642997
C            0.88713935540927       -2.34585443760479       -0.28932951158165
O            1.44185242828034       -3.42986459025510        0.40072812737225
C            0.84325342623370        0.17705741742072       -0.59952186496504
O           -0.56648154059067        0.26473239377440       -0.48121319512802
C           -1.18270216325226        0.81924175501551        0.66243453823589
O           -2.26001170635072        1.60200345427212        0.23811920664894
C           -3.26727879557745        0.88775779380173       -0.47775012394798
C           -4.33481603741954        1.91698128348661       -0.86995289305811
O           -3.87199881937633        2.82435142742716       -1.83200630174007
C           -3.86539404232676       -0.23701849023255        0.38109456047749
O           -4.81319759936957       -1.00318971176654       -0.31417448896124
C           -2.73434314419091       -1.12137826840654        0.92951021515173
O           -3.21647973925553       -2.07628745750787        1.84289895520629
C           -1.71762598340480       -0.23504944453099        1.65378061495142
O           -0.66664530214891       -0.96449072722350        2.22039788807214
C            1.58881118893528        1.46688496282797       -0.22433956639370
O            1.07701320412024        2.60815323067399       -0.86032738001678
C            3.09303882129988        1.31301541063830       -0.51289355715816
O            3.79498812132894        2.42109837588698       -0.02055995100739
H            5.24397569260110       -2.04855705232417        0.54255907816671
H            5.70516055512841       -0.70069286872201        1.62109333646853
H            6.67779602802690       -1.05367170586294        0.16394398008256
H            3.56647473190186        0.20699802048454        1.28280969173293
H            1.36441605939369       -0.87921376326083        1.23336779610899
H            1.03726585602524       -2.45571383452619       -1.37197631741663
H           -0.17878047578260       -2.34697867411852       -0.06649239899657
H            2.40037468735552       -3.39214184188057        0.28677562997480
H            0.98154861741514       -0.00359085591270       -1.67520275957073
H           -0.51456318912010        1.50547353206619        1.19033017105598
H           -2.82058411249600        0.45678639870187       -1.38550105259339
H           -4.65838639823819        2.43967586903830        0.03939477047191
H           -5.18961639762183        1.40051015350979       -1.31077042505011
H           -3.09307171993569        3.26759567567194       -1.47142245476756
H           -4.40778629367559        0.20077290705572        1.22749730344086
H           -4.42670671271684       -1.33596376682390       -1.13636108602429
H           -2.22996513618064       -1.62501558566686        0.08727380673054
H           -4.04883681910674       -2.43196112589346        1.50036097430337
H           -2.25243805932330        0.32397995394772        2.44078358569380
H           -1.05539630797956       -1.72121698730235        2.68434997216526
H            1.49082035574181        1.66176618035844        0.85082365553280
H            0.98770920211493        2.44271047741903       -1.80948704773892
H            3.26551258718135        1.19318907678200       -1.59451504639832
H            3.33007004891443        3.22184554196247       -0.30947698446444
48
 energy: -84.839525391783 xtb: 6.7.1 (edcfbbe)
C            5.64570383158626       -1.15672532301658        0.54111249212996
O            4.93259864835642       -0.15105759077047       -0.16680216285839
C            3.62312969508730        0.01590587305715        0.23275335639442
O            2.86217315062439       -1.07237278837515       -0.24800746359815
C            1.47576911760018       -1.00745841246034        0.04130624588584
C            0.86416876673090       -2.28800681383154       -0.54069867271644
O            1.26964888970375       -3.43823127052422        0.14621117493765
C            0.85775258212480        0.25055182011836       -0.60516565340491
O           -0.55556760379548        0.30227271565115       -0.49849685759759
C           -1.20189783760362        0.91795978983190        0.59675301811169
O           -2.30555896478974        1.61883822674252        0.10582353579310
C           -3.28383980400576        0.80276679184474       -0.53881083053228
C           -4.38747983906882        1.75104365862874       -1.02340891894005
O           -3.94585483027602        2.59514220926488       -2.05105071917416
C           -3.83825247535838       -0.25959520607253        0.42245107474773
O           -4.76218633306729       -1.11731707413495       -0.19406685943688
C           -2.67634060147520       -1.05339900462102        1.04142518906090
O           -3.12431665658096       -1.93234397523603        2.04433200374251
C           -1.68244156987321       -0.07593999651916        1.67249728164722
O           -0.59057139626527       -0.72248725156430        2.26500854180949
C            1.60213391168326        1.47972179825826       -0.07014988437596
O            1.11793764084484        2.69658910979696       -0.57647537953019
C            3.10985153838688        1.33975361945001       -0.34832548341345
O            3.81190972155276        2.38890829707733        0.25870833651978
H            5.20651179846262       -2.14095031960806        0.36753824336473
H            5.65032937877965       -0.93929500543268        1.61367957361655
H            6.65908178193084       -1.12530261200141        0.15013081544437
H            3.54289878593987        0.06233239975255        1.34042074506300
H            1.31297446994067       -0.97914924625957        1.12794357136915
H            1.13852307168895       -2.34814612943245       -1.60229100169849
H           -0.22059382455996       -2.23611088318287       -0.45060109364705
H            2.23455930511053       -3.47276290064355        0.12720082048831
H            1.02501529170732        0.18048630205049       -1.68970390932195
H           -0.56954254691537        1.67810137360568        1.06358269267485
H           -2.81855320446786        0.30724390245667       -1.40338110194926
H           -4.74341017669496        2.33289145788126       -0.16336250225771
H           -5.21569926065593        1.16714262493648       -1.42906991540235
H           -3.18396243519760        3.08886832197408       -1.72035699702622
H           -4.39171306156374        0.23425490958661        1.22999908160826
H           -4.36792605945096       -1.51026536048230       -0.98545884740209
H           -2.16011522022493       -1.61945888567710        0.24770835704984
H           -3.93930983806137       -2.35437416257662        1.73730060534016
H           -2.22225152800073        0.51838541272829        2.42931761826202
H           -0.94168628701827       -1.45996584442779        2.78640742537691
H            1.48471591815092        1.54338424746786        1.01903821129318
H            1.05380808590751        2.64931568775151       -1.54076709770823
H            3.29967015951793        1.32245495949902       -1.43372229535322
H            3.34820389048288        3.21639632938872        0.05500976797068
48
 energy: -84.840259070961 xtb: 6.7.1 (edcfbbe)
C            5.58875950118147       -1.27215632050701        0.55155091419595
O            4.92083903920405       -0.17557335877561       -0.05866807870617
C            3.59643120502331       -0.03509804462134        0.30047139773296
O            2.84663735981185       -1.05482353832353       -0.32636794136993
C            1.45035532745840       -0.98961886248883       -0.10058370542822
C            0.83441740905991       -2.18440057200443       -0.84167607186098
O            1.02167039504517       -3.40014271572008       -0.17308201146295
C            0.86973227594360        0.34066535270077       -0.63163761499872
O           -0.54571654403715        0.35195453769454       -0.52518510439734
C           -1.21778676178292        1.02334066116672        0.52048943961384
O           -2.35109077206983        1.62931574378801       -0.02312463344936
C           -3.28733654526169        0.70856894593704       -0.58629303921700
C           -4.43670649745023        1.55083228442336       -1.15176772907654
O           -4.03475465882569        2.31492552402782       -2.25594123177583
C           -3.78396985064769       -0.29119659864083        0.46961437563951
O           -4.66985121522161       -1.24097329250822       -0.06246273741780
C           -2.58468461717281       -0.97500238635319        1.14767674044968
O           -2.99050766974897       -1.77347511971526        2.23336876658638
C           -1.63151987005906        0.09711303465045        1.67833953274730
O           -0.49260040795955       -0.44799772723726        2.28784689339439
C            1.60565730008450        1.48830012071178        0.06396797661207
O            1.17289448408252        2.76642220443266       -0.33072875297950
C            3.12278099129428        1.35039009576108       -0.15684086576986
O            3.80686311082113        2.31909850607770        0.58857718604476
H            5.15349155675973       -2.22005280765049        0.22978614474996
H            5.53670072214484       -1.19351466595550        1.64185200707294
H            6.62193789718679       -1.20405003715220        0.22172109803847
H            3.46789367456651       -0.10611579771552        1.40225946428672
H            1.23066594839946       -1.06432054058497        0.97422528899924
H            1.26465530306289       -2.21743420704736       -1.85081230154431
H           -0.24291317278559       -2.03258612120172       -0.91608138535886
H            1.97002202619734       -3.56101825777702       -0.09080019296404
H            1.06239155092756        0.38998502581697       -1.71283262468521
H           -0.62352570478314        1.85245816254528        0.91517310053447
H           -2.79688201590000        0.16182718333373       -1.40491147939675
H           -4.82116758769611        2.19359040986778       -0.34919142665840
H           -5.23491663934798        0.89163623374462       -1.49782830595361
H           -3.28770865983494        2.86201058749041       -1.97943285837426
H           -4.35658847538785        0.24524044851849        1.23561804125844
H           -4.25620552979488       -1.69087664631449       -0.81246936364313
H           -2.04562134855422       -1.59101547060611        0.40860499275415
H           -3.78145094726413       -2.26532732827257        1.97119170627933
H           -2.18408338674414        0.71945958884903        2.40203851518997
H           -0.79685140530070       -1.14508891487031        2.88840694924334
H            1.42971499701500        1.43344180479152        1.14582340665639
H            1.16796601100312        2.82960153813104       -1.29625578136105
H            3.36297311575317        1.44553407677151       -1.22838394737013
H            3.34898716150221        3.16614307399637        0.46824136847723
48
 energy: -84.840893362618 xtb: 6.7.1 (edcfbbe)
C            5.53409459558359       -1.37442421827772        0.55638485678316
O            4.90351545410145       -0.20831672750760        0.04335866121176
C            3.56561830547935       -0.09051809915701        0.35785553733697
O            2.83607413476549       -1.03593286106197       -0.39625551809390
C            1.43527313819853       -0.97164854487517       -0.21381321873727
C            0.82673002592986       -2.09771480487810       -1.06094148730841
O            0.94778775902165       -3.35776274778413       -0.46126408532351
C            0.87654679372359        0.40490136797008       -0.64223430759439
O           -0.53986088874977        0.37567727850390       -0.53821372582934
C           -1.23630292486749        1.11088384335943        0.44685858182141
O           -2.39079285539860        1.63053286499286       -0.13678126545319
C           -3.29511700228121        0.63610146279955       -0.62129393420569
C           -4.48176499183807        1.38978220370234       -1.23276680535026
O           -4.12466934781081        2.07426573543500       -2.40269336114117
C           -3.74345315084228       -0.30457412548461        0.50811519512691
O           -4.59493785378529       -1.32276858590627        0.05148203324230
C           -2.51374283806986       -0.89214431419176        1.22103234789372
O           -2.88056067320483       -1.63099295130856        2.36203944820749
C           -1.60137078020770        0.25077381600491        1.66998185524524
O           -0.42883503571372       -0.21283766991315        2.28597436240674
C            1.59766379952423        1.48364523313499        0.16759321830606
O            1.21449688079229        2.79740594656290       -0.16229396782192
C            3.12234964924515        1.33688060316505        0.01513926076338
O            3.77721648100169        2.22054277206561        0.88266766110447
H            5.10790001766110       -2.27473214781885        0.10952640182010
H            5.43122766411007       -1.41815549778762        1.64513371165347
H            6.58219438135680       -1.28206597153813        0.28420665616605
H            3.38787291801994       -0.26604883666322        1.44081238908509
H            1.18017685088640       -1.12629089898722        0.84555940106666
H            1.30707169996020       -2.08000183271158       -2.04731396973747
H           -0.24125116104341       -1.90974796573495       -1.17756428278083
H            1.88625800787041       -3.55658554326889       -0.35156173927249
H            1.08897111560559        0.54967995269237       -1.71171239375618
H           -0.67175830631141        1.98950661053744        0.77201360789311
H           -2.79057488727352        0.05102648068479       -1.40409452080326
H           -4.87610691781157        2.08254984463313       -0.47807185897111
H           -5.26150818806583        0.67791900483373       -1.50976282632011
H           -3.39264223801249        2.66687429340122       -2.18660067252847
H           -4.33177542405940        0.26200157936355        1.23979891447389
H           -4.16668801151036       -1.81043117959418       -0.66608109732475
H           -1.95241289306881       -1.53404343412914        0.52135873917890
H           -3.65067856595996       -2.17332801854941        2.14030292178208
H           -2.16629133883139        0.89288400519707        2.36539680684631
H           -0.69762670139320       -0.86351888047705        2.95190307986459
H            1.35649243515404        1.35815742816307        1.23042845034735
H            1.30587713947660        2.93825729933634       -1.11553749841569
H            3.41817807198470        1.52967096722039       -1.02949767999390
H            3.34113373970010        3.08466110579956        0.81491223505295
48
 energy: -84.840977149395 xtb: 6.7.1 (edcfbbe)
C            5.49138185191365       -1.46043961462383        0.54276116645780
O            4.88731232777970       -0.24490502140433        0.12016665166621
C            3.53977362789162       -0.14465850514091        0.39711575886798
O            2.83213324142321       -1.01285594941996       -0.46346486056722
C            1.42916950567153       -0.95390746566520       -0.31157736112225
C            0.83096443244341       -2.00412116261005       -1.25744970573104
O            0.94076555002391       -3.30891022858665       -0.75975649856723
C            0.88051005306978        0.45475007683227       -0.63188410461413
O           -0.53493952376497        0.38715085774695       -0.52464372430685
C           -1.25653100208021        1.18196351138509        0.39309074465559
O           -2.42534262306352        1.61825490034100       -0.22858321268563
C           -3.29352636437210        0.56396603082405       -0.64731998255745
C           -4.49914691528704        1.23391169122886       -1.31622021343228
O           -4.15562566812678        1.84818899441836       -2.52861922474781
C           -3.71814760612032       -0.30802876098039        0.54397271901904
O           -4.53317653715740       -1.38443682531384        0.15988330954280
C           -2.47386620398388       -0.80329951568117        1.29873945999626
O           -2.82433565857474       -1.47683275845679        2.48487561741198
C           -1.59731484871860        0.39389949336779        1.67271774687282
O           -0.40990563336995       -0.00281668603400        2.30806433735297
C            1.58974608459377        1.47025859174260        0.26547472660314
O            1.24632089134927        2.80868681297622       -0.01118566884049
C            3.11764206608247        1.31089481891819        0.16565178893064
O            3.74538320317503        2.10735067801395        1.13226260432284
H            5.07179549265673       -2.31077159737675        0.00166656589568
H            5.35380814515848       -1.60290373378645        1.61917231965520
H            6.54826309743991       -1.35557104211633        0.31237547496702
H            3.32199260735140       -0.41440132664340        1.45285083341347
H            1.14979103451127       -1.19113382920278        0.72723139294321
H            1.32652728127475       -1.90789178155490       -2.23154485076164
H           -0.23456943093967       -1.80348921453338       -1.37326238455871
H            1.87712680600432       -3.51972913236606       -0.65485022671735
H            1.10151007252983        0.68724595042433       -1.68523475851633
H           -0.71729349434633        2.09720982183961        0.65351295880282
H           -2.76511232318104       -0.05807341651786       -1.38449879760945
H           -4.92260335452761        1.96305044424667       -0.61335369137067
H           -5.25251348849249        0.47884661785010       -1.54822267390524
H           -3.44488132631534        2.47813472891568       -2.35037081371579
H           -4.32834227661567        0.28977916285748        1.23150805281965
H           -4.08214171958166       -1.91233111271819       -0.51401314352911
H           -1.88822961742767       -1.47157334000050        0.64456676255961
H           -3.58265328018848       -2.04803482583450        2.29721393710743
H           -2.17742428066663        1.06097073732089        2.33037502121662
H           -0.65860381267334       -0.60539057281730        3.02497280954367
H            1.29633332550414        1.29464977955601        1.30722221979532
H            1.41576194543744        3.00635617309016       -0.94356591125563
H            3.45851353834189        1.59005113174453       -0.84566873625007
H            3.32369889462411        2.98093228679268        1.12133168708436
48
 energy: -84.840516103003 xtb: 6.7.1 (edcfbbe)
C            5.45730452713302       -1.53804451608032        0.52787945883083
O            4.87687218023912       -0.28742812837347        0.18105369913532
C            3.52175269805883       -0.19622951620458        0.42044090846076
O            2.83644358751978       -0.98719465484073       -0.52878394107487
C            1.43216972000991       -0.93855853455261       -0.39941563595949
C            0.84897258182891       -1.90926042122292       -1.43499672855793
O            0.98514868922555       -3.25078487526246       -1.05557693328702
C            0.88444621306459        0.48967939493973       -0.60775959689609
O           -0.52884919407900        0.38775345553735       -0.49206657663535
C           -1.27516623911673        1.23845198215110        0.35227868091909
O           -2.45259907546149        1.59547529861588       -0.30489704322193
C           -3.28822584774793        0.49488494510022       -0.66350546006076
C           -4.50230161184240        1.08947347277372       -1.38640267713509
O           -4.15860859877266        1.64329326550798       -2.62748013964099
C           -3.70529029223056       -0.30875490130219        0.57694052520999
O           -4.48242064237634       -1.43267067515001        0.25557474509637
C           -2.45563026652711       -0.71381220163675        1.37311674857862
O           -2.79551948686291       -1.32498234578522        2.59575521499968
C           -1.61928578059469        0.53098307992837        1.68035119723749
O           -0.44032462171470        0.20170019996817        2.36705004740421
C            1.58767737599439        1.44942945451205        0.35426375166459
O            1.27259373326132        2.80457090149615        0.12346948162084
C            3.11617595291572        1.27605887167087        0.28783010346303
O            3.72434120156486        1.99217392606882        1.32704629850776
H            5.04959005835005       -2.33979875394358       -0.09086013804681
H            5.28255046649990       -1.76174658639074        1.58487201912765
H            6.52208267688320       -1.42670457616977        0.34119976391453
H            3.26647783247933       -0.54589298246603        1.44374290000401
H            1.13635345019701       -1.25984830992791        0.61263700224353
H            1.33897257893922       -1.71744534642063       -2.39764623850323
H           -0.22036504693405       -1.71866805515772       -1.52911304142112
H            1.92573860645486       -3.45252350553401       -0.97109134451467
H            1.10296661089245        0.80248398581413       -1.64228080078831
H           -0.75616226022502        2.18002748136911        0.55178881716930
H           -2.73641791004400       -0.16008251136130       -1.35358116998200
H           -4.95758982568122        1.84464583486997       -0.73261466920917
H           -5.22956427507279        0.29992372950879       -1.58438375151151
H           -3.47028267672487        2.30436363421729       -2.47613669714056
H           -4.34204422060021        0.31405948857946        1.21641843129698
H           -4.00654935202756       -1.98929323512014       -0.37685201902642
H           -1.84193676095842       -1.40127456859018        0.76576002978308
H           -3.54120127999667       -1.92173185176359        2.43981832666392
H           -2.22873171260159        1.22606501095233        2.27975569162230
H           -0.69467949753277       -0.36110603417501        3.11378962061851
H            1.25922194997415        1.23811672506452        1.37795008964989
H            1.49761110887527        3.04466350291519       -0.78721304086399
H            3.48867344813442        1.62474610610176       -0.69054328897898
H            3.31560731738390        2.87080924086483        1.36590350930483
48
 energy: -84.839673592540 xtb: 6.7.1 (edcfbbe)
C            5.42724306158586       -1.61510279854027        0.49975880702534
O            4.86616671251594       -0.33762520748877        0.22712229219302
C            3.50550613744592       -0.25121872212791        0.43322419723189
O            2.84157258047612       -0.95505047605744       -0.59698252692847
C            1.43596956773930       -0.91785788787541       -0.48808963065905
C            0.86987000704221       -1.79145936019695       -1.61565434676580
O            1.02727306243087       -3.16062973217254       -1.36629281482886
C            0.88660440425180        0.52078229391293       -0.57349744790732
O           -0.52342032394164        0.38819885292591       -0.44693672789414
C           -1.29448559129049        1.28735098689923        0.32064644327631
O           -2.47606125679028        1.56410085466449       -0.37092106261547
C           -3.27398259483045        0.42003831697283       -0.67083333989538
C           -4.48562206972464        0.93044405619680       -1.45902700099786
O           -4.12706622151798        1.40716935918751       -2.72749478991616
C           -3.69752599653225       -0.30793778875303        0.61274040913026
O           -4.43499743186624       -1.47418019316177        0.35507365396064
C           -2.45237974041340       -0.61665354274394        1.45638070159732
O           -2.79534910470931       -1.15274500034119        2.71301064690788
C           -1.65789742397195        0.67140038641584        1.69169478408920
O           -0.50152362577917        0.42263924710690        2.44530034522122
C            1.58811046333535        1.42080994722240        0.44703964256109
O            1.29724131859365        2.78962469903191        0.26525613740666
C            3.11553038111949        1.23069939671404        0.40509718518532
O            3.70741440308384        1.85876660423112        1.50858579794187
H            5.03097099656774       -2.36746423208890       -0.18499847297658
H            5.22184090695820       -1.91122049655562        1.53320213839318
H            6.49758690520883       -1.50105316358386        0.35033312436811
H            3.21653885268963       -0.67934835169101        1.41681258257820
H            1.12638308187605       -1.33252832711801        0.48558286864419
H            1.35950021593015       -1.50033287809652       -2.55325845593386
H           -0.20207856707448       -1.60952058372109       -1.69482734776506
H            1.97104786756033       -3.35238970054664       -1.29533569474566
H            1.09577791258620        0.91558207437938       -1.58329399286543
H           -0.79385659681096        2.24922222891886        0.45954370983826
H           -2.68990524658775       -0.26540351034769       -1.30214824299278
H           -4.97576896276851        1.71566086042819       -0.86901200978572
H           -5.18696352442387        0.10921287620737       -1.61792712162319
H           -3.46043884589895        2.09617797763894       -2.60695843450911
H           -4.36532184993666        0.33807244515468        1.19487893129461
H           -3.93298753599061       -2.05601910447400       -0.23289902316068
H           -1.80702063121251       -1.32454729786446        0.90806525791600
H           -3.51992254340606       -1.78170287079008        2.58757276057320
H           -2.30465126179682        1.39452105934914        2.21427571606252
H           -0.77055208178518       -0.10329403892812        3.21370350972290
H            1.23124173597698        1.17555137808804        1.45269399076150
H            1.57606671016988        3.07025886007587       -0.61893468659093
H            3.51529732100444        1.64624705360329       -0.53595036836546
H            3.31902251659277        2.74274937740617        1.59716404573559
48
 energy: -84.838660652359 xtb: 6.7.1 (edcfbbe)
C            5.40652676010526       -1.69115966913544        0.43725886833088
O            4.85784052725598       -0.39250748233225        0.25387140177350
C            3.49409315093309       -0.31246936586353        0.44128822683629
O            2.84539742670930       -0.92368633672548       -0.65579231777431
C            1.43911779824390       -0.89551174296462       -0.56122221928951
C            0.88728862760447       -1.66625411028588       -1.76818851029149
O            1.09446002388794       -3.04716179721780       -1.66234815811428
C            0.88880098200930        0.54369459959723       -0.52739819372721
O           -0.51780359677047        0.38488839961681       -0.39694689343655
C           -1.31485625773366        1.33115241091396        0.28140526909749
O           -2.49374709874824        1.52364638281770       -0.44639059019380
C           -3.25594025606082        0.34126046054883       -0.67965756046208
C           -4.46133167450541        0.76250420415737       -1.52800220353035
O           -4.08554855018919        1.15793165629274       -2.81926403229334
C           -3.69130831896651       -0.30326729570494        0.64344245620434
O           -4.38398730807809       -1.50988276897242        0.45663454992815
C           -2.45929546730173       -0.50541691919566        1.53592761698707
O           -2.81705741107292       -0.95577275791465        2.82169809980203
C           -1.70966272961405        0.82199990524398        1.68980909160341
O           -0.58733351868196        0.67097200749050        2.51485780657249
C            1.58942472702197        1.37764648128453        0.54974029457463
O            1.31944625441923        2.75757793684001        0.42681001202519
C            3.11525118089783        1.17000403359202        0.52648771705047
O            3.69004756727331        1.69902719749344        1.68953503907548
H            5.01838053065555       -2.38616556945179       -0.30990418648191
H            5.18080760952674       -2.06424465635165        1.44106230246098
H            6.48002104038206       -1.57372803334125        0.31595680627064
H            3.18395165462876       -0.81795711498487        1.38065780308992
H            1.11966017092497       -1.39604033846762        0.36791737243769
H            1.35524936294267       -1.26441429902424       -2.67552375887809
H           -0.19098580081872       -1.51395064755705       -1.81845491729729
H            2.04555446774078       -3.20993540230487       -1.62167898881277
H            1.09037657912176        1.01581267985175       -1.50607519001778
H           -0.83052009330186        2.30832178475961        0.35294500361225
H           -2.64173105231846       -0.37310604448242       -1.24719423651701
H           -4.98424276311747        1.57433921833430       -1.00596811723106
H           -5.13829312442222       -0.08601437111791       -1.64283688533233
H           -3.43864595169258        1.87049373545448       -2.73312723724211
H           -4.39417248165229        0.36125093643615        1.15967937160296
H           -3.85096140535143       -2.11319926059063       -0.08028119199226
H           -1.77910910968617       -1.23162959798334        1.05840454792960
H           -3.52091950579618       -1.61306382999997        2.72773315481434
H           -2.39773182063147        1.56819186237113        2.11928351667783
H           -0.87782543478219        0.18906308153483        3.30431549843266
H            1.20811392327150        1.09450325474433        1.53558584192212
H            1.64804202554592        3.08159467608628       -0.42510026191212
H            3.54032512679654        1.65503971480546       -0.36927199752364
H            3.32483131094286        2.58561874769878        1.83180613918999
48
 energy: -84.837595691592 xtb: 6.7.1 (edcfbbe)
C            5.39941421937477       -1.75474737389376        0.34475513216121
O            4.85530386493739       -0.44345083257613        0.26941984725185
C            3.48888387708563       -0.37618661453692        0.44113315643115
O            2.85682817944821       -0.88128095586240       -0.71803817217816
C            1.44957305995461       -0.86508200796548       -0.63920189701612
C            0.91692767855571       -1.52529876630997       -1.91845695334955
O            1.14535315037765       -2.90644390538791       -1.94139561228767
C            0.89392473034460        0.56290667584487       -0.48014655354954
O           -0.50877895268984        0.37729085665510       -0.35283040631664
C           -1.33220964819989        1.36285167031116        0.23039086821859
O           -2.50297492648960        1.46785454588884       -0.53125241993969
C           -3.23538456455711        0.25447975567223       -0.68319815617687
C           -4.42752681863773        0.57928077021735       -1.59094008298073
O           -4.02894930231153        0.87151696914332       -2.90258658920659
C           -3.69075641626648       -0.28745941521206        0.67821999589181
O           -4.34719672286784       -1.52431340808417        0.57852411930891
C           -2.47866900938714       -0.37820417882502        1.61457360151383
O           -2.86110689202515       -0.72020890305593        2.92640169785685
C           -1.76222801095473        0.97583878688127        1.66825804281217
O           -0.67750282515612        0.93048725803802        2.55209315148953
C            1.58853397312711        1.31166169579350        0.66289722088645
O            1.32991236384153        2.69847033226374        0.62829270356458
C            3.11288261706130        1.09396251768513        0.65521229599452
O            3.66386640037758        1.50935636656047        1.87484933409510
H            5.01910897793065       -2.38068262616444       -0.46489514179165
H            5.16127794885416       -2.21365176799306        1.30940138220586
H            6.47447567185706       -1.63004922095303        0.24677833597005
H            3.16221139020044       -0.96530814871701        1.32451130848790
H            1.12079085137388       -1.45027152825734        0.23558836197841
H            1.38479876939159       -1.03267567375060       -2.78002305103479
H           -0.16332997540090       -1.38548424112086       -1.96337575173427
H            2.09844876421152       -3.05834668971242       -1.90310616393689
H            1.08982218011590        1.11958191015096       -1.41518862040438
H           -0.86350917098109        2.35009362118642        0.22775531858664
H           -2.59445851187745       -0.49179508133419       -1.17512755556596
H           -4.97656522366801        1.42192161176860       -1.15097257181920
H           -5.08640236962243       -0.28910601012997       -1.64817465984748
H           -3.40105202491322        1.60486707360149       -2.86437175113714
H           -4.42394250485881        0.39881551341378        1.11821893544620
H           -3.78664711839490       -2.15496350144277        0.10465955084284
H           -1.77018188323940       -1.12754993512403        1.22144575398391
H           -3.55004689871174       -1.39755204954236        2.87413795661021
H           -2.48333605844596        1.74291158701128        1.99537286959944
H           -0.99747311676770        0.52428325046751        3.37242008290154
H            1.18490758312991        0.96938626247027        1.62026808304801
H            1.69974199006614        3.07930093371697       -0.18231903848677
H            3.56175266365130        1.65643425279475       -0.18195969198326
H            3.29148614231759        2.37655459890287        2.09546791583628
48
 energy: -84.836638357658 xtb: 6.7.1 (edcfbbe)
C            5.39739218065639       -1.80818247360853        0.25073810593311
O            4.85592445654888       -0.49398685220781        0.28356131566148
C            3.48697976141002       -0.43851251314726        0.43752371216851
O            2.87408450469570       -0.83587946959681       -0.77290775589997
C            1.46567124266254       -0.83124343888554       -0.71610514932224
C            0.96000258091904       -1.36623465549934       -2.06323822140789
O            1.22477049675755       -2.73124798731306       -2.22607871755372
C            0.89885367614308        0.57200608452798       -0.42937690142775
O           -0.49924191142419        0.35792814157871       -0.31049493142805
C           -1.34631510928309        1.37595136876665        0.17323388346194
O           -2.50519939425710        1.39555562024645       -0.61543964610478
C           -3.21874613683341        0.16330773629307       -0.67270171308117
C           -4.38846849822597        0.38357232050638       -1.63911889117386
O           -3.95705269202606        0.55630871137093       -2.96151866575790
C           -3.70493022336716       -0.25063326219920        0.72213058232973
O           -4.35384357515248       -1.49523363680437        0.72627212322642
C           -2.51297241255955       -0.24251260843826        1.68797842542079
O           -2.92198670757729       -0.46356832822213        3.01763466159039
C           -1.80722107810077        1.11802325782166        1.63106356674317
O           -0.75125121376840        1.16767022124997        2.54674839336960
C            1.58391791194663        1.22603517193187        0.77708073443437
O            1.32435245213879        2.61002346890514        0.84816277230067
C            3.10798490978754        1.00785339884678        0.77270720389871
O            3.64097388330591        1.31881457327109        2.03091105071544
H            5.03204038544893       -2.35777896156036       -0.61901290501999
H            5.14055348261621       -2.35139646633016        1.16545625681278
H            6.47421227108558       -1.67787661063704        0.18480694058702
H            3.14462354806756       -1.10349168057081        1.25889534234784
H            1.12552521015945       -1.50057962534504        0.09116318410280
H            1.42399551480198       -0.77621082501306       -2.86373385832783
H           -0.12304990302727       -1.24915878980051       -2.10708914332263
H            2.18096032350289       -2.86137182431286       -2.18420849372718
H            1.08652491822855        1.21302393756704       -1.31064063183845
H           -0.88942925858638        2.36555176658544        0.09053667122506
H           -2.55551773847248       -0.61720847033109       -1.07340601106502
H           -4.96011114453745        1.25554592618678       -1.29574866941066
H           -5.03492615981844       -0.49594129123224       -1.63163255424812
H           -3.34127764412531        1.30066291476949       -2.97770294709666
H           -4.45055257556515        0.47002744794114        1.07834779325488
H           -3.78182511661243       -2.16316180311213        0.32281960411153
H           -1.79072835565204       -1.01916624518521        1.38260190962392
H           -3.60586224102512       -1.14807835222036        3.01419869436905
H           -2.54461615839236        1.90481343075410        1.86225118418411
H           -1.09843156109287        0.85304539382001        3.39568819235474
H            1.16720377315363        0.81117067672758        1.69927104165831
H            1.72370949504861        3.05483194946440        0.08566266424221
H            3.56873872803373        1.63860692818429       -0.00749187607382
H            3.25455920623228        2.15832172135104        2.32368787072638
48
 energy: -84.835659279248 xtb: 6.7.1 (edcfbbe)
C            5.39545597254913       -1.85382327967969        0.17692296118748
O            4.85442697703782       -0.54464199590570        0.29849135295812
C            3.48312250420228       -0.49754882319555        0.43292301238885
O            2.89047346835393       -0.78691247884611       -0.81775218927492
C            1.48148158502677       -0.79360213843132       -0.78038537303297
C            0.99729534836183       -1.21081653527574       -2.17601322861302
O            1.30517019426924       -2.54526355572416       -2.46597957781786
C            0.90180588533495        0.57537442119425       -0.37714726229266
O           -0.49137096618749        0.33499331170280       -0.26654717262463
C           -1.35918117933383        1.37932853835086        0.11045317488575
O           -2.50433161324997        1.31742729410722       -0.69638892684305
C           -3.20480991276687        0.07732853128603       -0.66354135279907
C           -4.36591132460400        0.20948063521880       -1.65687098818897
O           -3.92333081073959        0.29372168013780       -2.98397785715566
C           -3.70825635127639       -0.22911281124460        0.75278887944154
O           -4.33517565638645       -1.48141415758210        0.84935469361819
C           -2.53741292181183       -0.11660377583897        1.73740717561354
O           -2.97311403289825       -0.22599598633119        3.07253995196895
C           -1.84870893499791        1.24516856779910        1.57578053508450
O           -0.81660717894868        1.39158691535494        2.50605848428447
C            1.57857459841314        1.14519380419572        0.87718212599705
O            1.32642261945185        2.52242697479266        1.02966825791151
C            3.10190838803060        0.91649310430651        0.88274395799725
O            3.61266458082951        1.11613018035571        2.17252699265362
H            5.04105851921718       -2.33861053261229       -0.73500517927473
H            5.12676711731455       -2.46160467690038        1.04659684766484
H            6.47311284453768       -1.72059955920815        0.13441804719018
H            3.12491069054389       -1.22928683372841        1.18789996377014
H            1.13498992684350       -1.53390197360037       -0.04058804628200
H            1.44632767060360       -0.53383220115848       -2.91399070338563
H           -0.08874521622197       -1.12382789219335       -2.21573765588004
H            2.26446246311269       -2.65015796302247       -2.42170194550551
H            1.07723578047721        1.28757212971235       -1.20460396111452
H           -0.90916046371924        2.36273066182657       -0.05165883599577
H           -2.52909647099552       -0.72550562853146       -0.99295962617522
H           -4.95444179692534        1.09458730431180       -1.38275129988884
H           -4.99914978054481       -0.67722965500312       -1.59213321074474
H           -3.33234446945212        1.05499626619054       -3.05185552309719
H           -4.47363187376159        0.50395342222953        1.03409177769276
H           -3.74397268125130       -2.17026455950556        0.51453612609036
H           -1.79770662265373       -0.90554473034782        1.51729624431729
H           -3.64996164963876       -0.91615134768711        3.11481614923460
H           -2.60311860750951        2.03740120391178        1.71785011925674
H           -1.18376389643492        1.16641558931461        3.37458220684399
H            1.14519712918945        0.67638856984202        1.76534425201113
H            1.74313944640251        3.01046043091240        0.30406007981953
H            3.57991355138712        1.60794183452439        0.16727943905806
H            3.24738525669974        1.94514772688599        2.51746331532034
48
 energy: -84.834401716620 xtb: 6.7.1 (edcfbbe)
C            5.37194417511250       -1.91368769249419        0.10261114179018
O            4.84216159174579       -0.61424608885739        0.33041254026438
C            3.46812884731237       -0.56082389631332        0.43405437420894
O            2.90546337491501       -0.72149313442915       -0.85285657849498
C            1.49631208840001       -0.72723541716708       -0.84557515642926
C            1.03881875799383       -1.00998066665882       -2.28332269094582
O            1.36835482732753       -2.30562922809707       -2.69821889351744
C            0.90620146709033        0.59801444504980       -0.32618814126380
O           -0.48138836223786        0.32808136456751       -0.22017886326248
C           -1.37770698625292        1.38036642143422        0.04822239801313
O           -2.50534929288872        1.22460378225282       -0.77076749455539
C           -3.18257261392907       -0.02225876117263       -0.64312133713833
C           -4.32497602453099       -0.00184666956755       -1.66655680384799
O           -3.85617755637810        0.00419040391648       -2.98721286195170
C           -3.71174304021887       -0.21051737109964        0.78434920957429
O           -4.32135965298075       -1.45952691288342        0.98112017686334
C           -2.56432277379012        0.01043444257474        1.77783473106659
O           -3.02708485963859        0.01052383603213        3.10825330647521
C           -1.89460204848449        1.36541369389720        1.51053840730996
O           -0.88235327147265        1.60970748381544        2.44036657726327
C            1.57863691011156        1.08645998860326        0.96637191063789
O            1.36601230114433        2.46183325113133        1.17509949176053
C            3.09542849108972        0.81060066407831        1.00558120936276
O            3.55936289830994        0.86886503234277        2.32723594723759
H            5.03200857446227       -2.31077139038771       -0.85597689905793
H            5.07889086977179       -2.59367367690016        0.90860844785746
H            6.45158583014336       -1.79021595551154        0.09370551739853
H            3.08144937946938       -1.35546342026609        1.10671832719455
H            1.13423630764163       -1.53329045003734       -0.18631634100207
H            1.49032509478622       -0.25900916552905       -2.94434140987053
H           -0.04781995975394       -0.93285920709641       -2.33185106448389
H            2.32814853630829       -2.40369780901529       -2.64872002207403
H            1.06237055623566        1.37420448810197       -1.09741330864658
H           -0.94221986020731        2.35497838707543       -0.19263272011545
H           -2.48441748134390       -0.83630273846975       -0.88701189676823
H           -4.94973024897098        0.87869521784129       -1.46843336776078
H           -4.92863242768951       -0.90389314325307       -1.55101524278243
H           -3.29706992700723        0.78410783069456       -3.09918838406555
H           -4.49411465724415        0.53158207492658        0.98313022329968
H           -3.71172470663823       -2.16507094213376        0.72342809210022
H           -1.80665582522196       -0.78067884719342        1.64338876614773
H           -3.69626174000146       -0.68288634196263        3.19594846503569
H           -2.66541436056236        2.15281117902532        1.56913696465150
H           -1.25951241524733        1.45772713819773        3.31997248029532
H            1.10727402990372        0.59125983226541        1.82057746244233
H            1.80249745162547        2.96844971412123        0.47477504422921
H            3.61779105084515        1.55509620313233        0.38067880945392
H            3.22980479246663        1.68704807368890        2.72826566929025
48
 energy: -84.832920135662 xtb: 6.7.1 (edcfbbe)
C            5.29605041486636       -2.02856844193383        0.05319082322384
O            4.80863487480541       -0.73031211540349        0.36648367725091
C            3.43505903212852       -0.63186091753829        0.43660637054636
O            2.90615294681026       -0.65254838737215       -0.87455522662279
C            1.49829493354571       -0.62545855946587       -0.89787030159604
C            1.06481459244202       -0.75696389498767       -2.36461011731968
O            1.41114745015152       -1.99905638135130       -2.90849213859535
C            0.91185863837781        0.65293329378214       -0.26366988628346
O           -0.47126321619401        0.35888796995536       -0.17004023741939
C           -1.40546875726537        1.39959512292189       -0.01712705814330
O           -2.50401331590784        1.13592158552360       -0.84764174447229
C           -3.13872104902813       -0.12076885166297       -0.62978663307338
C           -4.26596582454196       -0.22262250616091       -1.66537832755836
O           -3.77891267636725       -0.31616270819248       -2.97607196646128
C           -3.68365269926542       -0.22327160677650        0.80113076679250
O           -4.23072159845057       -1.48541108036726        1.08129036795638
C           -2.57175050083514        0.13433580210835        1.79675144107344
O           -3.06535489876321        0.22467386099626        3.11274292133975
C           -1.95963065884439        1.49222348327813        1.42690702113743
O           -0.97788370179167        1.86933666875863        2.34309735967378
C            1.58680554921719        1.03640469771253        1.06529544520628
O            1.43362851966400        2.40242308014852        1.36009717710732
C            3.09293517439336        0.69806993840903        1.11349681484897
O            3.52522292670577        0.63294028508178        2.44566972691496
H            4.95791948951880       -2.34436490282129       -0.93577418938366
H            4.96615291092693       -2.75297879495235        0.80449641343936
H            6.37934973075292       -1.94425853182940        0.06781799675400
H            2.99845075427143       -1.46759043311262        1.02311378694428
H            1.10561442075517       -1.48396643551210       -0.32804482658256
H            1.51978108895185        0.06214808475376       -2.93675851478113
H           -0.02185531877778       -0.68280547303097       -2.42121271216004
H            2.36997340595353       -2.09800307209259       -2.84418543178253
H            1.05661051963221        1.49120542257370       -0.96769395632974
H           -0.99264249076733        2.36348425776800       -0.33287144243072
H           -2.40835456501297       -0.92485666526460       -0.80238200697112
H           -4.91876895770981        0.65220613292777       -1.55120035326193
H           -4.84448541350823       -1.12943167403568       -1.47975492822076
H           -3.25245596518190        0.47383768286344       -3.15447345174581
H           -4.50787979886681        0.48825651500451        0.92977319119695
H           -3.58328031237719       -2.17460270642541        0.87672856317811
H           -1.77543572823085       -0.62770454931122        1.74476451126956
H           -3.67693309887601       -0.51048770140178        3.25960207895500
H           -2.76823439155914        2.24301265022640        1.39947945104175
H           -1.35455737289275        1.76670656145370        3.22959343785674
H            1.08185607041020        0.50775341865346        1.88003056631638
H            1.86116637574600        2.93549071080015        0.67477307488524
H            3.65496841529431        1.47184965249776        0.56356205472920
H            3.23577219043116        1.44035554083348        2.89658664632537
48
 energy: -84.841528848801 xtb: 6.7.1 (edcfbbe)
C            5.47275661721670       -1.83319053226876       -0.33949063635439
O            4.90587734727409       -0.64772101310216        0.20327458655451
C            3.53743328583253       -0.68615826657976        0.36802662272393
O            2.91943313519662       -0.64741343148473       -0.90129504768277
C            1.51295577489519       -0.66020773981602       -0.83178865765391
C            0.99741320828151       -0.76793596257666       -2.27397786156041
O            1.34957888578341       -1.98656142113038       -2.86632880204370
C            0.94659330714726        0.58791837058216       -0.12283431762468
O           -0.45172539067800        0.34516696962478       -0.08123348287008
C           -1.36854861648596        1.41082720412311       -0.10524610049694
O           -2.42155200149284        1.06051409210155       -0.96432034783564
C           -3.09016502103848       -0.15459866787087       -0.63276144687423
C           -4.16899677593748       -0.36138225879901       -1.70382124272411
O           -3.62343470803149       -0.61841263043109       -2.96850653406852
C           -3.70815620048860       -0.08736727986238        0.77209058081742
O           -4.27784122689256       -1.30515482115833        1.17217343495173
C           -2.64681741766413        0.38775214998580        1.77482713142704
O           -3.19980547545908        0.63456121771978        3.04542243506383
C           -2.03013263714069        1.69380624108051        1.26548439037948
O           -1.14426719736573        2.24102009778382        2.20192387811952
C            1.61235249823148        0.76825238060172        1.25421734048946
O            1.49519372570070        2.07629761378183        1.75070810489770
C            3.13548261730761        0.53396109035014        1.19820301734138
O            3.63512250652798        0.35303156177577        2.49519100689844
H            5.12705561716939       -1.99647365551776       -1.36225372633527
H            5.21753471480447       -2.69893721484607        0.27919746812515
H            6.54736595856131       -1.67221340548489       -0.33038339145732
H            3.22194961015227       -1.61037561132531        0.90009774360732
H            1.17952740225207       -1.54448870624366       -0.26322266416360
H            1.39598090268185        0.07863810140739       -2.84799698862784
H           -0.09223414925770       -0.72690614373883       -2.27077201898417
H            2.31243706063102       -2.06246531439120       -2.84544138538189
H            1.15935199231732        1.48286843760126       -0.72582924026679
H           -0.91633113581745        2.32133882545260       -0.51581974253749
H           -2.36756805717302       -0.98236751828224       -0.67597237834632
H           -4.80838332806733        0.53037044564932       -1.72603112990275
H           -4.77396669366183       -1.23103230329279       -1.44073896959237
H           -3.07856449248992        0.13880676023659       -3.21859975977707
H           -4.53360929157000        0.63468639677220        0.77276365314923
H           -3.62922096963543       -2.01736626870754        1.08347168391759
H           -1.84902062783411       -0.37039167938295        1.85160881307115
H           -3.84967761835627       -0.05617726782094        3.23589650476931
H           -2.84172136273700        2.41247661291675        1.06764608051517
H           -1.56426313388533        2.16626839257177        3.07366440127226
H            1.17253316631089        0.03704628782021        1.95116764349727
H            0.55913265858923        2.26540684858258        1.95629948289343
H            3.59308152878019        1.41327211920499        0.72088434213472
H            3.42985812333294        1.15100692964025        3.00391176275103
48
 energy: -84.841554112884 xtb: 6.7.1 (edcfbbe)
C            5.44826213450185       -1.88584101258324       -0.35538659111894
O            4.88851592258088       -0.72476664878834        0.24491527194580
C            3.51477140792414       -0.74105169963529        0.35844376103677
O            2.94423055817291       -0.55541147650905       -0.92073670032362
C            1.53625824696516       -0.55685302240980       -0.90066473754772
C            1.06378715516521       -0.48757988898095       -2.36007544104438
O            1.42797207585216       -1.62517019754350       -3.08937895306896
C            0.95053899888221        0.60874251718244       -0.07489816453435
O           -0.44531791850785        0.34590354539384       -0.04766489998099
C           -1.37902051484034        1.38861122858603       -0.18076408570359
O           -2.40798112197608        0.94679758308819       -1.02378637267060
C           -3.06480123545169       -0.24230977617123       -0.58686168240375
C           -4.14167302241276       -0.55810943327911       -1.63319620268156
O           -3.59814212296352       -0.94564213875746       -2.86488739298049
C           -3.68957017364359       -0.06577418160874        0.80659505014363
O           -4.23166746381102       -1.25954281134281        1.30553718666687
C           -2.65048250072330        0.52057834578949        1.77477407355601
O           -3.22577286214202        0.87196083894905        3.00974373569713
C           -2.05761148026706        1.78617187066234        1.15009102443037
O           -1.18107232115109        2.44116009624610        2.02504419846374
C            1.58547830158116        0.64071912590904        1.32783415544682
O            1.45515855199387        1.88251097284433        1.96632150048310
C            3.10730270409635        0.39816664878534        1.29402862524270
O            3.56511937656846        0.08202141024547        2.58037540385661
H            5.11918248709743       -1.98592824467761       -1.39156740538244
H            5.16878478656956       -2.78129143284818        0.20851233913763
H            6.52480456061256       -1.74261077978036       -0.31776572728863
H            3.15720240433713       -1.70500835918670        0.78179820281187
H            1.17430264703239       -1.49526254599944       -0.44828356119596
H            1.47885536846748        0.42120763496977       -2.81542834171467
H           -0.02587640524471       -0.44152178555005       -2.37918837391450
H            2.39039504442230       -1.70460648534799       -3.06118532198767
H            1.15607238941476        1.56319512714733       -0.57802383166438
H           -0.93249272353314        2.26700859831633       -0.66277317389062
H           -2.33148903224356       -1.06122749092258       -0.55792413969771
H           -4.78157846267084        0.32626719645165       -1.74680164097475
H           -4.74592578387480       -1.39642008598506       -1.28118208252292
H           -3.05884882352489       -0.21742428908565       -3.19843879715604
H           -4.53289022652483        0.63235013285935        0.74215238649362
H           -3.56528773171913       -1.96011378970697        1.27634440469728
H           -1.83885529437341       -0.21022458408134        1.92986105843923
H           -3.84161461220066        0.17346091388887        3.27124939748857
H           -2.88224262941066        2.46596837256034        0.88328860333307
H           -1.61351031098768        2.47599078028733        2.89344513703086
H            1.12207507163388       -0.16143579087249        1.92698017831132
H            0.51080463164560        2.13398973868955        2.02140780410881
H            3.58931558763038        1.31364496200586        0.92040175828083
H            3.34453247851502        0.82469634143812        3.16120461292416
48
 energy: -84.842194729509 xtb: 6.7.1 (edcfbbe)
C            5.53720841947947       -1.74119136362603       -0.48112245895146
O            4.91972981477302       -0.67306544962512        0.22590679519403
C            3.54795453388122       -0.76481438652204        0.32481469278819
O            2.97605983672272       -0.47116234817728       -0.93399710142964
C            1.56792661302191       -0.51269592720171       -0.92781944744706
C            1.10451483090453       -0.30605978949172       -2.37686252994782
O            1.48178982252640       -1.36357085221360       -3.21223378619293
C            0.94999665600296        0.55372238112370        0.00212375402319
O           -0.44547695501429        0.28590432188959        0.00673217227706
C           -1.36850452997517        1.31740854047509       -0.24463893434941
O           -2.37799141296734        0.80892230780360       -1.06917512443214
C           -3.07713242889086       -0.31001368552416       -0.52191625241280
C           -4.13851918101267       -0.71874435692483       -1.55195573532490
O           -3.58779798192883       -1.32092018448265       -2.69070473739277
C           -3.73270982500968        0.03599890617894        0.82560833259347
O           -4.33204851981824       -1.07804326007705        1.43178659864429
C           -2.70334645946211        0.68843349737709        1.76192312525647
O           -3.30501535969455        1.18593354541377        2.93226066892382
C           -2.05005171413229        1.86105977500804        1.02796844622127
O           -1.14176372838146        2.55603161694865        1.83863311172873
C            1.55001178450613        0.40428932255301        1.41044243764782
O            1.32677915087153        1.50659456675595        2.24799236378638
C            3.08206833325458        0.24525519734518        1.37569955832131
O            3.54341492876447       -0.19163431877310        2.62476208249430
H            5.22064950500454       -1.75132710719181       -1.52594031765389
H            5.29539999722505       -2.70042510327417       -0.01301810829347
H            6.60562785038272       -1.55378057848764       -0.41643548414196
H            3.23418149745810       -1.78385991325717        0.63968930648677
H            1.22612036601137       -1.49955581911604       -0.57518775948292
H            1.51581666964306        0.64582383680864       -2.73858446310823
H            0.01453095321197       -0.26513216874099       -2.39862469666377
H            2.44381146569278       -1.44427387074508       -3.17749100784895
H            1.15840754182875        1.55886726040964       -0.38335812667385
H           -0.89933904335988        2.14017533464621       -0.79952088506185
H           -2.36580090765202       -1.13656770916760       -0.38177692123390
H           -4.71918447032264        0.17328611654963       -1.81877663334798
H           -4.80276591122594       -1.45895909401345       -1.10130974306323
H           -3.00556330251694       -0.68337046675351       -3.12255267066453
H           -4.54825725260371        0.74999152157903        0.65852596535991
H           -3.68837298661507       -1.79583373937423        1.51237391405361
H           -1.92238191782162       -0.04663687537149        2.02010543091760
H           -3.96330546982155        0.54514685111952        3.23504417114839
H           -2.84128188806894        2.54743648951244        0.68874682838560
H           -1.59050133729422        2.74833847322047        2.67742313907211
H            1.11887283165525       -0.50946220982774        1.85702380704067
H            0.42118052717147        1.85699185450476        2.11995273585876
H            3.52420123636801        1.21840783062793        1.11411371354262
H            3.24085553505260        0.44707705779682        3.28683603197409
