48
 energy: -84.841448224354 xtb: 6.7.1 (edcfbbe)
C            5.21969800000000        1.96710800000000        0.01944900000000
O            4.10687000000000        1.49318900000000        0.77189500000000
C            3.35977200000000        0.51181600000000        0.15056800000000
O            2.64977300000000        1.09643200000000       -0.92255700000000
C            1.71122900000000        0.23463300000000       -1.54306100000000
C            1.14789800000000        0.96948400000000       -2.76258400000000
O            2.10276500000000        1.10091200000000       -3.78292700000000
C            0.63073200000000       -0.15988000000000       -0.51277300000000
O           -0.38521800000000       -0.93137200000000       -1.13344400000000
C           -1.74820100000000       -0.55741300000000       -1.19025400000000
O           -2.54723900000000       -1.52507500000000       -0.56306600000000
C           -2.69221600000000       -1.46842900000000        0.85512000000000
C           -3.66858900000000       -2.60387200000000        1.21160900000000
O           -3.88435900000000       -2.71503100000000        2.59643000000000
C           -3.24390800000000       -0.10728300000000        1.30402200000000
O           -3.30538100000000        0.01395200000000        2.70220800000000
C           -2.30562300000000        0.98395000000000        0.78540700000000
O           -2.80733500000000        2.27473600000000        1.03779300000000
C           -2.18421200000000        0.85304300000000       -0.73996500000000
O           -1.36140900000000        1.84516500000000       -1.28979800000000
C            1.36775700000000       -0.98688500000000        0.55708000000000
O            0.52051100000000       -1.48513200000000        1.56793800000000
C            2.43448600000000       -0.09663000000000        1.21460200000000
O            3.24625600000000       -0.84154400000000        2.08076400000000
H            4.88376700000000        2.46543000000000       -0.89095000000000
H            5.88711800000000        1.13864800000000       -0.23359500000000
H            5.72562400000000        2.67304900000000        0.67157100000000
H            4.01277900000000       -0.29680300000000       -0.24173200000000
H            2.22066700000000       -0.67715500000000       -1.89334500000000
H            0.76418300000000        1.94312700000000       -2.44555100000000
H            0.33016000000000        0.37970600000000       -3.17689800000000
H            2.83457100000000        1.63948300000000       -3.45020900000000
H            0.23621200000000        0.75620600000000       -0.07476600000000
H           -2.01235000000000       -0.66727500000000       -2.25260300000000
H           -1.72386500000000       -1.61768000000000        1.35122100000000
H           -3.29862800000000       -3.53541900000000        0.77566400000000
H           -4.63862100000000       -2.38019600000000        0.76096800000000
H           -3.13509900000000       -3.16347100000000        3.01313000000000
H           -4.24088600000000        0.04538100000000        0.85856200000000
H           -3.78303200000000       -0.75852700000000        3.05597700000000
H           -1.33098600000000        0.85905300000000        1.28001300000000
H           -3.04212400000000        2.33062200000000        1.97604300000000
H           -3.20856800000000        0.96551300000000       -1.13521600000000
H           -1.69653700000000        2.70017400000000       -0.97227800000000
H            1.87982400000000       -1.81579700000000        0.05431500000000
H            0.32548300000000       -2.41213800000000        1.37700100000000
H            1.94531100000000        0.73014100000000        1.74754100000000
H            2.70093900000000       -1.16795200000000        2.81416400000000
48
 energy: -84.841175410620 xtb: 6.7.1 (edcfbbe)
C            5.16814654372561        2.01721633906194        0.07002185702106
O            4.10825950760128        1.44645957293835        0.83196934299196
C            3.36484862817275        0.49074380055779        0.16759902721539
O            2.60346713025108        1.12832203488736       -0.83797981036082
C            1.67537323970190        0.28285405360334       -1.49735848431791
C            1.09700048585637        1.06465936441589       -2.67875257474921
O            2.01530204116396        1.15850852637539       -3.73724296456109
C            0.64109616362282       -0.21452443653100       -0.46240249866239
O           -0.37996219249834       -0.99389647848976       -1.06196440057216
C           -1.73133803726868       -0.60389873103684       -1.19800064339065
O           -2.54993411659318       -1.53808065733699       -0.53906030278279
C           -2.67451316868457       -1.43080639182991        0.87688160599085
C           -3.60501801709932       -2.58146708703974        1.29877819169543
O           -3.80743966349806       -2.62965278805403        2.68922951317150
C           -3.26990626250626       -0.06967517017973        1.26382680943800
O           -3.34931258806233        0.11445953358212        2.65350638909645
C           -2.35918795649727        1.02285762028990        0.70205376797419
O           -2.91015255752014        2.30751325059167        0.86887663444419
C           -2.18799966382213        0.82139997069074       -0.81221652956354
O           -1.35894884525606        1.80283091263665       -1.36780717321541
C            1.42952041194473       -1.08658850587602        0.52970513104955
O            0.62115128197742       -1.66489599492977        1.52716918736162
C            2.49457688528709       -0.21925945278099        1.21588546214546
O            3.35439412998782       -1.00292003297631        1.99631389800473
H            4.77084052794828        2.59612883606314       -0.76473097071170
H            5.83294293593420        1.23313422071722       -0.30262255954546
H            5.70018488356112        2.66556440585508        0.75992619563642
H            4.02502290015708       -0.26951163404935       -0.30242462092017
H            2.20388607521034       -0.59506403194897       -1.90561235008883
H            0.78296305183300        2.05248557153212       -2.33427207160427
H            0.23180757552135        0.52845547550626       -3.06725865141305
H            2.77497879502714        1.67957259834587       -3.44198605344543
H            0.23475206043410        0.65911084461836        0.04989180662096
H           -1.96507630395899       -0.76264807227462       -2.25979115686984
H           -1.69383746352828       -1.52723624950322        1.36351756417606
H           -3.20443881462028       -3.52086068178757        0.90881803948510
H           -4.58548604013011       -2.41697530061501        0.84586389621898
H           -3.02929541996915       -3.00661258451960        3.12401916630322
H           -4.26564637811447        0.03076724373993        0.80113013019582
H           -3.79920342242514       -0.65931245958331        3.03985240499204
H           -1.39301517461891        0.96391973527121        1.22560008623102
H           -3.16620300981104        2.41227437178677        1.79744758550625
H           -3.20130222173002        0.90620442247368       -1.24217351093242
H           -1.71937596160849        2.66387063652292       -1.09810701806512
H            1.94359367453421       -1.87310772703949       -0.03738482956911
H            0.29328459699625       -2.51236538439688        1.19773654381547
H            2.00345962992988        0.55196363031488        1.82534154359795
H            2.83573912357365       -1.42192311620523        2.70167041266063
48
 energy: -84.839375684575 xtb: 6.7.1 (edcfbbe)
C            5.01089941597402        2.15151400751550        0.19995412638657
O            4.01594981798484        1.43477575152341        0.92541342782427
C            3.33419101183435        0.48271197303502        0.19301369479227
O            2.52791733889551        1.14043107177749       -0.76421624508748
C            1.64255449167086        0.28530868368112       -1.47035608324594
C            1.06671191495128        1.07092288776714       -2.64933522193153
O            1.98417098897857        1.14303918233385       -3.71140438764657
C            0.64531596934243       -0.30039941139493       -0.44376465136965
O           -0.39834979650188       -1.06916208518339       -1.01223297214133
C           -1.73118114622945       -0.64897787811709       -1.21757155293836
O           -2.57776311114498       -1.53327135469782       -0.51857754065051
C           -2.64711328629200       -1.38077291318136        0.89573359645410
C           -3.54414842691424       -2.52414912905939        1.40006810578904
O           -3.68651397054012       -2.51815148650496        2.79878662458117
C           -3.24331577751943       -0.01110403693672        1.24848038162321
O           -3.28177862219947        0.23317886332384        2.63121819049727
C           -2.36339650240525        1.06556820368541        0.61303432932824
O           -2.94380922440254        2.34434636047120        0.71100552825720
C           -2.19078542094475        0.79175116370144       -0.89045610553085
O           -1.37573696324813        1.76192277943385       -1.48188818695678
C            1.47574848768705       -1.21210987294034        0.47309228745075
O            0.69924146189419       -1.86747789946024        1.44552780146433
C            2.52891298396397       -0.36103824187615        1.19505015005156
O            3.45107194022401       -1.16786174281228        1.87410660348343
H            4.54904586897214        2.77716162612312       -0.56484829968861
H            5.71827543131725        1.45741030574459       -0.26160521500983
H            5.51548873391652        2.76773980591147        0.93834603188302
H            4.04039280001106       -0.19518251047525       -0.33285386892175
H            2.21683780863685       -0.55465203135954       -1.89968682568245
H            0.77019344812255        2.06543374106346       -2.31161846720583
H            0.19333742253577        0.54633888571691       -3.03490114901633
H            2.74119262856284        1.67832355436784       -3.43573680163887
H            0.24938044963247        0.53756105991144        0.13705031660900
H           -1.94636620120386       -0.85320538301456       -2.27378677750759
H           -1.64603203575364       -1.45205605230476        1.34468145177700
H           -3.14708190669723       -3.47381696205571        1.03187354413808
H           -4.54501355431396       -2.38984527278641        0.98350090298303
H           -2.88234736574263       -2.86073668720091        3.21432419350221
H           -4.25367332390048        0.05966076441505        0.81282010733108
H           -3.70649559319992       -0.52949764066108        3.06510375433188
H           -1.39269640716539        1.06282923686504        1.13160112862123
H           -3.19550421526789        2.49470596619534        1.63417803504965
H           -3.20575740776666        0.84653043660827       -1.32260269616948
H           -1.74082206899321        2.62699426524851       -1.23054004597931
H            1.99645586755873       -1.95158418213061       -0.15009756697037
H            0.26814499915892       -2.62378967743834        1.02323815760251
H            2.02582931868325        0.32814027898560        1.88742520430564
H            2.97842073032876       -1.67546441460601        2.55293600159956
48
 energy: -84.835987840618 xtb: 6.7.1 (edcfbbe)
C            4.91827698404356        2.21333915502670        0.31782959034560
O            3.96614528817890        1.40515468569639        1.00358390250715
C            3.31790344478081        0.47394498823831        0.21591926255782
O            2.46474355495552        1.15768275113806       -0.68103655680085
C            1.60881457932839        0.30964251399140       -1.43267329267620
C            1.03077806113114        1.12652559398859       -2.58778906447833
O            1.96776834951125        1.25565710826333       -3.62799072724137
C            0.65420949453235       -0.36693716785349       -0.42050385617995
O           -0.40929862241711       -1.13074351566729       -0.95538059876092
C           -1.72985073689921       -0.71555987371572       -1.23402909275859
O           -2.58920484818649       -1.55779095170083       -0.49120749267811
C           -2.62207522171307       -1.34951523575719        0.91602610161380
C           -3.51631448321445       -2.46268734021459        1.48939746386705
O           -3.62689885921675       -2.39451113357255        2.88944279783545
C           -3.19946552080350        0.03728828177822        1.23397558551395
O           -3.16501284016877        0.34130867871380        2.60509308718273
C           -2.36510988108111        1.09073366531229        0.50424689123866
O           -2.97708413208088        2.35837699107131        0.54011453863650
C           -2.23110842386474        0.72741429791342       -0.98445072058312
O           -1.49127609609333        1.69633109683654       -1.66580584099205
C            1.52763437067658       -1.31055232169673        0.41907823337690
O            0.78545904218442       -2.03401098959708        1.36803820374325
C            2.57456648956010       -0.47676746039879        1.16966308857501
O            3.54659623004755       -1.29611436889564        1.75788959853570
H            4.42107408588656        2.85212072825797       -0.41335503164431
H            5.66227005182749        1.58476102431340       -0.17882153151094
H            5.38889595764358        2.81670207929898        1.08850046962315
H            4.04531502978960       -0.13039848087911       -0.36719780891208
H            2.21733658394465       -0.48763354570547       -1.89753544379036
H            0.71008537760049        2.10231181664256       -2.22064511465706
H            0.17654313032994        0.60051349696082       -3.01122789046701
H            2.69971304081959        1.81046767847948       -3.32493572575247
H            0.27155143510294        0.42978924070045        0.22866385495224
H           -1.91971418757604       -0.98112552357451       -2.28008056916977
H           -1.61003374339461       -1.41558395870024        1.34131964143807
H           -3.13654973572834       -3.43127901718440        1.15436305801287
H           -4.52506069153821       -2.33629222424403        1.08942120891361
H           -2.82227180744445       -2.73915579046530        3.30239435468458
H           -4.23181465861226        0.08746077537728        0.85041181333328
H           -3.58802152277679       -0.39055149948076        3.09040050696882
H           -1.37924740328126        1.14767777442388        0.98863830212314
H           -3.17668190173347        2.57619446930277        1.46240829202076
H           -3.26223280157672        0.70417591869819       -1.38105243297978
H           -1.89555033593269        2.55587386389603       -1.45946237393960
H            2.04936149975601       -2.00328978443691       -0.25586318582020
H            0.28388455244164       -2.71338698414115        0.89477925638654
H            2.06860773294657        0.13706069946281        1.92811378193904
H            3.11234309108589       -1.87462822483437        2.40481449000786
48
 energy: -84.831014327112 xtb: 6.7.1 (edcfbbe)
C            4.98351088494827        2.10822956073751        0.45375513031896
O            4.06882577661101        1.22597452620137        1.09728264717743
C            3.36054709711565        0.39543236160075        0.25160994082479
O            2.44108407998491        1.17726998090522       -0.48386982911883
C            1.54470397330786        0.43791594933658       -1.30657110184648
C            0.90088640528741        1.45588211979037       -2.24400568211538
O            1.85569723236465        1.98950185758234       -3.12515842804419
C            0.65447026579590       -0.38323398837390       -0.35113407273333
O           -0.39541340743935       -1.18331797082802       -0.86671957147993
C           -1.72215497684221       -0.89758979852449       -1.26027220929015
O           -2.53710291256650       -1.71307334016949       -0.43505376827954
C           -2.55597278255633       -1.31623453261736        0.93300110176830
C           -3.40787145360949       -2.35648032402258        1.67922400417258
O           -3.40733239223093       -2.14089509990146        3.06877180532574
C           -3.14616915098465        0.09464133029958        1.11024793009056
O           -2.98659026765510        0.56611824028887        2.42483551879398
C           -2.45272919521841        1.09026585118046        0.17160556018825
O           -3.17787512299270        2.29223252926239        0.06694570462010
C           -2.39688480483781        0.48774993812704       -1.23779146839250
O           -1.88181432293413        1.37298188669666       -2.18450722500694
C            1.58315667217035       -1.39623409988683        0.34691611826698
O            0.88717439069017       -2.21322102677112        1.25179916581166
C            2.67401349264699       -0.65928493654696        1.13100102707684
O            3.67014406837282       -1.54439591177268        1.56188787815791
H            4.44692597575606        2.85456016480152       -0.13349007930436
H            5.66636689799574        1.54648622693809       -0.18898451549281
H            5.53295710130671        2.58748589409701        1.25886512594748
H            4.03840868039198       -0.12885093214358       -0.45473582009098
H            2.12612362773387       -0.26241022911554       -1.93068419347554
H            0.42870648469752        2.24593295992931       -1.65261492471132
H            0.15223742262806        0.96888516718015       -2.86527474939487
H            2.53177777471613        2.44750471414870       -2.60634063383967
H            0.27664667077918        0.31724162580996        0.40812684242181
H           -1.82924348363508       -1.31658261265444       -2.26795748813829
H           -1.53375074662737       -1.31621254619382        1.34034751177309
H           -3.05134069888911       -3.35612078113878        1.41829052314129
H           -4.44510634151537       -2.26657550690327        1.34827694981449
H           -2.57535951767507       -2.45737711542133        3.44877210721908
H           -4.21381344359132        0.06796894890972        0.83600751436677
H           -3.35119871702222       -0.09988015506750        3.03535791324795
H           -1.44355138512752        1.30237255902120        0.55025789543979
H           -3.31031295260243        2.65362877467045        0.95543913800206
H           -3.44178423561328        0.24498199589615       -1.50626399879098
H           -2.38556349932156        2.20025464999476       -2.11280136627968
H            2.06251720119749       -2.01456325278404       -0.42613573729324
H            0.28124642019839       -2.76975267035941        0.74040815481320
H            2.21554489638791       -0.13871173566480        1.98350767628840
H            3.26526129991966       -2.20050724606240        2.15130905997741
48
 energy: -84.827695368582 xtb: 6.7.1 (edcfbbe)
C            5.13206535935314        1.99719410469364        0.37150517532778
O            4.26586048681445        1.08640085240369        1.04111312873660
C            3.43895455426759        0.34863213513970        0.21761732130814
O            2.45232208403386        1.20698728253225       -0.31368427828416
C            1.45921892527837        0.59316773373610       -1.13206151983291
C            0.72203278927515        1.77258223563808       -1.76520667485556
O            1.58467728667265        2.51587895779851       -2.58722272798968
C            0.66569005776914       -0.37191419175396       -0.22992633075312
O           -0.35852533184407       -1.21070334835788       -0.75096266790453
C           -1.67320132067613       -1.04454830092083       -1.24196796387476
O           -2.48019097975711       -1.83454935566730       -0.38399638283385
C           -2.56806747885670       -1.30881951046330        0.93749113666042
C           -3.44951648126773       -2.27759026255328        1.74342558204850
O           -3.47957288503133       -1.94673978371959        3.11000716687544
C           -3.16168668281817        0.11452623396152        0.97421681553051
O           -2.99099484315631        0.70227361852835        2.23986662078015
C           -2.49063877151597        1.03293168826190       -0.06003464882312
O           -3.23717761802125        2.20589263889375       -0.27118636304395
C           -2.43791748925784        0.27938109717332       -1.39187168744743
O           -2.00405166783692        1.04377767813013       -2.47647833963749
C            1.66177631405956       -1.42075478709001        0.31418689696153
O            1.03935473488954       -2.31051362955967        1.20331292871993
C            2.82088969996243       -0.76501599649640        1.06828447223502
O            3.83051392391983       -1.69590937096568        1.34135548776507
H            4.55916346390602        2.79649547470414       -0.10042431637729
H            5.72940893012612        1.47328189280922       -0.37926423701949
H            5.77431062136812        2.40352851365404        1.14738215888538
H            4.01035427833442       -0.11518379304482       -0.61346268961319
H            1.95028496890489        0.01543339567299       -1.93191214334538
H            0.31138153093205        2.40424542095947       -0.96837159893977
H           -0.07593152037091        1.41556352413490       -2.41152967576145
H            2.32610731057194        2.82943421487963       -2.05027210637814
H            0.29038546079867        0.21988759388862        0.62082681782079
H           -1.69145247762563       -1.56274034698042       -2.20887151169455
H           -1.56437825864973       -1.26926944024981        1.38762960064838
H           -3.09606122367145       -3.29759903097278        1.57412767274453
H           -4.47765296638948       -2.20768188587524        1.38073293683746
H           -2.67302779805579       -2.26273511709209        3.54173724291293
H           -4.23192247818899        0.05891480439148        0.71581910418335
H           -3.37471160868781        0.10756432164736        2.90893343330198
H           -1.48042075723046        1.29148667651250        0.28294935050690
H           -3.34998032119215        2.66371711202835        0.57455950863732
H           -3.46904961376635       -0.06069940120756       -1.59834083556023
H           -2.52900557997686        1.86118346253573       -2.49059600640132
H            2.07143943596176       -1.97130043821252       -0.54620562288032
H            0.35348010223464       -2.78713776446986        0.71230172086983
H            2.44242166849669       -0.31145169427255        1.99515511567517
H            3.45304110424179       -2.40751117494738        1.88279600992390
48
 energy: -84.825306683876 xtb: 6.7.1 (edcfbbe)
C            5.36471306011787        1.81584147648018       -0.00849458986130
O            4.53258245435171        0.98079796507573        0.79045318153192
C            3.53709697093366        0.31548296020449        0.10323233642840
O            2.51554360577527        1.23878799794349       -0.20184867632707
C            1.37747653599417        0.74858648182687       -0.90909556153934
C            0.57693514663275        2.03095261759807       -1.16602268619352
O            1.32760643758722        2.95179570007895       -1.91357978885266
C            0.69867154379622       -0.33886274975897       -0.05218597591895
O           -0.29590587975310       -1.20954019085211       -0.59412719500439
C           -1.58016467908409       -1.12956653397768       -1.17467264699431
O           -2.41896451006125       -1.89656183355317       -0.32995383875980
C           -2.64561661514352       -1.29067479973197        0.93804215808393
C           -3.51590067330142       -2.26266177024291        1.75186128538710
O           -3.67367410045894       -1.83707223460448        3.08305000434868
C           -3.33488298068101        0.08089816557253        0.80834640031522
O           -3.36119905876652        0.76216811139962        2.03767274614061
C           -2.58632067334006        0.96930368101962       -0.19788891522269
O           -3.33824951168915        2.10345031374398       -0.54947765883202
C           -2.36122758728488        0.15545992517921       -1.47666993983600
O           -1.80732167577074        0.87409653248724       -2.54027473038749
C            1.75143516090251       -1.39686592502437        0.35725300550717
O            1.21185608711406       -2.31460158220960        1.27192522868286
C            2.99821500722901       -0.79494775419129        1.00537193773289
O            3.99894975785724       -1.76309268116299        1.14966581534034
H            4.78914805201394        2.63210438115786       -0.44715999299096
H            5.84187727021590        1.23145159728327       -0.79982091369270
H            6.11371756213054        2.20831576879060        0.67299258808174
H            3.92696975143156       -0.13575596665336       -0.83215299915195
H            1.69587378751068        0.31247580852344       -1.86858453520956
H            0.29782495756605        2.46663728814934       -0.19792200948423
H           -0.30192894497761        1.81165930038487       -1.76471363039103
H            2.15169251209127        3.12710280984419       -1.43752782221309
H            0.32222504727617        0.15222670739793        0.86094920580476
H           -1.50940398151398       -1.71046233208875       -2.10346864985673
H           -1.68419348507578       -1.14163826164731        1.45227749197099
H           -3.07952440116229       -3.26255266171174        1.68832523016855
H           -4.51555917554619       -2.29720443663512        1.31285205958474
H           -2.87742436060727       -2.04583021846766        3.59239719793527
H           -4.35843267971899       -0.06932558652378        0.42785287990924
H           -3.75583721411305        0.17347811460891        2.70622747302855
H           -1.62833519106356        1.27289286373575        0.24392965702521
H           -3.56878442591489        2.58612445635750        0.25740235593114
H           -3.35125966303221       -0.22292248460920       -1.78558785889951
H           -2.39297038658580        1.62591494448852       -2.72909872420879
H            2.06220113804137       -1.91715135080735       -0.56209288771972
H            0.46476491641593       -2.75704823845602        0.84233070211835
H            2.73674331649951       -0.34888824399800        1.97499155983863
H            3.64896063473577       -2.48478406451883        1.69650275329593
48
 energy: -84.823619945831 xtb: 6.7.1 (edcfbbe)
C            5.45101453922143        1.66130458872901       -0.61895172971935
O            4.72091688960217        0.94558511163379        0.37293702774719
C            3.58909081792736        0.30223566810749       -0.08800351492721
O            2.56280316017513        1.26119994945121       -0.19694587176227
C            1.28203914009948        0.85369236759858       -0.67892968176077
C            0.49456209936808        2.17312231542709       -0.55010545149925
O            1.16672051966067        3.23302246662558       -1.17398359110148
C            0.74444392560366       -0.33429080116119        0.15154667851389
O           -0.21998386577774       -1.24087454548296       -0.39961660955812
C           -1.46997472081106       -1.19742820371148       -1.04995323646407
O           -2.37341113243050       -1.92744578404865       -0.24835639466865
C           -2.77254032877009       -1.27574941097965        0.95004078814776
C           -3.69288393385077       -2.25386928740442        1.69946496135402
O           -4.04456457211614       -1.77668937562683        2.97448439160976
C           -3.49757754851169        0.04588436816801        0.64626278508119
O           -3.76766979802678        0.78106451840811        1.81301167632299
C           -2.59883116431285        0.91635445809724       -0.24271264120912
O           -3.26522395572433        2.06055916989699       -0.71273197005223
C           -2.17338502118532        0.09759638324054       -1.47038921518492
O           -1.40187828825140        0.79424336627190       -2.40605589888375
C            1.85959055604604       -1.36782873963707        0.45035398804433
O            1.43633034223511       -2.27658852013872        1.43248577476444
C            3.17903610593437       -0.76349082618803        0.92609956236172
O            4.17892519389713       -1.74142351355380        0.97941259137729
H            4.82982176829169        2.42816139083986       -1.08409076181010
H            5.82382914836310        0.97375840635107       -1.38323180917967
H            6.28088698908978        2.11896334120983       -0.08871254639620
H            3.77185568497848       -0.17816021995928       -1.06979371282482
H            1.35588854801366        0.55705989721985       -1.73561299963639
H            0.35816507891150        2.38797373027191        0.51893077337808
H           -0.45962053082415        2.10697467609900       -1.05921443032788
H            2.06109635438897        3.28081399897056       -0.80671824433189
H            0.37602190323575        0.06419396490958        1.11154147808815
H           -1.33944357414121       -1.82003983453779       -1.94544934521984
H           -1.88792530676302       -1.05124439611996        1.56544538172266
H           -3.20407071006341       -3.23025257807083        1.74578137643565
H           -4.62280858426553       -2.36382018216705        1.13706005229135
H           -3.31519609320787       -1.92319256574377        3.59371842012655
H           -4.42942345596739       -0.17355599272542        0.10072383002620
H           -4.22797930604671        0.20185534899512        2.44633033216365
H           -1.72619727926347        1.20360814590942        0.35799376388631
H           -3.64130444786027        2.53240482712366        0.04489301761922
H           -3.10408552943816       -0.25019106435521       -1.94984841294081
H           -1.93429660720833        1.52426499359713       -2.76081940567516
H            2.06055183097064       -1.89827871674022       -0.49359558325615
H            0.65544098965464       -2.73999780877587        1.09597184516469
H            3.04757758771866       -0.27712455153930        1.90236037610450
H            3.88366537197402       -2.44436646226649        1.58045519915174
48
 energy: -84.821580359981 xtb: 6.7.1 (edcfbbe)
C            5.35311262648847        1.73482205611617       -0.88967224004419
O            4.79026363375610        0.93122051435676        0.14437023812482
C            3.61127010156594        0.29982821521325       -0.19883756395222
O            2.57246465209259        1.24594506150936       -0.10886167584082
C            1.26397996941593        0.85449853539676       -0.51844493708615
C            0.46798071716058        2.14987942497364       -0.24155264850346
O            1.15577920053318        3.28733005710592       -0.68501044283446
C            0.81529120700213       -0.39971151793133        0.27037221297487
O           -0.17761213937879       -1.29927114321703       -0.24742381228183
C           -1.41474079455523       -1.26643276875034       -0.92305469841692
O           -2.35927039164113       -1.92940399296785       -0.11428408212600
C           -2.86032678477998       -1.20879107449470        1.00171097898060
C           -3.82020530681859       -2.16113150876965        1.73552148623017
O           -4.33360064299937       -1.59396461253477        2.91502733783779
C           -3.58233507265624        0.06529654161646        0.53854995400803
O           -4.00078596636733        0.86745689209653        1.61323284981497
C           -2.59097868296497        0.89043534734615       -0.28905035854966
O           -3.18245579941635        2.02948326161636       -0.86076011184111
C           -2.05461520103945        0.02820749697154       -1.44247486357117
O           -1.17551455376121        0.69359969248237       -2.30340131249175
C            1.97037513832135       -1.42402587164484        0.42706062966649
O            1.65584050849185       -2.36986167428760        1.41469978294697
C            3.33018182276207       -0.82703980750902        0.79151424085121
O            4.33663860086761       -1.79322086798007        0.68222321158247
H            4.64340516821214        2.49411865062322       -1.22266244439056
H            5.64729844157134        1.10768347093491       -1.73618043768137
H            6.22724687868135        2.20265674800040       -0.44688084413170
H            3.66282130630173       -0.11633707687575       -1.22477078708272
H            1.26269700555029        0.62899492802178       -1.59473876231454
H            0.28146684057450        2.22094839171974        0.83938800401661
H           -0.46230969036036        2.15737745881936       -0.79764587594235
H            2.03639377140979        3.28441097998052       -0.28218339088268
H            0.50955274199951       -0.07048125699230        1.27763968075516
H           -1.27670313345470       -1.94425795176435       -1.77652462455610
H           -2.03335697201917       -0.91896681151989        1.66799821363199
H           -3.30310087929497       -3.10540044071735        1.92416643839996
H           -4.67489283499461       -2.36340290779438        1.08613313698843
H           -3.67041255485504       -1.63747761829599        3.61840569125410
H           -4.43908649906272       -0.21638410339911       -0.09393900145149
H           -4.51215143383307        0.31373525194685        2.23063847914180
H           -1.78025670255875        1.18121176532210        0.39103342883802
H           -3.65482212334864        2.51277797856746       -0.16641582612211
H           -2.93717949015861       -0.31300814202358       -2.00983656478454
H           -1.64817865538906        1.44258532491490       -2.70048780924279
H            2.08430700697499       -1.92088707250256       -0.54946948385106
H            0.84248216026510       -2.82446445405714        1.15138979419583
H            3.30035812770265       -0.39707739210521        1.80180697999874
H            4.12368345505936       -2.52350990367470        1.28516485561448
48
 energy: -84.818920442617 xtb: 6.7.1 (edcfbbe)
C            5.28988604300643        1.88415951029874       -0.86681079948462
O            4.81509281316076        0.94460739869330        0.09498988294063
C            3.63351862012373        0.32138962209351       -0.25244515565326
O            2.57616739695505        1.21535452023038        0.00508878879501
C            1.27396489073742        0.82314903879365       -0.41645344316574
C            0.43674915711692        2.07676817238500       -0.07596864145294
O            1.12934543452738        3.26442889244374       -0.34596430893822
C            0.88752482860847       -0.48354258689288        0.31613748851741
O           -0.16107465867091       -1.35838109344392       -0.13338848322904
C           -1.40563106276583       -1.34076700767682       -0.79627192511731
O           -2.35973037031945       -1.91651224747139        0.06388842977328
C           -2.90971403909076       -1.10222982031124        1.08695613423407
C           -3.86944799568382       -2.00707992766225        1.87962129686937
O           -4.44499056241697       -1.34294025573895        2.97686373999623
C           -3.64783493527758        0.09306719406719        0.46862073158866
O           -4.14556360632508        0.98399334551958        1.43381885811534
C           -2.63215321144151        0.86256425569791       -0.38049329645500
O           -3.21290234961649        1.93134432044608       -1.08558248596495
C           -2.00921529448222       -0.07497590159378       -1.42720324469462
O           -1.06969533092669        0.55059082912502       -2.25544313120172
C            2.05926521779044       -1.50110404287428        0.28701196361537
O            1.83067918315533       -2.54049300593301        1.20112614809614
C            3.43948930632836       -0.92325772282366        0.60912787465332
O            4.44437490668419       -1.84860214014734        0.30357472151372
H            4.53974602837336        2.65221074826632       -1.06356281493706
H            5.54654469749630        1.37186168870606       -1.79839294646231
H            6.17718669331504        2.32621963622976       -0.42393405204300
H            3.63230246815077        0.03030899984249       -1.32205526980291
H            1.27288131077117        0.64961039579228       -1.50232128739513
H            0.15553953268836        2.03956773136787        0.98623118513304
H           -0.44188602510898        2.12228270849598       -0.71092726697007
H            1.97646262273361        3.23651226113107        0.12287792179951
H            0.68416939448318       -0.22154828637995        1.36802770110394
H           -1.29053203891726       -2.08936304479156       -1.59259299851072
H           -2.11349542913204       -0.72342846761687        1.74630381741335
H           -3.33205191878208       -2.91003468079019        2.18019521617645
H           -4.69121986312378       -2.30071823066431        1.22244703994811
H           -3.81640720761376       -1.31318707566947        3.71204686248724
H           -4.46038955583104       -0.28051557639114       -0.17451741581724
H           -4.66229610110467        0.47700916247951        2.08560128540270
H           -1.87178599445094        1.23427927551497        0.31601554110996
H           -3.73333706364125        2.46213157748595       -0.46414406258889
H           -2.84888522706768       -0.44831665119247       -2.03796557725729
H           -1.51668606729080        1.27630430848068       -2.72031447766520
H            2.10333446471248       -1.90219419965450       -0.73884142299525
H            0.96531759778534       -2.93020183866708        1.00738762599847
H            3.48606497785324       -0.62122027062553        1.66434510516332
H            4.29131708080831       -2.64910743506480        0.83077213213139
48
 energy: -84.816435406697 xtb: 6.7.1 (edcfbbe)
C            5.22819021973524        1.99776244682532       -0.81578829498913
O            4.82999465447621        0.91290294631059        0.01996774437318
C            3.64387566922352        0.31446189805042       -0.35261005155745
O            2.58505748101117        1.14337739949178        0.06934540970323
C            1.28004055443571        0.75510681695553       -0.33659401869938
C            0.39492486359177        1.93897214314269        0.11882463748749
O            1.07854941475495        3.16039223583447        0.13236336805647
C            0.96128812811927       -0.59961583396557        0.32618986517107
O           -0.15499841026340       -1.43295808863863       -0.02362168586702
C           -1.42708695537251       -1.40450415916812       -0.63615440988876
O           -2.36043245362248       -1.85766101198821        0.31065567534156
C           -2.89476221801290       -0.90502442701990        1.21595107343641
C           -3.77061196958864       -1.70079022003066        2.19941416437973
O           -4.34912405632274       -0.88562348024245        3.18788139467476
C           -3.71267918718801        0.12816695105249        0.42994697521653
O           -4.27610369600375        1.12537073887082        1.24307409318561
C           -2.75543074651467        0.82577920776762       -0.54073951543891
O           -3.43010991035730        1.67035439770109       -1.44312525234932
C           -2.00073976843865       -0.19721465992097       -1.40744519901021
O           -1.00231721002754        0.39462390203689       -2.19400789528469
C            2.11976026457943       -1.59734351176748        0.06252933813913
O            1.97514093915834       -2.74442350997627        0.85878614265038
C            3.51990487677981       -1.04155454568833        0.33851243980209
O            4.50336048155636       -1.89697848427849       -0.17263505593075
H            4.44712392670894        2.75855751538710       -0.86194932294415
H            5.45002263046347        1.63440064211061       -1.82300543251906
H            6.12473434309794        2.40207054014573       -0.35572025969469
H            3.59340672969115        0.16917865719150       -1.45053385028255
H            1.24909687357027        0.65005716583999       -1.42980950121505
H           -0.00792287236584        1.72299951263330        1.11867986111900
H           -0.40951871131868        2.07743112370356       -0.59782627637660
H            1.88520637190567        3.05579956103862        0.65813347805387
H            0.90098298189233       -0.42148891619880        1.41231820785694
H           -1.36960645516698       -2.23835997276607       -1.35155515366621
H           -2.08569823434722       -0.38964941518509        1.75530344154886
H           -3.16800047723642       -2.50525453652153        2.62966508035693
H           -4.59441636154281       -2.15145754118572        1.64159833713159
H           -3.69433359967501       -0.67089316220933        3.86718875676663
H           -4.49430244863532       -0.40015227728272       -0.13898303997854
H           -4.73721610897516        0.69754275241074        1.98673539914129
H           -2.06639136372604        1.41312365765827        0.07439990905743
H           -3.99643412504416        2.27043026370634       -0.93587727743584
H           -2.77177088113453       -0.63936787278543       -2.06063915690321
H           -1.43030977404965        1.04293545328175       -2.77570832217194
H            2.07147144531240       -1.86972535339832       -1.00502904808760
H            1.06346562431597       -3.06011359683517        0.76549208680666
H            3.65215291597034       -0.88754611014991        1.41845611442845
H            4.40256545571715       -2.76410314632389        0.25142809338581
48
 energy: -84.823692997562 xtb: 6.7.1 (edcfbbe)
C            4.87630354954723        2.13778194227152       -1.09176412396382
O            4.67267268118914        0.97849725453697       -0.28987493735356
C            3.46144637482811        0.34377200826477       -0.48107986971908
O            2.45919459531114        1.10728558497617        0.15193952147598
C            1.11786511685978        0.63431320161355        0.08202309738931
C            0.37887775584055        1.57460684240222        1.06005424687766
O           -0.04348653379587        2.77287504422930        0.47143945762369
C            0.97427564172579       -0.82495199054983        0.53604086985317
O           -0.13502527217549       -1.62679379198253        0.09420351299348
C           -1.35429542467303       -1.47968105928551       -0.60499529301651
O           -2.39812554434721       -1.85297162574044        0.25412842289155
C           -2.82897390197730       -0.82791918759434        1.14006134590577
C           -3.86138658362599       -1.47526515732054        2.07897473148198
O           -4.31838472556268       -0.59072185808534        3.07110728354178
C           -3.44437612469197        0.34013723220171        0.35059003835549
O           -3.79695040675290        1.41588341219834        1.18317537960756
C           -2.45381167400183        0.87879099078827       -0.69453732540489
O           -3.12620859769600        1.63874032853159       -1.67985573739249
C           -1.78519278523208       -0.27059267234941       -1.45851931782576
O           -0.72778316818404        0.16647563077621       -2.27106558874972
C            2.15496341817380       -1.69323668116654        0.03268372175112
O            2.20179167796069       -2.91136342954281        0.72932676759720
C            3.53006139130965       -1.03964917293101        0.16482936165227
O            4.50280736828174       -1.79673063474635       -0.49991318463284
H            4.14813958541854        2.91155877366514       -0.84369491600409
H            4.80195927468248        1.88327921126203       -2.15290252271433
H            5.88115874508728        2.47587532064421       -0.85562126351333
H            3.23139330053545        0.23415284606451       -1.56065207147288
H            0.74167039155488        0.73578694984245       -0.94325437807713
H            1.06400951627879        1.76451527703124        1.89476676622012
H           -0.51947677834389        1.09313679865874        1.44875138721249
H            0.72955946668518        3.28985959537557        0.20683033177513
H            0.96894659601136       -0.85865341760689        1.63477281339097
H           -1.30583369058014       -2.32740945750272       -1.30905833027968
H           -1.97399253446903       -0.45630976251146        1.72539328949101
H           -3.42009178755774       -2.38021647588524        2.50638276036396
H           -4.73452829171130       -1.76551930303757        1.49022746619048
H           -3.65071268969559       -0.50067482883544        3.76647851746857
H           -4.32754008233382       -0.04134615714200       -0.18882972330140
H           -4.34914925754774        1.07820782220185        1.91130164599695
H           -1.71608003713969        1.51361560632444       -0.20017306281358
H           -3.54414113240924        2.39745947403182       -1.24843689847396
H           -2.58418275674530       -0.68723890798076       -2.09583711211918
H           -1.08108156014994        0.83962955790539       -2.87516410206697
H            1.98106204314502       -1.87746410954527       -1.04081926140454
H            1.32364337271657       -3.31834154729545        0.68818437401301
H            3.78826358837261       -0.90943443594379        1.22502118469294
H            4.49074493951689       -2.69375727281515       -0.12915500388920
48
 energy: -84.825795667107 xtb: 6.7.1 (edcfbbe)
C            4.70565719269704        2.26838023527900       -1.11832728799436
O            4.60195932029327        1.04466227862828       -0.39658979698020
C            3.39403405783350        0.39118374177324       -0.53908982781191
O            2.42924291829056        1.07517197217880        0.22966065472798
C            1.09807741346864        0.57379275403547        0.19827319571869
C            0.38161700830993        1.45076413429815        1.24527498412059
O           -0.00377249889040        2.70046279006691        0.74444558187848
C            1.02322207695101       -0.90796494648608        0.59082101110869
O           -0.11388733448999       -1.71624826402488        0.24069270000391
C           -1.33604443752555       -1.57857929766013       -0.45563976979363
O           -2.39333377359818       -1.84068355407895        0.42650860871417
C           -2.84970463892356       -0.73977132159369        1.20043419531432
C           -3.95237569503070       -1.29383036305806        2.11981360693768
O           -4.44636538263183       -0.32679695704354        3.01202114015352
C           -3.39231000519628        0.37497848301389        0.29011531322125
O           -3.76617699630643        1.51898678401945        1.01414774392558
C           -2.32914453222263        0.80873391968774       -0.73072417426789
O           -2.91175737120557        1.55515718494433       -1.78036092860864
C           -1.70095148100408       -0.41809128922005       -1.40345219328011
O           -0.60747510507067       -0.08638316104329       -2.21877150793621
C            2.17031792645944       -1.71112800902181       -0.07342005997063
O            2.30118083048737       -2.97252621524833        0.52955460694003
C            3.54145176186264       -1.03592044178907       -0.01327978006414
O            4.46419637706016       -1.71639919046291       -0.81765688235281
H            3.96398887216359        2.98752366927694       -0.76683410766323
H            4.57213392131917        2.08963854350532       -2.18920791980405
H            5.70883245674888        2.63412319156239       -0.92010424865135
H            3.07772878890587        0.35823995927235       -1.60169348712811
H            0.68046429482274        0.70863458702198       -0.80624661495619
H            1.06626608846692        1.55921182957842        2.09464267986125
H           -0.53143006527243        0.96575232686754        1.59022983960923
H            0.78739622014322        3.20716389299336        0.51611044944827
H            1.12451155427540       -0.99583202456566        1.68091382015014
H           -1.32882897437297       -2.48120256147498       -1.08976082121025
H           -2.02632303291791       -0.34025768545032        1.81124663572655
H           -3.55963619116808       -2.17188000618204        2.63982712978220
H           -4.79562425730535       -1.61065692820700        1.50194175340553
H           -3.82438649282957       -0.19996895597903        3.74275049295437
H           -4.25240727630671       -0.03001860304286       -0.26951568975671
H           -4.36543948228662        1.25037051091269        1.73343718000022
H           -1.58058663261864        1.42552417681441       -0.22849773592768
H           -3.33526369583717        2.33791214358397       -1.39937589429367
H           -2.50549817397274       -0.84069915460630       -2.02914195366805
H           -0.91930518394731        0.54974242784254       -2.88277992281686
H            1.90516342762384       -1.82550152119470       -1.13849834447787
H            1.42335983255073       -3.37984453320845        0.57784633703383
H            3.88983570311916       -0.98215803283425        1.02738733137886
H            4.51738974526302       -2.63377476982485       -0.50564370342495
48
 energy: -84.828084999868 xtb: 6.7.1 (edcfbbe)
C            4.61232357253810        2.38193177694498       -1.05926316949887
O            4.56682128013846        1.08165796113535       -0.47933511249643
C            3.35071263067893        0.43908778288219       -0.59781315214582
O            2.44049065109017        1.04049764021752        0.29734474449425
C            1.11503510593593        0.52589891978325        0.29495262255262
C            0.41611174962145        1.34317472112474        1.39792359274932
O           -0.04416241182321        2.59049775320010        0.95700683069868
C            1.09634816586924       -0.97154785390901        0.62884295016956
O           -0.06931380658685       -1.78326973192449        0.40773918174957
C           -1.30957224001034       -1.65911138133923       -0.26051760257559
O           -2.35755500000546       -1.79952757760759        0.65959125444303
C           -2.87858290180543       -0.62907245875428        1.27388524879353
C           -4.03561754845102       -1.10829831814724        2.16924756082524
O           -4.59564678565475       -0.06461394016216        2.92604397975902
C           -3.37234208491537        0.37312857332672        0.21905231923911
O           -3.81891691418523        1.57571511006263        0.78964089470272
C           -2.23078532652140        0.71805535256839       -0.74610900773503
O           -2.70750330844250        1.43601068992370       -1.86523930556878
C           -1.62273121414256       -0.57255497752057       -1.30985939639263
O           -0.49727068658169       -0.33528700833947       -2.11541308426899
C            2.16603681899960       -1.71008720089157       -0.21464495984556
O            2.35785903176731       -3.01769239243520        0.26327952415169
C            3.53745994145219       -1.03223302031191       -0.22979207957245
O            4.37451061849382       -1.62509038074664       -1.18361507914106
H            3.91955873544976        3.05416330646984       -0.55089371900144
H            4.36820724079088        2.33101853142872       -2.12410934125822
H            5.63492390794133        2.72135845577694       -0.92303039859202
H            2.95946926200437        0.50710528890472       -1.63362910326992
H            0.66371508842122        0.69048281529112       -0.68954043734239
H            1.13185191077510        1.45189608870711        2.22084690490443
H           -0.45884458621989        0.80520281713830        1.76236770960029
H            0.71275690425853        3.14581917660887        0.72527938493840
H            1.33139278656895       -1.10425389315415        1.69215062048369
H           -1.35476935393936       -2.61713219386761       -0.80590216957680
H           -2.11186331937224       -0.14398959987214        1.89566626192084
H           -3.67038689507275       -1.92445008517020        2.79872928932756
H           -4.83328144774262       -1.49741830410860        1.53229451108852
H           -4.02499579535913        0.14184791514366        3.67997521951055
H           -4.18110902674395       -0.10353939529182       -0.36070426101640
H           -4.44060782079791        1.36591626166356        1.50999918122870
H           -1.49268789883749        1.32592244450633       -0.21574713395430
H           -3.16222704349409        2.22798699293908       -1.54326977057963
H           -2.42196624258767       -1.01796629279968       -1.92584522480050
H           -0.77740349535020        0.24486355891392       -2.84184742415581
H            1.79211365606031       -1.73658995955198       -1.25277954331622
H            1.48763519802535       -3.41712696417028        0.41270801588352
H            3.98722513771823       -1.07852393020469        0.77190774453892
H            4.44758287070338       -2.56986933994861       -0.97409066985792
48
 energy: -84.830559039351 xtb: 6.7.1 (edcfbbe)
C            4.57315909147610        2.44353912595277       -1.01011205828579
O            4.54033429949268        1.09984851363198       -0.53893745747814
C            3.31195856744392        0.47864540827860       -0.64528918640230
O            2.45546934088389        1.01383664096999        0.34180530055431
C            1.13598027370969        0.48775784767912        0.37567026478987
C            0.46017832855483        1.23150707306842        1.54227583376796
O           -0.15113758906149        2.43514462744969        1.16843673221217
C            1.16283161069110       -1.02239988722831        0.64085281869247
O           -0.02380878232903       -1.82268132248476        0.54891346821303
C           -1.28288467935401       -1.70537343894687       -0.08862473688603
O           -2.30592470361739       -1.72576391853559        0.87062956881251
C           -2.88318307713360       -0.50992041772816        1.32936114894750
C           -4.06179991786324       -0.93148073594828        2.22620407187826
O           -4.68106118203619        0.16644189804717        2.84723349976380
C           -3.36039203809126        0.35906973270244        0.15767545017305
O           -3.86513505960606        1.59960272392314        0.57805979076906
C           -2.17028133450037        0.63442000578236       -0.76673001967115
O           -2.56929394076594        1.30244873933166       -1.94396137639410
C           -1.56679832265251       -0.69938028376764       -1.22466984401530
O           -0.42333015026798       -0.52691836028792       -2.02222313001731
C            2.14020409462384       -1.70152387313224       -0.34731146171032
O            2.36240218950625       -3.04174191487931        0.01768267065691
C            3.50855117171994       -1.02075973859240       -0.41821873195557
O            4.26542107215494       -1.52842321909163       -1.48244706367321
H            3.91781240001863        3.07731610689635       -0.41068504831900
H            4.27304694090112        2.48470022675913       -2.06098307675125
H            5.60626413539217        2.76024746357981       -0.90124172431406
H            2.86813507963246        0.63502055549138       -1.64955121970395
H            0.64306417406652        0.68639697497707       -0.58192294326043
H            1.22610596819194        1.39330155547987        2.30867596448233
H           -0.32552208996689        0.60254446031284        1.96203113617492
H            0.52696140165120        3.07814207879263        0.91916151812721
H            1.51953605001062       -1.19612332958443        1.66352142993676
H           -1.38014367353764       -2.70605721627579       -0.54355836144307
H           -2.16328443260038        0.07334803008157        1.92107045729535
H           -3.69954810746994       -1.66568108410971        2.95109179520739
H           -4.82225731953187       -1.41000788965189        1.60501809429229
H           -4.14164094855033        0.47390932189879        3.58966302176912
H           -4.12648451906587       -0.19783840203248       -0.40826436609064
H           -4.50477548793278        1.44863003380327        1.29716071472620
H           -1.44926263723944        1.25233406355257       -0.22126437268215
H           -3.07389628246549        2.08784499988460       -1.68635106652043
H           -2.35697891989415       -1.17864249034714       -1.82660685769969
H           -0.68677639699765        0.00932568620514       -2.78780359188867
H            1.67993092870064       -1.65323438519912       -1.34819184218046
H            1.50837918924536       -3.43170684694630        0.25817800331215
H            4.03663639054742       -1.15261537234708        0.53690634367274
H            4.35323805490230       -2.48705604775601       -1.35884502258234
48
 energy: -84.832864647584 xtb: 6.7.1 (edcfbbe)
C            4.50488872398601        2.49046896946761       -0.94003074633387
O            4.49268339680906        1.11190732309985       -0.58151935458702
C            3.25669280953522        0.50227420436649       -0.66479589129955
O            2.45640984838389        0.96985788297291        0.40166244467491
C            1.14488521927945        0.43015710220774        0.46478326006413
C            0.49908299644667        1.07445477756306        1.70747438220625
O           -0.31766162237480        2.17848228758714        1.42443331891354
C            1.20524029843630       -1.09176480538074        0.63060999992300
O           -0.00093295210893       -1.85988872255551        0.63564749194906
C           -1.26798072367865       -1.72685644321240        0.01074440641189
O           -2.26384367660342       -1.63299890743697        0.99587504049749
C           -2.83957603709498       -0.37635150078771        1.33769008591085
C           -3.98871223095865       -0.70764586939576        2.30645533616277
O           -4.61585719527949        0.44621923478842        2.80727354177384
C           -3.34936599236657        0.34702244031814        0.08548974168548
O           -3.90663932107625        1.60361615975013        0.36613352390286
C           -2.14738158428224        0.56660090818987       -0.83498783745984
O           -2.51603731365265        1.16205423657835       -2.05895352502273
C           -1.53054871807255       -0.79173657826562       -1.19354272712801
O           -0.37486548680207       -0.64999111222273       -1.97909665573377
C            2.10835999156215       -1.71308336290877       -0.45592915557984
O            2.36624702364988       -3.06849601329599       -0.17155858934565
C            3.46451460475029       -1.01060244555402       -0.56441337034855
O            4.15494308254329       -1.42674821869236       -1.71069420451239
H            3.90146819399291        3.07384390620285       -0.24301010121857
H            4.12957400545771        2.62084567577796       -1.95887986886913
H            5.54639671085063        2.79241764946646       -0.88122512440224
H            2.75998231646481        0.73198238814183       -1.62954891097685
H            0.60674125273384        0.68130630751809       -0.45582305123043
H            1.31230493581730        1.33992599630501        2.39083102257380
H           -0.13624085491547        0.33293871563604        2.19656361555547
H            0.23054211731045        2.94119388927832        1.19285857928268
H            1.64887499870063       -1.31548694566433        1.60911127826201
H           -1.41916222620880       -2.75246185664818       -0.36666049015211
H           -2.11491158180542        0.28084090052444        1.83585939432074
H           -3.59570759899493       -1.34210146100910        3.10582108360205
H           -4.75344146712348       -1.27072509396085        1.76712395288336
H           -4.05132857950877        0.86557972105895        3.47247611372923
H           -4.08546087421049       -0.29597592608972       -0.42617157756250
H           -4.52003809386582        1.51013066698109        1.11750452375272
H           -1.43677113018940        1.21390985855541       -0.30668102301079
H           -3.06562273486613        1.93515885307258       -1.86159819303256
H           -2.30478746747804       -1.30967676363430       -1.78388169349825
H           -0.63156927450741       -0.15563081221251       -2.77459139295094
H            1.59235913118870       -1.62266353778725       -1.42392702049517
H            1.53681311560301       -3.48157214182454        0.11152732702435
H            4.05364265810673       -1.21077581557114        0.34205700269964
H            4.26179650232210       -2.38996204664738       -1.66500125704050
48
 energy: -84.834164035671 xtb: 6.7.1 (edcfbbe)
C            4.44829732285238        2.53230138642868       -0.89768051604396
O            4.44965757267091        1.13896318444454       -0.60150279429309
C            3.21160800196496        0.53150678328415       -0.66644286505736
O            2.45049945669200        0.95120871180436        0.44836694792800
C            1.14486310585139        0.40198192051458        0.52882653667419
C            0.52017088406772        0.97903506800984        1.81376469977310
O           -0.37292128332677        2.03727923962339        1.58837726171619
C            1.22010670512608       -1.12540882338282        0.61143959062877
O            0.00764197063935       -1.87222037245677        0.69333002753579
C           -1.26231693956988       -1.76121988289095        0.06389225519192
O           -2.24225510800516       -1.58603602678961        1.05503438045880
C           -2.79836973188279       -0.30594168212403        1.33666643285245
C           -3.93046404875138       -0.57230964142879        2.34443252562917
O           -4.53919075151889        0.61392696256274        2.78920899440244
C           -3.32698769821873        0.34642756545486        0.05473216515363
O           -3.86809597967481        1.62324410734231        0.26923986473657
C           -2.13566371204114        0.49958374649157       -0.89008268026079
O           -2.50940107036027        1.03008024463270       -2.14137417573092
C           -1.52598826841506       -0.87881098829340       -1.18238729792726
O           -0.37629520445475       -0.76325347391136       -1.98011653306099
C            2.08071940806689       -1.70634008174446       -0.52614903155157
O            2.36315088763082       -3.06736544206273       -0.28769720911536
C            3.42691102735116       -0.98438087465431       -0.64507857628557
O            4.08335728931788       -1.33927809822236       -1.83135150655992
H            3.86674624560197        3.08192577224429       -0.15597320575735
H            4.04041894570384        2.70745422397459       -1.89718888075466
H            5.49081024661916        2.83407079451301       -0.85872919910001
H            2.67970134323147        0.80379700848294       -1.60096813158005
H            0.57803801100892        0.69269032970779       -0.36415902654681
H            1.34477370226085        1.27865894349794        2.46782508581113
H           -0.04872072860859        0.18942515612197        2.31040880991080
H            0.11789602084589        2.84430093359260        1.37985469025423
H            1.71718341460698       -1.38320468160251        1.55705777515445
H           -1.43569207025241       -2.80231049250893       -0.25283033259816
H           -2.06148012835578        0.37434458242215        1.78108458516872
H           -3.52631076553874       -1.16219990218861        3.17215339777326
H           -4.71018249318646       -1.15952163543860        1.85437741700916
H           -3.95029438039551        1.07304001911945        3.40531540961839
H           -4.07613761619530       -0.31815915511355       -0.40776757145898
H           -4.46726291034324        1.58120309107617        1.03645589635392
H           -1.41274076304018        1.16834459829228       -0.40481051669506
H           -3.06565091006360        1.80772671092433       -1.98349210389670
H           -2.30307125685904       -1.42112945342832       -1.74652250142311
H           -0.63876243670901       -0.29289065803566       -2.78834697080134
H            1.54113893589991       -1.59568149264029       -1.47677080829020
H            1.54936542163420       -3.50070446628991        0.00941694831416
H            4.04649194729926       -1.22236562796459        0.23155911061519
H            4.20470759222368       -2.30179447791461       -1.83191361211653
48
 energy: -84.834182837529 xtb: 6.7.1 (edcfbbe)
C            4.41008464022054        2.57785137363571       -0.84046711661780
O            4.41500313628949        1.17331150393628       -0.60318819383900
C            3.17352629485849        0.57218297674766       -0.65610797246473
O            2.44829504811781        0.94632425836915        0.49868516276115
C            1.14658478140525        0.39319097672758        0.59717368902723
C            0.55765695798325        0.90526520502213        1.92455860978697
O           -0.34147086216870        1.97103204749740        1.76891438170355
C            1.22182345022978       -1.13677897167094        0.59362514489229
O            0.00938678678159       -1.86939621272605        0.74249507793844
C           -1.26506705234149       -1.80829318807727        0.10989307291048
O           -2.23638150289045       -1.56254268013200        1.09556632001756
C           -2.75960067654164       -0.25849878698157        1.32453064915206
C           -3.87442097601366       -0.44852820454340        2.36792963165192
O           -4.44749997654976        0.77297137687636        2.76193683665776
C           -3.30443751231686        0.33768024291215        0.02286267221720
O           -3.80777970144730        1.63842969026818        0.17921900434775
C           -2.13350991828948        0.40727423857096       -0.95514169823651
O           -2.52543813833507        0.87180783679933       -2.22585770187709
C           -1.55374187052621       -0.99679141129766       -1.18014043838646
O           -0.43360683777470       -0.93998255079428       -2.02248060990173
C            2.04252197750196       -1.67332586619192       -0.59091911844704
O            2.33376028816636       -3.04212455516805       -0.40892458893572
C            3.38563952848740       -0.94381432325470       -0.70976934088728
O            4.01154410831346       -1.24165915098644       -1.92768379028836
H            3.85643353807859        3.09770256549879       -0.05710931245722
H            3.96954372004534        2.79607065222216       -1.81739043055945
H            5.45468792357958        2.87438850787242       -0.82444546818855
H            2.61460914085582        0.88682559530669       -1.56143163121555
H            0.54875837461939        0.73068000546392       -0.26069657554685
H            1.39845137546628        1.17699041930015        2.57013541802775
H            0.00109459978993        0.09248706925544        2.39736155304577
H            0.14250989874482        2.78344669663265        1.56568281768768
H            1.76393752664250       -1.43184067065986        1.50466543060322
H           -1.44033143235260       -2.86621730087765       -0.13830274863979
H           -2.00050783251185        0.42767514878390        1.71826389747189
H           -3.46479056877187       -1.00298238755214        3.21713581986934
H           -4.67730373430658       -1.04275400729100        1.92608341765222
H           -3.83131380339588        1.25263039748936        3.33416383989093
H           -4.08061054001702       -0.33060812313186       -0.38632334418617
H           -4.38887735551351        1.65330542184616        0.96132586094862
H           -1.38399382573986        1.08764021205067       -0.52784818599503
H           -3.06438846793558        1.66754129554840       -2.10125552874758
H           -2.35699692325138       -1.56128938011949       -1.68313542381108
H           -0.71208314421190       -0.49195902047948       -2.83850350219897
H            1.48594816283902       -1.53056930130640       -1.52516227443477
H            1.52561401349438       -3.49044988861114       -0.12023211493106
H            4.02712868530564       -1.22220817921432        0.13869320354352
H            4.13960790168395       -2.20209791335544       -1.97489959441491
48
 energy: -84.833940792378 xtb: 6.7.1 (edcfbbe)
C            4.20357348644222        2.72915157686470       -0.73553865236740
O            4.24455270462528        1.30713938117578       -0.65823075435883
C            3.01084526076605        0.68828179033423       -0.65639352704368
O            2.38082644122607        0.95499832631367        0.58024667146427
C            1.11118949415557        0.35271865244452        0.75711686361582
C            0.65432812392262        0.73073516244755        2.18033494018852
O           -0.21045129359601        1.83490832647879        2.22097095550412
C            1.20484313708049       -1.17399430392666        0.61921877394823
O           -0.00359011955504       -1.90019108334742        0.82449359534087
C           -1.28311595647668       -1.91820012193245        0.19732964164954
O           -2.25621122869328       -1.56961730393413        1.14750908522492
C           -2.61891696866622       -0.19689192350864        1.27629259255491
C           -3.68280110701953       -0.13859056804568        2.38408651587633
O           -4.03892274900171        1.18440270752709        2.70019620346145
C           -3.16276441843456        0.35120638895377       -0.04959870046984
O           -3.47665381600364        1.71862332918123        0.01742400123091
C           -2.08338223407281        0.17692707574051       -1.11971195926723
O           -2.56033074826121        0.48766038918470       -2.40759954962395
C           -1.64288074598502       -1.29110101777223       -1.17167368481902
O           -0.63871771751516       -1.49567844345962       -2.12617957015963
C            1.93351394511286       -1.59111968190655       -0.66780540117421
O            2.28783209829905       -2.95712949488153       -0.62236011968594
C            3.24272170477069       -0.81321202730027       -0.84740755416799
O            3.75699085071050       -1.00035718913132       -2.13764983205673
H            3.73529327123748        3.14808408649905        0.15620200842972
H            3.65815749368426        3.04593334727917       -1.62865511969868
H            5.24162433529337        3.04157475097614       -0.79803864104119
H            2.37353361726815        1.06307477915679       -1.48503693516512
H            0.41458276099661        0.75068389786684        0.00610637606246
H            1.55666966299137        0.90432333353718        2.77491205830280
H            0.10497846410328       -0.11084029066035        2.60931987125867
H            0.27861219197530        2.64443596886146        2.01849928799911
H            1.81351160995234       -1.53910887913319        1.45851845148275
H           -1.44594933629609       -3.00184315931909        0.08159160552835
H           -1.76275921836061        0.41947521935568        1.57060066298447
H           -3.30464052323575       -0.67968823256009        3.25652535712960
H           -4.59337512534090       -0.63323403337347        2.03968739486214
H           -3.30192869571959        1.61472873328857        3.15758809158287
H           -4.04913231944326       -0.23469370136180       -0.34566039851132
H           -3.98862863762910        1.87796455520836        0.83164665338197
H           -1.24139305195385        0.83965055324222       -0.87390363569631
H           -3.00691431505504        1.34671576707290       -2.36834640085567
H           -2.54699028924940       -1.84867667519145       -1.47343195302901
H           -0.96447592830349       -1.15069422910425       -2.97366928947825
H            1.29665406110573       -1.39839251403413       -1.53861097257726
H            1.49488533722900       -3.48058422151876       -0.44111844437211
H            3.96617458232380       -1.13870164937277       -0.08613878464845
H            3.89903112181774       -1.95086373736576       -2.27017284589216
48
 energy: -84.837030535262 xtb: 6.7.1 (edcfbbe)
C            4.15991369626806        2.82385501864769       -0.55614252306604
O            4.15480775583355        1.39972075347866       -0.59423055577779
C            2.90119457016152        0.82349154891814       -0.59842895225516
O            2.33372143423903        0.98463822111169        0.68613891176675
C            1.08114074124061        0.35495421985302        0.89279394554283
C            0.70996788896092        0.61846364401030        2.36688272972247
O           -0.12006786653937        1.73646746248113        2.54299304133143
C            1.18231599104781       -1.16254511689953        0.63175809927892
O            0.01519430017623       -1.90879155446307        0.95690914827331
C           -1.27369597722145       -2.03079077246576        0.37492918551525
O           -2.24774069518245       -1.58387797991917        1.27953355095594
C           -2.51432370829570       -0.18104456904906        1.25682041491953
C           -3.61059591170051        0.07698004722558        2.30217781306532
O           -3.82344587197635        1.45276110361726        2.50165683501312
C           -2.95592226282930        0.30525066284525       -0.13453016114583
O           -3.06052423005543        1.70614453244188       -0.18475869704884
C           -1.93590237775116       -0.11567477506493       -1.20100828642517
O           -2.43052469009176        0.08524358250822       -2.50289474033321
C           -1.67071778152613       -1.61455730771098       -1.05294414238297
O           -0.76905421985770       -2.12090987471277       -1.99667848796135
C            1.71689776761837       -1.37848356082792       -0.79416918365145
O            1.93275696729139       -2.73577837999730       -1.08962867882559
C            3.06092713713235       -0.65667424267430       -0.95854676043262
O            3.49532300379925       -0.72549087925716       -2.28823598125457
H            3.73079104323953        3.18468715853844        0.37982244652409
H            3.60043047878226        3.22842906614268       -1.40442973935947
H            5.20569775255639        3.10790503644701       -0.62596763666538
H            2.24578523124937        1.30512871443321       -1.35539423813655
H            0.33249077326534        0.80818527537465        0.22818410836154
H            1.64479156101858        0.71884052312989        2.92655328164595
H            0.15893406494067       -0.24369448078173        2.75062747194626
H            0.38626572859968        2.54573587569333        2.38622634096070
H            1.90912296316141       -1.58330478497170        1.33606072155961
H           -1.41261137864198       -3.12582332329976        0.40742447927175
H           -1.62231199300856        0.38693449531719        1.54233263604463
H           -3.32927103097833       -0.43144727966146        3.22892145170698
H           -4.55776804734519       -0.33943822209899        1.95279641109871
H           -3.06127109105386        1.82755397136251        2.96773259268076
H           -3.92162729752344       -0.16263468451761       -0.39000663886238
H           -3.58290976716415        2.00384032503944        0.58300184457550
H           -1.01289580393870        0.46585887050223       -1.06781746143833
H           -2.75174186931881        0.99605033690298       -2.57445983693547
H           -2.65118453854154       -2.10147838189829       -1.19347300803032
H           -1.10911303086618       -1.90550792222798       -2.88021092287959
H            1.02147341420247       -0.94166807171928       -1.52072653813840
H            1.08315976179633       -3.13997169424978       -1.32282553816408
H            3.80485907853549       -1.09444108705565       -0.27849757013381
H            3.55725754158579       -1.66309788139745       -2.53278620014046
48
 energy: -84.838868380994 xtb: 6.7.1 (edcfbbe)
C            4.15735503307624        2.83829539507143       -0.52116380563606
O            4.12237067888332        1.41675283522011       -0.60853627855741
C            2.85881392753022        0.86327334627553       -0.58176874475253
O            2.34245005197110        0.99079175494697        0.72767381182847
C            1.08261602583759        0.38033171636211        0.94396318499248
C            0.72850941715324        0.62115623712509        2.42471383470409
O           -0.08991327810808        1.74436495840043        2.62222958095431
C            1.15767787254551       -1.13258269774889        0.64035961260305
O            0.00159242703955       -1.86249880565725        1.03530306727062
C           -1.27601537684255       -2.07066237540997        0.45744487531754
O           -2.26318479767070       -1.56097485019860        1.31686017215939
C           -2.49388538369702       -0.15681337598619        1.22343434545468
C           -3.59867481029746        0.17979544251784        2.23714738198264
O           -3.77182689774568        1.56887191450138        2.37223510657371
C           -2.90147333987666        0.27111607173116       -0.19685005476202
O           -2.95262076986282        1.67071136559150       -0.31998797903167
C           -1.88552565376112       -0.24257559906768       -1.22567040972069
O           -2.35727594282610       -0.09673086366577       -2.54290005595830
C           -1.66928954554841       -1.73939710635077       -0.99272836053954
O           -0.78892298580270       -2.32750388889710       -1.90883421269744
C            1.64634509200200       -1.33703672385197       -0.80118426634089
O            1.87423599776813       -2.69015397381263       -1.10370000133711
C            2.98284372942477       -0.60595512523542       -0.99761035267528
O            3.35855135108243       -0.63086121280385       -2.34649874872857
H            3.77167307237325        3.17327753689307        0.44284579545840
H            3.57430007146774        3.28298225735978       -1.33260253148954
H            5.20532104907127        3.10482452506791       -0.62144210216172
H            2.18332320464755        1.38064344517698       -1.29647023010179
H            0.33314904427700        0.86225429219489        0.29805060868785
H            1.66826226643698        0.70408905722691        2.97879545390736
H            0.17117027570278       -0.24115383346299        2.79834693461074
H            0.42392733242951        2.55027342757884        2.47168485450073
H            1.91601909986900       -1.56235461562664        1.30731966643724
H           -1.40021159688185       -3.16064309376719        0.56656164073597
H           -1.59093237985055        0.39955674425903        1.49866626148263
H           -3.34771208946478       -0.29583061717228        3.18948391973033
H           -4.55236007297292       -0.22287769414598        1.88927751354711
H           -3.01534003909211        1.93797796141146        2.85185397526482
H           -3.88091184068160       -0.17379758165871       -0.43998155459120
H           -3.47917532713446        2.02556270696255        0.41974680978395
H           -0.94537516498904        0.31493732963613       -1.10854630332427
H           -2.65148732531903        0.81745481773019       -2.66816367514087
H           -2.66371250883149       -2.20600830511347       -1.09901075563748
H           -1.11977306223726       -2.14128857704246       -2.80255011362470
H            0.93105734004772       -0.90520362248220       -1.51111813666009
H            1.02292415772028       -3.10484213538048       -1.31642765162751
H            3.75172621793240       -1.07188237727816       -0.36597048426586
H            3.42938466180816       -1.55967272584143       -2.62079652509579
48
 energy: -84.839056515089 xtb: 6.7.1 (edcfbbe)
C            4.17120405928164        2.84457498539277       -0.47357657071163
O            4.10531430971187        1.42945782114966       -0.62508225584825
C            2.83332160218149        0.89739791348955       -0.57134650686873
O            2.36933251035361        0.97528888438300        0.76140613075418
C            1.10068114673369        0.38817240564271        0.98277088248127
C            0.76725026284015        0.58511866818967        2.47368962175499
O           -0.04815473689615        1.70408332152081        2.70920964909948
C            1.13305419609588       -1.11209186047383        0.61113733954267
O           -0.01589554411498       -1.82452534621139        1.05993283375507
C           -1.28398252484546       -2.10277761667776        0.49525087156974
O           -2.27924309076201       -1.55560126344875        1.32642907737250
C           -2.48024378859937       -0.15186656012131        1.20687294317233
C           -3.57664962435611        0.22827823003729        2.21433238331513
O           -3.72251770199680        1.62325057596471        2.31814432585123
C           -2.88049003362222        0.24938241382366       -0.22222238406119
O           -2.90268505677716        1.64628808234834       -0.38104307659089
C           -1.87039081706954       -0.31273171466435       -1.23054275111197
O           -2.32520608729526       -0.18874589901724       -2.55608086373541
C           -1.68355897128314       -1.80974932516851       -0.96233380444416
O           -0.82416386696721       -2.43487518638297       -1.87359395049383
C            1.58582945439977       -1.29193320184481       -0.84331752604647
O            1.82716516069382       -2.63963506526699       -1.16069808201205
C            2.91775776473610       -0.55332135286286       -1.05601928905595
O            3.24177875522912       -0.52152310480682       -2.41845950831989
H            3.83889768481287        3.13966501167113        0.52287399315118
H            3.55805073805036        3.33673959082092       -1.23386582683274
H            5.21790589887736        3.09825798764051       -0.61284574027676
H            2.14002262010508        1.45730441998623       -1.23535796922177
H            0.35196793438896        0.91225206991885        0.36616826222348
H            1.71291692363744        0.65232520838525        3.01924899523702
H            0.21151395581330       -0.28580775210612        2.82854707875514
H            0.46931489643969        2.51261975236506        2.58833625317276
H            1.91505995364767       -1.56897382271429        1.23494859934386
H           -1.39394975518480       -3.18667745471101        0.64967654859731
H           -1.56436626801738        0.38944773192625        1.47158584933878
H           -3.33313822884188       -0.23048798834355        3.17665316735680
H           -4.53819857190823       -0.16380384249148        1.87613663300507
H           -2.96338295136436        1.98629976365960        2.79814226263044
H           -3.86837938212286       -0.18194385804934       -0.45444324460572
H           -3.42162596860649        2.02998719318839        0.34957889767809
H           -0.92166332180217        0.23041159003771       -1.11365066196453
H           -2.59266903736285        0.72930892135662       -2.70989333290084
H           -2.68688596617978       -2.26113812772098       -1.04733900943446
H           -1.15206682548030       -2.24972732134596       -2.76887868229692
H            0.85792289465203       -0.86074738432338       -1.53977317265051
H            0.97662136686431       -3.06469651636020       -1.36201249481498
H            3.70439935327158       -1.05489578709700       -0.47580101702121
H            3.32222388342387       -1.43764180022572       -2.72940982593967
48
 energy: -84.837657978096 xtb: 6.7.1 (edcfbbe)
C            4.16604128605514        2.86229652792887       -0.41831315733332
O            4.07980602437490        1.45980292607021       -0.65422249760479
C            2.80840584465367        0.93277396778168       -0.56059669565733
O            2.40974530249158        0.94869222479426        0.79487155859330
C            1.13418172225740        0.38452080601846        1.02680804665595
C            0.82998801923410        0.52772591567023        2.52849437568179
O            0.05754258987197        1.66344684030697        2.81953200486554
C            1.11403910031109       -1.09636099724971        0.58252741309443
O           -0.03545460988615       -1.78160099747049        1.07588218789335
C           -1.29389898691123       -2.12499989579524        0.53353750318885
O           -2.29460002129040       -1.53650086664633        1.33513255222680
C           -2.46866277227114       -0.13468021613838        1.18166509112591
C           -3.54888978877114        0.29190910831346        2.18799497442405
O           -3.68145104122900        1.69084802592854        2.24357328668811
C           -2.87601408135057        0.22457861648464       -0.25571275505596
O           -2.88086562198312        1.61458914514711       -0.46786970187417
C           -1.87472326593110       -0.38609938552360       -1.24313824816897
O           -2.32415934363888       -0.29687557236857       -2.57296471845678
C           -1.70183827211242       -1.87834983879705       -0.93151750237252
O           -0.85516305365221       -2.53625611655334       -1.83127448421204
C            1.53704624657982       -1.24925065697779       -0.88286059024012
O            1.79980454187243       -2.58980527530921       -1.21397649556808
C            2.85952782769652       -0.49497198706259       -1.11378866001111
O            3.12788510096536       -0.40323478266912       -2.48545364567334
H            3.89860417829467        3.09429258676951        0.61366270763001
H            3.51068026569592        3.40428192600295       -1.10593519482819
H            5.20400441611776        3.12021484424337       -0.60636059330129
H            2.08621460446315        1.52665455364904       -1.16155977152899
H            0.38526022656216        0.95356152169060        0.44806236115201
H            1.78429672843089        0.53819277769681        3.06290317409101
H            0.24649134551829       -0.33622919034916        2.85362269513313
H            0.60119022477043        2.45773981755716        2.71974132181161
H            1.91010940554288       -1.58965130682512        1.16390313320758
H           -1.39259677453239       -3.19998825957225        0.73709265722239
H           -1.53820797689783        0.39378812029378        1.42387824603753
H           -3.29826599623781       -0.13523857320346        3.16273916118162
H           -4.51705198990284       -0.10399726417160        1.87365730224561
H           -2.92886359506219        2.06303479922443        2.72639067507082
H           -3.87037182976374       -0.20301777363931       -0.46485095613351
H           -3.39618509772773        2.03266776699493        0.24589504235279
H           -0.92279754745722        0.15397528068964       -1.13633127827936
H           -2.59127929721405        0.61703461912635       -2.74983402089334
H           -2.70965553237308       -2.32260230848450       -0.99596345960701
H           -1.18507029951628       -2.36815528699799       -2.72927744279696
H            0.79489182977225       -0.82478157104318       -1.56741324413508
H            0.95260648096859       -3.03633275118166       -1.38433021940998
H            3.66610819196156       -1.02435090314020       -0.58827339373473
H            3.22159449429965       -1.30329752712072       -2.83626370550250
48
 energy: -84.834723515032 xtb: 6.7.1 (edcfbbe)
C            4.19886206292387        2.87377174423275       -0.37418150971560
O            4.07977022453370        1.48270383827010       -0.65762267151323
C            2.80438530461601        0.97157474132608       -0.53488044258587
O            2.46326535228797        0.92029261044298        0.83551724189715
C            1.18019259461883        0.38124238535521        1.07796544953309
C            0.90842667108173        0.46062067144469        2.58973939315950
O            0.18293131635270        1.60804647894699        2.94800854298517
C            1.09881677427306       -1.07214326195342        0.55505749775428
O           -0.05403968794241       -1.72939975268348        1.08463412758408
C           -1.30286187550790       -2.13723855351629        0.57346061869709
O           -2.30972422958400       -1.51183566128939        1.34414409553296
C           -2.47152272696119       -0.11644796860167        1.14834426936442
C           -3.52910244935762        0.35372560269595        2.15928595319498
O           -3.65809622715160        1.75408313087934        2.16195394250286
C           -2.90361134270430        0.18566618290323       -0.29405807258893
O           -2.91375529059364        1.56499077062684       -0.56714407692015
C           -1.90919026987668       -0.46555555978160       -1.26100459565673
O           -2.36170203929997       -0.42940511795794       -2.59228778251813
C           -1.72597530712835       -1.94691225922754       -0.89743061738119
O           -0.88535175838136       -2.62658307996578       -1.78649695034597
C            1.49144525575851       -1.18803349796081       -0.92147809703992
O            1.76641003967285       -2.51943648429744       -1.27999904331274
C            2.80930092957369       -0.42556472003894       -1.16277942433016
O            3.02421089998842       -0.26453128988790       -2.53767539909027
H            3.97540173537534        3.07222094798787        0.67492032399798
H            3.52710699101118        3.45093094058871       -1.01572593933765
H            5.23313973960459        3.12229174840332       -0.59287383796660
H            2.06726133791979        1.60691769955691       -1.07172134109163
H            0.43332792041662        0.99999783439998        0.54647328305660
H            1.87069605450326        0.40949261365760        3.10688966645680
H            0.29625581319656       -0.39495387932400        2.88124483425887
H            0.75839991368002        2.38408269175002        2.89723195430617
H            1.90343811848075       -1.60964017365809        1.08792002176069
H           -1.38628139831971       -3.20061283688123        0.82990503369338
H           -1.52905058588177        0.40833949068776        1.35441241918726
H           -3.25951419626616       -0.03544939979774        3.14461263969747
H           -4.50359577158094       -0.05254200302497        1.87956859573643
H           -2.90754334673809        2.14251264129853        2.63443183873200
H           -3.89958045868965       -0.25252431001419       -0.46965282709712
H           -3.42198672056075        2.01343936764201        0.13267611711628
H           -0.96137693642380        0.08533118218885       -1.17488726333524
H           -2.63307461932264        0.47594845537439       -2.80298604734950
H           -2.73151356525546       -2.39885383225440       -0.93692305754322
H           -1.21981967890127       -2.47496406423787       -2.68600421607201
H            0.73806345288962       -0.75866334191871       -1.58983723295255
H            0.92128024717694       -2.98223150265570       -1.42261751320448
H            3.62916073186981       -0.99030647706891       -0.69823539881065
H            3.11672020047775       -1.14440130443953       -2.93640947609790
48
 energy: -84.830262282658 xtb: 6.7.1 (edcfbbe)
C            4.23404718512743        2.91693247927925       -0.24405649223482
O            4.06550290555760        1.56545207989684       -0.66232662444994
C            2.79611483003092        1.05605442692217       -0.48135018769213
O            2.57029814081682        0.86527389485824        0.89986510486894
C            1.29717181366016        0.32754724365955        1.18592300643051
C            1.14081422188192        0.26459462355272        2.71231091311393
O            0.66627504835332        1.46908510160326        3.25312919008881
C            1.12169257902074       -1.06411636535957        0.53397192399670
O           -0.05164787105742       -1.66944110000479        1.08751360631600
C           -1.31083322382633       -2.11148252610468        0.63719093623291
O           -2.29246163407800       -1.41611090975724        1.38080070170662
C           -2.47291200922751       -0.04829239607522        1.06015667244209
C           -3.46690210603662        0.51344672660002        2.09023508438432
O           -3.68365367144949        1.89223091584443        1.91690253342339
C           -3.00617393060437        0.09547191668218       -0.37289352116083
O           -3.08182370098630        1.43647859173225       -0.78717621939649
C           -2.04620775444202       -0.62382738977857       -1.32539033659343
O           -2.57232260619722       -0.74468334122789       -2.62459064051004
C           -1.78265819828929       -2.05523078906982       -0.83184836075081
O           -0.94187692466520       -2.77150366130919       -1.69217894941202
C            1.42861761896947       -1.05989880677080       -0.96608933383986
O            1.69729012810481       -2.35515502379393       -1.44062412411818
C            2.72495341012719       -0.27008176583327       -1.24251450329341
O            2.81635503057199        0.02810241161662       -2.60827270915263
H            4.11034407877732        3.00194122340236        0.83649700038579
H            3.51648040214099        3.56494007648252       -0.75521859738188
H            5.24817431576755        3.18025853107701       -0.52934075437175
H            2.02733764095758        1.74942737693471       -0.88605252807225
H            0.52821735281690        1.00931937888689        0.77689765534182
H            2.10691479042339       -0.01858777075700        3.14038367360784
H            0.39738280566527       -0.49615605736792        2.95516395685829
H            1.35823205984273        2.14265478523221        3.19470080075323
H            1.92205784416212       -1.69124320921877        0.96609448179588
H           -1.38902301828367       -3.14812482216237        0.98792959539319
H           -1.51778900754333        0.49042099734824        1.14416685585941
H           -3.09621078362234        0.27761718839724        3.09085279753703
H           -4.43226115100588        0.02099426853429        1.95272352669063
H           -2.95747711377933        2.38945562104440        2.31879502793177
H           -3.99444019029770       -0.38792362646982       -0.43448002789912
H           -3.57507369322644        1.93705985326891       -0.11213969208544
H           -1.11974649964885       -0.03239880210757       -1.35355727937811
H           -2.86858803412774        0.12706453326179       -2.92492479629088
H           -2.76875022503108       -2.54912172039471       -0.80079420809004
H           -1.30221361286671       -2.68957156691354       -2.59162003299783
H            0.63151881952688       -0.58893294542680       -1.55145124852171
H            0.85472515787322       -2.84488432441826       -1.50730232280926
H            3.57645342553980       -0.88034812405329       -0.91257715662662
H            2.89407454777375       -0.80471371038650       -3.09994940124946
48
 energy: -84.826960945312 xtb: 6.7.1 (edcfbbe)
C            4.43496876398615        2.89024392764884        0.05361498806295
O            4.07713475119336        1.67918988651003       -0.60549010172349
C            2.79839882936533        1.23272075701995       -0.34337815058334
O            2.73563518057854        0.77010512456989        0.98886347857527
C            1.48220253115993        0.21914242906585        1.32918148492806
C            1.52077690278374       -0.08928625073436        2.83254397628659
O            1.46960968944564        1.07587918501729        3.61126857375316
C            1.15111109250014       -1.03992507306953        0.48793650382305
O           -0.02389499704486       -1.58090056829198        1.10055572232086
C           -1.31543455429125       -2.03549983359785        0.76083679222040
O           -2.23811661581901       -1.22538165193770        1.45009315373389
C           -2.44357094129130        0.05257247658188        0.86560025268513
C           -3.34384602316251        0.83360733625574        1.83800783252423
O           -3.57109242171619        2.15558842573440        1.41369296006793
C           -3.10074742127207       -0.08329535262356       -0.51877423459718
O           -3.20714919699879        1.15362525521396       -1.17826598301399
C           -2.26397454745418       -1.00533490629881       -1.41774732387091
O           -2.99447480952030       -1.43941152407779       -2.54099272641075
C           -1.87420827277463       -2.27672262153432       -0.65459140593582
O           -1.03210340060581       -3.11983022523683       -1.39435999040722
C            1.19301848706414       -0.65655535965109       -0.99326147829782
O            1.21597370447966       -1.75008569312337       -1.86746498170401
C            2.49591612412839        0.10138452744760       -1.32595151160076
O            2.39880854298374        0.66744146886351       -2.60324663324241
H            4.46397796816667        2.74450668650778        1.13429043991810
H            3.72595097715411        3.68381579212817       -0.19761950725156
H            5.42412809138914        3.13779539864347       -0.31999633855109
H            2.05511710616606        2.04659001256468       -0.48478019948233
H            0.69677933230520        0.97124594628779        1.14274722167515
H            2.42624301797825       -0.66916031132591        3.04002093275572
H            0.64120090279590       -0.67831272895201        3.09246537963142
H            2.27505953741445        1.59002197233152        3.45894583039364
H            1.93551678124773       -1.79265772596000        0.65351694601106
H           -1.37603965411590       -3.00152110787440        1.28525061539676
H           -1.47871046037509        0.57072834579656        0.75079494389026
H           -2.89394025416161        0.78921443624219        2.83294452012076
H           -4.31863997205488        0.34145902079073        1.87842393809452
H           -2.83747522181335        2.72373154913198        1.68726760027955
H           -4.09418154788669       -0.54235040227892       -0.38832262744048
H           -3.63684399879738        1.78775759623439       -0.57615196322315
H           -1.38048980184563       -0.44861138144491       -1.75232539360714
H           -3.31667193298641       -0.66501351906454       -3.02397024668086
H           -2.82443617791465       -2.80000149805954       -0.45877990644071
H           -1.47554098598367       -3.32536985661087       -2.23481247847666
H            0.35766864136723        0.02600547131586       -1.22128524887812
H            0.46504607474957       -2.35892210199120       -1.68647104428660
H            3.33163222098868       -0.61010510326795       -1.27313282339415
H            2.26970713106042       -0.05012468700988       -3.24420682597982
48
 energy: -84.827627072968 xtb: 6.7.1 (edcfbbe)
C            4.46893482706189        2.89368515630598        0.13431803717610
O            4.02208028942389        1.75079080930297       -0.58925301347593
C            2.76172213407274        1.30521427516750       -0.24780070866287
O            2.81178132181445        0.71780345197514        1.03426366150840
C            1.58002494925285        0.16573074206934        1.44252249261350
C            1.76026960420247       -0.28595078401975        2.89907455710640
O            1.88942612173672        0.80033964414412        3.77652942300829
C            1.11982736359175       -1.00473021740072        0.53572202250816
O           -0.05992482384919       -1.46933966916389        1.19935965734024
C           -1.34917364891446       -1.94410493400372        0.87398337015515
O           -2.28644391250975       -1.06675708237699        1.44384516075050
C           -2.48597229388316        0.13108647684027        0.70705507689973
C           -3.42352102631090        1.00885325260788        1.55332524340821
O           -3.63096267779013        2.27744875151550        0.98337969743856
C           -3.10318559538165       -0.17474508147194       -0.66918232682918
O           -3.19984067084759        0.97455054634223       -1.47288098791175
C           -2.24590528413456       -1.19114227212139       -1.44000441615476
O           -2.96975957115561       -1.77254939089202       -2.50149633462818
C           -1.84344322087890       -2.35484707451499       -0.52535545238035
O           -0.92611182329355       -3.23203667325036       -1.12666542629409
C            1.05647055443749       -0.49330441473991       -0.90644250373573
O            0.97390286408220       -1.50343749018813       -1.87598900665803
C            2.33843707474259        0.27585417584385       -1.29459195268469
O            2.13283636746940        0.96119846545181       -2.49853245583648
H            4.58376086312316        2.65678213594391        1.19294143403977
H            3.76477892765524        3.72112113375907        0.01069931698937
H            5.43041451500234        3.14964666714132       -0.30086155212375
H            2.03073842043873        2.14187722132837       -0.24209363026597
H            0.80094608216607        0.94500195125314        1.40748633098287
H            2.63646747797638       -0.94177014399122        2.94909355848758
H            0.87129863291705       -0.83460440181324        3.20874723573986
H            2.69291117338629        1.28950944128262        3.54973728850071
H            1.85520235121642       -1.82021511327595        0.57839599098462
H           -1.43062979568638       -2.84550272820112        1.50209646118093
H           -1.52270699158995        0.64549735958846        0.56080239083571
H           -3.01598719034719        1.07133305828924        2.56564870309290
H           -4.40072361044018        0.52318748788562        1.60632206216715
H           -2.88845973558773        2.86059847480151        1.19362737188287
H           -4.09682036039773       -0.62358829737949       -0.50735826261140
H           -3.66200112080469        1.66878750168139       -0.97033555027870
H           -1.37021327661022       -0.67264884097420       -1.84333118924017
H           -3.27380938395507       -1.07093384380487       -3.09516882497388
H           -2.77997298825780       -2.89576254922237       -0.31588062411108
H           -1.32896945624955       -3.58020567051610       -1.93997960165802
H            0.21418670568769        0.21531101415127       -0.99905814302657
H            0.38603476993548       -2.23383384334958       -1.57901544702507
H            3.15872456453970       -0.44898992303334       -1.38929370883636
H            1.95335968188728        0.30978515357013       -3.19492064821999
48
 energy: -84.828830854475 xtb: 6.7.1 (edcfbbe)
C            4.58384316043021        2.83022829478069        0.18125818304694
O            4.03417372432997        1.76822079097593       -0.59282032762100
C            2.78837814301305        1.33639407678503       -0.18532180744167
O            2.91888454535218        0.62854870988328        1.02800923796549
C            1.69668595493481        0.10318573173506        1.49482599248557
C            1.97744008877221       -0.49168261136992        2.88252025167480
O            2.32507216265630        0.49297420486480        3.81803870320803
C            1.09049140006171       -0.95771720018544        0.54190975291793
O           -0.08638671006486       -1.34453986035153        1.25736323759121
C           -1.37965888291416       -1.82790187978371        0.95722372028264
O           -2.32059234289034       -0.90939128267876        1.44519235625011
C           -2.56937862673434        0.21090183964672        0.60897796712887
C           -3.53428473646045        1.11946249827251        1.39045186994967
O           -3.82929402996275        2.31089119230783        0.70468534130009
C           -3.18842240149335       -0.24375743933714       -0.72328307263942
O           -3.36428107861746        0.82267075563504       -1.62179695675472
C           -2.27682081934122       -1.26834571485348       -1.41464527639175
O           -2.96243079100828       -1.95551558559040       -2.43834690895277
C           -1.82745156329674       -2.34973233009328       -0.42153498177422
O           -0.84124967329568       -3.19957040956241       -0.95204298731535
C            0.97220312439396       -0.35505740874519       -0.86192362887921
O            0.81940612291497       -1.31038288311002       -1.88124253127361
C            2.24216370190171        0.42069252715734       -1.27937176033516
O            1.96329611560636        1.21940551602777       -2.39635401345624
H            4.76686937172456        2.50462204081376        1.20619062578169
H            3.91010637655974        3.69156948291954        0.17806674493955
H            5.52061712404654        3.08354816813285       -0.30631368293753
H            2.09584476984382        2.19253586857243       -0.04054308765094
H            0.96177085685891        0.91786347829773        1.59752988357415
H            2.77425327265439       -1.23758018205779        2.78192372612741
H            1.06984206250070       -0.96873175523124        3.25042444428565
H            3.13350400998076        0.93095520861238        3.51627146573258
H            1.75426052488633       -1.83228474731518        0.48374883532360
H           -1.47604752880504       -2.67590913659945        1.65378377899246
H           -1.62959183722529        0.74804720505273        0.40501111941688
H           -3.10799032371733        1.30608643155231        2.38002293001043
H           -4.48042087092025        0.58854493663869        1.51961403323883
H           -3.10650294872452        2.94510356902889        0.81163867833738
H           -4.15158182902556       -0.73345463870884       -0.50491244721768
H           -3.85376958593228        1.53205108539678       -1.16795067448191
H           -1.42371556274349       -0.73511084825050       -1.84636461066023
H           -3.29486982908433       -1.30965858236430       -3.07800258956599
H           -2.73400138319622       -2.93458489041613       -0.20199324979097
H           -1.21390822729922       -3.64548702513398       -1.73086725145819
H            0.13258405604028        0.36277647523578       -0.87655135085124
H            0.35570954941343       -2.10829829897983       -1.54328519764771
H            3.02890482053811       -0.31235641622729       -1.50549664595471
H            1.73634572629541        0.63976498625117       -3.14023306469188
48
 energy: -84.829826970382 xtb: 6.7.1 (edcfbbe)
C            4.65339697191103        2.79216752232315        0.22922888686243
O            4.03834920868233        1.80488426945616       -0.59306984558474
C            2.81403194613511        1.35521274949430       -0.14257230187328
O            3.00670690903983        0.55183805894558        1.00118693156941
C            1.80050620401443        0.04014867623576        1.52082147236899
C            2.15397603239911       -0.68129733670046        2.82907968690023
O            2.57058685181377        0.20855640475171        3.82908945099932
C            1.06459933589678       -0.90973491143831        0.54269117656434
O           -0.10750143779519       -1.21523549883651        1.30202409079838
C           -1.40204648586228       -1.71353112430570        1.03082456288700
O           -2.34643438861859       -0.76120113613716        1.43813428356255
C           -2.63752833937982        0.27937675626667        0.51851349033676
C           -3.61233084267535        1.22256287228504        1.24464318118916
O           -3.95056910715771        2.34792262922350        0.47306203468165
C           -3.26600030881192       -0.30641626582294       -0.75512172271777
O           -3.51381347137626        0.67138084911115       -1.73379318935211
C           -2.31086890896604       -1.33372755300088       -1.37710182172064
O           -2.96052554865595       -2.11482193849660       -2.35659203650457
C           -1.81211675829078       -2.33303090794039       -0.32094351775701
O           -0.77002060279855       -3.14570636500091       -0.80397502818547
C            0.92156556755555       -0.24479156393970       -0.83060271819784
O            0.71321530263435       -1.16374463360305       -1.87666386556346
C            2.18801139554746        0.52859347644371       -1.26416457592951
O            1.87300551389672        1.40402388601151       -2.31205248852084
H            4.90881161538215        2.37533384242361        1.20436653415939
H            3.98886400559328        3.65157339558319        0.35354829387171
H            5.55366449413379        3.08646573141825       -0.30203076017816
H            2.14484826615046        2.20437304197356        0.11144663411338
H            1.11466286929206        0.87220745437897        1.74738954398468
H            2.93226378345803       -1.42248254283374        2.61355288277649
H            1.26125119630099       -1.17915114394646        3.20597193449485
H            3.36542463045636        0.66710838637717        3.52233831735239
H            1.64757311572566       -1.83370230494431        0.41253046358769
H           -1.50983593175633       -2.50671936437306        1.78699134318082
H           -1.71849290388659        0.82397568341523        0.25100793064761
H           -3.17358019097332        1.49722336279149        2.20774657294323
H           -4.54132455207538        0.68015068860529        1.43479876418230
H           -3.24115080752529        3.00453506439903        0.51342515490125
H           -4.19884162324477       -0.82177992838627       -0.47318222614928
H           -4.01082109744980        1.40200414258059       -1.32424838643127
H           -1.48103455248490       -0.78872795518752       -1.83981118180158
H           -3.33140558962990       -1.52395069512086       -3.02760367737158
H           -2.68489617989587       -2.95921395904015       -0.08129871848148
H           -1.11719432440095       -3.66691101461977       -1.54659870016344
H            0.09173223623985        0.48271484198673       -0.79689214002522
H            0.34426095610717       -2.00233119724318       -1.52367777799428
H            2.94352305173878       -0.20539902309359       -1.57718447416469
H            1.60350168232059        0.87926854971247       -3.08174768730443
48
 energy: -84.830910220626 xtb: 6.7.1 (edcfbbe)
C            4.81053891196031        2.71715146781001        0.28971966903093
O            4.12607940791068        1.79639707658230       -0.55442772584238
C            2.90696964963549        1.36556315524253       -0.07309619566529
O            3.12124032971318        0.45232588429410        0.98194158461275
C            1.92134077761277       -0.02499503715183        1.54694744192892
C            2.31463424214274       -0.90834372285974        2.74034225640508
O            2.91823660117248       -0.17561847363576        3.77143236643279
C            1.03832812369198       -0.82002896135368        0.55207294069338
O           -0.12307259845017       -1.03374463608620        1.35375953238179
C           -1.42229666074554       -1.53600374821774        1.10036805624667
O           -2.36616863175569       -0.54949016890177        1.41250776677971
C           -2.74856164146927        0.35171162883771        0.38438528756778
C           -3.72500070702678        1.34417051422069        1.03857249559292
O           -4.16357767047248        2.33894388550518        0.14762414049011
C           -3.41125156194126       -0.42863968394051       -0.75907507374655
O           -3.80935136983362        0.39298821453036       -1.82724798507268
C           -2.39680887204331       -1.43138790036333       -1.31916790929217
O           -3.00621662908837       -2.34838684880955       -2.20311855122293
C           -1.78003340920974       -2.28958842641947       -0.20121632682863
O           -0.65547642192981       -3.00782404466698       -0.65191703750555
C            0.87562059533633       -0.03780550256221       -0.75600805376304
O            0.49620023903588       -0.84277694059122       -1.84858986108395
C            2.17254085831411        0.66676875869032       -1.21513560040189
O            1.86683389125647        1.63129480955710       -2.18519888445725
H            5.07693061852473        2.24700201372610        1.23715354566087
H            4.18928610984453        3.59804878760450        0.47334634261399
H            5.70609417538521        2.99631274638407       -0.25728865603873
H            2.29774925143817        2.21767592329881        0.29433786926078
H            1.32040865734274        0.82297532145494        1.91062203396943
H            2.98295936818633       -1.69848298995291        2.37850540009208
H            1.41096588908591       -1.35028103240794        3.15875008835171
H            3.73093954701636        0.22327021121016        3.43034565803694
H            1.50872771835807       -1.78769618430118        0.32602708994596
H           -1.54774081852645       -2.25460533509489        1.92594166405039
H           -1.87314473690456        0.89051476035399       -0.00912571440681
H           -3.24549960967071        1.76776973850056        1.92529002578686
H           -4.61343654602248        0.79625827671768        1.35964304896759
H           -3.47387913733455        3.00706784790746        0.03006469683505
H           -4.27300043770212       -0.97973163345936       -0.34833547478059
H           -4.32032932112465        1.14237055948887       -1.47213675113837
H           -1.62695509773363       -0.86208721322268       -1.85383850019877
H           -3.46065256400755       -1.84830456464852       -2.89616447724374
H           -2.57362316902580       -2.99418019568490        0.08884289415109
H           -0.95650076332216       -3.63683279727662       -1.32727187061442
H            0.11605413145690        0.74728056704798       -0.60809797115418
H            0.33867459585682       -1.75885705381585       -1.54188021895037
H            2.85752062795971       -0.09243741481655       -1.61843420245197
H            1.46770325137721        1.18426237670265       -2.94828606460611
48
 energy: -84.833245127087 xtb: 6.7.1 (edcfbbe)
C            5.15994928382850        2.38480013043967        0.26683093368777
O            4.28595814461637        1.63995526857172       -0.57574467562971
C            3.05021843334939        1.36446425287177       -0.02676718076331
O            3.19814250828087        0.36850018417173        0.96337682191040
C            1.98029913704566       -0.00239754538087        1.57314363836814
C            2.33412014781649       -0.99306638060592        2.69172694397680
O            3.07520902308067       -0.39545774125484        3.72053287714368
C            0.97703757642677       -0.63444099597352        0.57805956015326
O           -0.16284221562412       -0.83131575018696        1.40583970859814
C           -1.43707066532183       -1.39367112903148        1.14365744187232
O           -2.41933585960934       -0.42391913498556        1.37433118791584
C           -2.87030631938273        0.33187939033911        0.25794949209152
C           -3.83646992736639        1.38554879991586        0.82327767121915
O           -4.33704032443217        2.25026529513641       -0.16587286138426
C           -3.56197219291840       -0.62108685108070       -0.72523470620507
O           -4.10982160802912        0.02684581442064       -1.84564124163805
C           -2.50687228718567       -1.60051586767467       -1.24693954683342
O           -3.09128629692825       -2.66115283607930       -1.97346741819271
C           -1.71390206894242       -2.26833072157941       -0.10785638885543
O           -0.50993261469125       -2.81629730282350       -0.58389402693045
C            0.79145620468388        0.34174561594469       -0.59421850187045
O            0.07091707661560       -0.19506190739253       -1.67369175135842
C            2.13860973098604        0.85581731929879       -1.14336438051689
O            1.91379274482775        1.91095964364732       -2.03843875352435
H            5.41435623176472        1.81221548233803        1.15980057851598
H            4.69526886145284        3.33235889226913        0.55321250139234
H            6.04839559033379        2.56696565619297       -0.33043433964368
H            2.60279417941231        2.27314839686777        0.42741204318923
H            1.49744881973506        0.88240006709414        2.01431312074576
H            2.88516299836278       -1.83104096788946        2.24861165909005
H            1.40974382841655       -1.35497627443822        3.14077433419933
H            3.90191643838955       -0.05849414588265        3.34723169610065
H            1.35380682250986       -1.59551205581087        0.20841902602245
H           -1.55795510023683       -2.05649794657656        2.01668328067467
H           -2.02925935947995        0.82103445399050       -0.25318399276155
H           -3.32582809378671        1.92952577358241        1.62357934044019
H           -4.69836433388668        0.87246453700596        1.25551326574792
H           -3.65230917391116        2.87931778638014       -0.43515826718325
H           -4.34148849480291       -1.17702604276862       -0.17791744390496
H           -4.60776221283992        0.80704912306746       -1.54359009698431
H           -1.83455277466259       -1.02986267911057       -1.89795407735385
H           -3.65639663767566       -2.27877781476090       -2.66058710448191
H           -2.37024075033085       -3.07566882323864        0.25191733545107
H           -0.73509267323625       -3.52874268574291       -1.20200499480741
H            0.21747499287071        1.20899714265825       -0.24421395577354
H            0.42963238741962       -1.07298448804692       -1.87936755572981
H            2.67291673120798        0.03092269966287       -1.63977450639953
H            1.26147328810815        1.61911047366453       -2.69739186258331
48
 energy: -84.835086343639 xtb: 6.7.1 (edcfbbe)
C            5.25511211780626        2.26700364841067        0.25206905496893
O            4.29805499706464        1.63929679043644       -0.59551327506332
C            3.07745459577369        1.38407911442029       -0.00326481211555
O            3.21838978491896        0.30474088516161        0.89547538497389
C            2.01255341384400       -0.04028710428325        1.54225088299773
C            2.35569138669039       -1.12391055596837        2.57431317870367
O            3.17843725223998       -0.64448728528227        3.60277754235667
C            0.92554017551603       -0.54626365780999        0.56432353593833
O           -0.19653573985508       -0.67511971697393        1.43176335484950
C           -1.45983286047480       -1.28431343171681        1.23747132187334
O           -2.46532801120804       -0.32117113024435        1.38459351938606
C           -2.91194512207287        0.34755333817234        0.21165518505509
C           -3.92679178632204        1.39900582904470        0.68871072577306
O           -4.43628848072330        2.17788030693442       -0.36490775265869
C           -3.54858850059364       -0.68139190273341       -0.73132700226307
O           -4.06670473554669       -0.11671000199657       -1.90936907254522
C           -2.45724408503408       -1.67002281001396       -1.14957688800243
O           -2.99019239129851       -2.77140711914013       -1.85453121324725
C           -1.72940447886676       -2.26429894661428        0.06755828537176
O           -0.53363632037304       -2.89415000984854       -0.31400585307657
C            0.75078333721365        0.49301051051691       -0.55905602267912
O           -0.00342918616599        0.01734083092351       -1.64680427250306
C            2.09139128948091        1.01696982576903       -1.11280962358091
O            1.87371213238650        2.16481433460938       -1.88854277804046
H            5.52276045286808        1.61188733169882        1.08219408974602
H            4.86078389368073        3.21178610353433        0.63636255856452
H            6.12028626712517        2.44927146576605       -0.37852878527578
H            2.70255266581766        2.27441127510252        0.54304793616976
H            1.60355250349553        0.83808443290383        2.06401598336515
H            2.83083591394696       -1.96203739081170        2.05097257535457
H            1.43141758060660       -1.45964669609448        3.04406650628496
H            4.01064775257903       -0.33998989698046        3.21393029983243
H            1.20575255070792       -1.51738940090148        0.14307831560344
H           -1.56226607625402       -1.87217040405302        2.16457359839044
H           -2.07446042247965        0.83310310538350       -0.30837072034393
H           -3.45358682508177        2.01282166842076        1.46100064696494
H           -4.77883667907037        0.88338344718772        1.13723272642960
H           -3.76476005924754        2.80740328989324       -0.66449904750255
H           -4.33742691440325       -1.21853098874309       -0.17863858618059
H           -4.59297931792804        0.66817427136562       -1.67322971036991
H           -1.75425063693942       -1.12392747487434       -1.78805044738278
H           -3.53826755103369       -2.42848655265153       -2.57561014246243
H           -2.42673280093231       -3.01148613120747        0.47928509917827
H           -0.76041880216923       -3.61355292127770       -0.92428949562937
H            0.19384602100859        1.34659512312213       -0.15414869570221
H            0.45042755811980       -0.75313354011755       -2.02266986670645
H            2.57517017273985        0.22885077344578       -1.71082597957502
H            1.22475316312379        1.95641150639600       -2.58066742681358
48
 energy: -84.837775325344 xtb: 6.7.1 (edcfbbe)
C            5.34787461544695        2.09798781495992        0.19049345189273
O            4.30034348442780        1.61429403458949       -0.64420803452005
C            3.10076304368474        1.38809806235963        0.00065694200998
O            3.21282974822061        0.22534343086859        0.79217415696994
C            2.02311906230935       -0.08775649575738        1.48264146017404
C            2.34462369572701       -1.26875816821149        2.40980384087384
O            3.23073008365072       -0.91918190257988        3.43811952393471
C            0.84560609738866       -0.44648794480381        0.54543683940332
O           -0.24346986546022       -0.49643833605473        1.46576164814537
C           -1.49145680849665       -1.15076372098039        1.35686317383158
O           -2.53228206883032       -0.21674823303105        1.41217919697461
C           -2.94512619303944        0.35640046631247        0.17499861593946
C           -4.03694052897192        1.37973660009713        0.52498566710180
O           -4.49646313865287        2.08292539679552       -0.60249764702607
C           -3.47520568585531       -0.74767917903734       -0.75085269282229
O           -3.90619140408511       -0.26392316411134       -1.99795603717566
C           -2.33798025121447       -1.73808920688433       -1.01920665338693
O           -2.78890378966248       -2.87845970949943       -1.71745041782264
C           -1.74134845515772       -2.24727236294122        0.29801390929112
O           -0.56554721925577       -2.98453159195834        0.08818134510386
C            0.69359477434944        0.68693974277627       -0.49602836098918
O           -0.13970377112187        0.35406472772519       -1.58173374678397
C            2.03083942595593        1.18802614352364       -1.07303872806715
O            1.84290256770940        2.41739793052892       -1.72126356919327
H            5.62236483545895        1.35056598711424        0.93595104114174
H            5.04219759997683        3.02318711653098        0.68658438646951
H            6.18245553716585        2.28768579267257       -0.47803372885235
H            2.82181672610611        2.24843323030760        0.64346712648341
H            1.70504685171848        0.77268349905792        2.09024731785707
H            2.75193864394935       -2.08484118663403        1.80141706004830
H            1.42212437005965       -1.59537706247403        2.88956161648282
H            4.06159301775659       -0.62456367476609        3.03925701696687
H            1.00351867354566       -1.41333112261011        0.06146107858614
H           -1.57049406971363       -1.64610644754619        2.33962995096155
H           -2.10327637697246        0.85526700887157       -0.32338258985560
H           -3.64891574993904        2.05085942989087        1.29692117581336
H           -4.89886519529151        0.84915206493913        0.93561588345858
H           -3.83047400830434        2.72786948704310       -0.88114121273065
H           -4.29628989632564       -1.27332051184658       -0.23466556441231
H           -4.46329666701912        0.52180314923766       -1.85172692370727
H           -1.57777071518232       -1.21610061174039       -1.60913987634746
H           -3.28807378522888       -2.57665362960043       -2.49068646105501
H           -2.51412379301772       -2.89803894187096        0.73985324703098
H           -0.78103806255561       -3.72347137171660       -0.50309045973611
H            0.20453952641473        1.52829485463696        0.01073682440450
H            0.32782349198162       -0.27340470808551       -2.15551444580853
H            2.43443352120463        0.43755283753695       -1.77201690143317
H            1.12015730157607        2.32672466958001       -2.36389458547053
48
 energy: -84.840471430410 xtb: 6.7.1 (edcfbbe)
C            5.41026560778315        1.92385132629056        0.12259511949338
O            4.30173785645289        1.56824743778126       -0.69762689088636
C            3.11531541117387        1.37699363000140       -0.01778516458947
O            3.18541473105039        0.16672789360273        0.70364511255440
C            2.00880922424334       -0.10916086857452        1.43153182653697
C            2.28996322379524       -1.35904103088583        2.27766699135367
O            3.19336004990021       -1.11372898911869        3.32117398227172
C            0.77052116992796       -0.33666706182912        0.53368946834668
O           -0.29268053768764       -0.32847984094643        1.48672129656386
C           -1.51194411053621       -1.03871840208719        1.45066165540428
O           -2.59512340243945       -0.15273935763321        1.43825725331229
C           -2.97895188914319        0.35521039047690        0.16277822389290
C           -4.13822516717914        1.33019234040999        0.42053297144698
O           -4.55210855564354        1.99008390820787       -0.75038911338353
C           -3.40324450605416       -0.79989965637052       -0.75627030683465
O           -3.76364862221376       -0.37007657429526       -2.04475300250840
C           -2.22054379432137       -1.76203142194494       -0.91182041365062
O           -2.58322621100442       -2.93274807037725       -1.60877625897609
C           -1.71838754000648       -2.20642090383075        0.46511621908562
O           -0.54587082060669       -2.97307148864665        0.37929127743434
C            0.65377349802406        0.85070149301244       -0.45422464873562
O           -0.24057620657215        0.61813900737230       -1.51850996633051
C            1.99585574649672        1.30389615836182       -1.05704158618242
O            1.86365297844773        2.57870619541445       -1.62646423023967
H            5.66131679134411        1.10923712198352        0.80310995683364
H            5.18623257903561        2.82946938858591        0.69284706246594
H            6.22981659742302        2.10607167158047       -0.56624754813237
H            2.91385479847997        2.21429994966753        0.68196855766662
H            1.77223058343914        0.73378395480019        2.09822445506231
H            2.65968156437495       -2.14875728180720        1.61316388159278
H            1.35839176686445       -1.68273168345122        2.74213899311947
H            4.03706046211858       -0.82844781524559        2.94243547994632
H            0.83620893752923       -1.29210435427094        0.00977520053848
H           -1.56753237883326       -1.46761344237597        2.46532086370213
H           -2.14086117992390        0.88378421907214       -0.30926328792887
H           -3.83264531288252        2.03255477886146        1.20146715745637
H           -5.00098711561183        0.76816967733802        0.78511535045918
H           -3.90552639220080        2.66984178338395       -0.98925127586911
H           -4.24014311482661       -1.33951080947843       -0.28112307808872
H           -4.35412227704979        0.40014838921655       -1.96178196721452
H           -1.42876274590769       -1.23462325187553       -1.45434656538514
H           -3.03543405788586       -2.66773581969716       -2.42336056088787
H           -2.52849173023086       -2.81197225820780        0.90434437134527
H           -0.73278692065728       -3.73840009580503       -0.18810511875506
H            0.23201412175577        1.69134833105820        0.11122541719873
H            0.18705617715392        0.04925759824041       -2.17802723917136
H            2.32694117188832        0.57240808533368       -1.81222744775592
H            1.12234873980371        2.57155000439873       -2.25391758351377
48
 energy: -84.842704012490 xtb: 6.7.1 (edcfbbe)
C            5.46945663882767        1.75373435964239        0.05188971320389
O            4.31907867066185        1.48525664055945       -0.74337855925725
C            3.14262869177724        1.34866678090217       -0.03384611420331
O            3.15323434094025        0.11184549207450        0.64552317029481
C            1.98444005453591       -0.10863490332824        1.40595081116667
C            2.19337302730627       -1.41285682004316        2.18825065210297
O            3.17556688195982       -1.29662135555417        3.18115840239506
C            0.70810502780612       -0.20740255114616        0.53972288310742
O           -0.34377696033052       -0.15968976164581        1.50336670642795
C           -1.52539141076557       -0.92980361070735        1.52093322574419
O           -2.65252368955463       -0.10260230120930        1.44991300097351
C           -3.01587486831684        0.35006544418072        0.14783693870487
C           -4.23410310807660        1.26728926136202        0.33363909721034
O           -4.63284904893237        1.87181943298164       -0.87203305238285
C           -3.34511903517666       -0.84769861788969       -0.75590751361246
O           -3.65743229085346       -0.46707586292181       -2.07197945456645
C           -2.12243574275299       -1.76876240536344       -0.82626415500629
O           -2.40952577960306       -2.97281215571420       -1.49967327123774
C           -1.67321106675643       -2.14845088977812        0.58865001735607
O           -0.48946404696392       -2.90221277868946        0.58642219803035
C            0.64016332002645        1.02062887632994       -0.39993754889460
O           -0.31489032578690        0.89071734215723       -1.42850205232271
C            1.98977186688192        1.39042350804283       -1.03913381468953
O            1.93866083014526        2.68835809297286       -1.56763643115948
H            5.69338834886241        0.90702053136169        0.70197944058617
H            5.31402857837585        2.65351299370779        0.65344843249263
H            6.27775798615202        1.90988685948412       -0.65642406096049
H            3.01800152428978        2.17250105339315        0.69902400891700
H            1.83738076654228        0.72084945351299        2.11422967758747
H            2.44363785769625       -2.20692800062167        1.47577219875159
H            1.26325950925356       -1.66779049266317        2.69640139876328
H            4.02163645172322       -1.09886984694211        2.75549853981086
H            0.70476050588523       -1.14271248964836       -0.02233748342560
H           -1.56565800385500       -1.30697895675299        2.55570690703829
H           -2.19042713596534        0.91314959119080       -0.30626131688010
H           -3.99680628816439        2.00631948439696        1.10440487833791
H           -5.08128415212294        0.67121732727798        0.68026295109301
H           -4.00496635675380        2.56941276389886       -1.10932746588062
H           -4.18206101889227       -1.40889452615911       -0.30657499388824
H           -4.29529278891542        0.26840558418581       -2.03847704836648
H           -1.32274893592469       -1.23086595235205       -1.34918600791141
H           -2.84731573122305       -2.75500458859426       -2.33613210803816
H           -2.49393293631222       -2.74267681570575        1.02321477753651
H           -0.64491476305787       -3.69622218855476        0.04944036394831
H            0.30284761218339        1.86754793106474        0.21048020396493
H            0.03841629805496        0.32210265296476       -2.13041333923255
H            2.23952026870836        0.65952831179122       -1.82558313004827
H            1.17288962993660        2.76130241738393       -2.16062674781440
48
 energy: -84.844026284686 xtb: 6.7.1 (edcfbbe)
C            5.51206884702899        1.58370351965704       -0.01240037555292
O            4.32718795658103        1.41699265933917       -0.78456137024421
C            3.16266668308638        1.32820261517544       -0.04829519698849
O            3.11531920773334        0.07087311747527        0.59127615756513
C            1.95443677229429       -0.10836925210906        1.37685025779227
C            2.11298450706729       -1.44391373849735        2.11430194970648
O            3.10046455704251       -1.39178089599012        3.10830318058111
C            0.65916126049285       -0.09225100866097        0.53395364261716
O           -0.39200832534192       -0.02409515823801        1.49572701991929
C           -1.52977558959372       -0.85323038276173        1.56689219757303
O           -2.69638074507067       -0.08549963261082        1.45155056244498
C           -3.04039519372120        0.32996760345317        0.13269412354478
C           -4.29264684442616        1.20931530669096        0.26589750321099
O           -4.66819926265384        1.78411737984658       -0.96161513771956
C           -3.30621940659754       -0.89599708912077       -0.75334730605184
O           -3.58605849357079       -0.55265936742863       -2.08705422207140
C           -2.05839883899627       -1.78518624310109       -0.76394263121635
O           -2.29714875161333       -3.01878274337412       -1.40028354160081
C           -1.62946896869854       -2.10683117297756        0.67385215845812
O           -0.43232766406641       -2.83707210364631        0.71724117737232
C            0.63883698683174        1.17456119216088       -0.35020046474046
O           -0.36067453920428        1.14606034790644       -1.34292224443303
C            1.98956744484675        1.47655032033194       -1.02061084506197
O            2.00958701699210        2.79080267652783       -1.50893218504128
H            5.70189547016536        0.69859025605735        0.59609681048040
H            5.42680303814120        2.46497186769693        0.62925637739205
H            6.30949963246946        1.72165971411217       -0.73662052159259
H            3.10796317108292        2.13261685854466        0.71422475565358
H            1.87489014033894        0.70468840724623        2.11524806257383
H            2.33453199481286       -2.22320757580853        1.37695761546362
H            1.17616330557548       -1.68441698577255        2.61647456367523
H            3.95076637336764       -1.20046258982529        2.68804518874196
H            0.60620407934647       -0.99938723621602       -0.07037467359642
H           -1.55310667998789       -1.18850188877940        2.61508989979207
H           -2.22246101401995        0.91441651162987       -0.30860169613532
H           -4.10402900826020        1.96613710811930        1.03282695218590
H           -5.13282355367933        0.59231871667345        0.59241256176535
H           -4.04929442300108        2.49243074830544       -1.19065024758859
H           -4.14076534376923       -1.47091081064188       -0.31749549060145
H           -4.25082727962967        0.15928414804844       -2.09054062934768
H           -1.26088980380776       -1.24498085361788       -1.29079237541779
H           -2.72839158372739       -2.84733354886601       -2.25095108270310
H           -2.44764561928947       -2.70139442184122        1.11241716347722
H           -0.56962444392373       -3.65718277248193        0.21587877686177
H            0.37656166386566        2.01561819973512        0.30291608958437
H           -0.09434557894815        0.54982391809827       -2.05984409587114
H            2.16846217576846        0.75599381510247       -1.83534462754530
H            1.22788387891927        2.93374481939907       -2.06751883274362
