48
 energy: -84.792259877570 xtb: 6.7.1 (edcfbbe)
C            5.09785900000000        0.02227700000000       -1.60739800000000
O            4.13696100000000        1.01260600000000       -1.29848700000000
C            3.35234800000000        0.72898700000000       -0.20277500000000
O            2.43316400000000       -0.28801300000000       -0.55795400000000
C            1.53569900000000       -0.63434800000000        0.47776700000000
C            0.78992500000000       -1.88272100000000        0.00963200000000
O            1.67413800000000       -2.91705800000000       -0.31083400000000
C            0.62780300000000        0.56737000000000        0.80074500000000
O           -0.28794400000000        0.26878900000000        1.83022600000000
C           -1.68780200000000        0.36353100000000        1.65603000000000
O           -2.11062400000000        0.97772500000000        0.47840100000000
C           -2.40882500000000        0.19538800000000       -0.67544900000000
C           -2.97816200000000        1.18783000000000       -1.70196200000000
O           -2.07136800000000        2.21735200000000       -1.97641000000000
C           -3.40438300000000       -0.91801100000000       -0.34607100000000
O           -3.77207400000000       -1.67367800000000       -1.47212200000000
C           -2.78186300000000       -1.80940100000000        0.73129400000000
O           -3.68461700000000       -2.80338300000000        1.15973000000000
C           -2.40779500000000       -0.97911900000000        1.96815900000000
O           -1.60675500000000       -1.71837200000000        2.84124100000000
C            1.51978700000000        1.73742400000000        1.24475800000000
O            0.79234000000000        2.91676400000000        1.48592000000000
C            2.62217500000000        2.01476000000000        0.20534400000000
O            3.56511300000000        2.90387600000000        0.73684800000000
H            4.61997400000000       -0.91532900000000       -1.90453900000000
H            5.75581000000000       -0.16136100000000       -0.75106500000000
H            5.67686800000000        0.41910900000000       -2.43775800000000
H            3.96410500000000        0.38028000000000        0.65544300000000
H            2.10093600000000       -0.88967600000000        1.38871800000000
H            0.18033600000000       -1.62274900000000       -0.87053000000000
H            0.15997300000000       -2.23957000000000        0.82551500000000
H            2.36626500000000       -2.53568700000000       -0.86632300000000
H            0.10908200000000        0.87295800000000       -0.11808100000000
H           -1.99802600000000        1.07064800000000        2.44496000000000
H           -1.49158800000000       -0.25761500000000       -1.08436100000000
H           -3.92322100000000        1.58792700000000       -1.31303300000000
H           -3.16983300000000        0.67187900000000       -2.64398500000000
H           -1.91725400000000        2.68945400000000       -1.14965000000000
H           -4.33665800000000       -0.48324800000000        0.03125300000000
H           -2.97979100000000       -2.03974200000000       -1.88607100000000
H           -1.88124900000000       -2.29048000000000        0.31741900000000
H           -4.18480800000000       -3.10274600000000        0.38899300000000
H           -3.36433800000000       -0.71715100000000        2.45284900000000
H           -2.06728700000000       -2.54943600000000        3.01768400000000
H            1.98060800000000        1.48587000000000        2.20598500000000
H            0.21159000000000        3.08832200000000        0.73469900000000
H            2.16682000000000        2.43424300000000       -0.70824900000000
H            3.07658400000000        3.61352200000000        1.17697500000000
48
 energy: -84.789460598548 xtb: 6.7.1 (edcfbbe)
C            5.01691947366384        0.04532220695697       -1.69184343595133
O            4.12505072831628        1.06194989409261       -1.27915006776650
C            3.35945275605505        0.74145128636528       -0.17969960397421
O            2.39055879495606       -0.21464564306610       -0.56878860440445
C            1.49555140773639       -0.57490935869987        0.46518611558500
C            0.71932567232419       -1.79057334889310       -0.03015264856263
O            1.57848858090308       -2.85107985315520       -0.33796842026710
C            0.64559810460315        0.65326874488137        0.85135912110810
O           -0.31496943912547        0.38024849102565        1.84449813575827
C           -1.70755998675777        0.40245240424978        1.59513519083567
O           -2.08518484834948        0.94051222733239        0.36562179022299
C           -2.41092174430216        0.11000454878076       -0.74331809149879
C           -2.96967445340306        1.06046451116192       -1.81423277913814
O           -2.02248729956952        2.01148965672151       -2.20767658910040
C           -3.43246214039711       -0.95609705858758       -0.34681992155968
O           -3.84283453755224       -1.75290369046971       -1.42898483238152
C           -2.81689072807922       -1.81680788848374        0.75813654325013
O           -3.74302235755582       -2.75977107388933        1.24781717345065
C           -2.37982927094843       -0.95742836184836        1.95619990109324
O           -1.50715251860047       -1.67309507187590        2.78092745479934
C            1.59843679171093        1.73958107045266        1.36676185790397
O            0.94097913820726        2.93628669454583        1.70265520927132
C            2.70044631033852        2.03017333470318        0.32944545085615
O            3.69513151814192        2.83137295806489        0.90425479909448
H            4.47583118508265       -0.83858354785334       -2.04060013806082
H            5.68801468806136       -0.23879675868007       -0.87390796952898
H            5.59326197427302        0.46990835820367       -2.51024639032965
H            3.98028003002400        0.31539472230788        0.63647969604947
H            2.06822318042615       -0.88280261147544        1.35632945562785
H            0.14128249452968       -1.50753969664824       -0.92282354178674
H            0.06376988929767       -2.13227328189080        0.77121529067322
H            2.29190002224867       -2.49001059492934       -0.87958753273951
H            0.15726420298718        1.03021323948866       -0.06117340159978
H           -2.08312458077097        1.13605406535681        2.32991936969916
H           -1.50729001964865       -0.37972301164098       -1.13741172487384
H           -3.87159994629302        1.54212188935007       -1.41480816698757
H           -3.23467782538921        0.48964690549683       -2.70573972875596
H           -1.78754973095196        2.52632907089670       -1.42699971065982
H           -4.34415478986179       -0.47554526886776        0.02534784993747
H           -3.06824014904467       -2.15703396479686       -1.84118727491205
H           -1.94473318590610       -2.34796184826241        0.34317971648754
H           -4.26710404675384       -3.07658925882068        0.50006921135040
H           -3.30850314212248       -0.71578904884015        2.49998806780683
H           -1.95611163887898       -2.48964782467085        3.03565066155879
H            2.05845873750958        1.39585704374018        2.29954177726150
H            0.31766775793637        3.16428360788875        1.00276911415730
H            2.25511891442119        2.53498774665867       -0.54494040520910
H            3.24906402406684        3.53023038289706        1.40305303909458
48
 energy: -84.794211534746 xtb: 6.7.1 (edcfbbe)
C            5.40680519959899        0.26864241009975       -1.21380847571581
O            4.49571546683111        1.26113548211392       -0.78454915019595
C            3.53492407906546        0.81745841792026        0.09644011405945
O            2.59477948407397        0.04374233354066       -0.62058650625794
C            1.52741694068094       -0.50318763979903        0.13390718174342
C            0.78743993466422       -1.37768331165408       -0.89017415383669
O            1.64553721212230       -2.35344952821117       -1.41337593600823
C            0.69295357318454        0.63515284754982        0.75912074679518
O           -0.27769409013396        0.24547967129287        1.71358013191764
C           -1.65830678863517        0.13513527702695        1.38356016404688
O           -1.96219988609397        0.61862431233077        0.11346305349727
C           -2.59610395575057       -0.30519579239576       -0.76766414388336
C           -2.86125379802593        0.44970901584736       -2.07506231469455
O           -1.67332592175911        0.78684654396951       -2.73648493799022
C           -3.90099482633504       -0.82873544896251       -0.14963700016679
O           -4.51371054393297       -1.77653148088054       -0.98161671533858
C           -3.65557423371080       -1.38568871359184        1.27760413790027
O           -4.41812765778274       -0.71087456844671        2.24612987407976
C           -2.18905568693698       -1.27152783079568        1.71507804823732
O           -1.45397424744211       -2.31926792480965        1.13737803444894
C            1.62911647978541        1.57464274831328        1.54195172076345
O            0.95643118388911        2.69666171220964        2.05642964345239
C            2.84209358062269        2.03239196814081        0.71715743072810
O            3.74767341867899        2.70612023468484        1.54468826597935
H            4.90400874926856       -0.50748076116357       -1.79734171564321
H            5.91195350477528       -0.19163998323135       -0.35762008466433
H            6.13432303651568        0.78322768658789       -1.83664040875580
H            3.98003405288134        0.20141283275438        0.90601913929086
H            1.93185916286554       -1.13295135582882        0.94443202267154
H            0.40707039266332       -0.72727674289002       -1.69033649813138
H           -0.03304019414364       -1.92126438246477       -0.42655435692703
H            2.42062818047964       -1.89321610441096       -1.75835952103077
H            0.21427614384616        1.19790778363054       -0.05496948900494
H           -2.16256308935812        0.81280621704143        2.09958456555003
H           -1.93594239086791       -1.15674052767267       -0.97618134628172
H           -3.45496553444315        1.34525855220284       -1.84923237931603
H           -3.42546437075700       -0.19363012228667       -2.75226985856069
H           -1.16506281516394        1.36406383397438       -2.15574901622206
H           -4.61149034610858        0.00365142094363       -0.07643369802380
H           -3.89390411732933       -2.49953098527364       -1.14228260817983
H           -3.90420979836573       -2.45898672497681        1.26860811069721
H           -5.35323612214092       -0.81973570378761        2.03636622832013
H           -2.17352321999490       -1.35692966949856        2.80952579572880
H           -0.59728439354443       -2.35749072956228        1.57889792582134
H            1.99222503709336        1.03361052500007        2.42432126698395
H            0.37054895826457        3.05789964490415        1.38093002343995
H            2.51170632354547        2.68341248359136       -0.10946050468567
H            3.23148591208983        3.29401925452071        2.11469818069261
48
 energy: -84.793546716992 xtb: 6.7.1 (edcfbbe)
C            5.43634155990877        0.20715769913490       -1.14411928355151
O            4.57443396945206        1.22886107166326       -0.68214428421056
C            3.58150087585124        0.80006964586697        0.17059181072553
O            2.62613784945195        0.08337330111886       -0.58422610470452
C            1.51689329862581       -0.42864301400185        0.13344109239267
C            0.76716737837783       -1.25792951719772       -0.92073302784650
O            1.59587567411707       -2.26480046667586       -1.43206866701899
C            0.71678453529966        0.73831686501575        0.74942984911097
O           -0.30991690159169        0.39432496516638        1.66255540135972
C           -1.64180874060594        0.15875203535666        1.24431902205375
O           -1.83330008276342        0.48923344625199       -0.09962127577467
C           -2.66548429852946       -0.39088817316158       -0.85009188077609
C           -2.99386498634017        0.34876580685963       -2.15350766973075
O           -1.85100519916512        0.57565553847763       -2.92797353886471
C           -3.93525069382419       -0.72776818530381       -0.05809676982103
O           -4.85933530414483       -1.45721473410456       -0.82164684362920
C           -3.57077008637447       -1.46982626665348        1.24862406821686
O           -4.38753025519364       -1.06091681435685        2.31575291521996
C           -2.11138293490997       -1.24401850376208        1.67152137096383
O           -1.32862453869279       -2.29034872854607        1.15799873579619
C            1.67038576204612        1.60707079141785        1.58980930121799
O            1.04007618690449        2.74812188825795        2.11487570102235
C            2.92866517488199        2.02620644766087        0.81273730625738
O            3.84211912974305        2.62846731996727        1.68546758771627
H            4.89683326553459       -0.52096915866209       -1.75587754417886
H            5.91400090690762       -0.30819348261764       -0.30368874626782
H            6.19107079386935        0.70599255685258       -1.74698993945022
H            3.98781466857986        0.14534208877601        0.97027684798881
H            1.87368883714702       -1.08561016329053        0.94483810326600
H            0.43659761604743       -0.58336566786445       -1.72194076289641
H           -0.08955584592434       -1.76757229412922       -0.48642426020750
H            2.39956066810127       -1.83655041377684       -1.75174991268717
H            0.30425019182759        1.34166777752280       -0.07196762577835
H           -2.24992101729566        0.86181521387844        1.85111005658076
H           -2.12645041599493       -1.32010518226351       -1.08557204829281
H           -3.49316698419032        1.29409459811948       -1.90059198683443
H           -3.66858072603817       -0.25811091616437       -2.75920803750763
H           -1.22699519293685        1.07481895820385       -2.38888816398189
H           -4.44373906402687        0.20878722095902        0.20131553063115
H           -4.43478759364474       -2.26130186294951       -1.14648683192133
H           -3.67989789237350       -2.55293678108200        1.07232194890672
H           -5.30981910378631       -1.18603618540230        2.06060587028991
H           -2.09069422800927       -1.25369220451497        2.76922775127541
H           -0.46937130464174       -2.26814458672360        1.59531778446370
H            1.97854670047624        1.02574460615078        2.46734004029172
H            0.49871385745637        3.15820579368865        1.43043155025122
H            2.65372622152998        2.71818648828082       -0.00077951185331
H            3.34006624467165        3.22590839464618        2.25796604669281
48
 energy: -84.792637762519 xtb: 6.7.1 (edcfbbe)
C            5.43349007550806        0.18773279583021       -1.13460828672050
O            4.59392333852137        1.21140723404666       -0.63748959110142
C            3.58826061064645        0.77712088437649        0.19756781183517
O            2.60815425396126        0.12656146252632       -0.58507697063784
C            1.48153218441089       -0.37104663405109        0.11648683200777
C            0.72471027404445       -1.17834231384620       -0.94869878762266
O            1.55049310458978       -2.17745338077681       -1.47895067547455
C            0.72149377487130        0.81600781179613        0.74771782277696
O           -0.35628359508586        0.52409664414689        1.61878337511269
C           -1.64757779455261        0.19313926963752        1.15701304456608
O           -1.76468119060527        0.38973990821724       -0.22173972377251
C           -2.68750862975053       -0.45777777458675       -0.90179884482914
C           -3.05766280856642        0.27372684363362       -2.20010712933002
O           -1.94958525640765        0.45498505543687       -3.03375366668107
C           -3.92626708673863       -0.72733261097863       -0.03941994967931
O           -4.92468872766101       -1.41753734908165       -0.74436048515370
C           -3.52653132329986       -1.48370823289700        1.24661092226110
O           -4.36425955350442       -1.13886490561728        2.31928467108458
C           -2.07825120100194       -1.19480206712139        1.66881390322889
O           -1.26489550926979       -2.24505503176998        1.21542915161811
C            1.69613640128731        1.60171646193811        1.64150056742849
O            1.11273859266118        2.74679867770051        2.20810413950582
C            2.98281435216011        1.99617942634282        0.89787297192154
O            3.91478552490330        2.50674265354444        1.80868674354909
H            4.87962336303562       -0.50577128705357       -1.77331097897303
H            5.89774136886937       -0.36785224475372       -0.31248616618653
H            6.20085565372820        0.69105144934715       -1.71773542850007
H            3.97374876894160        0.07403843699593        0.96576777690418
H            1.82212538687028       -1.04633898898425        0.92101636024002
H            0.39134621624593       -0.49101233795015       -1.73694744072036
H           -0.12959029655112       -1.69410780560258       -0.51739807032965
H            2.35717465984588       -1.74547606224957       -1.78598662325996
H            0.37422334320645        1.46315851492257       -0.07302255905592
H           -2.31935751287496        0.91165405339569        1.67335460201486
H           -2.20338037993995       -1.41513915420685       -1.14909960662467
H           -3.51461706518725        1.23794698613207       -1.93701426206612
H           -3.78075923577209       -0.31904649794526       -2.76279904026327
H           -1.27852979381903        0.92883742443051       -2.52879607219102
H           -4.37968113138022        0.23101378682202        0.24107388043172
H           -4.55776983820359       -2.24363156524608       -1.08399866443055
H           -3.58401421072566       -2.56651740216675        1.04379138587283
H           -5.28031027777778       -1.27187490689059        2.04530484125538
H           -2.06390535782354       -1.13982757194583        2.76534161372331
H           -0.40050093491257       -2.16511387580846        1.63495940004456
H            1.96532900029434        0.96848584212525        2.49543684911453
H            0.58024340738908        3.19772989127013        1.54287999552351
H            2.75019670844598        2.74183523395269        0.11936775327649
H            3.43946632013547        3.11192047668044        2.39591358270971
48
 energy: -84.790826831327 xtb: 6.7.1 (edcfbbe)
C            5.42003114295273        0.17279045576447       -1.14067294745053
O            4.60431924540557        1.19602530053373       -0.60431295855871
C            3.58832021095361        0.75506503387111        0.21409908724607
O            2.58725166099009        0.16760320217994       -0.59256280636369
C            1.44830637083437       -0.32392362560798        0.09533086182286
C            0.69375228552126       -1.12116419022510       -0.97818539236700
O            1.53023376800217       -2.10444580237077       -1.52147373801689
C            0.72768579578106        0.87895795260912        0.74594309035415
O           -0.40417793270494        0.65118017302338        1.56618119351630
C           -1.66330161496536        0.24736677247537        1.08413439003268
O           -1.72123121306723        0.31222641683901       -0.31002441362480
C           -2.70047344161570       -0.50943042613899       -0.94298060971785
C           -3.10917655210787        0.22047185997940       -2.23179082351615
O           -2.03763055500553        0.36664951686632       -3.11734074764497
C           -3.91457632760656       -0.75045764810821       -0.03903481118446
O           -4.93494481398567       -1.45057489304479       -0.70234944897179
C           -3.48873504147973       -1.48396511622223        1.24959003347715
O           -4.35719521766883       -1.18190573601734        2.31024331275091
C           -2.06212458652705       -1.11657744116629        1.68189406831730
O           -1.20263424994203       -2.15939961760214        1.30285952542535
C            1.71814862861603        1.57774566030676        1.69080935285500
O            1.17559718308636        2.71670691394520        2.30931053358152
C            3.02372749341460        1.95950328535190        0.97206187314286
O            3.97009057883623        2.38879056065653        1.90947258890277
H            4.85178393172014       -0.48063622558430       -1.80832040622829
H            5.86804059899548       -0.42666266878129       -0.34072427239469
H            6.20128399686716        0.68043858145070       -1.70118075457034
H            3.95443945656975        0.00702834927681        0.94867922166299
H            1.77980599477610       -1.01505742627277        0.89095968707982
H            0.35074189436998       -0.42920353043431       -1.75716562559392
H           -0.15104869502493       -1.65306064200206       -0.54779693639179
H            2.33574394950235       -1.66114149496847       -1.81577335799175
H            0.45620179901162        1.56777434988460       -0.07190684393879
H           -2.37572179011706        0.98286468460592        1.51374550184625
H           -2.24755070098384       -1.47921930850367       -1.20385209833491
H           -3.52952058453635        1.19837284511287       -1.95710010606903
H           -3.87254944919638       -0.35812234399375       -2.75471766328889
H           -1.32947309599343        0.82187485472656       -2.64691436858711
H           -4.35927349319028        0.21418984253114        0.23277153967759
H           -4.58160769257584       -2.28567211450713       -1.03457610010802
H           -3.48713763910289       -2.56863779995773        1.04796859369701
H           -5.26244936566264       -1.34712149377757        2.01775201842268
H           -2.06994953779595       -0.99457541642240        2.77325535275219
H           -0.33998648239134       -2.00367053347985        1.70412799304965
H            1.95888235793781        0.89315785072143        2.51374004657434
H            0.61903070778786        3.18800719313182        1.67933218250964
H            2.82235205033914        2.75097158121942        0.23142582079657
H            3.51669694169857        2.98885947625767        2.51855033606613
48
 energy: -84.788008095845 xtb: 6.7.1 (edcfbbe)
C            5.40301262361849        0.18864720121838       -1.17038119591400
O            4.60968355000109        1.19701454414309       -0.57518203380527
C            3.58905550720118        0.73303778290601        0.22428990562760
O            2.57111699958629        0.21014375534109       -0.60640047578728
C            1.42377512601731       -0.28357497098526        0.06661477095831
C            0.67746134597748       -1.08036031797325       -1.01227489605308
O            1.53079560695034       -2.04426835229557       -1.56350438465545
C            0.73777075945642        0.93048108459889        0.73808733975759
O           -0.44962327738093        0.77762515706836        1.49727583507616
C           -1.68590153586279        0.31872434627653        1.01162429568770
O           -1.69458647163864        0.24658926495488       -0.38163229071854
C           -2.71252759183386       -0.55839405988962       -0.97562195483672
C           -3.14999240496309        0.15980640090693       -2.26270540804067
O           -2.11024026994867        0.26388789941567       -3.19053611358382
C           -3.90836047867513       -0.77725020306203       -0.04311102966693
O           -4.93099202627754       -1.50998404336935       -0.66724051121606
C           -3.46020270872623       -1.46372090083338        1.26217790105989
O           -4.36136285739659       -1.19216997963111        2.30322101875924
C           -2.06296776905394       -1.00845245965687        1.70298881678194
O           -1.15294550291502       -2.03661480253102        1.41214294513039
C            1.73369965820533        1.53137314510843        1.74039662926188
O            1.22787002412481        2.65391607942247        2.41814346006216
C            3.06030613695924        1.90611478118840        1.05507578679185
O            4.01578948130243        2.23518392814893        2.02303912244429
H            4.82200298308651       -0.40989139717689       -1.87740960899232
H            5.83399506551271       -0.46811569478543       -0.40697412044720
H            6.19797938353686        0.71040394587805       -1.69766655344535
H            3.94333588473604       -0.06229453931978        0.91367369568934
H            1.75110973915388       -0.98824276765869        0.85325253264082
H            0.31947101314990       -0.39048816920534       -1.78548687786721
H           -0.15393567480464       -1.63124200007480       -0.57921819372020
H            2.33098133215738       -1.58564877075791       -1.84926491794001
H            0.55338995982291        1.65974776990392       -0.07144198135021
H           -2.42098667562983        1.07502843070330        1.35584318663966
H           -2.27878257486385       -1.53663509811662       -1.23907111778908
H           -3.53608472374429        1.15264186202904       -1.99042919305861
H           -3.94658677144341       -0.40893309868785       -2.74572522383676
H           -1.37311172062396        0.70972903672645       -2.75692428575412
H           -4.36188014524217        0.19011550725839        0.20277662254814
H           -4.57366340062900       -2.35172017758577       -0.97809661964328
H           -3.39543107204585       -2.55008553121772        1.08023846027681
H           -5.25225709384407       -1.39971882069503        1.99357980958403
H           -2.10150435511496       -0.81252973172403        2.78305617981564
H           -0.29722047049217       -1.79650316066721        1.78565334861575
H            1.94329708995623        0.78909205766956        2.52163795989938
H            0.61044900835304        3.12151256741801        1.84566125127621
H            2.89475008861708        2.75126503659052        0.36734246541785
H            3.59004717227886        2.83475466222298        2.65198661974393
48
 energy: -84.788374537258 xtb: 6.7.1 (edcfbbe)
C            5.47942257647130        0.10579401039598       -1.01403832947326
O            4.74005234879319        1.11891924810953       -0.35940382087740
C            3.61514684122703        0.67678404138856        0.29841727038225
O            2.61334865448569        0.40864836130896       -0.66328515169033
C            1.38384039308252       -0.08074493450147       -0.15453404320551
C            0.62172716820320       -0.54525537945073       -1.40587660360971
O            1.45767571598759       -1.26564871122959       -2.26656535654482
C            0.76552274927269        1.05632530736812        0.68542922617444
O           -0.44767300612222        0.89463369852229        1.41623397063438
C           -1.69849087712052        0.42483899264074        0.97047016202576
O           -1.78139509074752        0.30606742254577       -0.41526303844215
C           -2.72764421628306       -0.64376011552152       -0.90373009427492
C           -3.09214954892459       -0.23718359224099       -2.34313495892735
O           -2.41221446013071       -0.98562105736321       -3.31062006464235
C           -3.95155445175028       -0.71688110306052        0.02034350565649
O           -4.98928923971190       -1.48781932985157       -0.52177788561730
C           -3.50592182293399       -1.26021739916812        1.39678101164348
O           -4.30063704473907       -0.74902374219021        2.43438894775389
C           -2.04676965004132       -0.89098999241568        1.69259427925860
O           -1.21906642761632       -1.94848948804626        1.27934316938376
C            1.75570130577195        1.43626318008288        1.80144566517122
O            1.30955721486680        2.55583882160208        2.52042482648330
C            3.15138826678716        1.77133574898446        1.26269094931111
O            4.06987594537811        1.84844416657109        2.31527042248156
H            4.89487587404036       -0.36669476513175       -1.80830169750765
H            5.80492516467359       -0.65897176510144       -0.30043720835406
H            6.34710413444386        0.60184857729727       -1.44195004336630
H            3.82187615957887       -0.24732854084792        0.87867769922949
H            1.59353603020591       -0.95150576926016        0.49370865961920
H            0.20853110944700        0.33883800623515       -1.90981255136126
H           -0.17497251912796       -1.22903450144341       -1.12474396475816
H            2.27534015812514       -0.75867197062145       -2.35636390670366
H            0.64924136637476        1.91305897664088        0.00085836754587
H           -2.41762720813503        1.18892158219930        1.32904343156739
H           -2.27390973985498       -1.64920874488103       -0.93254494578009
H           -2.89945698560060        0.83729463485486       -2.45221038826489
H           -4.15417440881796       -0.42896834540390       -2.51436091556412
H           -1.46130809155165       -0.84227531241948       -3.22501593587966
H           -4.37181140380710        0.28731361218127        0.14938629009828
H           -4.63544462888318       -2.33757490254216       -0.81364954156065
H           -3.56038153864726       -2.36128914694803        1.37077604388219
H           -5.22557382885709       -0.92253393788831        2.21911771126536
H           -1.95700930937568       -0.71690521333380        2.77346699529687
H           -0.31038635998958       -1.72616441467798        1.51165346692929
H            1.84558363962028        0.57054451880310        2.48195424507853
H            0.36501440769344        2.43482523006380        2.67998787557743
H            3.10530781306253        2.71799251431984        0.70602502728427
H            3.74026477523275        2.51422859470536        2.93261213992937
48
 energy: -84.785072826767 xtb: 6.7.1 (edcfbbe)
C            5.47818041418542        0.06241597509176       -0.99646415676579
O            4.77898206919807        1.04788491512632       -0.26000141632299
C            3.61115078610070        0.61051776486015        0.32158648419810
O            2.62790608982253        0.49616879614811       -0.68834877711652
C            1.35677530363113        0.02928850642278       -0.26928238320412
C            0.61579256029550       -0.26732963275528       -1.58557800413700
O            1.45952328925676       -0.87143191734620       -2.52413407971458
C            0.77297720356539        1.12160096465863        0.65122942134408
O           -0.47770665774352        1.00257695784393        1.32964177338106
C           -1.72533175074624        0.50327888343829        0.90484035797494
O           -1.80203732181374        0.26968787091189       -0.46491142156359
C           -2.71277046706198       -0.74632381947610       -0.88378781622425
C           -3.08662636315414       -0.45971308065954       -2.35080912972464
O           -2.34624060353550       -1.21224478310780       -3.26864066262262
C           -3.94679900001088       -0.77910120410299        0.02986422776636
O           -4.95053361089069       -1.63047034385836       -0.45283608940214
C           -3.51133777577235       -1.17513128999415        1.45792560479580
O           -4.32691363034317       -0.57577345920497        2.43017249589829
C           -2.06390225501979       -0.75253500326150        1.73195623710394
O           -1.20962294303486       -1.82193326426931        1.41568532954448
C            1.74332746080413        1.33667094634268        1.82974494864809
O            1.33713875839204        2.41130295668454        2.63577424358232
C            3.17703107583316        1.63284372702868        1.37415338568631
O            4.05597344813531        1.54798977708776        2.45923179066763
H            4.88809104327288       -0.29771778204264       -1.84360163030278
H            5.74421351995652       -0.78445227300387       -0.35472822395402
H            6.38147433833742        0.54789625806235       -1.35749687371821
H            3.74744509369013       -0.37563631142377        0.81373202291657
H            1.49429421465067       -0.90939785691313        0.29728961585640
H            0.20225187944137        0.67205833651202       -1.97682663496775
H           -0.18224097849957       -0.98143491476928       -1.40381494271378
H            2.28478440306555       -0.36886258823906       -2.53066274501738
H            0.74244844794120        2.04133856559357        0.04288045867422
H           -2.44573270190465        1.29372198176567        1.19558092176265
H           -2.22605498001568       -1.73490643274019       -0.83126340315317
H           -2.97688022001215        0.61760424333556       -2.52486058021974
H           -4.12977199486729       -0.74332221596763       -2.51190849312762
H           -1.41835751351640       -0.94924587164226       -3.23860314044963
H           -4.39980625588345        0.21888159197890        0.05827093943886
H           -4.56722653713854       -2.49496294320434       -0.64822305719264
H           -3.54789455526469       -2.27388044102878        1.54257545701895
H           -5.24647308377310       -0.78510671998634        2.22409489586644
H           -1.98711140853854       -0.48707732837634        2.79549891653049
H           -0.30482788038963       -1.54039297286453        1.59435687497121
H            1.75759017536747        0.40873782817079        2.43030200675336
H            0.37985610113840        2.34273158093726        2.74303231659598
H            3.20961435113172        2.63024694535037        0.91383702045676
H            3.74537640885061        2.17293609889164        3.12700680311983
48
 energy: -84.791761009824 xtb: 6.7.1 (edcfbbe)
C            4.92115810743877       -0.93512634551081       -0.84682435119139
O            4.56153840358064        0.23194913881019       -0.13395783851216
C            3.27755381374859        0.23116170251280        0.36346970369309
O            2.39630939815219        0.42780014048587       -0.72127046180084
C            1.00076519993568        0.54082228386214       -0.48393892436143
C            0.50873354197122        1.09273287760475       -1.83638032886335
O            0.72761492477577        0.17010754787631       -2.87048297151769
C            0.64480348652356        1.49531867153422        0.66902846848006
O           -0.56550222423661        1.27330145034919        1.39737279858559
C           -1.79455096882476        0.69970520012608        0.96925602673518
O           -1.89440718446772        0.48296567966161       -0.39896863498829
C           -2.36024322591280       -0.80360428625528       -0.80791871998719
C           -2.59233247971963       -0.77484882612357       -2.33227761515472
O           -1.59898499868781       -1.44700506217197       -3.04673589830143
C           -3.64858374861421       -1.13044485489798       -0.03661279374579
O           -4.30341381097644       -2.27060540538377       -0.52282890610722
C           -3.32645300853089       -1.26177663253818        1.46873722328612
O           -4.33789390418607       -0.70619717133778        2.27007045856833
C           -2.01405584518103       -0.56080901878835        1.83044054141422
O           -0.95263019046668       -1.47116260598925        1.68250608873418
C            1.67831579276179        1.44431900559183        1.81579598705860
O            1.53893711270807        2.56166272463491        2.65435236675461
C            3.13579054803755        1.38532516136433        1.35667840936586
O            3.97048833084594        1.14640480760309        2.45254915525204
H            4.30275518366075       -1.06299221940894       -1.73947755794864
H            4.82883212794134       -1.82302514271382       -0.21171925839445
H            5.95996559714122       -0.79660338773980       -1.13621497052327
H            3.04406503000393       -0.72666184871008        0.87506846049131
H            0.58322340632752       -0.45834185532678       -0.28711800956199
H            1.06676429277892        2.01883980434491       -2.02795890452438
H           -0.55681762920423        1.30657107231732       -1.81247478396876
H            1.65995479287101       -0.07872478347016       -2.83925082632342
H            0.62399135803342        2.52145788397045        0.26975890627190
H           -2.56038212636193        1.44264731947396        1.26113323224263
H           -1.60887274584961       -1.57709426095468       -0.58751087593677
H           -2.69235778263425        0.27095993256564       -2.64615663073127
H           -3.52741543675199       -1.29825576980538       -2.55116757130861
H           -0.77808199180905       -0.92477025580159       -3.03809121517631
H           -4.35262365056587       -0.30032348946242       -0.17398085493350
H           -3.66260694750459       -2.98617379727251       -0.61830125982416
H           -3.19096372539065       -2.33056818207043        1.70307445128233
H           -5.17671493400704       -1.11436574997568        2.02315057616889
H           -2.09362863517869       -0.22998065057496        2.87538551143746
H           -0.14462756660798       -1.01626931172651        1.95129976854311
H            1.48668883940052        0.52320624912370        2.39678626175756
H            0.60234116336106        2.65179727568777        2.86775119409808
H            3.40784135321598        2.31760607701991        0.84259316697731
H            3.80571091770048        1.84906621519788        3.09484244783132
48
 energy: -84.792175032416 xtb: 6.7.1 (edcfbbe)
C            4.87191904683517       -0.92091758757045       -0.93649078927219
O            4.53540913112992        0.20800536412149       -0.15414277040154
C            3.24144140312850        0.21793322613739        0.31434348429662
O            2.38936473120379        0.54393931704779       -0.76389755233059
C            0.99295528055757        0.63559743619995       -0.52723699886645
C            0.49272685003243        1.24691071521312       -1.84991968194493
O            0.71387885474943        0.37457571526494       -2.92640356533674
C            0.65107032391472        1.53635917069141        0.67053305982903
O           -0.60058294087687        1.36493815908387        1.34204820051785
C           -1.80176994895907        0.74332198377569        0.90320838537740
O           -1.83040854157108        0.40732249734915       -0.44390228681177
C           -2.29638364987988       -0.90090583653901       -0.77390318495322
C           -2.47885766927403       -0.96856515623844       -2.30266233911043
O           -1.38246849605378       -1.53134043751934       -2.95782007687777
C           -3.61368158616064       -1.16786444306967       -0.02920025556380
O           -4.24521717454167       -2.34859859908585       -0.44540480343119
C           -3.35341578927696       -1.17334336578909        1.49407698690810
O           -4.39176123144589       -0.54983143660487        2.20549356177451
C           -2.05107973048977       -0.45041386075979        1.84765674887410
O           -0.99220762864887       -1.37347430658506        1.79372763947517
C            1.65083912595853        1.35581181538411        1.83397202768600
O            1.52364089858894        2.40437353968858        2.75863424475557
C            3.11693782645873        1.28593638419117        1.40237077758178
O            3.91783851345081        0.92391817559003        2.48967611329023
H            4.27636492970120       -0.96280227553683       -1.85263199251003
H            4.72641193564402       -1.84559209961664       -0.36718170719910
H            5.92361550339067       -0.80522948218788       -1.18652396727620
H            2.95729488603377       -0.76994817551324        0.73507093520950
H            0.58260816180690       -0.37341364774355       -0.37289638504689
H            1.04345236334332        2.18465177634676       -2.00097035531080
H           -0.57503926535951        1.44956214068594       -1.81363170186201
H            1.64810388662132        0.13104507190669       -2.91027891468173
H            0.70605311776734        2.58364335923907        0.33435449642771
H           -2.58708519112270        1.49747031633769        1.09715577249018
H           -1.55848996104998       -1.66246920991573       -0.47865002746285
H           -2.70445779910589        0.04039715904358       -2.66741853592906
H           -3.33073455566243       -1.62024250321617       -2.51757564793206
H           -0.65043337980484       -0.88973261254840       -2.97950378166276
H           -4.31410511937771       -0.35694249817765       -0.26369742246668
H           -3.60505329230174       -3.07094090923557       -0.42831144077195
H           -3.23385552285100       -2.21935542775501        1.82165685372971
H           -5.22186987925607       -0.98070476176981        1.96801810489555
H           -2.15991282369286       -0.04645953217242        2.86393356655536
H           -0.18456269403475       -0.90190405976329        2.03363351808022
H            1.41989152965957        0.39617854490596        2.33408663425019
H            0.58218254094010        2.53184557233576        2.92820609047202
H            3.43094873616190        2.24918647296608        0.97713783013577
H            3.76848225347795        1.57806558517354        3.18474217875476
48
 energy: -84.793608406880 xtb: 6.7.1 (edcfbbe)
C            4.82966514244589       -0.75215908443487       -1.22988953680014
O            4.49484370035662        0.24173306968755       -0.28101939894764
C            3.19877665502231        0.18413737360637        0.17749197356571
O            2.35119018178860        0.69040225736437       -0.83384816625446
C            0.95734439088939        0.72698703997260       -0.57355675208016
C            0.41606484088642        1.43579879398981       -1.82961745225994
O            0.68209163668138        0.68436599835132       -2.98528335506075
C            0.65151549167620        1.52587502082820        0.70040647824149
O           -0.63739226421203        1.44893243404004        1.31441275846067
C           -1.85078827105875        0.84885917941058        0.86050115440803
O           -1.85806646590818        0.40011503324866       -0.45028752700278
C           -2.14346285079279       -0.98499244309989       -0.64754337110957
C           -2.14367736891807       -1.27213504258561       -2.16003748782809
O           -0.88540389351171       -1.62987474205655       -2.64940307475684
C           -3.51171868868770       -1.31183581186056       -0.02647598010565
O           -3.87151419841458       -2.65225416756441       -0.22151470484142
C           -3.53397357497314       -0.92542599200965        1.47414061922810
O           -4.59701299489993       -0.06117873994129        1.78670079852132
C           -2.24460876717178       -0.21959215043740        1.90104659180442
O           -1.24069506916296       -1.18400381804401        2.08756591405843
C            1.60107819967639        1.09422958451999        1.83880497657585
O            1.47708012130615        1.95392928650340        2.94256274715111
C            3.07605946433265        1.05317783760601        1.43101873761663
O            3.84161179056316        0.48457430483999        2.45344076618946
H            4.23977242327281       -0.64546633051724       -2.14444305204397
H            4.67464532479160       -1.75381878420339       -0.81436156442185
H            5.88362678644007       -0.60596759762531       -1.45290812317853
H            2.90403539901299       -0.85711352881533        0.42592786516164
H            0.57292801329362       -0.29897517333813       -0.49067079951788
H            0.90968113740886        2.41424223135936       -1.89112357919428
H           -0.66194228741552        1.57087609347692       -1.77533900744316
H            1.63039129690530        0.50019211730124       -2.99199324918683
H            0.83332978735886        2.58989573239259        0.48577735179364
H           -2.59371503290222        1.66394546808943        0.93230500851468
H           -1.37577327715992       -1.61480469780297       -0.17491364799852
H           -2.55390699737459       -0.39854300739600       -2.67825908570494
H           -2.79949326444611       -2.13055221949572       -2.33412674601438
H           -0.35538035488527       -0.82685485855287       -2.80405724391481
H           -4.27292029772613       -0.71904754775732       -0.54805337726204
H           -3.15349112219559       -3.21728939445155        0.09016394435845
H           -3.60306188783580       -1.85308013599117        2.06486461698117
H           -5.42540972930177       -0.49832833028172        1.55652176327797
H           -2.44994799387113        0.30772860878545        2.84319712556299
H           -0.44978209176726       -0.72321425395202        2.39567455107936
H            1.32787502212045        0.06458708086279        2.14053541077168
H            0.54170691415950        2.17600302530347        3.03440423848846
H            3.42620227752734        2.06538692919536        1.18504487598336
H            3.69162069446837        1.01053056172945        3.24969700856247
48
 energy: -84.796430640542 xtb: 6.7.1 (edcfbbe)
C            4.81587584350376       -0.52297774888228       -1.45923881390306
O            4.45756768395247        0.26885383007740       -0.34324273057291
C            3.14925883111335        0.13091453443276        0.06073460519674
O            2.32489949660679        0.80617859784759       -0.86959736298766
C            0.92984584210434        0.79651857949236       -0.61417631341600
C            0.36016265492848        1.58588300075556       -1.80639598463055
O            0.61232627733141        0.91662944539160       -3.01556083320449
C            0.64835654270892        1.48649780036503        0.72494066184281
O           -0.66455809873536        1.51922504201278        1.28365332826970
C           -1.88976566590670        0.95240569612030        0.81050772638995
O           -1.88721087624757        0.40151371725707       -0.45746252059262
C           -1.99279398058510       -1.02150502810722       -0.51811242199957
C           -1.89505459540699       -1.46964504072106       -1.98663604539324
O           -0.58277288953506       -1.57397615256250       -2.45383783738110
C           -3.32988216914468       -1.49057223664653        0.08953436716982
O           -3.31714626337844       -2.87091661142799        0.32492386356808
C           -3.66896079137403       -0.69714279564857        1.37644956213552
O           -4.64131897591151        0.29530501544644        1.17175241053591
C           -2.42323636793547        0.00999536240276        1.91276894753038
O           -1.49294644927237       -0.96118104632733        2.31737010375704
C            1.50602536876624        0.79464198068413        1.80549578465097
O            1.35841416297141        1.43384457325683        3.05179999084319
C            2.99548527274394        0.75514814729501        1.45081088188973
O            3.69213626712131       -0.03156468665203        2.37403601651529
H            4.25924728484311       -0.22644364240788       -2.35246537362821
H            4.63577924247969       -1.58424798169838       -1.25665283333407
H            5.87841029645589       -0.35284741494339       -1.61473701772081
H            2.85186755520105       -0.93764897580133        0.11052248639157
H            0.56799241018656       -0.23905709371151       -0.60947929737172
H            0.83744720382883        2.57398232770728       -1.80980163852068
H           -0.71917937500981        1.69894275162499       -1.72512521787875
H            1.56297138349553        0.74862335984363       -3.05379193527821
H            0.96229173332968        2.53665443548076        0.64077118980937
H           -2.57840049894373        1.81378528608410        0.76469965131619
H           -1.17369790911468       -1.49262467900362        0.04441814697580
H           -2.49310284790608       -0.78424315475927       -2.59711449655288
H           -2.32494554429344       -2.47429001388896       -2.04526743592934
H           -0.25814460994879       -0.69649309165786       -2.72685468894891
H           -4.12855855381963       -1.32030790295257       -0.64256690630741
H           -2.59968353486973       -3.06912590304790        0.94077305407925
H           -4.00541518033797       -1.42143501722018        2.13520968165591
H           -5.45373499521680       -0.12382196583532        0.86466532304261
H           -2.71711829885741        0.63929197196455        2.76357874401567
H           -0.73508672485296       -0.50228712109940        2.70123712344735
H            1.16816951536406       -0.25523646769711        1.89139784182871
H            0.48307054819579        1.84318422750311        3.06256373417949
H            3.39788300681166        1.77758727294792        1.41599489312362
H            3.51722870942468        0.33398200238541        3.25098857173574
48
 energy: -84.800751072019 xtb: 6.7.1 (edcfbbe)
C            4.88691167181990       -0.22991506639647       -1.50925032634791
O            4.43806437314745        0.33566315676120       -0.29282974191118
C            3.11337020398838        0.09541854407817       -0.00281414632275
O            2.32002015600843        0.87802973297889       -0.87476473244369
C            0.91637344035640        0.83367743500665       -0.66497654917644
C            0.34616824446735        1.68220534192421       -1.81303141831078
O            0.52524980472151        1.04081928918262       -3.05029257572519
C            0.61964581762680        1.42505681100675        0.71995243431877
O           -0.69886194384502        1.57533453858481        1.21183909322736
C           -1.92478113053669        1.03524217748234        0.71931852387619
O           -1.89671719997763        0.38010405496277       -0.49788932102775
C           -1.90736239617442       -1.04647955144548       -0.43098899092467
C           -1.80208846514625       -1.60493084085033       -1.85967163379945
O           -0.51906047459846       -1.52426248515430       -2.40782261002474
C           -3.18708090461983       -1.58091629825208        0.25209914485227
O           -2.95299855860795       -2.83877361007464        0.82063027533185
C           -3.71290930311351       -0.58701042902925        1.31218275513632
O           -4.63549019715139        0.34025764632677        0.80259699901589
C           -2.53719178280521        0.21013773813728        1.87632797440572
O           -1.61941854469137       -0.67987637072660        2.45486049720788
C            1.35283880126351        0.49589991936295        1.71837649736940
O            1.05873068897356        0.81259282970365        3.06025411097483
C            2.86441347515965        0.47904462279027        1.46219670310693
O            3.48439294873574       -0.46975179385483        2.28385879480050
H            4.37685704674871        0.21890783899280       -2.36575325600924
H            4.72534128048722       -1.31314530356020       -1.51712585716839
H            5.95161564279222       -0.01532412031321       -1.56068919773275
H            2.85772899253266       -0.97666318379367       -0.13596568920028
H            0.57031424749538       -0.20276441731236       -0.73934408012800
H            0.85838783502911        2.65260105559503       -1.80317754251094
H           -0.72551787248062        1.82989279786558       -1.68974583269099
H            1.46621997000364        0.84279298012772       -3.13907976197639
H            1.05867185992690        2.43154590992120        0.76321436561541
H           -2.56845086952350        1.91612086957293        0.56138919924047
H           -1.04576408631195       -1.40419390458938        0.15178382902199
H           -2.54116649441253       -1.09051691733491       -2.48477512998008
H           -2.04817249120081       -2.66970780882653       -1.80902940849004
H           -0.34885220549545       -0.61878375886567       -2.72356132285997
H           -3.96574318217586       -1.73313203351888       -0.50511806733762
H           -2.32539356814961       -2.72063725687330        1.54765069577628
H           -4.16238312198465       -1.17927462785306        2.12509571364295
H           -5.38811875922321       -0.13827478352243        0.43583400423023
H           -2.90668260571732        0.92309918525404        2.62524519176445
H           -0.87319315960997       -0.15684544144295        2.78959474557320
H            0.98536512356872       -0.53100593069954        1.58864780721661
H            1.10838564932570        1.76938514892095        3.17635478631198
H            3.29282944951911        1.48060981975415        1.62904773175594
H            3.11550052340715       -0.37225634418279        3.17282629307783
48
 energy: -84.803687686315 xtb: 6.7.1 (edcfbbe)
C            4.87899513944474       -0.17932429223346       -1.52452024961139
O            4.41900533062004        0.29998518677233       -0.27557730484606
C            3.08099445681900        0.07811847910618       -0.03592195119584
O            2.32978490740538        0.94050260659701       -0.86913069275981
C            0.92317076579441        0.89704490614617       -0.68343827215480
C            0.34835409592296        1.77737896135106       -1.80107800554907
O            0.46097581906061        1.14048020294158       -3.04845305642147
C            0.62052359585895        1.41778769035077        0.72811569567563
O           -0.70417304784704        1.63227409825090        1.17165224498138
C           -1.91293030158112        1.05906177094019        0.66977080823427
O           -1.83237298563235        0.32829039670276       -0.50089366412197
C           -1.84201161832310       -1.09141703596804       -0.37079785565436
C           -1.72828107421687       -1.68673856026773       -1.78420016502596
O           -0.47721424862836       -1.49727871103459       -2.37807887146362
C           -3.12270940378873       -1.60947391614458        0.32458930191098
O           -2.86419243995685       -2.80052367929170        1.01296633202903
C           -3.71165341146302       -0.54377622969654        1.27610880823824
O           -4.60554981315975        0.33812184027007        0.64968876740709
C           -2.56574712283110        0.29334732280858        1.84588438390255
O           -1.67292960944790       -0.56628448239249        2.50283873328615
C            1.29637768350296        0.41628047283064        1.69126687045053
O            0.99715960532786        0.69542035583918        3.04174588796328
C            2.81035387069521        0.35976064023703        1.44980934223362
O            3.38520936291144       -0.66985083726782        2.20467843970376
H            4.40324473266676        0.35492384306828       -2.35112958007815
H            4.68338045245413       -1.25226017432395       -1.62464633475203
H            5.95081683620413        0.00312332982890       -1.53567653979647
H            2.80017371945332       -0.97432800559205       -0.25117571334219
H            0.57972860742924       -0.13660738267676       -0.80216626143567
H            0.89010685879578        2.73147173619505       -1.79966982438485
H           -0.71358619056615        1.95633601130599       -1.63967546250060
H            1.39218337577045        0.92272125715470       -3.18078267250822
H            1.10311235047928        2.39985213703731        0.83527996611186
H           -2.55212134716944        1.92501151934225        0.43630576368278
H           -0.97942336580675       -1.42395590708942        0.22567234320946
H           -2.53033262271328       -1.26258782166932       -2.40003209129010
H           -1.87085722018387       -2.76754347392269       -1.69751340619146
H           -0.39822429421514       -0.57970985620116       -2.69330305008990
H           -3.87382324691380       -1.85816638577279       -0.43508282636842
H           -2.28114834915877       -2.58699366118810        1.75612532973632
H           -4.20457164902153       -1.07947087674706        2.10296327705715
H           -5.33159737448603       -0.17116497347611        0.27124661991669
H           -2.96615934961266        1.04181764327684        2.54281795138593
H           -0.91320160458378       -0.04165609793679        2.80804823724085
H            0.89311690072764       -0.59008537422451        1.51924156288878
H            1.10792020119697        1.64097837437996        3.19929614659118
H            3.27041093865733        1.33019624773240        1.69808948647205
H            3.02971001182440       -0.61109211048354        3.10222253183419
48
 energy: -84.805279178563 xtb: 6.7.1 (edcfbbe)
C            4.89747392523766       -0.12295073263783       -1.52224902722721
O            4.41364153079971        0.28654578706625       -0.25743729248128
C            3.06570353154258        0.07587073544297       -0.06708820545787
O            2.35030786940711        1.00198587773438       -0.86289716486221
C            0.94127838933166        0.95364145563883       -0.70319171687569
C            0.35672253012334        1.86071381314935       -1.79074906491990
O            0.39353928390451        1.22731708281024       -3.04448122118438
C            0.62295041519797        1.40158098524372        0.72990341853031
O           -0.70360313537653        1.67595927103117        1.12734866219418
C           -1.89706364243158        1.06868876483568        0.62579098038421
O           -1.76796358108440        0.26954154538805       -0.49479432377549
C           -1.79885921307096       -1.14114409185522       -0.31096826092246
C           -1.67498184672192       -1.76737597910159       -1.71086640189866
O           -0.46055923080796       -1.48528299030934       -2.34376738821108
C           -3.09253236778504       -1.62479190760095        0.38579022704043
O           -2.84357894853824       -2.76383200488933        1.16002223205731
C           -3.71562224523933       -0.50274043503937        1.24781646154493
O           -4.57803828856897        0.34336516766831        0.53424042444648
C           -2.58598113592409        0.35856406883730        1.81589445119265
O           -1.72261906015279       -0.48090658500437        2.53466503207143
C            1.25145371661446        0.34601543995851        1.66044632136998
O            0.95150007731849        0.59683119625630        3.01799910443975
C            2.76709559916633        0.26368105671960        1.42923627207194
O            3.30742369328262       -0.82820414286820        2.11976443201484
H            4.45014181194048        0.46892468670163       -2.32513725926249
H            4.68798533380797       -1.18446252581844       -1.69248222318446
H            5.97186673620352        0.04185026800457       -1.49647696802969
H            2.77224026875542       -0.95537991253750       -0.35590440359113
H            0.60490586127123       -0.07746285875731       -0.86542873432818
H            0.92712190122912        2.79763185769787       -1.80580192815815
H           -0.69167609756693        2.07155691214708       -1.58454544964574
H            1.31145990373977        0.99209022968508       -3.22793517512583
H            1.13814385249838        2.35968531184011        0.89578753360640
H           -2.53302001508903        1.91490853888063        0.32442731866307
H           -0.94435248533069       -1.46451940667596        0.30191585188450
H           -2.52328529308245       -1.42540152414014       -2.31606455762323
H           -1.72583938640161       -2.85338057808052       -1.59743329174604
H           -0.46193948983208       -0.56242705122433       -2.65090659822136
H           -3.82198873874293       -1.93181165054749       -0.37376319588525
H           -2.29009610460225       -2.49124002035306        1.90711221870503
H           -4.24458711196096       -0.98865628061092        2.08290392307148
H           -5.29665067067432       -0.18340864525303        0.16540994557310
H           -3.00225987363186        1.13817868693981        2.46828567480461
H           -0.94481445697854        0.03331183506642        2.81450590712584
H            0.82340235396849       -0.64319365361242        1.45662768909999
H            1.10423950410080        1.53162062915671        3.20468295135046
H            3.24571203890355        1.20395585644451        1.74934391810589
H            2.96560021663791       -0.80544688432250        3.02392989039047
48
 energy: -84.805380745272 xtb: 6.7.1 (edcfbbe)
C            4.92897501936172       -0.04796392589977       -1.51466615318014
O            4.41890887724282        0.28386703520832       -0.23734941337805
C            3.06317657980527        0.08283503828489       -0.09667286937350
O            2.38101179282849        1.06541065086947       -0.85280974746965
C            0.97025539998357        1.00945486556875       -0.72497793394787
C            0.37849721828102        1.94196639274206       -1.78401252298530
O            0.35599610119758        1.31881375300124       -3.04305097849599
C            0.62494564581439        1.38158160228514        0.72425895205153
O           -0.70078293931142        1.70859040894505        1.07693515047523
C           -1.88016625086932        1.06373920578600        0.58661131554736
O           -1.70257440484021        0.19929719524390       -0.47783671974910
C           -1.77583971660513       -1.20066037811816       -0.24689760104411
C           -1.64161997643972       -1.85435739233341       -1.63441395071110
O           -0.46158591638599       -1.50063356905094       -2.29765031677046
C           -3.08988503432560       -1.63576076247266        0.44396454461036
O           -2.86905241065222       -2.72937669492906        1.28880344023330
C           -3.72681731450293       -0.46222749725819        1.22484190878613
O           -4.55276803201857        0.35544955817732        0.43883196881314
C           -2.60266746089273        0.41101646803476        1.78837998789555
O           -1.77299146964533       -0.41362784826758        2.56125006895957
C            1.21359244346193        0.28183814869587        1.62284919939047
O            0.91331317359634        0.50446580850103        2.98628778203836
C            2.73127493105470        0.17980512293347        1.40219548777181
O            3.23900927148333       -0.96537636415524        2.02846952175623
H            4.50813855095469        0.60171853378032       -2.28651253110973
H            4.71085356705510       -1.09307795237101       -1.75945942926171
H            6.00430159664740        0.10014291749968       -1.45258600760098
H            2.76363403958301       -0.92442173601348       -0.45574813248604
H            0.64292186233429       -0.01787885456550       -0.93315390571998
H            0.96839990417485        2.86643238405889       -1.80853928754335
H           -0.65760983410545        2.17434517318962       -1.54077354793452
H            1.26154540771296        1.07379222288421       -3.26901592389067
H            1.16241601147561        2.31718458810476        0.94785520967816
H           -2.51454298625996        1.88466887963398        0.22024183610079
H           -0.93742092325536       -1.52824015161549        0.38549796550890
H           -2.52042038512041       -1.58114914502030       -2.23154264553183
H           -1.61846986366399       -2.93861149411423       -1.50162160218726
H           -0.52770933531613       -0.57754148930438       -2.59217821569844
H           -3.80313012318255       -1.98242491691546       -0.31393075956690
H           -2.33788245229776       -2.41413363310878        2.03579210137793
H           -4.29032401882136       -0.89865237245781        2.06451629227628
H           -5.27052110028951       -0.17951781368113        0.08035483087457
H           -3.02486729090517        1.22080974463676        2.39927358231356
H           -0.97095238172080        0.07959708727452        2.81095488224645
H            0.76815366503091       -0.69220653491022        1.38987540261976
H            1.11164750255191        1.42412197835550        3.20392928100392
H            3.22266949991003        1.08739953458686        1.79069092996657
H            2.90696148264549       -0.98050656675944        2.93621954661580
48
 energy: -84.804029003934 xtb: 6.7.1 (edcfbbe)
C            4.96580566981227        0.02795345044143       -1.54467762892876
O            4.42348624024072        0.28408643856205       -0.26340372697789
C            3.06090091830697        0.10008775034494       -0.17226409055134
O            2.41683519021976        1.14759423760458       -0.87248188852893
C            1.00320949459627        1.10508534501742       -0.78238866320673
C            0.45499810055980        2.14495168896156       -1.76073338259486
O            0.76440651564213        1.79787585603611       -3.08255641095045
C            0.62196129543098        1.37135215863549        0.68086088314650
O           -0.71030591957829        1.71324293611910        0.98487454993651
C           -1.86451166489437        1.00591241557284        0.52618781674661
O           -1.63487455023983        0.05442093563504       -0.45562112592524
C           -1.80667867865996       -1.32038041288295       -0.13120008181259
C           -1.64650405460629       -2.08417781638751       -1.45727684713523
O           -0.44402325189825       -1.79121480649291       -2.11272765905662
C           -3.17173551436862       -1.64259126758524        0.52217584610905
O           -3.04358580627084       -2.70369173314309        1.42573663223560
C           -3.77490943631035       -0.40104715032983        1.22052721651778
O           -4.55416549787437        0.39926242251265        0.37157423547747
C           -2.62142421655588        0.45311181974895        1.75304898602353
O           -1.84641628985170       -0.36561814077283        2.58565544220099
C            1.17514757919586        0.21618932171077        1.52572424529735
O            0.86632139847217        0.37751043765161        2.89682996839984
C            2.69489150126067        0.09977610814236        1.32183581008372
O            3.17052130332472       -1.09447865626049        1.87681570832278
H            4.59306974630555        0.74510332082734       -2.28073827947869
H            4.72386251019056       -0.98859655772872       -1.87227900044785
H            6.04252814651033        0.13513607212652       -1.43762342945341
H            2.75206994860722       -0.87284905948078       -0.60841661312900
H            0.66242364208841        0.10581183985413       -1.08420275168188
H            0.86905623764481        3.12885018537810       -1.50286965179720
H           -0.63241692431854        2.17742662301596       -1.68979394658789
H            1.72010803904140        1.67158632523874       -3.12966453314688
H            1.15980043015691        2.28528638012214        0.98154682207757
H           -2.50168725872128        1.78172351825593        0.07366868753526
H           -1.01896824201112       -1.64744889921750        0.56285096028545
H           -2.50401277776944       -1.85212669673338       -2.10137164974797
H           -1.63804201265748       -3.15448150386567       -1.24107114694017
H           -0.50271201115406       -0.89149101828986       -2.45909823766381
H           -3.87272787948951       -1.98810746067129       -0.24735179515527
H           -2.51978962009093       -2.38197298913702        2.17509472603580
H           -4.36910197155592       -0.76430681754979        2.07330576533921
H           -5.30397492951091       -0.11884656757838        0.05657127325000
H           -3.01298787613139        1.31619501185053        2.30937367519271
H           -0.99850624309836        0.07366041641863        2.78149640657128
H            0.71766559793399       -0.73610418558505        1.23738218717087
H            1.10855121352595        1.27190399361619        3.16922353644035
H            3.19424005939871        0.96942497672974        1.78113099557416
H            2.83219976826169       -1.16099304669684        2.77980115008169
48
 energy: -84.803198149026 xtb: 6.7.1 (edcfbbe)
C            4.91862668955561       -0.04286856688642       -1.64111025411129
O            4.39268556256377        0.19543889271850       -0.34957320635780
C            3.02179120172452        0.09549183550681       -0.26373897602764
O            2.45024533966516        1.23045351491984       -0.88826919359619
C            1.03798084370797        1.27622661468763       -0.81952810577013
C            0.58896587030346        2.47353191378280       -1.66285620002252
O            1.01827015473504        2.34609011752614       -2.98829689334715
C            0.62009399926326        1.40409495970931        0.65424483304655
O           -0.72723067424663        1.73218603522976        0.89404250715189
C           -1.83720659711130        0.94388709839798        0.46213268290758
O           -1.52871864943079       -0.09129753000568       -0.41329715079640
C           -1.80867749999351       -1.42503976051787        0.00716746690533
C           -1.55219696364987       -2.32156021839025       -1.21304127160944
O           -0.24864401858817       -2.19422110049293       -1.70945550568399
C           -3.24593528074435       -1.63086228719089        0.53826123903758
O           -3.26740187362076       -2.68000912043089        1.46527408254212
C           -3.82071713857966       -0.33738022590794        1.16458843206090
O           -4.54954749817739        0.44851761612388        0.25902846122342
C           -2.65078774751533        0.49813052821986        1.69194473847430
O           -1.94990728382956       -0.29804048441260        2.60781949751277
C            1.13044012117280        0.17605903843728        1.41564247110307
O            0.80870089795315        0.24346622845731        2.79222752481410
C            2.64850855238067        0.02876919954135        1.22566084858677
O            3.08311875295172       -1.20445352096996        1.72435084215765
H            4.57880429157511        0.71500662072959       -2.35196246751246
H            4.62787929432171       -1.03542245957315       -2.00086430325218
H            5.99940144731606        0.00947102057648       -1.53525148296145
H            2.64797371511772       -0.82379022998858       -0.76055442877984
H            0.62383037502230        0.35302428693819       -1.24691625199002
H            0.98280270554609        3.39290066374018       -1.20871686139846
H           -0.50013134495206        2.51932710079704       -1.68247493822662
H            1.97069059716372        2.19116021216041       -2.96426131708869
H            1.14219234835019        2.28689995931897        1.05615734618064
H           -2.47412511378975        1.65320080894562       -0.09240675124927
H           -1.11763321076176       -1.72288394338854        0.80867767035677
H           -2.28831153297942       -2.08115660213646       -1.99002196027229
H           -1.67448172844658       -3.36279602145242       -0.90935765044387
H           -0.16696438360226       -1.31328180401662       -2.09282805525002
H           -3.89903910529119       -1.94412368921237       -0.28486355731401
H           -2.77092091662626       -2.38863108700504        2.24415445053362
H           -4.44973625158738       -0.63915707428150        2.01603639345631
H           -5.32034514606778       -0.05027921035456       -0.03558314875399
H           -3.02425728759160        1.41192542538417        2.17547468534731
H           -1.06013887768572        0.07274998281406        2.75431442739691
H            0.65510753398709       -0.73797581371970        1.04800302286862
H            1.11238530207011        1.09017217157418        3.14456979466032
H            3.16777060936318        0.85977594596944        1.73281626687036
H            2.70478783414720       -1.32272980088972        2.60612126692642
48
 energy: -84.802529212634 xtb: 6.7.1 (edcfbbe)
C            4.87970919434882       -0.08690279074207       -1.71934107543055
O            4.36480468057376        0.13758319722520       -0.42089346750669
C            2.99112776555482        0.09292386913706       -0.33642414891376
O            2.47206607978524        1.27873837411803       -0.90966091524513
C            1.06591508060511        1.40150312309194       -0.84417355102755
C            0.70616602282373        2.70599051434542       -1.56476431487713
O            1.10380003315174        2.67277516587843       -2.90533302238222
C            0.61252956566147        1.41552452920955        0.62683281886570
O           -0.74369647700280        1.74751235407615        0.80710810837477
C           -1.82043269301717        0.89799474831254        0.41533775188250
O           -1.44132875199284       -0.19870850340892       -0.35546513936460
C           -1.80569023134119       -1.49356799880322        0.12161549712960
C           -1.44993475424626       -2.47144602101941       -1.00616549215088
O           -0.08814954667897       -2.42225778263820       -1.33334339670997
C           -3.29259216179101       -1.61981908107595        0.51504471102298
O           -3.45755662469997       -2.68960046871477        1.40496516715332
C           -3.84740734052122       -0.30549988160416        1.12108800152963
O           -4.56447725394053        0.47168575609756        0.19822857507736
C           -2.67478635585321        0.53244708191045        1.64151513048267
O           -2.02398888227555       -0.22246279193076        2.62621055404632
C            1.09322381671126        0.14279054265634        1.32815493611251
O            0.76160968530361        0.14832182784973        2.70433403244434
C            2.61066907362616       -0.01847825219974        1.14754821290346
O            3.02275366077713       -1.27309487360065        1.60898346522946
H            4.55821639856921        0.69490498010110       -2.41271056603390
H            4.56100662553277       -1.06367280226052       -2.09866087222457
H            5.96186486892447       -0.06635316349801       -1.61677125145973
H            2.57941595627073       -0.78841836401736       -0.87106939298077
H            0.59255539819253        0.55785775790801       -1.36885262928136
H            1.18341776379280        3.54139436341427       -1.03394896908656
H           -0.37554157497917        2.84372874701452       -1.55374444655633
H            2.04391279833190        2.45425724866898       -2.91887691704942
H            1.12002003575643        2.26866790072433        1.10529397288019
H           -2.45687237440566        1.53975341263713       -0.21849045278060
H           -1.20840114034698       -1.75488769963436        1.00772328055307
H           -2.06946685524889       -2.24241702411560       -1.88301923498578
H           -1.65821689079640       -3.48865990973355       -0.67052518651143
H            0.09552910018851       -1.53885406627548       -1.67355241083641
H           -3.88421704978944       -1.87432920693373       -0.37226214542135
H           -2.99556828890557       -2.46456073239686        2.22481513911702
H           -4.48296410721830       -0.58146648590034        1.97625933964974
H           -5.34928452200269       -0.01651367984698       -0.07674160005869
H           -3.04777449544359        1.47839475473797        2.05993655402789
H           -1.10792701114666        0.09211768765165        2.73312097014101
H            0.61256027342262       -0.74603651453322        0.91258629483409
H            1.10911524294428        0.95379397536437        3.10910718492603
H            3.13844732751318        0.78788878373665        1.68536398504910
H            2.60583684759488       -1.43054533646279        2.46709795852695
48
 energy: -84.800733341675 xtb: 6.7.1 (edcfbbe)
C            4.93721386606217       -0.00672543576817       -1.72855438622225
O            4.39097647880713        0.15912175828274       -0.43416078928119
C            3.01551398122277        0.12410887296543       -0.38591862782862
O            2.52044028830588        1.34404176915059       -0.90455142468756
C            1.11416696248400        1.47298456658883       -0.87164184181403
C            0.78460612699755        2.82882958190921       -1.50632942806552
O            1.21997647887584        2.88894852069564       -2.83384407271747
C            0.60599582519039        1.38380143600536        0.57966564772563
O           -0.75542002988287        1.72646786453349        0.70317310511583
C           -1.82512643327169        0.84938652751760        0.36214523508777
O           -1.42129064068661       -0.29863072219309       -0.31679119158785
C           -1.84108880886150       -1.55559796717481        0.21202099216119
C           -1.45803755233997       -2.59536668501918       -0.85034870271326
O           -0.08854344198331       -2.55448106558748       -1.14644209650036
C           -3.34699142321940       -1.62023968284755        0.53505947807092
O           -3.60024201187533       -2.68864606372627        1.40628836335363
C           -3.87808164045069       -0.28339081080635        1.11687517522091
O           -4.60623094176644        0.47076343042293        0.18318581163071
C           -2.69685997197157        0.56711873818405        1.59717673950742
O           -2.06914543094359       -0.13228675352427        2.63604600336394
C            1.07500067246598        0.08351096473047        1.23489087148784
O            0.72449304749925        0.03579715602317        2.60604622603974
C            2.59749935846457       -0.06148146689052        1.08010889605698
O            3.00679208741779       -1.33366527442875        1.49206582768905
H            4.63611967487821        0.80810026401347       -2.39243646335508
H            4.62469719495191       -0.96328498727502       -2.16095220522095
H            6.01649497449201        0.00351644436732       -1.59818710197246
H            2.60951995293741       -0.72292257812791       -0.97768739336809
H            0.65118495780812        0.67116061029385       -1.46998206525965
H            1.25321716259873        3.61853330565345       -0.90291610079520
H           -0.29578616590744        2.97626099385337       -1.51420448055080
H            2.15797363588947        2.66133863164333       -2.83747066522631
H            1.09306968258359        2.21054252169071        1.12473796275346
H           -2.45576147628630        1.44029433649360       -0.32546588523211
H           -1.29017878899346       -1.78102636613774        1.13735441932043
H           -2.05575718142070       -2.41635500925681       -1.75386146192508
H           -1.67184718230857       -3.59440735318797       -0.46760153478045
H            0.09966666257440       -1.68103211510560       -1.50906353441921
H           -3.90427413537940       -1.84546353329357       -0.38194707525047
H           -3.15268817350721       -2.50426538818206        2.24331183643625
H           -4.50018488926523       -0.52834198465013        1.99106897827706
H           -5.40537908964629       -0.01428080445626       -0.05328401490823
H           -3.06362200512033        1.54102526217426        1.95274344150492
H           -1.12922815968627        0.11991641964127        2.68585674387998
H            0.60860784845385       -0.79234024213203        0.77918916251448
H            1.09843038784680        0.80606504791282        3.05436302790452
H            3.10752066005696        0.72183213727133        1.66775614595444
H            2.56258551604748       -1.53923761160382        2.32599347778095
48
 energy: -84.798150035101 xtb: 6.7.1 (edcfbbe)
C            5.09556461605895        0.23822206465837       -1.63668512935121
O            4.45063162042337        0.21740928459774       -0.37781487811486
C            3.07612691500548        0.16474543212850       -0.44136571684771
O            2.59833325547471        1.43470587949785       -0.83963800633940
C            1.19140724531629        1.54686768167254       -0.88341318421587
C            0.88163177683985        2.96170366858224       -1.38458382804850
O            1.37642628271987        3.16458751916088       -2.67690011847796
C            0.59325033867621        1.29062463950341        0.51485853123041
O           -0.76913908122475        1.65371421769324        0.57457867510157
C           -1.87562756330602        0.81275490276584        0.25114246286162
O           -1.54935222534346       -0.39213326636460       -0.35963433314892
C           -1.87968749578469       -1.60177881953181        0.32571579146691
C           -1.55991101621849       -2.72397299443453       -0.67325851793737
O           -0.24955949497895       -2.62312059581296       -1.16155632728266
C           -3.34619313646238       -1.67380642651083        0.80756659654174
O           -3.43129251087779       -2.45392185067448        1.96786538070112
C           -3.93609072154234       -0.26464231575282        1.05688802461800
O           -4.56205870836024        0.28889401029922       -0.07029075861900
C           -2.78899413121443        0.66374138082820        1.47817975253732
O           -2.17662830920205        0.11681230569718        2.61703084533322
C            1.02314815585329       -0.08803306690269        1.01713271178999
O            0.58083006882409       -0.32574385701392        2.34231505421569
C            2.55357911127554       -0.21107842675177        0.95315373631483
O            2.94609466625479       -1.52586433046409        1.22274730856951
H            4.83242855937558        1.13697251293457       -2.20077823635382
H            4.83157575045723       -0.64929596812203       -2.22174208186931
H            6.16164058315094        0.23528463219951       -1.42354828796285
H            2.73160876049327       -0.60404371575443       -1.16441621714995
H            0.78041524008282        0.81106536915854       -1.59518327438484
H            1.31694914817705        3.68234858260000       -0.67891962653566
H           -0.19817549521179        3.10695208554939       -1.42576858921783
H            2.31627773850924        2.94573012805433       -2.66124244920556
H            1.05612023725101        2.03612164843000        1.18484714014966
H           -2.44901130425085        1.39394956689992       -0.49151214518356
H           -1.23691466784112       -1.72721922454786        1.20863654070535
H           -2.28295349873605       -2.68350879629833       -1.49864360525882
H           -1.63985690917349       -3.68816496525075       -0.16925134981713
H           -0.18948565465914       -1.78966048334988       -1.64374347808585
H           -3.95690126484793       -2.18626933967509        0.05469271906753
H           -2.99560916261134       -1.96117878735769        2.68016304311173
H           -4.64318994316377       -0.35137219439004        1.89585505973230
H           -5.32554569752949       -0.25315903780614       -0.30059536469267
H           -3.17840912841080        1.66359381588282        1.71247288408185
H           -1.20863048663038        0.15771110994098        2.51830393490279
H            0.60134667675192       -0.89154004463388        0.40940624473032
H            1.00127855205602        0.31352656298469        2.93378088663591
H            3.01343320224524        0.48822663975311        1.67394492902411
H            2.41911701181158       -1.85675987771187        1.96268824286268
48
 energy: -84.795358335398 xtb: 6.7.1 (edcfbbe)
C            5.18045124934978        0.36928292558841       -1.58198559250144
O            4.48168236377144        0.23726865348211       -0.35914132034933
C            3.11089415142752        0.21045327143520       -0.48517584858345
O            2.66136138954878        1.51861065317133       -0.77408009723431
C            1.25923983172944        1.64031758278293       -0.88410913007535
C            0.97547719967111        3.09867088680689       -1.26116412151589
O            1.54507491084953        3.42712443932541       -2.49525035387499
C            0.58039520447328        1.25447169550090        0.44613902969559
O           -0.78981501236663        1.59763797475690        0.42335822528325
C           -1.89838552617254        0.74469517396850        0.13746829466723
O           -1.59304958643947       -0.51185554544593       -0.36902119053990
C           -1.91874607247501       -1.66565207878176        0.41108612945112
C           -1.65102659535776       -2.86063473242590       -0.51733810982019
O           -0.35309300216636       -2.83058828814786       -1.04658373157767
C           -3.37034456650099       -1.68457024921126        0.94285325131004
O           -3.41901944205588       -2.31630648423444        2.19186663940473
C           -3.96396705269582       -0.25973333485475        1.03516596468879
O           -4.57478299867067        0.17179798650487       -0.15218770145233
C           -2.81977158458108        0.70777257180548        1.36741963306183
O           -2.19205774427429        0.28092171445477        2.55022369727762
C            0.99602196756451       -0.15448322059424        0.86905517872568
O            0.51555435463878       -0.46538981691027        2.16675851944504
C            2.52582454261751       -0.29271684815048        0.84293221898645
O            2.89406087888634       -1.63326431546821        0.99495140358960
H            4.93942847638584        1.31475796129035       -2.07525763126997
H            4.94463340258796       -0.46262509146809       -2.25441828242560
H            6.23626293766463        0.34632237581862       -1.32391907545052
H            2.79023132268314       -0.47799054241452       -1.29511839521372
H            0.88991058024075        0.97763863772646       -1.68530888238204
H            1.36659425933670        3.74440023369775       -0.46319026991439
H           -0.10052098721514        3.24975921172095       -1.35021924226847
H            2.48323081930140        3.20597962467707       -2.44589081042681
H            0.98782489578767        1.94777549061884        1.20434862240683
H           -2.44858951563692        1.27431730094874       -0.65826448347249
H           -1.24564801838402       -1.74207061140455        1.27585144658576
H           -2.39604710560867       -2.85964528017119       -1.32389439634543
H           -1.73950787762132       -3.78474646434252        0.05595393160396
H           -0.28950911100236       -2.04699250156855       -1.60513535073114
H           -3.99822266229145       -2.28825000516215        0.27657957015749
H           -2.98154138092749       -1.72994944794376        2.82891046501037
H           -4.68161641963140       -0.25848321532515        1.86975271337988
H           -5.33504455579100       -0.39252055000946       -0.33480244747473
H           -3.21215066529600        1.72229909187280        1.51206050604337
H           -1.23406472804018        0.20747370285438        2.39546320346885
H            0.58019848082043       -0.91401656620668        0.20338971675592
H            0.96920291216667        0.09302526343635        2.81312151116782
H            2.96738382870922        0.32579589337017        1.64495557085516
H            2.32558015546789       -2.03608787105451        1.66527199320933
48
 energy: -84.792287823768 xtb: 6.7.1 (edcfbbe)
C            5.25551662962698        0.50545985642760       -1.52450591823066
O            4.51299694681048        0.25751785667041       -0.34623889391280
C            3.14731974637938        0.25511615344389       -0.52239375428785
O            2.71396213614441        1.58684510216341       -0.70454530823279
C            1.31930628913851        1.71741998601961       -0.87685676645808
C            1.04612949840559        3.20214607099537       -1.14040526839529
O            1.67294785634740        3.63655952074460       -2.31276900767501
C            0.57290269112295        1.21765767763437        0.37620259430085
O           -0.80124473182428        1.53425182926160        0.26983438749115
C           -1.90834076519553        0.66465443834326        0.02832243171991
O           -1.61373466478613       -0.63490613711643       -0.36164250717945
C           -1.96534927052222       -1.73237324172111        0.48671580774335
C           -1.76807060361097       -2.98228454089152       -0.38655888956477
O           -0.47645555233849       -3.05232736895336       -0.92496878754427
C           -3.40281776963961       -1.67913036990194        1.05471187292779
O           -3.42665430505271       -2.17705737276303        2.36374019683661
C           -3.98338229199576       -0.24808661491704        1.01298970977991
O           -4.58569886885202        0.07737308927609       -0.21208192046521
C           -2.83022966547627        0.73459557644328        1.25688808364349
O           -2.18396048488714        0.40442174961537        2.46188428554149
C            0.98712178952472       -0.20649633317656        0.74412757013143
O            0.48780023157094       -0.55540552102575        2.02636329051993
C            2.51574419662604       -0.36219624458790        0.73422561145776
O            2.86429237383495       -1.71650980086404        0.76470768937279
H            5.03817351745565        1.49834160847281       -1.92720357576104
H            5.03838836454091       -0.25169030359838       -2.28574057173588
H            6.30134791677223        0.44596037176621       -1.23367233314658
H            2.85201482719591       -0.35287955745892       -1.40337510489098
H            0.99640712344788        1.12670242348277       -1.75108151507958
H            1.39503433841808        3.77749057246919       -0.27200070536636
H           -0.02532724825883        3.35719437564719       -1.26774723794811
H            2.60885502611491        3.41351763824931       -2.23689708091629
H            0.91864677663059        1.86553516958409        1.20459895244127
H           -2.44126798641733        1.13311011075685       -0.81469615804680
H           -1.26934882783084       -1.79210010369367        1.33395734075435
H           -2.52023142448162       -2.97808811678601       -1.18687397112744
H           -1.90158632124016       -3.87142181914090        0.23178220532167
H           -0.36995131309655       -2.29861007510332       -1.51711176120445
H           -4.05206502012330       -2.34294072009063        0.47100193589915
H           -2.97794965580592       -1.52699630363780        2.92753641048672
H           -4.70404988520399       -0.16321433397565        1.84078343318137
H           -5.34629197529579       -0.49952940715103       -0.34846534679146
H           -3.21341384237562        1.75971376599847        1.32602809103870
H           -1.24329434495036        0.23539194396574        2.28057141458049
H            0.56801223078079       -0.93695430848850        0.04888526295002
H            0.96071610318176       -0.04479020071995        2.69823618713409
H            2.94571334350676        0.17116930601827        1.60119336165745
H            2.29136477028609       -2.17216013777309        1.39602522004336
48
 energy: -84.788961111868 xtb: 6.7.1 (edcfbbe)
C            5.32546626946269        0.68042889251851       -1.47800540950634
O            4.54278996744001        0.26861127233219       -0.37393278594298
C            3.18322537816661        0.29609648375718       -0.59525848036813
O            2.75785771463182        1.64131113922972       -0.63235276254746
C            1.37214765036746        1.78902855278718       -0.85337658229625
C            1.10078213494459        3.29130054870691       -0.98285228508463
O            1.77557654565939        3.84018526482590       -2.07814765938815
C            0.57558652128780        1.17069649212051        0.31077534017334
O           -0.79813770135950        1.45538571018890        0.12032867105551
C           -1.90554449017101        0.57261463224237       -0.07891999098104
O           -1.63112260870855       -0.76370745121391       -0.34249530411542
C           -2.02765446413728       -1.77438857177202        0.58909834196814
C           -1.83892421132539       -3.10935707841737       -0.14893922746202
O           -0.51539441871703       -3.31796389099334       -0.55766228477972
C           -3.48033378480569       -1.64499141195259        1.10246854151490
O           -3.56118359994551       -2.06651575586804        2.43628256581992
C           -4.01639304095275       -0.20301032203663        0.95845282876353
O           -4.60791258825254        0.05358567885254       -0.28840721848307
C           -2.83600306022514        0.75938142298233        1.13160581299860
O           -2.19436397244006        0.49329526381294        2.35624703610940
C            0.99271389571102       -0.26844376765611        0.60715572359066
O            0.50512759615107       -0.65428438876388        1.88296005144000
C            2.51621525583248       -0.46967575897412        0.55754107139513
O            2.81603841227118       -1.82609161543035        0.38407834779623
H            5.13924261999934        1.72901275019381       -1.72485458064315
H            5.11768789858628        0.05754991710689       -2.35470280034547
H            6.36064400070218        0.55167745483605       -1.17170901501001
H            2.91770837168236       -0.20003699037416       -1.55268307614379
H            1.09030757006673        1.28585375055663       -1.79366524015757
H            1.40712267553004        3.78066051589204       -0.04807828603485
H            0.03459423474195        3.45301425206343       -1.14206823908228
H            2.70818002029433        3.61001928877069       -1.98479195903332
H            0.85660041258604        1.76268852851931        1.20514042118229
H           -2.41367326398004        0.97590241371966       -0.96833721786848
H           -1.35483278204163       -1.77013889132397        1.45604769673685
H           -2.52103403932695       -3.13890740933778       -1.00915482742188
H           -2.08485316952943       -3.92174875956473        0.53739017861900
H           -0.30420570400398       -2.65278077617114       -1.22270548128490
H           -4.13107047991588       -2.32186405103020        0.53556790344132
H           -3.08982129772319       -1.41225912504620        2.97492719608619
H           -4.73490334260860       -0.03748070211603        1.77583153027788
H           -5.38756354184860       -0.50562565804386       -0.38474524629601
H           -3.18710096146544        1.79833607903858        1.12504045862400
H           -1.25193478876982        0.33682844836163        2.18461176144111
H            0.53814770931893       -0.95594793408977       -0.10848736149733
H            1.01775107657825       -0.20152777942458        2.56681701925231
H            2.96704528471546       -0.08582553162306        1.49009786244202
H            2.25540000143217       -2.35089386453367        0.97134794636104
48
 energy: -84.790281812798 xtb: 6.7.1 (edcfbbe)
C            5.43225623596039        0.94799043606775       -1.61994701475757
O            4.67687289260225        0.36833593862516       -0.57338245035121
C            3.31634809702049        0.36562089507654       -0.78753979396422
O            2.83132541611637        1.68476419693081       -0.64901485167171
C            1.43713156766986        1.79259549309475       -0.81622415557940
C            1.11580661546198        3.29229051687304       -0.76896825446388
O            1.76333261458724        3.98537987472088       -1.79578765882932
C            0.66550801037256        1.01406141846250        0.27438287144796
O           -0.70286862605036        1.32038075024924        0.04483959474592
C           -1.82258048092809        0.44295433273780       -0.07695322217564
O           -1.51321964050932       -0.90607283716069       -0.16507157155838
C           -2.20839638898653       -1.78067452404359        0.72039363492279
C           -1.80528471855338       -3.20916804543449        0.33574347879462
O           -0.69259689506049       -3.66199141159243        1.05522420126170
C           -3.71761134967253       -1.53346737696395        0.58536564820918
O           -4.48628360024284       -2.47918824535286        1.28058916044602
C           -4.04060385595144       -0.09069285958676        1.04025150953155
O           -4.97813799314855        0.52759366109157        0.19659063726285
C           -2.79243748293571        0.79775030032411        1.06778537096626
O           -2.16776476263683        0.67706827883339        2.32235173689661
C            1.13476828095153       -0.44359551160376        0.27817278765248
O            0.67245387206095       -1.16956722575423        1.39926013888900
C            2.67515207478165       -0.54634200640091        0.26220038106040
O            3.05100888644181       -1.86346530379975       -0.02535963132534
H            5.19509563715946        2.00867682006442       -1.73709326744913
H            5.24778943759830        0.42740170743047       -2.56579132673762
H            6.47435860602891        0.83223881776413       -1.33285116339279
H            3.06460222981442       -0.01546433987754       -1.79932175044201
H            1.14427029736194        1.38833434457939       -1.79827511668197
H            1.41821440177823        3.67890735930526        0.21446677323002
H            0.04435764827135        3.43899341112304       -0.90308916401865
H            2.70154698867788        3.76552639867331       -1.74226157747103
H            0.93634526198800        1.45133932528174        1.25419639582469
H           -2.29998840807514        0.75115542810107       -1.02549119261202
H           -1.90691195866870       -1.59541833499791        1.76222028773867
H           -1.60974962736183       -3.22489708521022       -0.74553793770475
H           -2.62518557023682       -3.89608765818873        0.55951860609714
H           -0.05386356413095       -2.93527605254538        1.08432797926089
H           -3.99503446343119       -1.64193927643204       -0.47011684190333
H           -4.17256015012190       -2.52943496567210        2.19238358393735
H           -4.42059901396648       -0.13172281832341        2.07469509517078
H           -5.76209766980316       -0.03305672261158        0.15142120127551
H           -3.12055516823405        1.83351015349517        0.90298479064330
H           -1.38703464023987        1.24334222819018        2.29782994489293
H            0.74136747619014       -0.96820451209902       -0.59700652915432
H            0.89633624631939       -0.69258223925414        2.20849477503979
H            3.07226219030578       -0.23166716463544        1.24258802312173
H            2.57285295192008       -2.45623831012479        0.57028690876352
48
 energy: -84.789934702105 xtb: 6.7.1 (edcfbbe)
C            5.47203996189772        1.07419382346152       -1.61470128013479
O            4.71426570270079        0.40017374448098       -0.62848722847095
C            3.35467231620227        0.40567150761320       -0.85029401618092
O            2.85622064843204        1.70144373732548       -0.59129804285785
C            1.46466845200953        1.80833083333151       -0.77040532875728
C            1.12463365323667        3.29560271113104       -0.60338493418351
O            1.79632449485810        4.08069313629892       -1.54473066415395
C            0.67536361983689        0.93349860155696        0.23083821888168
O           -0.68144155318304        1.22183552449926       -0.07662317612685
C           -1.80492556905006        0.34384310237011       -0.13901571060228
O           -1.50028380449849       -1.00737166773256       -0.07344981122553
C           -2.25978419928572       -1.79736663372730        0.83677238244446
C           -1.89441379527101       -3.26073425234310        0.55684251941674
O           -0.77406665618220       -3.68085735230445        1.28122987478186
C           -3.75488480987632       -1.52111143318521        0.62367090864044
O           -4.57828211471325       -2.40100713392048        1.34264753599931
C           -4.05813964125369       -0.04706614274740        0.97497662264989
O           -4.98846460343473        0.52166455123037        0.08967933656171
C           -2.79589308876109        0.82039996086152        0.94256163345327
O           -2.20001083187894        0.80527702389778        2.21691325088916
C            1.17691000134973       -0.51347265939311        0.16240045429298
O            0.75930344215695       -1.29207273671114        1.26587389907050
C            2.71907425979979       -0.60164968965130        0.11082428719236
O            3.09610740377841       -1.88579004914137       -0.29942816284446
H            5.22905380571664        2.13983779265995       -1.64032041306806
H            5.29752192563357        0.63771928397212       -2.60396234323007
H            6.51317107874838        0.94015202304467       -1.33146657082863
H            3.11115826920123        0.11793372671119       -1.89419372427786
H            1.19164387559155        1.48574619488187       -1.78765384373944
H            1.39228200798947        3.59889653962107        0.41894171783620
H            0.05640238715927        3.44389337270003       -0.75977724426743
H            2.73341880901244        3.85591762477951       -1.48782050546654
H            0.88612258799338        1.30603708825467        1.25213226845554
H           -2.25549431669875        0.55703398952389       -1.12588909457129
H           -1.99156318242227       -1.55360594290761        1.87614978596034
H           -1.72970512002110       -3.36530400317943       -0.52475148245407
H           -2.72284922730599       -3.90809073292799        0.85483531216902
H           -0.09854900322264       -2.99270856233210        1.18923393122903
H           -3.99270152919660       -1.68911130732347       -0.43352269322060
H           -4.30678185923143       -2.39852189230426        2.26911985840774
H           -4.43779208799340       -0.00969866594147        2.00996990906760
H           -5.77714905856900       -0.03422861178227        0.08086728133287
H           -3.10194155129757        1.84097210118759        0.67433145701926
H           -1.42026236372571        1.37098094780227        2.16772511849047
H            0.76691331593038       -1.01015289358788       -0.72160427582323
H            0.97320986238859       -0.83078299658602        2.08671786952179
H            3.12547391835806       -0.37757474822605        1.11207526928994
H            2.63942207965803       -2.52947158160627        0.25893093844700
48
 energy: -84.789988962893 xtb: 6.7.1 (edcfbbe)
C            5.47691307150410        1.19780658659048       -1.65937033477628
O            4.74436852149482        0.41972804570616       -0.73235987593984
C            3.38035657759666        0.44001001876165       -0.92276036727519
O            2.88004737098277        1.69717229803912       -0.51714882316620
C            1.48973663016189        1.81376686232879       -0.68894173343717
C            1.13875726990388        3.27485730595590       -0.37469266236509
O            1.81744102185304        4.15621742797161       -1.22056021203383
C            0.68890793985957        0.84056903645006        0.20753644464239
O           -0.64863466826336        1.11414667082483       -0.18324793588878
C           -1.77833241556746        0.24336260917304       -0.19459987959405
O           -1.48568583325658       -1.09334408405311        0.02881046277590
C           -2.30514366273790       -1.78842085440910        0.96366227026692
C           -1.96960503324873       -3.27884919541346        0.81641294976191
O           -0.83636440145175       -3.64816656991603        1.54576912996761
C           -3.78449579713653       -1.50769780351668        0.66271430182176
O           -4.65305574697056       -2.30430687455799        1.42481579964951
C           -4.07789311744564       -0.00395571791380        0.86046532994829
O           -4.96444602156093        0.48838629205620       -0.11121503090865
C           -2.80086055240576        0.83872815904571        0.79485864570535
O           -2.25595680159184        0.93772650002372        2.08813162234081
C            1.22624224598812       -0.59028243882555        0.05175951995854
O            0.86467623585628       -1.43244542136435        1.12815830379135
C            2.76826606983532       -0.66028184136599       -0.05460375211893
O            3.13797444692220       -1.89717709802086       -0.59602580025563
H            5.22919125121379        2.25874492422071       -1.56817855907599
H            5.28174307228465        0.86597903483552       -2.68476682093477
H            6.52471878249411        1.04174956562210       -1.41494705921190
H            3.11454050726043        0.26251802803043       -1.98540156956977
H            1.22233324792341        1.59426890759060       -1.73441833641591
H            1.39176236409775        3.47358549145765        0.67706431960685
H            0.07182152403365        3.43310615436911       -0.53113519705590
H            2.75425493070248        3.92652221793130       -1.18025820305412
H            0.83063220151533        1.13400917473860        1.26534088678095
H           -2.19241848523330        0.35348845089729       -1.21392821929769
H           -2.07564510169354       -1.46654972279669        1.99127054913569
H           -1.84037917545971       -3.49016762619657       -0.25420844116264
H           -2.79988539858880       -3.87690096179505        1.19960848971201
H           -0.13173651457472       -3.02391421999609        1.31447680958052
H           -3.98199107713483       -1.77164248557425       -0.38315439920275
H           -4.42780845347755       -2.20893131544903        2.35862458517091
H           -4.49608144777978        0.13721106126010        1.87133193868149
H           -5.76103481437481       -0.05609650258570       -0.09841681305792
H           -3.07740142453476        1.83237322107725        0.41631426635990
H           -1.47351048363589        1.49791369974754        2.02306230918315
H            0.79182535712340       -1.05004410807429       -0.84090461386025
H            1.08144808617067       -0.99944714829772        1.96358815103229
H            3.19949171481735       -0.53268578406914        0.95311736853382
H            2.71091390672433       -2.59264273177657       -0.07816864849171
48
 energy: -84.790618621872 xtb: 6.7.1 (edcfbbe)
C            5.48277344547341        1.31885528657203       -1.66724745256669
O            4.76945399932823        0.45252260858066       -0.80588511795936
C            3.40327246813007        0.47391106099028       -0.97865576872598
O            2.89185675812398        1.68051901835798       -0.45047205680647
C            1.50258539740978        1.79961375029870       -0.62086889743292
C            1.13435167426986        3.22275540939659       -0.17725441898215
O            1.81761133102776        4.18431232470614       -0.92622228508640
C            0.69510369966573        0.74209763141598        0.16845675392760
O           -0.61997641795629        1.00506512629326       -0.29582992834452
C           -1.75827332919046        0.14897469252501       -0.24578949670572
O           -1.47513591858916       -1.15476301464833        0.13149578798606
C           -2.34432194574618       -1.75998641351113        1.08310400533061
C           -2.03771694451708       -3.26422721658574        1.05639449146329
O           -0.86703708084165       -3.58455238989479        1.74676452562685
C           -3.80818805341560       -1.48413658162462        0.71160081012492
O           -4.71177199990927       -2.19972546205789        1.51296769974467
C           -4.08645559011920        0.03376953278156        0.76701577612054
O           -4.94735086243477        0.44479227677830       -0.26371563397480
C           -2.79703417948332        0.85145478195289        0.65243727497640
O           -2.28429739554599        1.06844944848678        1.94433055760510
C            1.27097124776153       -0.66658264285215       -0.06799729057602
O            0.95229117701258       -1.57452005598624        0.96737713647180
C            2.81266823732495       -0.70576020623340       -0.20673065472098
O            3.18755470528744       -1.88687895243858       -0.85829206205789
H            5.22711335730461        2.36469803903241       -1.47703862204759
H            5.27701671220695        1.07966513049766       -2.71609440563855
H            6.53506482620699        1.15170259165163       -1.45110264236106
H            3.12639635247411        0.39382430593185       -2.05006686682993
H            1.24505534552905        1.67575387045263       -1.68424317834639
H            1.36998432405286        3.32554747356726        0.89244663525951
H            0.06875020727660        3.38799907348736       -0.33710898161667
H            2.75512079338838        3.95546726001010       -0.89777156750154
H            0.77042135066670        0.95721742974828        1.25064821110345
H           -2.14856153620512        0.15175454205308       -1.28028389944355
H           -2.14302702895647       -1.36514242951823        2.09128442637309
H           -1.97793273019358       -3.57662617875901        0.00464361962100
H           -2.85161203476455       -3.80692838851136        1.54274050998559
H           -0.15884362859242       -3.03611525370360        1.37519178016549
H           -3.97896615949595       -1.83696906990357       -0.31250790331568
H           -4.52031599333396       -2.01664671202976        2.44123754223959
H           -4.52287041087495        0.27074078321373        1.75190004512337
H           -5.75089076556370       -0.08759323441559       -0.21778854752339
H           -3.04981055192716        1.80627505352854        0.17128997655131
H           -1.49603382624481        1.61618587651400        1.85012065862949
H            0.82734310315211       -1.08770860922655       -0.97548887215087
H            1.17146304536132       -1.17826830670638        1.82039755328954
H            3.25733849492486       -0.66178705334703        0.80221241794617
H            2.78486025779994       -2.62900898758267       -0.38812042002406
48
 energy: -84.791744361885 xtb: 6.7.1 (edcfbbe)
C            5.50138944338960        1.43219772818711       -1.63474196985782
O            4.80018594314505        0.51034702827449       -0.82256809245633
C            3.43553815057233        0.51080309653133       -1.00574701858533
O            2.88993625774304        1.66685227719770       -0.40230294208069
C            1.50167035145929        1.76754298024345       -0.58763937658389
C            1.09596259773096        3.14979219288165       -0.05476968531387
O            1.77969114729874        4.17304169447369       -0.71615021109979
C            0.69921908417043        0.64210653355672        0.10796591497255
O           -0.59739112656413        0.89191892730832       -0.41090121971635
C           -1.74360413199633        0.06131796992694       -0.27321454174155
O           -1.45781249390740       -1.18727158331103        0.25832576449669
C           -2.38274978969931       -1.72431543486733        1.19792697185616
C           -2.10750806222659       -3.23455815671206        1.25573790576625
O           -0.87871717501666       -3.52858777394162        1.84873095128038
C           -3.82577828640396       -1.44490236355953        0.75768179715753
O           -4.77066337112994       -2.10325597777962        1.56096732303446
C           -4.07989583377648        0.07677550921726        0.72407762163839
O           -4.94652731464864        0.43602393398701       -0.32062561251006
C           -2.77698649355732        0.86126686060302        0.54695587598887
O           -2.26996830052724        1.18059898361204        1.81981273427757
C            1.31973812502881       -0.73590616207498       -0.20379248602378
O            1.01481779966198       -1.72322594972787        0.75967718377761
C            2.86443247998536       -0.72759202029563       -0.31706946952039
O            3.27983040326714       -1.85940972798022       -1.02850523132689
H            5.22035074576454        2.46216776668635       -1.39879256504085
H            5.31089891614556        1.23781612188023       -2.69570988727658
H            6.55521951038404        1.27859603386243       -1.41596050218572
H            3.16832815142894        0.49632188317330       -2.08237045239292
H            1.26398188953716        1.71239138530381       -1.66135471680228
H            1.30298779566998        3.18172985796608        1.02549659687826
H            0.03212701011113        3.30975321496973       -0.23235065056019
H            2.71994499848245        3.95610676488549       -0.68270284237333
H            0.72106440125874        0.78600442932509        1.20280917106258
H           -2.13591911201781       -0.04969797905487       -1.30114309200509
H           -2.21096221890640       -1.28038749238608        2.19150951497819
H           -2.15742116973773       -3.62700444516902        0.23061697722875
H           -2.87843101487927       -3.71951706181368        1.85865030322275
H           -0.19944312639812       -3.05843180557485        1.34048316127374
H           -3.96736405143661       -1.84879974538125       -0.25190611613439
H           -4.62188502078752       -1.86043933403885        2.48336189222299
H           -4.50106013016040        0.38089963216165        1.69731019771721
H           -5.75159474199412       -0.09021763664435       -0.24056505142099
H           -3.00965930518890        1.77335512494283       -0.01932078850383
H           -1.47647688627429        1.71303910614083        1.68935676762072
H            0.90264655306153       -1.10482595954813       -1.14642522154036
H            1.19479640025349       -1.37305905290521        1.64169655883707
H            3.28985403273214       -0.73214526822644        0.70110333864245
H            2.88320489941405       -2.63521890704227       -0.61014352110990
48
 energy: -84.793359473149 xtb: 6.7.1 (edcfbbe)
C            5.54124945667493        1.57050987000493       -1.46227434533001
O            4.83241111203699        0.57441094655310       -0.75064376877689
C            3.47992582226015        0.54638521904729       -1.00511777872261
O            2.86701652638598        1.64397814090930       -0.35756997954478
C            1.48520185142459        1.71179154266533       -0.59708860571818
C            1.01442991650617        3.04881913775084       -0.00390767993631
O            1.70891281702864        4.12624589250762       -0.55940319895093
C            0.69511856042880        0.52246606239709       -0.00240482196122
O           -0.59095576545398        0.76171937153738       -0.54959232093602
C           -1.74491377003261       -0.03140254519142       -0.31183918567126
O           -1.45865591843787       -1.21544757710717        0.35238592017869
C           -2.40013942710133       -1.66356297090326        1.32216263492928
C           -2.16680362455358       -3.17579464799879        1.48069974076799
O           -0.86022364995785       -3.47330979222908        1.87105816822861
C           -3.83847885614997       -1.38862624030836        0.86505516374393
O           -4.79120033926072       -1.96366122281478        1.72129846628874
C           -4.06594469474389        0.12863760507402        0.70643194986433
O           -4.94477608878235        0.41297467107515       -0.35067361318281
C           -2.75072178631320        0.86493943785927        0.44088094187755
O           -2.21992894931167        1.28531935881148        1.67437629324560
C            1.36348170490491       -0.80495551604181       -0.42498309751711
O            1.02460712633037       -1.90850708069935        0.38577911611983
C            2.91052693075261       -0.75013946398026       -0.43223196350499
O            3.40299131410899       -1.82310293309214       -1.18420435470986
H            5.21310729729909        2.57289414600960       -1.17397205317153
H            5.41082137685735        1.44266873162742       -2.54231627816344
H            6.58751381959565        1.43568412633809       -1.19946525434440
H            3.26854014354702        0.59729194812357       -2.09316923907100
H            1.29313014298052        1.71190549352583       -1.68126458714403
H            1.15914557734933        3.01758957462992        1.08677918802595
H           -0.04086658537307        3.19868346743690       -0.23474754834989
H            2.65053523213401        3.92311827419881       -0.49178834827997
H            0.68197996016612        0.57606085343387        1.09836620795840
H           -2.15797108338459       -0.24782228931602       -1.31430736758728
H           -2.21487089941088       -1.15355969181023        2.28092338939025
H           -2.41243719957042       -3.66165751964293        0.52643077003343
H           -2.83102365993630       -3.56481794112535        2.25511796333033
H           -0.27543155475235       -3.12439026536992        1.18150152044917
H           -3.99277765316349       -1.86990163392705       -0.10819906106199
H           -4.65183167626353       -1.62866041984728        2.61581712027759
H           -4.46318783061825        0.52417964878829        1.65665082875787
H           -5.75589038578725       -0.09222284719654       -0.21499607115133
H           -2.97046307096200        1.72652661201328       -0.20388448412198
H           -1.41636830040166        1.78602750235344        1.49027296915170
H            1.01764402477541       -1.06077585204659       -1.43236711174231
H            1.16836719545337       -1.67122119170554        1.31158437247361
H            3.26973055611404       -0.80991514222232        0.60975985859075
H            2.96947223387365       -2.62737566873607       -0.86743919788403
48
 energy: -84.795244588811 xtb: 6.7.1 (edcfbbe)
C            5.59367429847856        1.64703585456287       -1.08229201145539
O            4.82421355549189        0.59850337208124       -0.52605350752236
C            3.51407516336595        0.56714428537653       -0.94654721907595
O            2.80576018657734        1.61624691992111       -0.31393556625610
C            1.44670972607245        1.66067484373345       -0.67020376562320
C            0.89163407584532        2.95620744500866       -0.05839763355280
O            1.61024679570886        4.07318298148196       -0.49191957709924
C            0.66251262654265        0.41757149666839       -0.19374401841260
O           -0.62557757276387        0.64747504688524       -0.73669985933186
C           -1.77212427705719       -0.11240644932563       -0.38493766067550
O           -1.46074970721252       -1.23469616839809        0.37457916665740
C           -2.34874372626866       -1.57064485616241        1.43520623916929
C           -2.13027698568753       -3.06877175480093        1.73359486480286
O           -0.77756534211892       -3.41354481832785        1.79493313433534
C           -3.81027505692200       -1.32910375732326        1.03392016228256
O           -4.71109914032871       -1.80259543111803        2.00176708712532
C           -4.04534649323042        0.16181539398625        0.71677621061488
O           -4.95599468976296        0.33044406322180       -0.33810424574156
C           -2.73808034629349        0.85647592039395        0.32999067886954
O           -2.15326499053092        1.37460893924409        1.49983036141943
C            1.37686336026250       -0.83497802525385       -0.74580284863475
O            0.94707877797193       -2.05500102204762       -0.19316755238330
C            2.90751260125800       -0.77555990132684       -0.53933969487147
O            3.51147996980864       -1.78600095128778       -1.29688678099338
H            5.21407061699053        2.62473691898957       -0.77297338444910
H            5.59624269906974        1.58831557424813       -2.17623234342045
H            6.60346673810562        1.50766354868509       -0.70407923661722
H            3.43668860418420        0.68605204407365       -2.04749251946164
H            1.34654174360386        1.70903491300789       -1.76567925805590
H            0.93616665651189        2.87247508083972        1.03859020362631
H           -0.13997020837117        3.10070729851049       -0.38260568660796
H            2.54629202182276        3.88051383697152       -0.35298767244783
H            0.63724271635769        0.36734439760448        0.90508971451633
H           -2.22876362213489       -0.41874757967795       -1.34298990832455
H           -2.10505446418730       -0.96640359010990        2.32310726705115
H           -2.64523045427429       -3.65567890693389        0.96129971370777
H           -2.56733199247774       -3.31115567736978        2.70408980195233
H           -0.41131244688781       -3.26618848589409        0.91206118894073
H           -4.02125462119234       -1.91263525074557        0.12904295048851
H           -4.53525417573649       -1.35636527530572        2.83969248125597
H           -4.41184543257031        0.66233702435300        1.62899928942835
H           -5.76846625027531       -0.14151803668246       -0.11761308508262
H           -2.97865719194361        1.66138444368767       -0.37746548516464
H           -1.34938760416592        1.84272286798923        1.24428026003580
H            1.16599846515437       -0.90688122878351       -1.81909077640204
H            0.98295391763892       -1.98261746920581        0.77085612443291
H            3.12879538514981       -0.91099738476118        0.53369494230488
H            3.00540401910747       -2.59818529191736       -1.15067933808814
48
 energy: -84.800616379425 xtb: 6.7.1 (edcfbbe)
C            5.44517162379193        1.23273520903815       -0.19633477925365
O            4.50966849674738        0.17651064637198       -0.10535065664201
C            3.33938816882000        0.38272493977878       -0.80055925413150
O            2.57557409968806        1.35949866547611       -0.11380906837173
C            1.30296456780981        1.59378574472199       -0.67270862653475
C            0.74003204547939        2.81483070088043        0.06801597810439
O            1.62849084650135        3.89241390609203        0.01330174039231
C            0.42544749939706        0.33248155385814       -0.54662353259143
O           -0.85528558352166        0.66648038601426       -1.04846590296733
C           -2.01308773395815       -0.10251316172390       -0.70200468528119
O           -1.77384321933139       -1.28534579811335       -0.02678277623955
C           -1.90353151188630       -1.26169027288344        1.39089311336252
C           -1.52468754362303       -2.67853411668967        1.87764499473188
O           -0.52654584703822       -3.26812802816228        1.08525217147973
C           -3.32527530336559       -0.85648555705811        1.84998369143681
O           -3.27932734769532       -0.14649458264305        3.05413592358332
C           -4.03909648978717       -0.03496235246472        0.75057879387158
O           -4.67071412287341       -0.82580034075768       -0.21969107307475
C           -2.99956074707343        0.83115896102864        0.03721006419495
O           -2.35860965254972        1.62318411838942        1.00652311898230
C            1.13291265330452       -0.76623034595418       -1.36527726457884
O            0.50664759892927       -2.01779941594821       -1.35901047129121
C            2.58326630811364       -0.94669001811985       -0.87114671257407
O            3.26785676559790       -1.80010899433195       -1.74514444014357
H            5.06323795582741        2.14290448024516        0.27426781928622
H            5.69467527514011        1.44245903258085       -1.24204423335919
H            6.33173303220235        0.89009284878688        0.33178820604899
H            3.53735881252224        0.73923574701751       -1.83315220647349
H            1.40272580556112        1.84142400195890       -1.74124560784355
H            0.54030703465388        2.53673388175577        1.11432733313967
H           -0.17722700602676        3.14919311112301       -0.42060981968976
H            2.49763446927362        3.55590877446080        0.26765476609658
H            0.38592657754716        0.02975047847713        0.50743722786357
H           -2.46428783270401       -0.40050722241908       -1.65894351813302
H           -1.20334446704155       -0.53148965212801        1.82223291014973
H           -2.41959339413862       -3.31256661854228        1.88774641940149
H           -1.13059372328768       -2.61600195813142        2.89366818044191
H           -0.93014415473367       -3.50401584119787        0.23983850271238
H           -3.91982664597253       -1.75440397873322        2.05709827269661
H           -2.89336205451187        0.72229026768606        2.86753363088018
H           -4.76194861806518        0.62557497749207        1.25449510552586
H           -5.36071493291470       -1.35044035941278        0.20264739867550
H           -3.49202068050479        1.46431461415033       -0.71229021874326
H           -1.61110609937946        2.05176697783734        0.56989849698815
H            1.14803034724761       -0.45546585042185       -2.41743419482431
H            0.34051110776788       -2.28037570138494       -0.43845377796316
H            2.56688308310333       -1.36982001354326        0.14780886281738
H            2.66728850530377       -2.53158685224998       -1.95141826160396
48
 energy: -84.799966929312 xtb: 6.7.1 (edcfbbe)
C            5.43166059386137        1.20864285991965       -0.22299418836071
O            4.50779736933585        0.13933369987868       -0.17470913651082
C            3.32473407464511        0.37190181834004       -0.83891746529875
O            2.55119739844103        1.28039127678657       -0.07393603646188
C            1.28389620922449        1.56059863366556       -0.62646187093629
C            0.70955058721742        2.71508881939070        0.20411064507794
O            1.61249181297910        3.77949284549644        0.28061532790051
C            0.42008445249977        0.28562283557443       -0.62597184868815
O           -0.86247236854236        0.60811040398637       -1.13316635656424
C           -2.01294174555887       -0.12964788740718       -0.70769232229015
O           -1.74100977781890       -1.26842833429584        0.03110576685947
C           -1.88428841898210       -1.17958356319366        1.44364622623204
C           -1.44314137593948       -2.55468539132339        1.99658674753511
O           -0.44560827141360       -3.14897776275476        1.20685521488934
C           -3.32881854035103       -0.81567903084432        1.86007697853828
O           -3.33840593399035       -0.08952168675880        3.05550462926511
C           -4.03950993020131       -0.03185120740662        0.72935902671145
O           -4.65792225667977       -0.85607583083263       -0.22137212602018
C           -3.00196813554935        0.82424895722368       -0.00121299123375
O           -2.38454135602510        1.64787579702544        0.95652373013601
C            1.13931871072809       -0.77230648618859       -1.48108324171448
O            0.50291213380416       -2.02125282491489       -1.49137001810279
C            2.59175744060463       -0.96315862815112       -0.99833089423115
O            3.29427565718445       -1.74331061694537       -1.92561110741689
H            5.04404196336800        2.09258780989500        0.29106997804910
H            5.67131874333954        1.46839003671633       -1.25987558504359
H            6.32564438315826        0.85183839117847        0.28269994225969
H            3.50224802001922        0.80655489338056       -1.84497955508780
H            1.40231403765932        1.89892875323927       -1.66904902123408
H            0.46551910190269        2.34741847461175        1.21238738593955
H           -0.18171291738896        3.10956096375391       -0.28843851318904
H            2.46907306074750        3.40605891161459        0.52623385819223
H            0.36073071828948       -0.08636860574555        0.40500838007751
H           -2.48838294900109       -0.48631428917716       -1.63321894333148
H           -1.22288668552785       -0.39718685400089        1.84337081155146
H           -2.31368758356147       -3.21768612291293        2.06573082729148
H           -1.02422888651062       -2.42612973326104        2.99582590422918
H           -0.86230472320023       -3.43648830668423        0.38482144184736
H           -3.90001890771075       -1.72977141669866        2.06255834194516
H           -2.95650008192752        0.78141527243580        2.87292310832607
H           -4.77176235905269        0.63705612557567        1.20812011365812
H           -5.34598115911147       -1.37412801379758        0.21226020564403
H           -3.49420844383180        1.43059358896200       -0.77232437165886
H           -1.67899874980647        2.13059358163304        0.50952787429740
H            1.14777541419159       -0.43616072075027       -2.52495088110817
H            0.31627858977613       -2.27365607093328       -0.57350413794207
H            2.58149272874065       -1.45207956453585       -0.00959975901780
H            2.72518632668911       -2.49185883921475       -2.15467041326943
48
 energy: -84.803634884149 xtb: 6.7.1 (edcfbbe)
C            5.40378022312592        1.14384106026735       -0.23334832326453
O            4.50387274522888        0.05310067669279       -0.24610538226890
C            3.30178652127977        0.30666951400910       -0.86654615507940
O            2.53194484532255        1.15185614774407       -0.03216196408698
C            1.26930598452159        1.47897031099253       -0.56757744785109
C            0.67893885280968        2.55395453233849        0.35218631190152
O            1.59761858891221        3.58116125963514        0.58370124738832
C            0.41589358115550        0.20647910533809       -0.68129789494025
O           -0.85908814582527        0.53474043321955       -1.22354631086240
C           -2.02271908935585       -0.13987601276677       -0.73660167699083
O           -1.72683874971784       -1.23140206678474        0.06377352539060
C           -1.88108792924717       -1.06491506143797        1.46980429251534
C           -1.31260614116237       -2.34731234031879        2.08949790280485
O            0.04930027853522       -2.49673126757257        1.80436174203197
C           -3.35776854909907       -0.80691411127470        1.82639935513515
O           -3.47513667138806       -0.11228863831389        3.03395401015042
C           -4.05585250270476       -0.04211687053125        0.67082104199100
O           -4.64779443609627       -0.88593142182417       -0.28110818234439
C           -3.02360214165852        0.82662243154073       -0.06192659130190
O           -2.45269109313912        1.68725379784845        0.88908420677417
C            1.13119597262585       -0.85686278663413       -1.52368468667170
O            0.53457839853727       -2.12892082269342       -1.37255546858070
C            2.59670690032380       -1.03566106300068       -1.09013137510947
O            3.30883338648846       -1.73099307573454       -2.07525067659808
H            5.00836711155746        1.97923067122226        0.35084092962792
H            5.61739373058380        1.48354377030268       -1.25271505896210
H            6.31456233315059        0.77098271973358        0.22872476467867
H            3.44876340666019        0.80476201080699       -1.84843258963945
H            1.40115771093589        1.90525724517824       -1.57728279213306
H            0.37055464319961        2.09128122336946        1.30106562349925
H           -0.17646796569107        3.01977438313370       -0.14119535500161
H            2.43255587439771        3.16116746681529        0.82897187749078
H            0.31805861409829       -0.19958651345984        0.33279636497461
H           -2.52728918446359       -0.53703524335640       -1.63230072743770
H           -1.29026981786940       -0.20842762744496        1.82443057152481
H           -1.89105631903165       -3.20269913207740        1.71539616141630
H           -1.40638733058863       -2.29298249022049        3.17557839894389
H            0.16224012861271       -2.56422327073848        0.84412012641191
H           -3.87222200919010       -1.76332305567231        1.97798413321072
H           -3.08400968964614        0.76424974162276        2.91290491457968
H           -4.80612594386273        0.62241251980872        1.12688388735115
H           -5.32174825484719       -1.42165178166937        0.15306271927331
H           -3.52298462618898        1.39763411010155       -0.85458783191799
H           -1.85795429321855        2.29237035123698        0.43295456566474
H            1.10355572458179       -0.54904087822064       -2.58138223805938
H           -0.42594442431855       -2.03057910675666       -1.40613027241918
H            2.61319973365428       -1.57753998975264       -0.13315098427584
H            2.88347799022107       -2.59030386913603       -2.18679703108491
48
 energy: -84.801109935692 xtb: 6.7.1 (edcfbbe)
C            5.38113377254476        1.47273356516926       -0.55359976140524
O            4.65030996995430        0.26302264902314       -0.55974093502866
C            3.34331575518236        0.38529581736547       -0.97653976876612
O            2.61280904571656        1.03965759362520        0.04054186861653
C            1.24304555380283        1.27190443122178       -0.21614532222046
C            0.74030905550276        1.91126165292106        1.08811256174571
O            1.31910118823493        3.16936565820832        1.29048388170556
C            0.49190873261170       -0.02042563338622       -0.57674041585767
O           -0.73800683367479        0.29195437226250       -1.23229962558355
C           -1.96041878436202       -0.31361360778260       -0.80772396708621
O           -1.79404365635527       -1.32926283973603        0.11560636328870
C           -1.97435749755210       -0.93812668607111        1.47797837939176
C           -1.53665026198329       -2.13544319080686        2.32841204933174
O           -0.18387469159927       -2.44268747329256        2.13606924495162
C           -3.43230710999528       -0.51440786785380        1.74676673989265
O           -3.50499629107597        0.40210995011273        2.80042269732148
C           -4.06862329814877        0.06395134644408        0.45955034757222
O           -4.66295561126886       -0.91184600814481       -0.35546044172303
C           -2.99628902165298        0.75704290279209       -0.38837864769222
O           -2.44879699969319        1.81599733786153        0.35245778936603
C            1.28445924779783       -0.91579021596557       -1.54506517173323
O            0.77161049665987       -2.23129909313923       -1.53017686275593
C            2.77506843918741       -1.01692632160421       -1.20734157671288
O            3.46906685987108       -1.61302579279923       -2.26667875433910
H            4.96590278181536        2.18386710150596        0.16588875777405
H            5.38850455510728        1.92828381195099       -1.55024021796332
H            6.39451895483367        1.20597273893964       -0.26368329423624
H            3.27208558733362        0.96909143904823       -1.91885151338306
H            1.13343684309811        1.97953952610645       -1.05552718176727
H            0.99579064815182        1.22691235745545        1.91000335967677
H           -0.33609814398787        2.07128228699328        1.06948066271514
H            2.27628735389044        3.05079552332700        1.26652105859148
H            0.32850947514505       -0.59710895236820        0.33804085817643
H           -2.36937659322300       -0.80641837722616       -1.70656988145024
H           -1.32741919420116       -0.08109398750311        1.71228202026791
H           -2.17472712644552       -2.99433235281902        2.08241878414678
H           -1.65638346825616       -1.88419841954793        3.38367691512071
H           -0.05962876933573       -2.71742716484892        1.21832490055240
H           -4.01609565709006       -1.38583530167246        2.06720840725197
H           -3.07620352786204        1.22224666784322        2.51846965253641
H           -4.80699789349580        0.81978475989971        0.77044971078108
H           -5.36058845786287       -1.35380737319632        0.14237645070608
H           -3.46704164519982        1.13605284893768       -1.30429348954181
H           -1.86138016560128        2.30716824142341       -0.23606760603673
H            1.18995530854838       -0.48564569940012       -2.55602574336899
H           -0.18953954666631       -2.18570344761969       -1.60037860409752
H            2.90158520442978       -1.58905079194571       -0.27704693004386
H            3.07408338919990       -2.48182096860451       -2.41348607926590
