48
 energy: -84.818917099470 xtb: 6.7.1 (edcfbbe)
C            5.62027609077580        0.96521168701530        0.57212569116839
O            4.93278234265849       -0.10569552026625       -0.04393354541987
C            3.61523268376882        0.15899856452804       -0.34310961031526
O            2.89058894469179        0.22334213745692        0.87491531888510
C            1.50047284437443        0.40157686234636        0.74343004994367
C            0.90524632574029        0.44224853243511        2.16394783709623
O            0.57686767090628        1.74055097995832        2.59499186203549
C            0.87641756540655       -0.73201176281677       -0.08770768522119
O           -0.48457190705960       -0.43467846307076       -0.34436181014282
C           -1.45972236151906       -1.31702041109310        0.12425422181910
O           -2.03426466005105       -0.84295294890284        1.31202377685175
C           -2.62309469589965        0.44533752145521        1.15355515404202
C           -3.01374581591918        0.99019012833956        2.53988236171966
O           -2.35834075281889        2.18820759390277        2.84668637391383
C           -3.79094542309960        0.34573972970568        0.16451434174980
O           -4.48793528210251        1.55455212576417        0.00236754578156
C           -3.23777616961766       -0.14586500054279       -1.18525593083635
O           -4.26550670180178       -0.32875734686645       -2.12982329036432
C           -2.52039094378598       -1.48133850467920       -0.97793171624869
O           -1.87045142470072       -1.91768230662834       -2.14402597463819
C            1.58304106276558       -0.83608417687442       -1.44439454681978
O            1.14032285094974       -1.94961021382675       -2.17578087416067
C            3.09931427684962       -0.96174160627363       -1.25614027106239
O            3.75201964652259       -0.85154020822761       -2.48927545371223
H            5.18531684368963        1.20359658310348        1.54636858424140
H            5.59944669200187        1.85729175707860       -0.06406994056228
H            6.64598930112123        0.62729918485801        0.69780504286602
H            3.51011652110074        1.12721496894613       -0.87850766997876
H            1.28240064144393        1.35188271402614        0.22626004411212
H            1.62813400688661       -0.02873142109142        2.83987546624109
H           -0.02850905958085       -0.12152162983148        2.19287614622232
H            1.38303692570179        2.26575216370875        2.65037482944423
H            0.97978671944439       -1.68199151134099        0.45018559191416
H           -1.03046707656817       -2.29621464110787        0.37204901484477
H           -1.87008631344196        1.12498779554081        0.72198417277860
H           -2.80247279410147        0.20801132509008        3.27948973513456
H           -4.08162632502799        1.21967156828747        2.56178595498844
H           -1.39988631672927        2.03913548386791        2.87706879364153
H           -4.52552247384397       -0.38225765842794        0.53035458612670
H           -3.86457864018116        2.28993532713065        0.04172328681016
H           -2.50674160456691        0.58752512823361       -1.56611133259243
H           -4.92345291817237        0.36180781824481       -1.97388224068331
H           -3.25857435132792       -2.22763518858218       -0.64701024886661
H           -2.49604087078393       -1.80742387232379       -2.87234510692256
H            1.37589596071429        0.09130824840348       -2.00519489888840
H            0.16955338235598       -1.92573198969046       -2.21920020224532
H            3.32661132257854       -1.92408323508283       -0.77510589524999
H            3.35583226413053       -1.51081029951151       -3.07424454465626
48
 energy: -84.820185541811 xtb: 6.7.1 (edcfbbe)
C            5.62315593153374        0.85586879334486        0.68798121738900
O            4.92822105349952       -0.21592469065203        0.08129472168069
C            3.64435886715897        0.08685296709550       -0.31354984427411
O            2.85258534809822        0.24997742473159        0.85300257952039
C            1.47797132214961        0.46620311500007        0.63232646926045
C            0.82643867418824        0.68136207740049        2.01348091720792
O            0.18861137900855        1.93170246188229        2.14193785266036
C            0.88049197442146       -0.72316889022042       -0.13876715701760
O           -0.47587911267641       -0.49247689518172       -0.47316932156749
C           -1.43742760820164       -1.37924215016467        0.01353391073886
O           -1.94073085226594       -0.98259645423440        1.25914983175148
C           -2.49414030218838        0.32560896335112        1.21059411672867
C           -2.89090597549071        0.74748440948792        2.63040644021922
O           -2.91918400508755        2.14887413071834        2.74117645041517
C           -3.67496752219485        0.39341482821791        0.23570807162746
O           -4.17211305105513        1.70523593361103        0.11748431779712
C           -3.20716067561405       -0.06444915565274       -1.15288625266706
O           -4.27617083501608       -0.15743949223684       -2.06375638964453
C           -2.55462304620752       -1.44391060523845       -1.04005452363436
O           -1.97990546346099       -1.85706172261609       -2.25231719444317
C            1.63725882739346       -0.89995430964610       -1.46154332740317
O            1.18649709117942       -2.02833515422125       -2.16567846744138
C            3.13915858381468       -1.05762959035836       -1.20359809001816
O            3.85005105934107       -1.01127452812070       -2.40872517034375
H            5.13372633766452        1.16745129535966        1.61443246235805
H            5.68999686939033        1.71081952865770        0.00559289324862
H            6.61987800043857        0.47937271796373        0.90434746073110
H            3.61565803920158        1.02829084793602       -0.90365890466678
H            1.32958013077849        1.37055821884143        0.01570274028793
H            1.61159410978031        0.56140147731585        2.76867245258142
H            0.05315188160155       -0.06805828610767        2.18680397422414
H            0.85491313055780        2.62541230053862        2.07341600642284
H            0.98539451632240       -1.63235368311799        0.46598464695594
H           -1.01609670523128       -2.38112331496556        0.17262360710418
H           -1.72531899798094        1.02549855751084        0.84908358837591
H           -2.18277871119940        0.30249503302758        3.33780035015812
H           -3.89486832060239        0.39188965516687        2.87467059912130
H           -2.00950678777643        2.46516630740261        2.64595776688119
H           -4.47275088482043       -0.28756422522154        0.57995957530664
H           -4.09804328426346        2.13958682628672        0.98013274638323
H           -2.45646357383180        0.65174213843226       -1.52132557387431
H           -4.79540267920312        0.65061258579618       -1.97093185705666
H           -3.31427060603793       -2.16739592527337       -0.70648705338525
H           -2.62649713133523       -1.66777437090405       -2.94507676331229
H            1.47843862212600        0.00847843094140       -2.06718678788163
H            0.22218724856055       -1.96427412655354       -2.25879993288062
H            3.32020555820672       -2.00531145897861       -0.67619019684783
H            3.46567958631105       -1.68404597391560       -2.98607198826785
48
 energy: -84.819422909417 xtb: 6.7.1 (edcfbbe)
C            5.58285495354097        0.91554746988956        0.73306598022670
O            4.91956903609985       -0.19310116324188        0.15770529524663
C            3.64736975316703        0.07569814872326       -0.29549702296994
O            2.81903653217408        0.29856174804230        0.83427120994896
C            1.44664686214194        0.49687304806772        0.57855730924714
C            0.79354385410279        0.75869767623532        1.95141604823025
O            0.13284981721094        2.00124114569949        2.03399285583334
C            0.86820999524207       -0.72789872343781       -0.15115251420604
O           -0.46763638971805       -0.52508611922201       -0.58390830816682
C           -1.45067827514768       -1.38314824922840       -0.08554171003456
O           -1.88523873831431       -1.01478932173974        1.19310200792665
C           -2.44795669270337        0.29257612598375        1.20096517215504
C           -2.80110745221622        0.67461175721959        2.64374569901619
O           -2.84608599750247        2.07270872344995        2.78710375954782
C           -3.66421779266113        0.39094375908044        0.27318530217805
O           -4.17028425593634        1.70350443948283        0.22469839424320
C           -3.24489328345544       -0.01071133992915       -1.14733015091779
O           -4.34342266389934       -0.06308195306527       -2.02531576233607
C           -2.60118218175432       -1.39683311988442       -1.10168150970010
O           -2.07567435545102       -1.78359636996624       -2.34319137788333
C            1.67994284152196       -0.97191886009213       -1.43426514261583
O            1.24340219111649       -2.12718676878053       -2.10338392200664
C            3.17165565559244       -1.12270141337704       -1.12663357998171
O            3.91492826852750       -1.15113704874943       -2.31246997710579
H            5.05603761750734        1.27002557498208        1.62280149253768
H            5.66919881498603        1.73455963459443        0.01001531036841
H            6.57324751773372        0.56025867364958        1.00649274065347
H            3.63191262223219        0.98032697696181       -0.94099582077227
H            1.30160267657807        1.37573949237979       -0.07393312938752
H            1.58545181001250        0.68631593653371        2.70589762745460
H            0.04038914317140       -0.00133081160491        2.16044170323743
H            0.78443084213155        2.70404448023686        1.92749358946385
H            0.93750744772254       -1.60529260668586        0.50252254018614
H           -1.05621888191660       -2.40352890931541        0.03229346993937
H           -1.69749523079646        1.00724895942852        0.83039385791541
H           -2.06535515553568        0.22517391798098        3.31938815758652
H           -3.79126168386574        0.29837688942535        2.91198545695352
H           -1.94670424542927        2.40569602080084        2.65086534677648
H           -4.44667657472493       -0.30673567074714        0.61932928021415
H           -4.05281664553119        2.11013865711551        1.09707112403390
H           -2.50146221968639        0.71457475177873       -1.51284594542064
H           -4.85954070690816        0.73880141372598       -1.87707695131979
H           -3.35713196017334       -2.12182901206710       -0.76073693707104
H           -2.74115791790118       -1.56083869586510       -3.00746461444113
H            1.54636692656411       -0.09084870851711       -2.08501340860889
H            0.29057427096117       -2.03996846998104       -2.26037222947234
H            3.33511374582428       -2.03590997196542       -0.53667489165001
H            3.54235412040275       -1.85477609087212       -2.85983285936721
48
 energy: -84.817415560618 xtb: 6.7.1 (edcfbbe)
C            5.55276614662227        0.99367545293155        0.73255867040446
O            4.91382554164956       -0.16182151253318        0.22601738131751
C            3.65194562443927        0.05904278409641       -0.27818522871751
O            2.79180147847066        0.34893404042931        0.81131404244851
C            1.42206261490069        0.52927879600415        0.52298206205047
C            0.77017637288081        0.84893863591240        1.88467764183927
O            0.06162690194865        2.06744576292485        1.90675993105116
C            0.85615799553603       -0.72976169327392       -0.15896064301003
O           -0.45204406675896       -0.55742601529798       -0.68728626496518
C           -1.46432724121723       -1.38067314122518       -0.18271279875447
O           -1.83758447842130       -1.05047692436375        1.12282548599279
C           -2.41122513952217        0.25238321837167        1.19836803536232
C           -2.73578752095346        0.56842365728180        2.66379319144113
O           -2.81310357884267        1.95780988635239        2.86433698960035
C           -3.65160325889993        0.39001867060043        0.30743314170405
O           -4.16161288567867        1.70122665264759        0.33581953700146
C           -3.26395001501392        0.06142581940790       -1.13985434324507
O           -4.37877486309513        0.06515491970540       -1.99817683703219
C           -2.63862654375284       -1.33225069259536       -1.16814925977139
O           -2.15678092504634       -1.68257163857180       -2.43647835314792
C            1.72273924865123       -1.05638949478462       -1.39022937044686
O            1.29992248325852       -2.24493346177255       -2.00892445752856
C            3.20124940387979       -1.19930688100321       -1.02758900821429
O            3.97739516803105       -1.32584667625737       -2.18532677770313
H            5.00257304956826        1.40643394959919        1.58222482571867
H            5.64702780121961        1.75845737248902       -0.04675320756843
H            6.54038334280523        0.67120944514359        1.05274950244049
H            3.64494869279064        0.91532874840767       -0.98651994573087
H            1.28346046947449        1.37888445697499       -0.16818025025483
H            1.57374349827294        0.85374668307169        2.63029121278840
H            0.05480747740160        0.07056427937034        2.14935286939701
H            0.68210046231957        2.78859455766004        1.74919165527771
H            0.88169628417205       -1.56850428479769        0.54616771816420
H           -1.10453344257959       -2.42027777143045       -0.10776532520815
H           -1.67786387752652        0.98919788179051        0.83871172354727
H           -1.97367642261330        0.11166840067367        3.30494791172108
H           -3.70898570987989        0.15572500479270        2.94049291710276
H           -1.93293175822611        2.32473783186782        2.69110854813953
H           -4.42402213603832       -0.32669819354686        0.63686534395143
H           -4.03255760333703        2.06172581625027        1.22726489195264
H           -2.51860796417172        0.79575107366569       -1.48282947477318
H           -4.88626135539372        0.86038657367625       -1.79457575612767
H           -3.39695069996670       -2.05814397895047       -0.83217987802979
H           -2.83251688244586       -1.41459750586249       -3.07318443919771
H            1.62008876213671       -0.21448832253221       -2.09584733543364
H            0.36336098319575       -2.14352290976248       -2.23359310097960
H            3.33887855646662       -2.06436874829617       -0.36320967004785
H            3.59958802925854       -2.05411450296125       -2.69626053851534
48
 energy: -84.814152232670 xtb: 6.7.1 (edcfbbe)
C            5.52153721843121        1.09190683839206        0.69769725066277
O            4.90686806862527       -0.11217671364919        0.28276364260178
C            3.65374417251190        0.04652881214687       -0.26453374737462
O            2.76600128312390        0.40618370124317        0.78020288765700
C            1.39691625926858        0.55594758585514        0.46635994802398
C            0.75054627895999        0.93334222180370        1.81680478961488
O           -0.00601320942105        2.12212376114542        1.78453404374505
C            0.84345117421444       -0.73822430468150       -0.16184040456719
O           -0.43037171998315       -0.59753562154577       -0.78236514137289
C           -1.48228118797342       -1.37637006670066       -0.28047887846597
O           -1.80455814145271       -1.09169771412160        1.04678221042964
C           -2.38114545914745        0.20557573404859        1.19602832181672
C           -2.67837180076130        0.44825954601665        2.68108778266528
O           -2.78020613006961        1.82526382630884        2.94701244404098
C           -3.64010839448348        0.39033422366867        0.33991257496876
O           -4.14996650386329        1.69692499610133        0.45077738583220
C           -3.27545099456840        0.14551835825069       -1.12904066276934
O           -4.40024321709472        0.21255498422753       -1.97114012073434
C           -2.67164780613346       -1.25244031737321       -1.24010688203150
O           -2.22777438501828       -1.55133680586194       -2.53385531634565
C            1.76374807841693       -1.15326621006992       -1.32969346424111
O            1.35960451534890       -2.38097673907058       -1.88161544281450
C            3.22873468692358       -1.27364144638704       -0.91221077439598
O            4.03658145633087       -1.50426967886780       -2.03117893025038
H            4.94926584895714        1.57069549733316        1.49669434400432
H            5.62292964631898        1.78633514856890       -0.14410601674942
H            6.50608865104831        0.81243014094640        1.06434339072847
H            3.65059067485938        0.84225826020507       -1.04004345561014
H            1.25609882741834        1.37193042891436       -0.26359554635344
H            1.56625037088445        1.01497258584056        2.54470764396218
H            0.07568851959905        0.14226777068825        2.14189133916279
H            0.57999962224227        2.85702463933475        1.56927587056433
H            0.81818660038506       -1.53247980973437        0.59265922167777
H           -1.16938470534825       -2.43574232055643       -0.24981555800365
H           -1.66064123962852        0.96257637411084        0.85533941905005
H           -1.89444588417115       -0.02122879689784        3.28635656031623
H           -3.63670753639934        0.00290606432028        2.95912431284357
H           -1.92192902951056        2.22680573509653        2.74172563320787
H           -4.40639346720889       -0.34471239467998        0.64189779091508
H           -4.00994929796125        2.00538642944294        1.36046809778223
H           -2.52495630723761        0.88939935173417       -1.43898193392901
H           -4.89833782536748        0.99709190767204       -1.71050118677544
H           -3.43641826445565       -1.98063754019892       -0.92169125827573
H           -2.90682405506859       -1.22788411830429       -3.14065939570458
H            1.68973261028754       -0.36237238258428       -2.09522209625885
H            0.44436693037996       -2.28011676050671       -2.17812484175368
H            3.34231020792522       -2.07625589803328       -0.16964333016569
H            3.66488288521720       -2.26918326464159       -2.49051955035806
48
 energy: -84.809747990836 xtb: 6.7.1 (edcfbbe)
C            5.49190385364586        1.18105296829616        0.65040161795652
O            4.89824844607331       -0.06172988168937        0.32983623909640
C            3.65466306413120        0.03389603552977       -0.25283985952930
O            2.74296072022379        0.46547009602441        0.74171801584758
C            1.37488875015276        0.58448536877442        0.40558314645714
C            0.73602339967824        1.02973677305453        1.74002828429766
O           -0.08310681943871        2.17242375362521        1.64772258578155
C            0.83025325545147       -0.74399942319282       -0.16089859738032
O           -0.40471989526875       -0.64148378990733       -0.86610924046114
C           -1.50209591985783       -1.37005573014557       -0.37641752372031
O           -1.78719188489351       -1.14194138465773        0.96771017237521
C           -2.35765088439227        0.14853710527079        1.19398443379212
C           -2.62380478610858        0.31678033565045        2.69465200444521
O           -2.74199263159289        1.67841166295251        3.02749817343535
C           -3.63155180217453        0.38453771421950        0.37290160503806
O           -4.14120659666726        1.68072375265974        0.57085050942276
C           -3.28211692908831        0.23442803220784       -1.11194187522013
O           -4.41241606800093        0.36631059234972       -1.93858356927842
C           -2.69587051483371       -1.15976233340413       -1.31560655591035
O           -2.27624599270073       -1.38716286031386       -2.63068800959592
C            1.79838212374346       -1.25065620725412       -1.25560773939990
O            1.41112651892247       -2.51792335526028       -1.72472428326748
C            3.24998660014379       -1.33981476598388       -0.78878997163977
O            4.08569260881469       -1.67199720111421       -1.86041008926105
H            4.89912720513159        1.72014801699545        1.39414582983925
H            5.60254826884980        1.80153117287905       -0.24621403481944
H            6.47195375360984        0.94632592125628        1.05818626484479
H            3.65833322970265        0.76109355201780       -1.09271424327832
H            1.23375616863731        1.36166760562314       -0.36547607254093
H            1.56365484611442        1.20682070941062        2.43697739428381
H            0.11560753153802        0.22940953460611        2.14178128702354
H            0.45431342934045        2.91897740038626        1.35879947050467
H            0.75282550636701       -1.48712106454918        0.64044926286147
H           -1.24409639905937       -2.44685097757948       -0.39516212326088
H           -1.64540444081648        0.92090465502405        0.87494504180723
H           -1.81915896826455       -0.16739727946544        3.26062220383496
H           -3.56829167727703       -0.15675984932892        2.97342789494511
H           -1.90921399347446        2.11476749714940        2.79009152742274
H           -4.39332631461940       -0.36888390345127        0.63813396474412
H           -3.98769260111493        1.93421346048826        1.49564510788188
H           -2.52745034894387        0.99070013929466       -1.37946425930104
H           -4.90407982546913        1.13327846162243       -1.61961954524785
H           -3.46967418489633       -1.89391347909093       -1.03204743629401
H           -2.95415893903985       -1.00836696763849       -3.20597212985337
H            1.75159008549201       -0.52197571210755       -2.08235137287922
H            0.52056513240192       -2.43214804911288       -2.08969123990045
H            3.34021704064862       -2.07147242845210        0.02656623275730
H            3.72389490990248       -2.47521965909057       -2.25784552119875
48
 energy: -84.804454550895 xtb: 6.7.1 (edcfbbe)
C            5.47676988118698        1.24963893857842        0.58684423471434
O            4.88919195789209       -0.02005211916233        0.38254103101314
C            3.65779714863868        0.01388198354949       -0.23150170971469
O            2.72319003503111        0.52324476711596        0.70271529195529
C            1.36031891277022        0.61978441667577        0.33506166157137
C            0.72274251101172        1.16138687320683        1.63451788748889
O           -0.18502658659638        2.22325820892765        1.45813035573813
C            0.81875201380260       -0.74222324970881       -0.15700694380207
O           -0.37457603173609       -0.68562359236193       -0.93714294724570
C           -1.52189042933834       -1.35936270141634       -0.47212291628875
O           -1.78769306029359       -1.20468326291400        0.88336661594454
C           -2.34221345660656        0.07547885675870        1.19605597191413
C           -2.57215145689913        0.15853165840884        2.70852765248468
O           -2.72025375868030        1.49750947514844        3.11605754958721
C           -3.62787671282769        0.36563442000428        0.41097466441578
O           -4.14792253274074        1.63863040145754        0.70618287037278
C           -3.28091125661594        0.33325251137142       -1.08157950680511
O           -4.41004607548395        0.53874858582563       -1.89435850772325
C           -2.70623082156341       -1.04472019259753       -1.39624752296268
O           -2.28870026903284       -1.16968378476009       -2.72470802001823
C            1.82852158630108       -1.34627493937006       -1.16364455449174
O            1.45151174505643       -2.64878161785392       -1.53595730814733
C            3.26420689682274       -1.40269561722246       -0.64701464099856
O            4.12604827214550       -1.83946662759520       -1.65860251877535
H            4.87211230432019        1.85936573613090        1.26359374552519
H            5.60126140822765        1.77765110109032       -0.36542488414130
H            6.45052497125819        1.05915262674822        1.03122094774985
H            3.67512199828778        0.66341820210204       -1.13246576574963
H            1.23430039709589        1.34618894911516       -0.48681812921675
H            1.55503843215845        1.47433955020392        2.27623455344180
H            0.18246653666830        0.36399275896806        2.14465909646037
H            0.27935549842046        2.97165417822644        1.06571597594864
H            0.68755395810143       -1.42286727028728        0.69162896324346
H           -1.32699166891435       -2.44861406171148       -0.55287312700454
H           -1.63368825482238        0.85958403229659        0.90458306023732
H           -1.73759160693541       -0.32959590612274        3.22670844859593
H           -3.49421003301408       -0.35667494131359        2.98803528617870
H           -1.92606038724131        1.98376950633705        2.84784337420505
H           -4.38159631578884       -0.41217719538276        0.62270966860726
H           -3.99199962288025        1.82541803329385        1.64642113979753
H           -2.52234190360767        1.10493666776034       -1.28795238739342
H           -4.90188883410283        1.27389332300637       -1.50781105261785
H           -3.49296099603586       -1.78764925107657       -1.17577958770280
H           -2.96288154273404       -0.73929845830421       -3.26736476782764
H            1.81471314809745       -0.69211161956338       -2.05161405262689
H            0.58305172994334       -2.58967868264789       -1.95361208983256
H            3.32524426829216       -2.05484371869018        0.23576693828966
H            3.75790603848231       -2.66527094209108       -2.00101106002165
48
 energy: -84.800988561792 xtb: 6.7.1 (edcfbbe)
C            5.47524537578581        1.02435812678693        1.02410859727571
O            4.78651254609274       -0.19127760272606        0.80261769846291
C            3.71870170844025       -0.09041603962036       -0.05977184820324
O            2.68851206776834        0.63054571513678        0.59619122073559
C            1.47981549452279        0.77118279179388       -0.11656067424894
C            0.66488112785487        1.76100191632648        0.71744391860035
O           -0.49090315862552        2.23228901679999        0.08087989760753
C            0.87844158568487       -0.62798891888752       -0.36095336928977
O           -0.31830351557728       -0.65448352669640       -1.12185053891119
C           -1.48148027555503       -1.22740868855432       -0.55447776613620
O           -1.63084331449068       -1.11247382991451        0.82296282034655
C           -2.29936125266174        0.03339342098337        1.34950160920104
C           -2.55074176997824       -0.26583641388874        2.83463121136559
O           -3.05667295547608        0.85635520443439        3.51940142234494
C           -3.60689085541006        0.34163841432180        0.60739011830470
O           -4.21177810735689        1.52274303084420        1.07011740819783
C           -3.26332578860506        0.53189714097609       -0.87157107235437
O           -4.39707230054698        0.85435860336628       -1.64136788203682
C           -2.70141871742584       -0.79116030473434       -1.38565535761483
O           -2.34552591997336       -0.73455390740814       -2.73576014872175
C            1.91982496830667       -1.42762896880814       -1.16757566791387
O            1.49031844956441       -2.74347218828772       -1.41431919830948
C            3.26151870533869       -1.50384727093505       -0.43522442945998
O            4.23721476369109       -2.07514409180772       -1.26103189944901
H            4.82264777378643        1.76527413896796        1.49286309829220
H            5.86489613559607        1.42580465016156        0.08183511222221
H            6.30020410162318        0.78223244806955        1.68963786834716
H            4.00140184534084        0.44751976596275       -0.99028180622377
H            1.67729688545913        1.22422073976585       -1.10723551038076
H            1.33851135089024        2.59239171660401        0.96969810052333
H            0.35882771259096        1.28170332310276        1.64920008690805
H           -0.25528445023811        2.55431722069560       -0.79758327813174
H            0.71178956743019       -1.11432175468152        0.60887166839200
H           -1.38070335820998       -2.32610652431794       -0.68021940668813
H           -1.67550691423386        0.92852313479588        1.25547449944463
H           -1.61957637009496       -0.62687696678478        3.28616850345099
H           -3.30617119989234       -1.04834030293718        2.93298975982803
H           -2.38345924704949        1.54727797945236        3.53164199922205
H           -4.30395714771596       -0.50811145095262        0.71051675242091
H           -4.22805140610812        1.48871254587659        2.03971438941458
H           -2.50683512771801        1.32516923705591       -0.95980036880797
H           -4.88708567100671        1.52111493083332       -1.14413860869500
H           -3.48573146804987       -1.55572516535179       -1.23840666476603
H           -3.03543363947245       -0.22028258511591       -3.17701228362752
H            2.07428474813899       -0.90562574208506       -2.12708921160032
H            0.64281605934950       -2.68507181725554       -1.87252822376034
H            3.14072221131040       -2.08353816308626        0.49103916951361
H            3.88772681249189       -2.92433693424488       -1.56099875618970
48
 energy: -84.798468865656 xtb: 6.7.1 (edcfbbe)
C            5.39454503932036        1.07385523861199        1.11340294250932
O            4.69960398093416       -0.14829365101616        0.95514420637650
C            3.68565870744811       -0.10718825135518        0.02550856372593
O            2.63378420245192        0.68376124528535        0.55362547790168
C            1.47856481328794        0.77830574778510       -0.24835732294322
C            0.63628267427121        1.86562826856001        0.41806292436159
O           -0.54502090857462        2.17134496946703       -0.26772316315428
C            0.85864423387980       -0.62691651201381       -0.40123661237146
O           -0.29831537594690       -0.68796671550623       -1.21870950932783
C           -1.51468339985569       -1.18736729945618       -0.68424815810570
O           -1.64067391510679       -1.16434964273198        0.69889179267849
C           -2.23762941924942       -0.03060278559496        1.32138767882443
C           -2.41291811177572       -0.40961247189495        2.79974975420496
O           -2.87120096784668        0.67267320127368        3.57546309948131
C           -3.57560441336611        0.33241371839553        0.66482198491661
O           -4.16802612263577        1.46792409768303        1.24277778933067
C           -3.29110738973932        0.64751056278913       -0.80501364088173
O           -4.46452919579261        0.98946618841625       -1.50721490600101
C           -2.71060909776913       -0.60229921747039       -1.46649163345135
O           -2.32365319401059       -0.36128937209834       -2.78829100815788
C            1.92553020768703       -1.51515132466080       -1.06782079312086
O            1.48691480113262       -2.84358780273623       -1.20899130103355
C            3.22124904926065       -1.54121213676966       -0.25166859050489
O            4.23260320833757       -2.19923947842167       -0.96127432139317
H            4.72750337909358        1.85991906170034        1.47636904443771
H            5.84596985015763        1.38800139860105        0.16563546509032
H            6.17420104530651        0.88028341782772        1.84596982928272
H            4.03222490063441        0.34235427444837       -0.92984982244481
H            1.75283534816856        1.12487479758640       -1.26381204279958
H            1.27656121655741        2.75520409868724        0.50878940265862
H            0.36526368412699        1.54663197986437        1.42679142097070
H           -0.34902338464647        2.23852581715427       -1.21011789598696
H            0.62923161287506       -1.02369868228630        0.59632797630499
H           -1.50748270822683       -2.27712621006772       -0.89654265801518
H           -1.59091380190489        0.85037678194519        1.23871067605119
H           -1.46319452134993       -0.80348583780949        3.17922643588378
H           -3.16978902757756       -1.19172867292139        2.89063034734633
H           -2.18745899223051        1.35262146625532        3.60625702165182
H           -4.26094881730206       -0.53070850851137        0.72760690406386
H           -4.13139882118591        1.36739412247805        2.20715832308110
H           -2.57170172823528        1.47588418829817       -0.84961642986592
H           -4.94728032985757        1.61193728270062       -0.94934234964049
H           -3.50867023800977       -1.36650943710156       -1.44382755802657
H           -3.03584165733694        0.15575199537073       -3.18857991999097
H            2.14551489894307       -1.09199842032517       -2.06259210396671
H            0.65472521868784       -2.81985072665225       -1.69635172192148
H            3.03307447463146       -2.03313084508613        0.71357717516857
H            3.88718705784063       -3.06933384799869       -1.20072982064142
48
 energy: -84.800372150847 xtb: 6.7.1 (edcfbbe)
C            4.95927948287476        1.09816850123321        1.67123627740568
O            4.26724926755073       -0.10646427506323        1.39934671994822
C            3.49270451853499       -0.06754144577252        0.26047935616666
O            2.38219353137106        0.78251131116660        0.50521783112640
C            1.45133333518460        0.78096773663341       -0.54971674129613
C            0.48018373058817        1.94927515480862       -0.39897740179815
O           -0.24644917183603        2.17508714487674       -1.57247140810308
C            0.81863310427819       -0.62561676908322       -0.60044641413398
O           -0.32957724337423       -0.69874416155216       -1.42604122881023
C           -1.57490894089835       -1.13964185115815       -0.89359895274067
O           -1.63964458196615       -1.29054450744717        0.48455295583132
C           -2.05001557527404       -0.21822625403502        1.31899883523990
C           -2.24628693035424       -0.83412961859881        2.71557604500157
O           -2.54141853009249        0.14023267629016        3.68685557767345
C           -3.33943466007944        0.43910238270664        0.81291369082936
O           -3.69456664740959        1.56086627976564        1.58017331246189
C           -3.11421800457158        0.90975850985106       -0.62533203928380
O           -4.29323291980168        1.43969891573837       -1.18582571454109
C           -2.70993450638935       -0.27948998800274       -1.50350551016171
O           -2.30216757286606        0.15019205820510       -2.77182741240577
C            1.91919468527603       -1.58078339774308       -1.07068670352435
O            1.49001359148644       -2.91966279924719       -1.12491329619724
C            3.08666473696942       -1.51487907710116       -0.07226945578846
O            4.21950451241766       -2.14805109462286       -0.59888192301935
H            4.26055561817616        1.92392227936747        1.82559569113811
H            5.64020870384134        1.34603935886923        0.84974590032420
H            5.52821577775783        0.91608896884763        2.57971705635411
H            4.06447858594470        0.33384106397274       -0.60290322358056
H            1.98200906755247        0.94541183460097       -1.50580866768691
H            1.05964358324806        2.85562308081609       -0.20174065674386
H           -0.18160449639899        1.78494817321261        0.46289769883149
H           -0.54109157796269        1.32376397097029       -1.93994423559110
H            0.54329206276422       -0.91291699504977        0.42358820638005
H           -1.70803816399827       -2.17122061663015       -1.26688254756906
H           -1.26905888715951        0.55626083037937        1.38070658924206
H           -1.35150813333106       -1.40974475637130        2.97593047485882
H           -3.09968474037830       -1.51551613268978        2.69337119453638
H           -1.75020911249003        0.66149838299683        3.86826138829868
H           -4.15072602790795       -0.30869468353878        0.81988628432209
H           -3.68869919642340        1.29923239480367        2.51470521245769
H           -2.32985576156788        1.67919631799813       -0.63244524237121
H           -4.64211908014557        2.08272526259054       -0.55637417933317
H           -3.60109453576656       -0.92461169400644       -1.58686178753764
H           -2.95552329300928        0.79652581357902       -3.07213289386601
H            2.27349305565639       -1.26222426317030       -2.06442913178349
H            0.69672558010145       -2.94929901264857       -1.67235997217905
H            2.76937580553662       -1.99802619699112        0.86355059524169
H            3.96611395007236       -3.05491313735957       -0.81344693557967
48
 energy: -84.800850729604 xtb: 6.7.1 (edcfbbe)
C            4.92888869781914        1.18121006892410        1.61249631534059
O            4.22885401014852       -0.03296063113712        1.41319246015294
C            3.46564397065997       -0.06473995115236        0.26610028858916
O            2.36367800109814        0.81202516753098        0.44090078257598
C            1.43703936574544        0.75865020443034       -0.61825189219336
C            0.48170286186904        1.94736674544581       -0.51584190005461
O           -0.20662820560257        2.17825332395292       -1.70875924294001
C            0.78282143786340       -0.63698902642601       -0.58482359366964
O           -0.32781834732899       -0.76588332438813       -1.45426312285131
C           -1.61155012886862       -1.13080868265361       -0.95736667718843
O           -1.69565905601650       -1.35202843415626        0.41011227462660
C           -2.02803265854727       -0.28441673258853        1.28604419402216
C           -2.21288351340393       -0.92847320915172        2.67104220935038
O           -2.42893490079656        0.03080363048508        3.67717129109532
C           -3.29912416875334        0.44237265229444        0.83055376631890
O           -3.60425575877126        1.54040785951927        1.65128738054255
C           -3.07464094848878        0.97276891697901       -0.58736830462005
O           -4.24711071102082        1.54824029976963       -1.11525333209280
C           -2.69519292423044       -0.17771974669500       -1.52592411310483
O           -2.24283554040363        0.30875426032702       -2.75925116985169
C            1.87706560866321       -1.64321468327601       -0.96075669463081
O            1.42137883675071       -2.97359486307002       -0.91463595014602
C            3.04071802942384       -1.52539490715583        0.03558545706654
O            4.16505413459443       -2.21199187348722       -0.44077235019027
H            4.23608239615207        2.02088263974721        1.70693001712046
H            5.61913216348847        1.37000398443443        0.78316298881806
H            5.48824627766414        1.05348558545638        2.53607230647385
H            4.05006410440268        0.26709575679140       -0.61769038554299
H            1.96760607349434        0.86341832569685       -1.58139568397962
H            1.07469359669111        2.84380592299435       -0.31435150097713
H           -0.20438590702272        1.80591282685778        0.33215537240359
H           -0.56961307809022        1.34288216537983       -2.05304538387743
H            0.47545600487170       -0.85419892457485        0.44539510028915
H           -1.80695860320829       -2.12696271389442       -1.39273617370631
H           -1.21178681792932        0.45390379066016        1.34357205899322
H           -1.34083035156469       -1.55507594109058        2.88705024341451
H           -3.09954162277384       -1.56600100525375        2.65757599627280
H           -1.60897638245322        0.51073765504067        3.84434852366021
H           -4.13612224152507       -0.27633217779219        0.81439398474401
H           -3.57712828170725        1.24379352605517        2.57506179313798
H           -2.27906072781352        1.72970501938468       -0.56248977229742
H           -4.58232919117406        2.16796551379132       -0.45574596210326
H           -3.61085245869907       -0.77654570242220       -1.66573801030118
H           -2.87301500492121        0.98378868896378       -3.04534251600539
H            2.24330619375391       -1.40865173916272       -1.97367555232564
H            0.61535562348808       -3.02239968891045       -1.44216852473479
H            2.71402994221527       -1.93616573971734        1.00232330715681
H            3.89844818961811       -3.12768914657787       -0.59139707522452
48
 energy: -84.800667756942 xtb: 6.7.1 (edcfbbe)
C            4.94798231099275        1.28015129061348        1.50304538032085
O            4.23397961893682        0.06204875320128        1.40127350399552
C            3.46254468226674       -0.04756391841830        0.26447825828218
O            2.37484116630488        0.85452613811594        0.37944826316174
C            1.44088968375757        0.76170835825030       -0.67159055047120
C            0.50558118470520        1.96968263233754       -0.58285906075309
O           -0.15860508121142        2.23100511104186       -1.78090509882446
C            0.76413154333500       -0.61848920053851       -0.56715658029215
O           -0.30873372100434       -0.81130374542039       -1.47364726029079
C           -1.62158506932390       -1.11342753418078       -1.01794591593980
O           -1.73428571903611       -1.41050275375128        0.33420184315013
C           -2.03829282525410       -0.37343555466869        1.25796471206124
C           -2.24747619573708       -1.07620431219866        2.61055443320348
O           -2.43554453234102       -0.16104330431521        3.66204125296909
C           -3.28507027651699        0.41245496829264        0.83370503653612
O           -3.56595699700885        1.47251120438799        1.71101184597501
C           -3.03261533541702        1.01450310208471       -0.55096302246593
O           -4.18611218596389        1.64149414470109       -1.06044307354085
C           -2.66548316662909       -0.09271568398316       -1.54393599972028
O           -2.18291947943058        0.44179854720613       -2.74585983420905
C            1.85102602908962       -1.66640395109594       -0.85035095357328
O            1.36657696357837       -2.98156000594907       -0.72426298041674
C            3.00365313564083       -1.50978451602861        0.15137930756857
O            4.10956607113382       -2.26852678735124       -0.25149078421635
H            4.26454042968044        2.13202315681220        1.53799018139194
H            5.63377024509577        1.39795632847583        0.65710365795937
H            5.51290691365516        1.21708454326027        2.42991829578669
H            4.04557216484882        0.20498419722974       -0.64597325664740
H            1.95927720745506        0.82028301809731       -1.64404952815137
H            1.11637613584104        2.85009501830188       -0.36443176970895
H           -0.19303018261072        1.83331659692889        0.25708396707350
H           -0.57870053791784        1.41995510823810       -2.12077248268575
H            0.42637310756182       -0.77084999155011        0.46326663619739
H           -1.85524847906166       -2.07101108290917       -1.51702011359828
H           -1.20433643139826        0.34207885986080        1.35137007497564
H           -1.39691093348424       -1.74084823185304        2.79618099734292
H           -3.15407643027994       -1.68344116613858        2.56445528028657
H           -1.60123531798968        0.28344386533972        3.85452691713713
H           -4.14188268516356       -0.27970729299763        0.77141401823408
H           -3.54648063858420        1.12791860204670        2.61827786915804
H           -2.22320683075224        1.75263374119181       -0.47442367135327
H           -4.51609955256268        2.23422213465401       -0.37400074847019
H           -3.59537879117916       -0.65627447123989       -1.72780222442635
H           -2.79995207591625        1.13484951701772       -3.01772423511405
H            2.23588071347412       -1.50697178300959       -1.87088132075573
H            0.55422496461675       -3.04223960817702       -1.24071374727744
H            2.65187692892584       -1.82993194240599        1.14345845076288
H            3.80764626221954       -3.18049660877961       -0.35146275254712
48
 energy: -84.799934106981 xtb: 6.7.1 (edcfbbe)
C            5.03877003333420        1.37709814688798        1.29979236539720
O            4.29350133772200        0.17450216507972        1.33667290465023
C            3.48553168649691       -0.02248398378335        0.23770664922686
O            2.42091951853682        0.90992201858073        0.29991157470607
C            1.46320655641858        0.77880345337270       -0.72669777019175
C            0.55972940115836        2.01453796796775       -0.65084353016690
O           -0.07744870104586        2.30985877153898       -1.85330892707144
C            0.75792031983270       -0.57730716542390       -0.53769928230262
O           -0.27996684765486       -0.84258765016854       -1.47056488992390
C           -1.61667456733879       -1.08625236101591       -1.06498206818443
O           -1.76923764448443       -1.46399854800533        0.26654727731112
C           -2.08427126241401       -0.48091032369073        1.24457362707324
C           -2.35305244161147       -1.26696864134216        2.53967528141213
O           -2.56197621502249       -0.42079650214992        3.64349591708194
C           -3.29780114862132        0.36347289266467        0.83572184784240
O           -3.57962519597827        1.37003422597609        1.77326161096331
C           -2.98300444945917        1.04871948347020       -0.49649752765111
O           -4.09685633653692        1.74816773451955       -0.99770191094273
C           -2.62524985091074       -0.00850765630443       -1.54396974488003
O           -2.12285779483114        0.57480179794335       -2.71453867317695
C            1.82094702696409       -1.67565274779214       -0.70778248302349
O            1.29220710840528       -2.95684555027201       -0.46309066431032
C            2.97901123839433       -1.47057472666713        0.27682264685556
O            4.05050113505652       -2.31092600018582       -0.04682868351411
H            4.37721030138320        2.24630139237099        1.27088738698403
H            5.70113907545813        1.39452056126294        0.42761202589928
H            5.63000870490365        1.38893469831954        2.21214925346570
H            4.04597056994574        0.12826219363615       -0.70870715201825
H            1.95686092564827        0.78164344887588       -1.71285307917920
H            1.19581882842960        2.87246420595396       -0.41627646029419
H           -0.15208415252146        1.89142792556879        0.18059384501292
H           -0.56606358309771        1.53166891555383       -2.17982499260594
H            0.38644900792889       -0.64180331664996        0.48874339343583
H           -1.87394344590778       -1.99912764980728       -1.63181396600889
H           -1.24250170773499        0.21188551984117        1.41373208571737
H           -1.52136870066504       -1.95956538459154        2.70770015133599
H           -3.26803488949350       -1.85133688351741        2.42142565868191
H           -1.72693227741637       -0.00909485514199        3.89617795799709
H           -4.16935943446148       -0.29890948135192        0.70023897342432
H           -3.60346979055564        0.96465043803049        2.65499318833253
H           -2.15122391187421        1.74954642516530       -0.34506134313427
H           -4.43083393344943        2.30500187092908       -0.28359902054088
H           -3.56574956403142       -0.54044400629809       -1.76561544157075
H           -2.73138513233209        1.28452595339930       -2.96289451292549
H            2.21112919989717       -1.62288077288683       -1.73743371300927
H            0.46120825181184       -3.02687592970269       -0.94811039785641
H            2.61738359011276       -1.67407153863649        1.29587490048395
H            3.70554715372817       -3.21283507240701       -0.07413105873365
48
 energy: -84.799212950779 xtb: 6.7.1 (edcfbbe)
C            5.12379036899055        1.45815221137419        1.10696615724236
O            4.34291366616539        0.28955719928655        1.27327503722561
C            3.50630037548206        0.01267446406536        0.21363330965094
O            2.46876583223593        0.97597168910543        0.20528266144217
C            1.49839812220535        0.80142574149828       -0.80447575143956
C            0.64684755978548        2.07803861851902       -0.79736760872282
O            0.04666834856775        2.35836300564586       -2.02043286013008
C            0.75485208903476       -0.51693053344119       -0.51604582604628
O           -0.25515581159726       -0.86393212011574       -1.45780220742241
C           -1.60868557287657       -1.05754388076133       -1.10483237359053
O           -1.80531059762401       -1.52230711439366        0.19906521595010
C           -2.14113000402662       -0.61293872259987        1.23885977823831
C           -2.50531778843152       -1.49373445179012        2.44725379953382
O           -2.74990169332445       -0.73366445754086        3.60536169405651
C           -3.30079237658085        0.31417219082644        0.85185842527878
O           -3.57166388423190        1.26131119182127        1.85205780373256
C           -2.90599437205865        1.07728136145787       -0.41465497272372
O           -3.95757961297735        1.88083528688452       -0.89100559709820
C           -2.58743198750831        0.07024291577586       -1.52033624254361
O           -2.09160533399107        0.69435073975918       -2.67159690890906
C            1.78098389521140       -1.66293980251255       -0.54869932564366
O            1.19813688174416       -2.88522030985299       -0.16298347586241
C            2.95274496301289       -1.40436009207591        0.40502091289266
O            3.98848808353772       -2.31430616493299        0.16263572213105
H            4.48913311513485        2.34233438415194        1.00950282590192
H            5.76593924958339        1.37161535018460        0.22369162661381
H            5.73638220704788        1.53601865533174        2.00191853485118
H            4.05033905425965        0.05330487815811       -0.75330271650829
H            1.98288583508878        0.72071646378141       -1.79170316909143
H            1.32100048571994        2.91211127664743       -0.58389211332705
H           -0.08175516969537        2.02184009386205        0.02612968195867
H           -0.52268289683005        1.61542423741453       -2.29457645670869
H            0.34888466628050       -0.46682544870377        0.49767764950030
H           -1.87755044773260       -1.91904734295044       -1.74165691400619
H           -1.28763316095290        0.03048118575198        1.51261411782847
H           -1.70503737274158       -2.22543673833507        2.59999451892658
H           -3.42959814011028       -2.03412617488512        2.23206685842550
H           -1.91723725841599       -0.37888949428639        3.93910339189214
H           -4.19583132736157       -0.29389970688312        0.63812594496419
H           -3.66442074337801        0.79059574922138        2.69604292761465
H           -2.03455623304806        1.70718724829952       -0.18859821508976
H           -4.28738302013355        2.39557154577566       -0.14415492302856
H           -3.54373308819476       -0.42863041848382       -1.75332575555691
H           -2.68763065300993        1.42921475518493       -2.87494620641645
H            2.16863988432533       -1.74141469240940       -1.57785125398471
H            0.34220038777783       -2.95415922610822       -0.60372757778098
H            2.59353681080886       -1.48843001304239        1.44172156328389
H            3.60778465945231       -3.20006009701036        0.22159153633080
48
 energy: -84.800277004611 xtb: 6.7.1 (edcfbbe)
C            5.09615153236060        1.54782903458876        1.02431834548483
O            4.25321361280535        0.44838240672147        1.31364487459308
C            3.44663153364893        0.06493850742292        0.26415616423085
O            2.45261015392899        1.05586220652751        0.08001528588284
C            1.54322771484601        0.78709471172211       -0.96595276045697
C            0.78099642486699        2.09397086831378       -1.22843187269357
O            0.33950461266567        2.21654492987994       -2.54209601951498
C            0.73005044974047       -0.45759810720502       -0.55472519132888
O           -0.25716570637376       -0.87595907626239       -1.49417245075781
C           -1.62112060197224       -1.00623928555766       -1.18633083301770
O           -1.85429186076774       -1.58048820583862        0.07804225072706
C           -2.16327499889745       -0.78797651233298        1.21404935223921
C           -2.65729469257157       -1.77957171942565        2.28313935951135
O           -2.89025585935897       -1.14795985427566        3.51866630942332
C           -3.21946963326164        0.28488434161470        0.92239066131260
O           -3.40881241670883        1.14306749669115        2.01692761184310
C           -2.73031129057995        1.12658386905724       -0.25682576999070
O           -3.66549069074574        2.10738939210345       -0.62950683461622
C           -2.54417522714131        0.20435207386632       -1.46239492955079
O           -2.08569742065269        0.89085570158216       -2.59128842530979
C            1.68485702121218       -1.64127717469839       -0.35064524296349
O            1.00931937432706       -2.75192957966391        0.19411909400243
C            2.82383065277607       -1.29173337075482        0.61606993560719
O            3.82992856712814       -2.26311784307632        0.55654881829051
H            4.50974376158843        2.43696921962899        0.78005625856104
H            5.76528086356307        1.31243310163250        0.18943698206031
H            5.67861927809487        1.72164594797227        1.92583873255879
H            4.02923934914090       -0.04558869147737       -0.67456007351392
H            2.09596578946594        0.54435265126953       -1.89026432666072
H            1.49283644625939        2.90707135725847       -1.06051000803080
H           -0.03380887229679        2.20897482983972       -0.50177171157322
H           -0.35531366567038        1.55551458285613       -2.70915576387000
H            0.27202440803136       -0.22766562062248        0.41282387277999
H           -1.92527549373253       -1.78568009884460       -1.90374550566506
H           -1.27055579139596       -0.27182720508885        1.60618663110304
H           -1.92844820620029       -2.59186084323850        2.36986982594786
H           -3.61268012623037       -2.20402811505540        1.96749178698248
H           -2.04586833893253       -0.93187086498543        3.93193612798644
H           -4.16853530333303       -0.20284051588230        0.64313177258061
H           -3.57791021528912        0.59472242697379        2.80005195560120
H           -1.78119204534615        1.60577886942626        0.02764070030527
H           -3.95526331131271        2.55005055498053        0.17790074182396
H           -3.54118373608588       -0.22102434404215       -1.67334123397596
H           -2.61396459872965        1.69904935430255       -2.66403342057986
H            2.11447285384517       -1.90749240046556       -1.33022562026298
H            0.13456207924498       -2.79991653497941       -0.21465040314671
H            2.41358342919419       -1.21677468658116        1.63463626550224
H            3.41070819730360       -3.11790235356555        0.71902195766598
48
 energy: -84.802847345665 xtb: 6.7.1 (edcfbbe)
C            5.06658262330545        1.64613208986898        0.91950801829814
O            4.18678145749323        0.60885505166442        1.31113353024733
C            3.38708937883441        0.13666340866936        0.29338186628419
O            2.42510818551109        1.12667076012595       -0.01906981650618
C            1.54852773486274        0.76871366133068       -1.06598102084720
C            0.83398311591553        2.05293600985641       -1.51587605621719
O            0.50784154054762        2.03935564232594       -2.87042131089444
C            0.69168044104580       -0.41030469674867       -0.55937798169181
O           -0.26431771346236       -0.89187453279566       -1.50211580931950
C           -1.63799023062956       -0.96911274438196       -1.25223464785055
O           -1.93995726644908       -1.64638562451503       -0.04781961637666
C           -2.18056744366857       -0.95194611997014        1.16576586777153
C           -2.79306287555514       -1.99099104955493        2.12321897734406
O           -2.96227900975891       -1.46971993165134        3.41935636428875
C           -3.11724752030591        0.25027320043260        0.99273349822459
O           -3.20225431506238        1.01793224066991        2.16482295964544
C           -2.56326570047892        1.14147548074119       -0.11933885340190
O           -3.40249656188052        2.23790357179156       -0.38320957225163
C           -2.49018147461787        0.31039898365527       -1.40245569469138
O           -2.03409805300109        1.05220726201039       -2.49558801252136
C            1.59775809863019       -1.58753156792931       -0.18139329255485
O            0.86383047255705       -2.60083115406939        0.46909000832231
C            2.71911945758189       -1.15807779408798        0.77471208777682
O            3.70198697248738       -2.15203045639629        0.85159337172347
H            4.51061846410387        2.52013931891766        0.57151945835689
H            5.73896729919636        1.30302941368852        0.12545626562789
H            5.64242200882296        1.89935195403690        1.80630963028888
H            3.98290015693978       -0.09084028245359       -0.61581767247370
H            2.13265092933549        0.41349580220122       -1.93353243980600
H            1.54900234268563        2.86777893726876       -1.37199457190476
H           -0.03937990338817        2.25353987502308       -0.88566544570946
H           -0.24405381751987        1.43868166952275       -2.99888617871922
H            0.19533704500184       -0.05876101780842        0.35236292038455
H           -1.95990402509353       -1.66028619976068       -2.04484843783302
H           -1.24165020503685       -0.58672138088265        1.61359654441419
H           -2.16103310722486       -2.88466773128338        2.12163948103763
H           -3.78792794743856       -2.26871476980493        1.76846260043570
H           -2.10236784798659       -1.40593699573124        3.85159261453134
H           -4.11660798881369       -0.10763159940924        0.69210382111939
H           -3.42735893618552        0.41959470885002        2.89543609315642
H           -1.56749011523498        1.50055425553994        0.18314578388084
H           -3.64412812218128        2.62611701484164        0.46694873232727
H           -3.51990610373446       -0.03718978592213       -1.60044002416475
H           -2.48953049549837        1.90604634806578       -2.46880379322161
H            2.04829892856095       -1.98402819021753       -1.10573035046223
H            0.01240550760491       -2.69133456543452        0.01630574803601
H            2.28484845239029       -0.96066198618518        1.76646235251096
H            3.26131417791359       -2.97227104302776        1.10742531140799
48
 energy: -84.804669096071 xtb: 6.7.1 (edcfbbe)
C            5.01821843668759        1.69405303488526        0.91215103598683
O            4.09536420790088        0.71242498563467        1.34574931200920
C            3.33192640259113        0.17238212238839        0.33381529845928
O            2.41438008471473        1.15465493446417       -0.10817844480161
C            1.56116370728952        0.73171289231067       -1.15031355485802
C            0.88531619306254        1.99267241241629       -1.71424899775253
O            0.56511205975499        1.87124567025525       -3.06539580515021
C            0.65763944906366       -0.37827155973507       -0.57555909167416
O           -0.28274224427350       -0.91677572826932       -1.50386783221688
C           -1.66413229860398       -0.93381981148551       -1.30196383626094
O           -2.03996217621816       -1.67889012482514       -0.15808776232745
C           -2.17466981747209       -1.04368352854439        1.10454243571372
C           -2.82864312088942       -2.08457125762600        2.03113106266087
O           -2.87969181700591       -1.63430167976851        3.36337876092304
C           -3.02133593754776        0.23545145069652        1.04182654424643
O           -2.99282301683056        0.93714461076469        2.25768244884197
C           -2.46951860739129        1.15668689804865       -0.04837416672242
O           -3.28393900654099        2.28832413646604       -0.23611967663278
C           -2.46505801198641        0.38300977705739       -1.36941697076987
O           -2.01684242827574        1.15490885269184       -2.44459224076717
C            1.52769336218749       -1.54182248862465       -0.08433391209245
O            0.75064765002098       -2.50536122549706        0.59153136096556
C            2.60797703992433       -1.06057206563853        0.89166752094987
O            3.55803206604930       -2.06590685950809        1.10437692037142
H            4.50134681935511        2.54551126008323        0.46298903872094
H            5.72023528136403        1.26993278915804        0.18581749826688
H            5.55566351789849        2.01138845995500        1.80243954546050
H            3.96353056661097       -0.14771019811254       -0.52173335308611
H            2.15884510248442        0.29614525659788       -1.97009855865388
H            1.62217077991671        2.79677980656421       -1.63438358876545
H            0.01411510790441        2.26689608429099       -1.10970932091689
H           -0.23207927196326        1.32430591734047       -3.14063821314753
H            0.14990237719768        0.05834784023222        0.29112289584366
H           -1.99348247170116       -1.55435823632843       -2.14737039316407
H           -1.19176990468699       -0.78557364439117        1.52954418056444
H           -2.28036453737607       -3.02758582228445        1.94069983115876
H           -3.86208232573072       -2.25220730968663        1.72072742859876
H           -1.99218125363403       -1.66142781360415        3.74046672957788
H           -4.05816181250466       -0.03229968971334        0.77508260578633
H           -3.22109757026423        0.31324981039156        2.96560007327556
H           -1.45604560899968        1.47789764198332        0.23533630841217
H           -3.47418193705775        2.65350350187573        0.63681427669014
H           -3.51223059307755        0.07914420396889       -1.54815972458781
H           -2.44663544855796        2.01908257052907       -2.37447676854673
H            2.01499240255790       -2.00015884095987       -0.95982777454856
H           -0.04587516718541       -2.66605535094258        0.06390149009615
H            2.13059282763046       -0.76743911470333        1.83903506230476
H            3.08067895957861       -2.85806913665080        1.38290364091170
48
 energy: -84.805152884894 xtb: 6.7.1 (edcfbbe)
C            5.00695178928693        1.73067014935391        0.88035077385687
O            4.05961919216858        0.78863911985171        1.34820993444816
C            3.31502141740502        0.19696728298047        0.35153749606127
O            2.43303094531423        1.16568849067654       -0.18339418079784
C            1.58750229203578        0.69310791661114       -1.21080510966034
C            0.95549842439401        1.93448233090224       -1.86293133943054
O            0.60779143645588        1.72442858570221       -3.19644709374768
C            0.63930211075142       -0.34265637761474       -0.57431318047770
O           -0.29750850099157       -0.93426577056343       -1.47435184992766
C           -1.68354438081328       -0.89105539746868       -1.31903785434528
O           -2.12938017763932       -1.68728730921856       -0.23575571088491
C           -2.19969391870443       -1.10521640051596        1.05917878624429
C           -2.86625615830764       -2.15685406024227        1.96337814014697
O           -2.84249584756321       -1.76890826662586        3.31610964434528
C           -2.99741532951176        0.20776827640656        1.07439694836881
O           -2.92492074356049        0.84598768972385        2.32304697236697
C           -2.43668572793134        1.16801715903320        0.02135594497643
O           -3.24405660686040        2.31239144442630       -0.11967678520491
C           -2.44254648933350        0.45015682442456       -1.33072850801764
O           -1.97309666816079        1.25554498070569       -2.37177239894816
C            1.48539959237902       -1.49393751515180       -0.00880451978575
O            0.68328066412298       -2.42528611357799        0.68255073537988
C            2.54937299064726       -0.98209091160348        0.96770803014758
O            3.47155434374381       -1.99351493717635        1.26214270846475
H            4.51314391212677        2.56055554563548        0.36914969530669
H            5.71990753709038        1.25509633035932        0.19786267481739
H            5.52716060963095        2.09307922891524        1.76362150060590
H            3.96416356970694       -0.19284518377699       -0.46109003640087
H            2.18323636215346        0.18503356502115       -1.98798257096652
H            1.72579185950897        2.71068021371062       -1.85422207967162
H            0.10634604211402        2.28648720754948       -1.26738655495058
H           -0.22791862222681        1.23532628959298       -3.21727554621994
H            0.13457345419713        0.16000669197561        0.25636600088769
H           -2.01036317323007       -1.45180086916504       -2.20649756540734
H           -1.19406231441691       -0.90485979656603        1.45998464055454
H           -2.36750708631403       -3.11888603301189        1.80833163237232
H           -3.91819308518074       -2.26288235107931        1.69003467212702
H           -1.94015963021178       -1.84338050046277        3.64920254881451
H           -4.04739186204829       -0.00993643986233        0.81216564572043
H           -3.14491851516642        0.19082713491910        3.00508921741556
H           -1.42178270091385        1.47482361425480        0.31438194523536
H           -3.42049652393166        2.65118560623689        0.76660845060515
H           -3.49639430516319        0.17997576538221       -1.52414337203889
H           -2.39499056384898        2.12079834256443       -2.27651544372091
H            1.98924754678126       -1.99166905177213       -0.85301667187531
H           -0.06543250636941       -2.64452127204470        0.10779784499812
H            2.05768394256522       -0.62193861139267        1.88401158308682
H            2.97162942266777       -2.75393718201358        1.58505753527279
48
 energy: -84.804452364200 xtb: 6.7.1 (edcfbbe)
C            5.02217732292786        1.76055974557423        0.83148144464850
O            4.04452449787891        0.86888575643449        1.33439283451640
C            3.31676712548259        0.22222086806467        0.35949359825571
O            2.47590826094667        1.16863016756840       -0.27219617194893
C            1.62930731071603        0.64518125535906       -1.27407067617692
C            1.05086705014350        1.85808634934001       -2.02226152131561
O            0.63391579097025        1.54751585893947       -3.31591859338450
C            0.63376517996697       -0.30129493672410       -0.57316147557105
O           -0.31107095452928       -0.93826753936250       -1.43213984367561
C           -1.69891293176221       -0.83238218295096       -1.32200067904427
O           -2.21121947446350       -1.67412102857256       -0.30480161794982
C           -2.24465217652897       -1.15354458429170        1.01900545667590
C           -2.90430889023375       -2.23407385994149        1.89200903790222
O           -2.82726743055855       -1.91554547634194        3.26073803867761
C           -3.02185069138880        0.16912197278067        1.10538418543751
O           -2.94537648110917        0.73798869684417        2.38701615030558
C           -2.43877781551203        1.17697396667965        0.11004243342892
O           -3.24187687263284        2.32890287161339        0.00696835509796
C           -2.41859692560333        0.52898190510212       -1.27689914484186
O           -1.90636665451765        1.38040761418494       -2.25933280611988
C            1.45590481961004       -1.43728964283930        0.06320462524728
O            0.63534428118671       -2.33924327146078        0.77119995655730
C            2.50635377551132       -0.89306728935853        1.03473598595298
O            3.39469324303698       -1.90641439384858        1.41468992060562
H            4.55831259967494        2.56239705024072        0.25212829453665
H            5.74423125998957        1.22776843588767        0.20296225275576
H            5.52487278462716        2.17254153316041        1.70308928583088
H            3.98123257137490       -0.24045010155293       -0.40101490776095
H            2.21405390444511        0.05740279378209       -2.00085820440017
H            1.86732517054646        2.57961370691457       -2.11545291163300
H            0.25115569602837        2.31582805360108       -1.43061139820394
H           -0.23989589805044        1.13630169192443       -3.25886051959756
H            0.14107543836639        0.27086268919191        0.21793506362672
H           -2.01967974338608       -1.33069917935966       -2.24871263941213
H           -1.22729329059503       -0.98089198974871        1.40207183022330
H           -2.43241660615764       -3.19752328487915        1.67355090622294
H           -3.96687346712051       -2.30573777741435        1.65043810600507
H           -1.91206242515943       -2.00570309446617        3.55269921830792
H           -4.07364723553295       -0.01680594685994        0.82642705602143
H           -3.15261336611284        0.04502034761698        3.03492412491553
H           -1.43048990399326        1.46932944897072        0.43840924492240
H           -3.43286517776164        2.62782400974840        0.90436617936821
H           -3.47293251083506        0.29355627033890       -1.51036564828176
H           -2.32904772948695        2.24188914148919       -2.13924520625598
H            1.97277582774822       -1.97232935357825       -0.74970981547460
H           -0.06606252750668       -2.61934093831693        0.16466527464312
H            2.00422818720046       -0.46244571325641        1.91410861361040
H            2.86736310344167       -2.63662517080245        1.76295965189335
48
 energy: -84.802932591171 xtb: 6.7.1 (edcfbbe)
C            5.05216099935021        1.79817275885667        0.75432112238682
O            4.03531883082857        0.97664281431503        1.29727662004031
C            3.32627566875804        0.26070096420825        0.35749586000001
O            2.53324686530861        1.16570676269961       -0.38677744454639
C            1.68208397113898        0.58028661027115       -1.34989237397219
C            1.17056173797514        1.74289630766476       -2.21664305722547
O            0.62833256203507        1.32153403199721       -3.43062135722701
C            0.63868295648709       -0.25700613438612       -0.57887605612533
O           -0.32552956918565       -0.93067900930789       -1.38355371098271
C           -1.71156446140638       -0.75933517541814       -1.31444316356081
O           -2.29021021848592       -1.64327739298217       -0.37291482621241
C           -2.31270976535733       -1.20321420856821        0.98055189462431
C           -2.96659422071637       -2.32795207788073        1.79846079093462
O           -2.85981583479631       -2.09378314229509        3.18232251174365
C           -3.08311206613292        0.11582879176201        1.13731551968441
O           -3.04325887230127        0.59924387000228        2.45529092294208
C           -2.44772346628305        1.17518360350792        0.23245283368510
O           -3.22614284132459        2.34688696351893        0.17294009551565
C           -2.37696474635350        0.62588983166730       -1.19582070143396
O           -1.78342371493399        1.53139534975004       -2.07921455384193
C            1.43471499243936       -1.36608808053873        0.13886152755225
O            0.59780108453143       -2.23374128192156        0.87026080172164
C            2.46756977249199       -0.77360156463169        1.09924905852401
O            3.31754043530002       -1.77446000352573        1.58573732629778
H            4.62940832261647        2.55396362692060        0.08816244121735
H            5.78317556087000        1.19529620345723        0.20439264521474
H            5.53285223593623        2.27639447891722        1.60427874263174
H            4.00559785235454       -0.28315087401627       -0.33304237539251
H            2.25073943610972       -0.09830062982406       -2.00644519864701
H            2.04355675288971        2.35765090164724       -2.45371401904079
H            0.46588577148690        2.34920277163049       -1.63901805399096
H           -0.27498783095868        1.02129657408521       -3.26321030048853
H            0.16700428849079        0.39533460691724        0.16083358431657
H           -2.02781746032105       -1.18370980905837       -2.27918627518190
H           -1.29212262973494       -1.04800016929489        1.36266633437607
H           -2.50923700949679       -3.28132562071378        1.51363700988858
H           -4.03440128855011       -2.37612710007994        1.57492505370012
H           -1.93559954589787       -2.18505005792981        3.44453314177237
H           -4.12650745264195       -0.03786055163180        0.81165313662605
H           -3.23714225646211       -0.14044142869910        3.05376568177271
H           -1.44972017182347        1.42560614708506        0.62230917167158
H           -3.45199595400620        2.58791103827440        1.07956178386508
H           -3.42629723285690        0.45334470061754       -1.49678934872344
H           -2.19474242300079        2.39227507569789       -1.92241613811481
H            1.96763832620507       -1.94511537864026       -0.63237696804509
H           -0.05596473159038       -2.57895340700081        0.24500993098369
H            1.95300378778555       -0.26097435067203        1.92574950876022
H            2.76043157643657       -2.46650187537588        1.96442423755035
48
 energy: -84.801219136765 xtb: 6.7.1 (edcfbbe)
C            5.09668665597454        1.86180653054309        0.62460433149395
O            4.05173861769870        1.11274270637841        1.21654636150280
C            3.35819559567494        0.31373428327380        0.33295695542019
O            2.61051105227268        1.15190901542825       -0.52643055168269
C            1.73946132779067        0.50266990816887       -1.42891334169554
C            1.27683424859782        1.60055031526455       -2.40244219222849
O            0.57878167239842        1.10739775679852       -3.50473601574876
C            0.66271519489483       -0.21532294418249       -0.58329845266900
O           -0.32308480787531       -0.92661100435390       -1.32332532480674
C           -1.70364555107112       -0.69407950258341       -1.28882018016634
O           -2.34727586103923       -1.61438699645575       -0.42973892221774
C           -2.40520936601362       -1.26850749702725        0.94987377375570
C           -3.11204147365752       -2.43034922420765        1.66445870140758
O           -3.07200491059716       -2.28565231006029        3.06401356292052
C           -3.15199490591171        0.05549435459030        1.16428265880665
O           -3.17571757561891        0.44575829575340        2.51337765373078
C           -2.42531154356295        1.14833428755759        0.37803107861298
O           -3.14146524654740        2.36008146529599        0.37415112159847
C           -2.30014497743219        0.71355176207400       -1.08618402742423
O           -1.60330975286065        1.65674034784965       -1.84674482986002
C            1.43648029582796       -1.27984780927223        0.22359255531996
O            0.58586505091698       -2.09733418253371        0.99577887471610
C            2.45958451675756       -0.62487468340972        1.15145845286219
O            3.27540886566283       -1.59375369329079        1.74844026261422
H            4.70604616645096        2.54643547941900       -0.13175799373139
H            5.83723223371134        1.19665502561027        0.16711662723859
H            5.55540678593748        2.42292589091915        1.43507069728187
H            4.04867188348251       -0.31101740843403       -0.27280757152941
H            2.27995051387934       -0.25971842560377       -2.01288033084139
H            2.18269387745995        2.07775767779792       -2.78634155397063
H            0.69805729952189        2.34697271942517       -1.85028401092017
H           -0.32634991822851        0.92845592412086       -3.21948326705848
H            0.21543229512465        0.51827459609808        0.09166948312754
H           -2.01624873140499       -1.03762377268888       -2.28701190751751
H           -1.39548092138384       -1.15624035677040        1.37417472424801
H           -2.65538672897211       -3.37245685290820        1.34263861892954
H           -4.16792596859551       -2.44672021401833        1.38644109489578
H           -2.16098466089800       -2.39086840176068        3.36456640121137
H           -4.17799072260501       -0.04085851796054        0.76960190792058
H           -3.41963857887413       -0.32800210056554        3.04683111518638
H           -1.43903091804580        1.31247309874909        0.83877332827794
H           -3.40817582170820        2.53764869307140        1.28447802221808
H           -3.33745625865804        0.63260573753904       -1.45834318181443
H           -1.97884927478163        2.52250090627516       -1.63595655636345
H            1.97856301960658       -1.91322749751681       -0.49672438081644
H           -0.02362072929560       -2.51762242982758        0.37265982661090
H            1.94057861050756       -0.02610100974736        1.91458704948307
H            2.69344744887026       -2.24230446380107        2.16553274549367
48
 energy: -84.799673916170 xtb: 6.7.1 (edcfbbe)
C            5.22127461331395        1.85792580089795        0.42350328037123
O            4.14462724501111        1.22786169892560        1.09199334318921
C            3.41312491088749        0.36842057816642        0.30053157707469
O            2.69677736487849        1.14083607339620       -0.64301613948783
C            1.78436058763820        0.44787451253886       -1.46869629563804
C            1.34207000331517        1.48779664908411       -2.51492182446172
O            0.50730659426271        0.97369070141137       -3.50710862317258
C            0.68929846404072       -0.15234957475412       -0.55527606600169
O           -0.30191306634391       -0.91254943739643       -1.23545172777056
C           -1.67803137678102       -0.64205560644101       -1.25505857948671
O           -2.38392094837849       -1.59664224765197       -0.49176544703359
C           -2.51145633809898       -1.34469851771216        0.90335024544639
C           -3.29101414633900       -2.52991816338514        1.49247928933598
O           -3.34560357635009       -2.47644616503549        2.89818956479287
C           -3.23095058284874       -0.01381241436091        1.16466074696412
O           -3.33431828563452        0.28465175897371        2.53316289100785
C           -2.40826525827196        1.09643030310073        0.50910658348705
O           -3.05593416880267        2.34414795941415        0.57144676962147
C           -2.22794003542217        0.77195673368105       -0.97765909631061
O           -1.45030937709415        1.73816228052258       -1.62485084921497
C            1.44591291533676       -1.15492120125943        0.34375201065052
O            0.58433935092920       -1.90219009104552        1.17341993175858
C            2.47829075335891       -0.43862143079758        1.21289791652144
O            3.25417711522747       -1.36410519458176        1.92177695799185
H            4.86084295003190        2.47127864486850       -0.40559368690037
H            5.92978190471052        1.11279701988175        0.04509486939215
H            5.70708098686915        2.48416040241700        1.16783244939211
H            4.07431344383954       -0.34649415058075       -0.23446384029613
H            2.28107777054359       -0.38265324327949       -1.99478283505547
H            2.24996441722207        1.83917042683097       -3.01252662039527
H            0.88250109642271        2.33250114056437       -1.99238845604753
H           -0.37990855030939        0.91199699129075       -3.13201583594686
H            0.25614453380774        0.65165086243923        0.04251968714259
H           -1.96288785846234       -0.90772304858015       -2.28581552516473
H           -1.52639246737742       -1.28649843838961        1.39117778415935
H           -2.83564420885216       -3.46204477677630        1.14059723335494
H           -4.32530790953679       -2.49996537827597        1.14349322032410
H           -2.45912988642174       -2.61372524907194        3.25416143482929
H           -4.22979710393038       -0.04267050368622        0.69699805214299
H           -3.64128953671522       -0.51313397011380        2.99336638521627
H           -1.44045005894070        1.16073309496107        1.03041359912782
H           -3.37005386696262        2.45755602365254        1.47692304914038
H           -3.24636948228037        0.77019755026699       -1.40594579255989
H           -1.79378808634615        2.60146320631735       -1.35660982739917
H            1.98384938487258       -1.85120970385821       -0.31923975704425
H            0.02293586688735       -2.41467631634236        0.57598888150193
H            1.97557444659800        0.25849023358864        1.89906966307507
H            2.64504747753741       -1.94265030111080        2.39876284634839
48
 energy: -84.798119072329 xtb: 6.7.1 (edcfbbe)
C            5.34954121588642        1.83478198810243        0.20364026048686
O            4.25471069209055        1.33749198494220        0.94975702200442
C            3.47580725463571        0.42574415542109        0.26977146661221
O            2.78583573623153        1.11467155997229       -0.75379869369782
C            1.82753989133681        0.38417534285296       -1.48971268037780
C            1.39094336310810        1.36327022821796       -2.59889316273187
O            0.42082663802404        0.86336532940935       -3.46713287504963
C            0.72125719900995       -0.08924636480189       -0.51671651798882
O           -0.26847231123554       -0.90484709622684       -1.13264058753637
C           -1.63839147291676       -0.60672126339061       -1.21621887204574
O           -2.40128079929501       -1.58905360267452       -0.55365125540327
C           -2.61780977214850       -1.43063814245766        0.84330019857074
C           -3.50764915661222       -2.60567501136291        1.27775488026692
O           -3.68494242733028       -2.64665564633293        2.67384559329074
C           -3.27667781992718       -0.08070387834642        1.16527090138061
O           -3.43439878523846        0.12414859189559        2.54554254332492
C           -2.35964876741408        1.02157447917078        0.63242201915677
O           -2.92198916588804        2.30197214889067        0.78677912181835
C           -2.16350101989632        0.80075926915517       -0.87058944445655
O           -1.35519063845531        1.78998176962969       -1.44478157145728
C            1.46059155466940       -1.00495105948860        0.48404672195173
O            0.58809896756750       -1.64781514508304        1.38656259022573
C            2.51025144272488       -0.22223073225376        1.27139023836673
O            3.24625478702916       -1.07881707631239        2.09901234556549
H            5.00605522412215        2.36412753477346       -0.68815406421534
H            6.01802067962839        1.01849621132729       -0.09170073877731
H            5.87384139336591        2.51946441860577        0.86584908587706
H            4.09856963036027       -0.37750994422416       -0.17935150638981
H            2.27656742320530       -0.50761006843547       -1.95321750140787
H            2.27740911972394        1.57974473317725       -3.20070369580192
H            1.06326416061203        2.29017045240092       -2.11629142173934
H           -0.43030136722106        0.94153871806931       -3.01898866484299
H            0.29799290807683        0.77861134361754       -0.01090514702551
H           -1.88328186634216       -0.79925626224473       -2.27451445598638
H           -1.67217145367363       -1.46739281265557        1.40440499954953
H           -3.07428418073935       -3.53647734440497        0.89620168537396
H           -4.50360696368794       -2.48904522996777        0.84560563797793
H           -2.84622363769816       -2.87163801546497        3.09471920527893
H           -4.25043487855552       -0.01700884755630        0.65066235640461
H           -3.83442528932773       -0.67518244261938        2.92391513673902
H           -1.40566244518080        0.96814674421505        1.17941056029739
H           -3.25926581116688        2.35746094246106        1.68941197164416
H           -3.17308664064360        0.84978156279958       -1.31650529490739
H           -1.67056550237832        2.64019025443714       -1.10771273642323
H            1.98590368351442       -1.77549657733167       -0.10246074778888
H            0.06185355797805       -2.25339462949006        0.84924293271661
H            2.03000140879054        0.57394303293457        1.85828373953256
H            2.61212225881347       -1.56625004784671        2.64132189495211
48
 energy: -84.796904175328 xtb: 6.7.1 (edcfbbe)
C            5.57492155098946        1.63053120398611       -0.13586381287761
O            4.47702364559839        1.36600949270503        0.71664893193149
C            3.57447950392842        0.45577863230109        0.20923871239951
O            2.90873220919020        1.05660472695288       -0.88186513660927
C            1.86497575929981        0.32027789033048       -1.48048601638962
C            1.44425246291904        1.22096370081778       -2.66488011143880
O            0.28927460109106        0.83120479161562       -3.34238610321187
C            0.75046320378348        0.03087842984785       -0.44462454308330
O           -0.22498904958602       -0.85480412801499       -0.99164198718382
C           -1.58759813320986       -0.55855000452174       -1.17291371247468
O           -2.39477058105584       -1.57936626611400       -0.63265397584615
C           -2.73067654852413       -1.55305098239800        0.74351096574909
C           -3.77051536522919       -2.66852217421589        0.94988194309284
O           -4.09702502037673       -2.83996857480007        2.30896993480215
C           -3.28818152165290       -0.19420316467376        1.19785837268035
O           -3.44976547623223       -0.13120026899171        2.59092403834106
C           -2.30052913699330        0.89802619549142        0.78269845102453
O           -2.78416250763152        2.18611275291766        1.07964813365279
C           -2.13527081708539        0.81410653435658       -0.73808228893478
O           -1.36390776683730        1.86742492054371       -1.25062068422455
C            1.44112493395705       -0.72357574324277        0.70824614105304
O            0.54913218568204       -1.05762328853720        1.74882287432522
C            2.58462792487571        0.08896024158922        1.31909469638142
O            3.25705106167270       -0.67071438687767        2.28403385927298
H            5.23945854483110        2.05970821871449       -1.08294395453097
H            6.14223952131983        0.71370290858084       -0.33184457962005
H            6.19936099426422        2.34361843658936        0.39692065100008
H            4.08596565722129       -0.47059854752651       -0.13005310285574
H            2.22631448786039       -0.64996246811570       -1.85371685619856
H            2.26014010568537        1.20407793788665       -3.39173591285780
H            1.35388241601835        2.23969755266797       -2.27015199132970
H           -0.46711767799536        1.11856741410912       -2.81416005547817
H            0.32799535950202        0.97046502240876       -0.09059411533424
H           -1.76502169419573       -0.67088813946671       -2.25570883691176
H           -1.85514264816850       -1.77174002655295        1.37558362292224
H           -3.39034800577389       -3.59189405160658        0.50127060388590
H           -4.69846028093894       -2.39690067259859        0.44272059637245
H           -3.35609289870132       -3.25422572878008        2.76726258873199
H           -4.25040367474594       -0.00916282853623        0.69070285004288
H           -3.96945719708688       -0.90385658097341        2.86410614687459
H           -1.34867535883385        0.72582838183861        1.30688567265907
H           -3.10406345670604        2.16632440796120        1.98979819889723
H           -3.15110903178981        0.87227366635215       -1.16782471424521
H           -1.67245040282562        2.67498442300995       -0.81484088283352
H            1.86826058489225       -1.64823969952677        0.28829485516989
H           -0.05259986475669       -1.71452723544478        1.38039863760398
H            2.19251022112269        1.01974881275263        1.75354036021788
H            2.59614519121124       -0.96230612817220        2.92601504944277
48
 energy: -84.798740983382 xtb: 6.7.1 (edcfbbe)
C            5.71502741170772        0.96329453812797       -0.34985772936134
O            4.64644324556223        1.01633964052528        0.57587498700625
C            3.53142843581636        0.30262437093926        0.19102928213241
O            2.95467534540310        0.93976637420169       -0.92702954375476
C            1.79075885653880        0.33718922854437       -1.43636516548960
C            1.45733116255473        1.21807442764409       -2.66625104873579
O            0.19001009161868        1.04626693158722       -3.22286427125327
C            0.63884066276915        0.26903146994929       -0.39945454420062
O           -0.31408206172790       -0.66342813956580       -0.91364077563447
C           -1.64890561058250       -0.37154634891906       -1.24107686410846
O           -2.45687770508373       -1.44634262234988       -0.83742564054535
C           -2.56511140245090       -1.61088381207115        0.55941489939288
C           -3.46260839054809       -2.83535989625207        0.80148883840684
O           -3.53668942829038       -3.17247463046360        2.16789862814248
C           -3.15770184664278       -0.36381466224415        1.24553085918656
O           -3.04217495213386       -0.45260681793730        2.64541521504049
C           -2.44217721477412        0.92029998042452        0.80160948054400
O           -3.19556362770369        2.06504462891944        1.14191404927238
C           -2.29244955239357        0.92843068469527       -0.72191305320775
O           -1.59705612279919        2.06495883558295       -1.17159329424526
C            1.19630024202832       -0.31158545856370        0.92125081072392
O            0.34974478533076       -0.10395552074781        2.03456927365505
C            2.53664228859258        0.30594015406957        1.34988940383137
O            3.07272870654677       -0.43481929460689        2.41082745434331
H            5.42190716560601        1.39583308872099       -1.30950386755116
H            6.04521593285707       -0.07043462585372       -0.50210816341086
H            6.51942796967973        1.54626431802647        0.09204920291099
H            3.79294875795624       -0.74573287016742       -0.06856541032963
H            1.99095065867220       -0.70057882381281       -1.74521113810343
H            2.17858271671800        0.98078086603072       -3.45188076752124
H            1.61992772913408        2.25711765907984       -2.35265454529662
H           -0.46111873874031        1.46867792394947       -2.64492019437672
H            0.22143902466424        1.26160949081293       -0.22975129571163
H           -1.73068738557253       -0.38356046912033       -2.33954219117610
H           -1.56750050791146       -1.81767062861343        0.98293660227971
H           -3.09390448645949       -3.66745704712238        0.19422192776269
H           -4.48171562078956       -2.60348157212017        0.48544886438933
H           -2.71500941880225       -3.59894780819442        2.43727244461359
H           -4.21583351605474       -0.27477795448125        0.94758028321594
H           -3.46192005285634       -1.28194967026371        2.92389389398981
H           -1.46206825151340        0.97784046612256        1.29096966127831
H           -3.38093805889310        2.01833989861792        2.08705598896443
H           -3.31103429567502        0.93284957999491       -1.14477322719148
H           -2.02180936795922        2.83229149510518       -0.76396850108006
H            1.35584789180834       -1.38813593433853        0.75804857438106
H           -0.40984555110525       -0.69573767084017        2.00386349254705
H            2.37014973475636        1.35184735222757        1.64366460654383
H            2.42845235183686       -0.40543545494152        3.13011607265133
48
 energy: -84.798836920231 xtb: 6.7.1 (edcfbbe)
C            5.72164509307897        1.02031722011919       -0.39705008868417
O            4.64405414047486        1.14884480720473        0.51065981681780
C            3.53479833445232        0.40253504769827        0.17630020154331
O            2.95656971756842        0.95471832505562       -0.98614064430340
C            1.78949654988094        0.32318550972975       -1.45309056725834
C            1.44953768701296        1.12539647626354       -2.73775340241177
O            0.11758843988150        1.09487812112041       -3.15234208833569
C            0.63960621021748        0.33190779423787       -0.41370800792253
O           -0.33061830435463       -0.62180986409965       -0.84396986736843
C           -1.66033477381799       -0.31375403766097       -1.19046243582622
O           -2.44629411435661       -1.42865330166665       -0.87499370189294
C           -2.54736564413470       -1.67312523693659        0.51370666644803
C           -3.39992626405248       -2.93896652895558        0.69184572284297
O           -3.44196454437442       -3.36132868835508        2.03611906507886
C           -3.17668752957347       -0.48401307841224        1.26786316844920
O           -3.06251052717340       -0.65286986049991        2.66092877225279
C           -2.50003112265070        0.84729178568382        0.90608087348662
O           -3.29775815289388        1.94408147401030        1.30078102362523
C           -2.33315375661336        0.94276032971932       -0.61069195104727
O           -1.65337538707712        2.11383571203358       -0.99281704398470
C            1.21650495578421       -0.20031792287528        0.92126045567068
O            0.35583726366414       -0.01747408007119        2.02706458677784
C            2.53436755544035        0.47405858328797        1.32869728677923
O            3.07361270061094       -0.18563518022802        2.44017511503171
H            5.43684661908859        1.36757322545866       -1.39318942835562
H            6.05579978951604       -0.02168282804560       -0.45671379241568
H            6.52053259289551        1.64143647286433        0.00043171250299
H            3.80486916107258       -0.65958547176482       -0.00851532039316
H            1.98598948947064       -0.73371104743184       -1.68922645446534
H            2.03628647681053        0.72203086844626       -3.56526940780648
H            1.78302364354281        2.15347947879127       -2.54698784836811
H           -0.42347322580936        1.60103871035047       -2.53002155928825
H            0.23064763491498        1.33277849421426       -0.28040773585548
H           -1.71723058896443       -0.25045882685736       -2.28962894472395
H           -1.54136702025656       -1.86415262784429        0.92412825017939
H           -3.01155611098255       -3.71946709631913        0.03063334681896
H           -4.43129223432268       -2.72522032187294        0.40430312206143
H           -2.59802588593298       -3.76446820518088        2.27025961329798
H           -4.23642560209084       -0.40806000048451        0.97138250910165
H           -3.44705171469592       -1.51486585775754        2.88591257436636
H           -1.52558359761921        0.91414336949873        1.40501310202265
H           -3.48981288012798        1.83806725009629        2.23968512317745
H           -3.34571039756511        0.94994998384056       -1.04786058700254
H           -2.10163135865309        2.84995687648163       -0.55441979509304
H            1.41931565436065       -1.27217195458693        0.77540640058059
H           -0.34756287566074       -0.67562670110206        2.01674179512653
H            2.34818790616940        1.53410289925545        1.55055349287163
H            2.41162400259990       -0.14095451199467        3.14281041609009
48
 energy: -84.801636733423 xtb: 6.7.1 (edcfbbe)
C            5.51337143661321        1.71996349467670       -0.48899690710423
O            4.36711838361270        1.72984537496423        0.33996401174725
C            3.50586755738349        0.67438951972827        0.12794659137814
O            2.88677326407755        0.85249649821443       -1.12987811824221
C            1.84880563454643       -0.05957288761270       -1.41380485526065
C            1.40762493363400        0.21511707484915       -2.85759596810342
O            0.86887505255368        1.49376891715550       -3.02012127633589
C            0.69930545909975        0.12959197345668       -0.39845662344153
O           -0.37846008218817       -0.72719210590498       -0.74489020661974
C           -1.64256865136933       -0.19144409469972       -1.08168226484788
O           -2.56660210680749       -1.23225197764063       -0.93347647858889
C           -2.73927506374461       -1.65989183252517        0.40418135252013
C           -3.70676120001274       -2.85281819741969        0.36828335049629
O           -3.85257999514432       -3.45706828635739        1.63313959175333
C           -3.29236957977366       -0.53207686260883        1.29520654816442
O           -3.28771536127164       -0.90153480896107        2.65406098760405
C           -2.45064858396851        0.74182964794980        1.15278595083071
O           -3.13452297462631        1.86065348996275        1.68078447731076
C           -2.19620227428708        1.03826546473216       -0.32756992841338
O           -1.39686189030135        2.17769581474745       -0.48587998546968
C            1.31543437120450       -0.28015529658378        0.95265833004486
O            0.44196914430562       -0.22482571721671        2.05789512148163
C            2.48921592811650        0.65573033348681        1.27700980018683
O            3.15671332138711        0.21503271095078        2.42678496301058
H            5.23607691944762        1.79201093710975       -1.54371652990644
H            6.09904121728140        0.80784518496809       -0.32901416259265
H            6.09821775979941        2.58912772760986       -0.19830050482553
H            4.04987330756505       -0.29471561542238        0.13049502198090
H            2.21865751009584       -1.09517087450215       -1.34733242538193
H            0.63224665164001       -0.49946138653502       -3.14021969787447
H            2.28211937022974        0.07454711995433       -3.50941753432150
H            1.47362883400763        2.11896652102720       -2.60183253462065
H            0.38775036140255        1.17352508956218       -0.38756145093741
H           -1.64692493167295        0.05583274278741       -2.15455355240355
H           -1.77133572085585       -1.99312495964607        0.81366577286363
H           -3.35765986786186       -3.56617958130288       -0.38516874138936
H           -4.70024606006691       -2.50448319203484        0.07864849919399
H           -3.04569558197102       -3.93842571763547        1.84976763851918
H           -4.31702506147259       -0.29690986149526        0.96125758568745
H           -3.76317677727942       -1.74349862843454        2.73207265359937
H           -1.49841870388703        0.62059130730054        1.68267531006836
H           -3.38091869254838        1.64302071911473        2.58712960610985
H           -3.18239714729608        1.21309749746433       -0.79357772510725
H           -1.79382056498171        2.87050243671364        0.05937520455073
H            1.70532603024443       -1.30593679967095        0.85383776142532
H           -0.18723873684610       -0.95152695446328        1.99144270316572
H            2.10635692769908        1.67735852323422        1.41209986020214
H            2.49905425794977        0.16745509432554        3.13336235932423
48
 energy: -84.802772997368 xtb: 6.7.1 (edcfbbe)
C            5.58097241736501        1.65395195381944       -0.63171517635878
O            4.44270771156881        1.75685680895044        0.20203536743316
C            3.56239624079053        0.70170176854596        0.09145430638808
O            2.93454485012475        0.78108059106321       -1.17305285711858
C            1.87037531589885       -0.12361198254143       -1.37329724747731
C            1.41299460628389        0.06204197814216       -2.82625397285639
O            0.90178065124265        1.34166855291068       -3.06183320696030
C            0.74074538551874        0.17580527132264       -0.36378205680894
O           -0.36537244044520       -0.67945715122200       -0.61122021358577
C           -1.60883562368922       -0.11421927139905       -0.97683091783244
O           -2.53750745948910       -1.15882637365120       -0.93917700000532
C           -2.78087394157765       -1.65888094626769        0.36331020589497
C           -3.71919244061147       -2.86520047533356        0.20815586929863
O           -3.94114085793083       -3.52798663222621        1.43190129547329
C           -3.41042223309105       -0.58221314566002        1.26539660857181
O           -3.52054387779047       -1.01817089301017        2.59944230701624
C           -2.55622461027054        0.69033672816273        1.26004194858447
O           -3.26838201560633        1.78217087328938        1.80423414776643
C           -2.19074868512836        1.07344131602271       -0.17628467885825
O           -1.35876328295021        2.20005099329238       -0.20256840366969
C            1.36983041454459       -0.14250829263818        1.00585532675233
O            0.50559520814700       -0.00964890480392        2.10997685489149
C            2.55796174518181        0.79836224188095        1.24750948946615
O            3.22916348534845        0.44003924145310        2.42388137138350
H            5.29477345886049        1.63095928523660       -1.68613465002677
H            6.15631427533153        0.75284966848277       -0.39172670352603
H            6.17965931484065        2.53838875101534       -0.42855277832733
H            4.09114692448804       -0.27237018979521        0.17278074216699
H            2.21370518377900       -1.16079949661031       -1.23560991878231
H            0.61550647589611       -0.64901800311646       -3.04903053508078
H            2.27232670919340       -0.14132249893469       -3.48203935339518
H            1.53846719642729        1.97643069206763       -2.70933746065722
H            0.45090141487036        1.22376930319198       -0.42850639022829
H           -1.55796856379759        0.20150919736082       -2.03095734493872
H           -1.83320208668694       -1.99191323769193        0.81633446840467
H           -3.30360686549259       -3.53835490969278       -0.54853672091429
H           -4.69675305914242       -2.52150767964330       -0.13572567620388
H           -3.13614903669989       -3.99069928253509        1.69203444927661
H           -4.40284980480943       -0.32560421163579        0.85818332086016
H           -3.98075867935008       -1.87224909239179        2.59306020929046
H           -1.64563219224686        0.52774301921569        1.84844635337623
H           -3.59881533354818        1.50744983973337        2.66732628432024
H           -3.13911719478516        1.30363610967848       -0.69421913937194
H           -1.76201189826392        2.85366947391624        0.38473521622530
H            1.75027493995743       -1.17659421153872        0.97301175543728
H           -0.12504183648355       -0.73742667471736        2.08360937940220
H            2.19319283948958        1.83374278998814        1.30243091737073
H            2.57457527880414        0.45092270053641        3.13472778280596
48
 energy: -84.814198123731 xtb: 6.7.1 (edcfbbe)
C            5.77885450006835        1.02293236647434       -0.70598016066835
O            4.67722280202281        1.50762126146935        0.03635611462302
C            3.59944012531841        0.65026442658973        0.07395823125850
O            2.98602170587346        0.65020181383850       -1.20178524178720
C            1.82982803654062       -0.15072962225649       -1.29061605678901
C            1.35971928364323       -0.06446707102870       -2.74884589647479
O            1.01156415939540        1.24457279402256       -3.10226325953058
C            0.73297593092334        0.34366162492967       -0.32188903069544
O           -0.37508696502162       -0.53694390376944       -0.44740499976213
C           -1.60531656952149        0.01249977813666       -0.85364909754210
O           -2.51615336782864       -1.04125694823433       -0.95624377594844
C           -2.79140995475059       -1.71356183576327        0.26119679469608
C           -3.65938607814610       -2.93051063665552       -0.08727700850220
O           -3.90387747769193       -3.74397194310918        1.03678526956234
C           -3.51081505504683       -0.76571682380780        1.23207995937048
O           -3.75360297495583       -1.34940542142697        2.48766563603673
C           -2.61328753555687        0.45370467399246        1.44573477534023
O           -3.26545539780227        1.46484673454326        2.18511452478208
C           -2.23319630533182        1.06973628636810        0.09391374119903
O           -1.40955491391453        2.19667336296234        0.29282073617841
C            1.29515451581608        0.35838962526073        1.10020057956175
O            0.41686984773596        0.91263005539069        2.04605663483366
C            2.62208484518135        1.14331865750981        1.14441611899801
O            3.21644547444987        0.98464114003006        2.40262964478778
H            5.51467891888862        0.88394780664328       -1.75777235966825
H            6.13551837240297        0.07269004886959       -0.29331953372807
H            6.55548785580920        1.77814967333758       -0.61489601454581
H            3.91554022290835       -0.38446548491203        0.32493732444053
H            2.06794533260835       -1.19723256293541       -1.04213667373416
H            0.47165295155466       -0.68322657083344       -2.88499763342537
H            2.16582326278009       -0.44070962445742       -3.39371548949104
H            1.76231641028352        1.80897065255046       -2.87625188460218
H            0.44826224595172        1.35851562480205       -0.61834450978042
H           -1.51584385550116        0.44571218396641       -1.86029594413321
H           -1.85114082303844       -2.04844683090409        0.72386474688390
H           -3.17490184336896       -3.48982382086183       -0.89445935498196
H           -4.63672488941829       -2.59365001489699       -0.43868717073954
H           -3.07753589719602       -4.16012350417784        1.30956922031227
H           -4.45779540315167       -0.43829484819722        0.76958681693591
H           -4.14005085943948       -2.22632965236713        2.33694853662405
H           -1.70942452509445        0.12553077262036        1.97855031773706
H           -3.64057749447140        1.04229515954041        2.96654106534661
H           -3.16457964321177        1.38267266909132       -0.40440472083587
H           -1.90239914698144        2.77573865676758        0.89235906902517
H            1.48584930283650       -0.67250144937101        1.42572721818506
H           -0.07676501861638        1.62764658500610        1.60918449780031
H            2.41911798528525        2.20797029051484        0.94258004839332
H            2.51650592992924        1.10582950757339        3.05994169428698
48
 energy: -84.816725905581 xtb: 6.7.1 (edcfbbe)
C            5.77767916743082        1.06062819048940       -0.78825137511128
O            4.67739871042145        1.57550367111493       -0.06366697971499
C            3.62407677864545        0.69698652399912        0.06641114737818
O            2.99648486053597        0.57114413677917       -1.19728280525661
C            1.83908824366992       -0.23331822253801       -1.20384425366467
C            1.35635905674974       -0.27676744572085       -2.66015844316760
O            1.02472280212683        1.00057702721739       -3.12823851896691
C            0.75582213058932        0.35819089087269       -0.27705316235127
O           -0.37937354169234       -0.49262039121857       -0.31688309398666
C           -1.58352312372188        0.07575857393165       -0.77266429202307
O           -2.48795196273798       -0.96686298506318       -0.97954779322154
C           -2.81319416461589       -1.69574387074200        0.19403241650658
C           -3.71052139312272       -2.86293998148360       -0.24024547980366
O           -3.99989099992428       -3.73317509108831        0.82938057993942
C           -3.52352145805647       -0.78984400992322        1.21301188197499
O           -3.78075257749925       -1.44473814820248        2.42979791005151
C           -2.62176415832509        0.41201628100049        1.50636085754258
O           -3.27528120374802        1.37628279428620        2.30241287771434
C           -2.24404065524373        1.09336087638450        0.18841678522924
O           -1.43073071262348        2.22027976994661        0.42507803596893
C            1.33909789934545        0.44564406909816        1.13549714340744
O            0.46974601071069        1.01364163538894        2.07926585196761
C            2.65153790457628        1.25485675782934        1.11055789400777
O            3.26175113498695        1.19450594749147        2.36967092815796
H            5.48981729443188        0.80423017475396       -1.81111347309930
H            6.18634640851488        0.17293396611373       -0.29279440659020
H            6.52332027056255        1.85168517440644       -0.79987067619931
H            3.97104424658309       -0.30383576238296        0.40004159346365
H            2.07496619645543       -1.25302115874609       -0.86176745362333
H            0.45647467435499       -0.88984052376566       -2.72986535117841
H            2.14920519857572       -0.72351400204596       -3.27572653009869
H            1.78560503641348        1.57102502780559       -2.95710162725763
H            0.49519081554396        1.35984868198239       -0.63501477697135
H           -1.43231852224603        0.55153364364466       -1.75266896871492
H           -1.89324587619991       -2.08623360930639        0.65435276350633
H           -3.22770874728006       -3.38880147914614       -1.07071876075165
H           -4.67080269362532       -2.47656019736209       -0.58808039671806
H           -3.19207793880246       -4.19242704175779        1.08838541874444
H           -4.46457923757725       -0.42469398888436        0.76636338868439
H           -4.19094279047374       -2.29971407996676        2.22438444439489
H           -1.71491276544176        0.05537072860487        2.01634508368741
H           -3.64712459735786        0.90912666343074        3.05971037727635
H           -3.17285908278389        1.41288938932180       -0.30986076943542
H           -1.91923344640999        2.76468884170397        1.05979577467551
H            1.56109016393571       -0.56784121700811        1.49591389278827
H           -0.08188575034886        1.67189931618433        1.61972147119066
H            2.43053136679227        2.29948628020257        0.83676235673603
H            2.56087905211417        1.32839384465511        3.02423200922557
48
 energy: -84.817822441250 xtb: 6.7.1 (edcfbbe)
C            5.79064752134105        1.00797672316178       -0.85566535882173
O            4.69952579502255        1.57727669593632       -0.15865380337778
C            3.64692067149711        0.71341445605199        0.05134690385419
O            3.00452373275674        0.49448193605625       -1.19284772360991
C            1.83047298959311       -0.28355297042798       -1.13294806477152
C            1.33298577606349       -0.41344054758499       -2.57969210313918
O            1.04247483616978        0.83993248091036       -3.13274832449411
C            0.77045609565847        0.40046161174357       -0.24573884174038
O           -0.39005412412843       -0.41283932233951       -0.19759268973123
C           -1.58053307422288        0.15180706540477       -0.69153213849433
O           -2.45360581839003       -0.89504776004915       -0.99046544945473
C           -2.80929932630225       -1.67570985856095        0.14208467718584
C           -3.70128647849587       -2.81806777238721       -0.36332797322627
O           -4.00746287397555       -3.74040278406673        0.65674650813884
C           -3.53785196161874       -0.82301221964552        1.19595621557382
O           -3.79869883610386       -1.54099658585946        2.37582787485877
C           -2.66174010273746        0.37968012577351        1.56151426487175
O           -3.34208810591405        1.28915428477272        2.39636333136279
C           -2.28838285141481        1.12182268716473        0.27811607208168
O           -1.49979737618723        2.25660532981464        0.55289041181149
C            1.37583504670390        0.55235734369522        1.15343629959571
O            0.52583847251020        1.16060652300961        2.08870562856960
C            2.69180321974874        1.34980335951956        1.06679605962161
O            3.31464045444400        1.36331294073940        2.32098497846967
H            5.49216674598371        0.68184878957013       -1.85544230152842
H            6.20089862473504        0.15538099380352       -0.30313716685899
H            6.53910337641331        1.79308993852585       -0.92956121572315
H            3.99731813421477       -0.26017776744981        0.45432206277918
H            2.04500014304470       -1.28152441408346       -0.72120772820136
H            0.41036823566815       -0.99582349858058       -2.59951461149308
H            2.10301584098508       -0.93014365309332       -3.16887058446003
H            1.82501096464725        1.39261521055041       -3.00649363769850
H            0.53332901252964        1.38573666815899       -0.66123960962703
H           -1.38924587020389        0.66702150217738       -1.64443129230083
H           -1.89992993245197       -2.09127886481061        0.60186747805589
H           -3.20659948524567       -3.30241089220647       -1.21185464126897
H           -4.65604481326433       -2.41348424036716       -0.70560864116253
H           -3.20426900745002       -4.21395576189488        0.90411187983433
H           -4.47956842374310       -0.44820952720852        0.75861294295211
H           -4.20803973048924       -2.38413092956808        2.12474399935307
H           -1.74947672049131        0.01875514447576        2.05942521067882
H           -3.71173490304631        0.77889418209373        3.12650944202281
H           -3.21668336382615        1.43563865174724       -0.22413981918411
H           -1.98532823643828        2.75685119849441        1.22517319135140
H            1.60347511434954       -0.44710751706735        1.55049542227060
H           -0.09321871423336        1.73981368285513        1.60741194905458
H            2.47712598551399        2.37694115754048        0.73000465298257
H            2.61800136641498        1.53003188641927        2.97274975330001
48
 energy: -84.817890819173 xtb: 6.7.1 (edcfbbe)
C            5.80686893154155        0.87896174051305       -0.92847666601445
O            4.74011144451007        1.53203589708008       -0.26824362445021
C            3.67112542361275        0.71540720844281        0.02964423149209
O            3.00421975875497        0.40929381550910       -1.18340928370383
C            1.80456847817452       -0.31787223053019       -1.04765510125556
C            1.28151630655171       -0.53900495385166       -2.47477998978724
O            1.05426689321534        0.68030741702387       -3.12488310294480
C            0.78117867638550        0.47252155997523       -0.20751047573195
O           -0.40426430864464       -0.29238584518518       -0.07261708580045
C           -1.58765085475216        0.25630686743698       -0.59897464267871
O           -2.41345050656694       -0.79928695057314       -0.99178191311247
C           -2.78540335866141       -1.64660845514706        0.08681058904490
C           -3.64424572341559       -2.77365929190794       -0.50350734665796
O           -3.95606180185473       -3.75806887226183        0.45486972288579
C           -3.55498569326709       -0.87083717206408        1.17191052677429
O           -3.81474029081880       -1.66162755938465        2.30455483816423
C           -2.72484004281742        0.33669024340689        1.62242086587583
O           -3.44684996315176        1.17282914121306        2.49611939142760
C           -2.35831803174268        1.15578309051761        0.38626970572245
O           -1.61272174049538        2.30189785606840        0.72030899261802
C            1.41521042375524        0.70379872733692        1.16848738490342
O            0.60422677346648        1.39520010988927        2.08053213252882
C            2.74924111212288        1.45730312321002        1.00343192737791
O            3.39156903100122        1.55053622256537        2.24393741782550
H            5.48572248892600        0.47612434879783       -1.89266519382429
H            6.20575787472640        0.06683811655376       -0.31051743241538
H            6.57209679921056        1.63642193888290       -1.07931447994505
H            4.00530214560142       -0.22945394971019        0.50753781302456
H            1.98752946965184       -1.28746564612266       -0.56039343699301
H            0.32693235328654       -1.06679811144372       -2.43880468749187
H            2.01313189148024       -1.14461496402824       -3.02716488981035
H            1.86682034754613        1.19753308582747       -3.04585381593281
H            0.57147255133844        1.43168323827159       -0.69327882803614
H           -1.37096255776431        0.82126830197376       -1.51705403491971
H           -1.88021326775678       -2.07229595362436        0.54623724006144
H           -3.12159224009778       -3.19975035701712       -1.36639676981342
H           -4.59837638527461       -2.36678260433054       -0.84483870140301
H           -3.15115501014293       -4.23494192164045        0.68985971153087
H           -4.49990685613485       -0.49908764037732        0.73894681408487
H           -4.20354719905946       -2.49667120988398        1.99940668640078
H           -1.80637644663637       -0.02130392940093        2.11167325707894
H           -3.81603435168536        0.60920583240440        3.18630304119764
H           -3.28698897924746        1.45889221458389       -0.12170254587516
H           -2.09402695000130        2.73053994387053        1.44321602788836
H            1.62999565473946       -0.27582540131163        1.62160153283608
H           -0.10213568799106        1.85574117613130        1.59011162937447
H            2.55641315231463        2.46058802824805        0.59088455949978
H            2.70956829366767        1.79062947228925        2.88823148916590
48
 energy: -84.817621512567 xtb: 6.7.1 (edcfbbe)
C            5.81582517546150        0.63930146205053       -0.99597969052096
O            4.80250609360320        1.41177561893418       -0.38235951970534
C            3.69374246553740        0.69108901812259        0.00512535338465
O            2.98808935114423        0.31354417093125       -1.16454836945829
C            1.75084538974388       -0.31976831064343       -0.94056288480935
C            1.18739183336353       -0.64756948645528       -2.33186310083281
O            1.04883365489620        0.51143876319104       -3.10495795532192
C            0.78370153692545        0.60146141439093       -0.16880262879340
O           -0.42114383289181       -0.11293197232988        0.06062950434486
C           -1.60846356934082        0.39704936515444       -0.49067393862295
O           -2.36782946099620       -0.67315880742219       -0.97704687862255
C           -2.73169226405406       -1.60822575157907        0.02722676238684
C           -3.52087007083528       -2.72632287733637       -0.66867913208569
O           -3.82320875516568       -3.78577871659988        0.20899783662278
C           -3.56805229790442       -0.94540427527291        1.13720233893830
O           -3.81937012379664       -1.82281870794579        2.20617413142954
C           -2.80792352607041        0.26470023155252        1.69082368512643
O           -3.58275142510015        0.99899655103471        2.60824316462458
C           -2.45668035780070        1.18642073082216        0.52442760857626
O           -1.77447322984479        2.33741987268752        0.95323875948992
C            1.45200529924178        0.94965448019953        1.16496457600402
O            0.72665581664774        1.83400346328435        1.97931132221537
C            2.83639042896030        1.57745973105002        0.91354465037476
O            3.50747237341999        1.73950136018574        2.13118739799144
H            5.45213840658183        0.16959860014215       -1.91383196235674
H            6.18086353843747       -0.13496157088750       -0.31203588149089
H            6.61982195993469        1.33345889050102       -1.22848240541808
H            3.98102404934924       -0.22287244723754        0.56616566490119
H            1.88511714552792       -1.24575317657528       -0.36062181031138
H            0.19352915049592       -1.08809161739575       -2.23334938240091
H            1.85857617643133       -1.36604659160083       -2.82274143684223
H            1.89896270750613        0.97048608344433       -3.07877694066300
H            0.59590831254070        1.51067327416327       -0.75016849540554
H           -1.39255090859681        1.02657040443362       -1.36417167150505
H           -1.82230231129426       -2.02595819617497        0.48666878846453
H           -2.95197708711680       -3.07035557289582       -1.53892632549978
H           -4.47888360480572       -2.33451090520712       -1.01669955617374
H           -3.00900885270976       -4.25163580577662        0.43358359997609
H           -4.51747545235913       -0.58907186289949        0.70175741757901
H           -4.16583516559361       -2.64955793197525        1.83435786002707
H           -1.88126531888044       -0.08595152432646        2.17102457940180
H           -3.95418582698423        0.36709649780728        3.23547594340041
H           -3.38711697165800        1.47844112538864        0.01326968476086
H           -2.25309254414536        2.66642536038039        1.72791104089182
H            1.59646937920134        0.01077234108305        1.72593286585423
H           -0.13887843741117        2.02322923941291        1.57082576375983
H            2.70423665058786        2.54857030225828        0.41108173237077
H            2.87492253032895        2.14760347756091        2.73961139663696
48
 energy: -84.818422569499 xtb: 6.7.1 (edcfbbe)
C            5.79613951719726        0.33461638518334       -0.97840269079624
O            4.85500655183341        1.24173414681231       -0.43832726352674
C            3.68494231514925        0.65724777807431       -0.00394984100297
O            2.95715287869288        0.23397651983316       -1.14255653520958
C            1.68522847421697       -0.30082543944471       -0.86550884225395
C            1.09740051478754       -0.71441014405896       -2.22339594505443
O            1.04628693255873        0.37434681178177       -3.10117827591086
C            0.77159927963580        0.73164984427948       -0.17604402333037
O           -0.43823328775064        0.06875724786908        0.16847541238285
C           -1.64115497167319        0.53133067493866       -0.38293811912106
O           -2.33962147508993       -0.54596869850981       -0.94795427184830
C           -2.66625028027891       -1.56785461568621       -0.02095134416429
C           -3.38111257146184       -2.67402363499156       -0.81026152569148
O           -3.64573949328905       -3.80574416728576       -0.01428714719130
C           -3.55645885428666       -1.02908412041807        1.11278208451883
O           -3.78846819329304       -1.99096685675039        2.11114510388445
C           -2.86020786326957        0.16845734940075        1.76524288081778
O           -3.67430241209253        0.79221274825826        2.72910033521379
C           -2.53851627879887        1.19605654645265        0.68064919457593
O           -1.90712165383692        2.32870813484832        1.21722543554278
C            1.46386832411699        1.23822455268004        1.09438792337457
O            0.82152101783556        2.33365985484920        1.69078817382070
C            2.90193640236389        1.69974128836824        0.79872025464792
O            3.58282302179153        1.92488183133697        2.00118432429203
H            5.39296937905528       -0.17411056024868       -1.85806360496505
H            6.09007799382929       -0.41054504959216       -0.23091633404336
H            6.65872210191960        0.93373753120734       -1.25986406600737
H            3.88714857501480       -0.22082188825056        0.64487203674652
H            1.76949065362848       -1.17850070291944       -0.20532873867604
H            0.07295993790457       -1.06786291463185       -2.09253655066576
H            1.71304842430692       -1.52313041259401       -2.64157074949487
H            1.92413354108839        0.77896409967039       -3.09942265737275
H            0.58125959065862        1.56729941919107       -0.85876293119123
H           -1.45702390431286        1.22842593068628       -1.20921014003494
H           -1.74323746753336       -1.96799322067451        0.42803695962660
H           -2.77827228537484       -2.92779813738772       -1.68860697798254
H           -4.35098075908253       -2.30750219584627       -1.15287863620240
H           -2.81390112204875       -4.24708142319037        0.19439300968772
H           -4.51191711416375       -0.68469045871936        0.68131497549359
H           -4.08454559115159       -2.80487990275422        1.67341608666403
H           -1.92180997334406       -0.17627027503341        2.22724472082700
H           -4.03840942292215        0.09408760852761        3.28668779388270
H           -3.47635320046843        1.49140152093292        0.18504296682272
H           -2.39412103710624        2.56348113429475        2.02007876928051
H            1.50632766714133        0.39581995428198        1.80786413646891
H           -0.14070604536395        2.26758224849768        1.54806699922824
H            2.85756900576310        2.62039446022236        0.19741095063327
H            3.03085119071939        2.52326494266761        2.52227012450086
48
 energy: -84.819463408222 xtb: 6.7.1 (edcfbbe)
C            5.76305902090509        0.12185768418537       -0.90489075516621
O            4.86090539272441        1.13091662791412       -0.49470868476704
C            3.65874848241823        0.65786748573720       -0.01628351988227
O            2.92113062772549        0.14839127123366       -1.11280497710317
C            1.63013802899155       -0.31732683106382       -0.79868755321408
C            1.02545030611704       -0.80142493035280       -2.12582191842014
O            1.04401629046743        0.21652487582729       -3.08534701352453
C            0.75642020508691        0.79181281990233       -0.18485441028469
O           -0.45427222779572        0.19776160884383        0.26407680311003
C           -1.66500103338398        0.63682790547045       -0.28239215369783
O           -2.32345231342469       -0.42385371858706       -0.92412451736867
C           -2.61771991008606       -1.51480441892454       -0.06864137535044
C           -3.28124082318740       -2.59585983955668       -0.93348354210203
O           -3.50288510601762       -3.78658798381345       -0.21427448300277
C           -3.53540684754774       -1.08033385432612        1.08710454187280
O           -3.75030788255777       -2.11369440378035        2.01574675625779
C           -2.87886109553268        0.08741229090905        1.82878667463789
O           -3.71690694023694        0.61570984071368        2.82851428005967
C           -2.57477363866093        1.20136543728196        0.82719817535880
O           -1.94603581273464        2.29068558307446        1.45038660938678
C            1.47552380692144        1.42322330943947        1.01287860579843
O            0.84918981615163        2.59186308427611        1.47113121529997
C            2.91711695146061        1.81746948262520        0.65513552235275
O            3.61522626564564        2.17278484097211        1.81503619179891
H            5.34943478742022       -0.46526018832219       -1.72925793616295
H            6.00475126166482       -0.54510966836715       -0.06979042731296
H            6.66048022682944        0.64037414050162       -1.23320024329282
H            3.80999240845534       -0.15246717057335        0.72770156595904
H            1.68444453871079       -1.14879769983293       -0.07780935886670
H           -0.01962103934122       -1.08083748980207       -1.97839293552934
H            1.59367870502451       -1.67554249347198       -2.47478900850306
H            1.94114620205917        0.57673723620920       -3.09648531562545
H            0.55936147935340        1.55880467568324       -0.94314303410834
H           -1.50393760192248        1.39326240943113       -1.05931317815973
H           -1.68317608645525       -1.90683947971422        0.36454499185361
H           -2.66306582354548       -2.76723796304092       -1.82118197263721
H           -4.26345031197136       -2.24845955864837       -1.26030047747528
H           -2.65460999370775       -4.20500669591248       -0.02571308285425
H           -4.49543005437637       -0.73400211713375        0.66771830464663
H           -4.00847969098245       -2.90729554613997        1.52046672622693
H           -1.93405395122159       -0.26333603798258        2.27285656903735
H           -4.07081429128995       -0.13231370100329        3.32477042761376
H           -3.51814105926454        1.52642319990744        0.36205898842447
H           -2.42246961771204        2.45019162022656        2.27720799112893
H            1.50874330728813        0.66834950322324        1.81834549500896
H           -0.11451754554519        2.45155467329439        1.49997588927696
H            2.88851962264662        2.65611005317486       -0.05643873852764
H            3.08115099941958        2.84210589012116        2.26397171828423
48
 energy: -84.819991777753 xtb: 6.7.1 (edcfbbe)
C            5.73618951351466        0.05016415066634       -0.91217213651146
O            4.84695027156397        1.09722850196432       -0.57501294411207
C            3.65178664932611        0.67564039923871       -0.03536863556781
O            2.89397042005964        0.07533221984507       -1.07096873685045
C            1.60356321011619       -0.35734622419493       -0.70592768731876
C            0.98378590020293       -0.93232640751635       -1.98941754896544
O            1.03698386141426       -0.00141598705582       -3.03168005540845
C            0.75307520731917        0.80542802334512       -0.16821486576779
O           -0.45773885592470        0.28981219585498        0.36716376364255
C           -1.66905439825265        0.71135415768823       -0.18729631205040
O           -2.28737914697111       -0.32646512686672       -0.90152914966880
C           -2.58650169546021       -1.46183180698060       -0.10716157155566
C           -3.20887562156639       -2.51085963962189       -1.03934075673785
O           -3.42420441369486       -3.73963513842817       -0.38494296079394
C           -3.53947861578063       -1.09587912295075        1.04380007316902
O           -3.77452453029783       -2.17934032709845        1.90822670427341
C           -2.91151889943090        0.03198714452017        1.86849306139129
O           -3.77816979689305        0.49257465263562        2.87693968034447
C           -2.59366727579230        1.20466284822478        0.94138937449693
O           -1.95846303757462        2.24970340450345        1.63087177594683
C            1.49710620290912        1.52450923146656        0.96411668871692
O            0.86111955751419        2.71545371334006        1.34702837209208
C            2.92767873496134        1.89363136032496        0.54785627049293
O            3.65035664587193        2.34227491205871        1.65974250619411
H            5.30436722553502       -0.60328296750824       -1.67497800531771
H            5.98962539618362       -0.54362306519866       -0.02683455241358
H            6.63007879711309        0.53212517193457       -1.30026389792354
H            3.81279610972100       -0.06737469425628        0.77399499786978
H            1.66220000050638       -1.13304102682727        0.07415499444370
H           -0.07039832453397       -1.16191978071646       -1.82368573242554
H            1.52281631011018       -1.85152109882556       -2.26156657172585
H            1.94017267085680        0.34337180064960       -3.05545234054504
H            0.55187990248736        1.51065664387129       -0.98352882598658
H           -1.51605986554479        1.51248247920328       -0.92053476513267
H           -1.65706778140268       -1.86010566160941        0.33272933810974
H           -2.56710073144844       -2.62696800772270       -1.91933649550697
H           -4.18975796927694       -2.16564339082551       -1.37246300753833
H           -2.57287048380118       -4.15194644524244       -0.19658864992423
H           -4.48915885802386       -0.73139126732123        0.61621525036807
H           -4.00257213285547       -2.94936303041540        1.36342367634053
H           -1.97394738400514       -0.33632932431947        2.31357375850007
H           -4.14082777804854       -0.28699448316834        3.31508769716324
H           -3.53185767931867        1.56241365832509        0.48980101615934
H           -2.43495833162447        2.36271212003698        2.46469577633966
H            1.55156750280608        0.83011674933004        1.82079752599753
H           -0.08739914331969        2.54008719295895        1.47896573227977
H            2.88558388748942        2.66921005726145       -0.23112231819166
H            3.12989681078884        3.05166699289595        2.05980392808740
